--------- beginning of main
         1788690804.040  5140  5175 I AebsFrameSubscriber: initComms ok
         1788690804.065  5140  5175 I AebsFrameSubscriber: subscribed to topic=aebs-visualization-frame
         1788690804.065  5140  5175 I AebsFrameSubscriber: message poller started period_ms=100
         1788690804.065  5140  5175 I MainActivity: Gateway subscription active
         1788690930.478  5140  5175 I AebsFrameSubscriber: onMessagesAvailable callback
         1788690930.511  5140  5175 I AebsFrameSubscriber: readNextMessages count=1
         1788690930.511  5140  5175 I MainActivity: onGatewayFrame: frame seq=1077 egoSpeed=6.562704 pts=0 intervention=false warning=false braking=false lifecycle=armed range=null bearing=null rss=null
         1788690930.578  5140  5175 I AebsFrameSubscriber: onMessagesAvailable callback
         1788690930.579  5140  5175 I AebsFrameSubscriber: readNextMessages count=1
         1788690930.579  5140  5175 I MainActivity: onGatewayFrame: frame seq=1078 egoSpeed=6.562704 pts=0 intervention=false warning=false braking=false lifecycle=armed range=null bearing=null rss=null
         1788690930.678  5140  5175 I AebsFrameSubscriber: onMessagesAvailable callback
         1788690930.679  5140  5175 I AebsFrameSubscriber: readNextMessages count=1
         1788690930.679  5140  5175 I MainActivity: onGatewayFrame: frame seq=1079 egoSpeed=6.562704 pts=0 intervention=false warning=false braking=false lifecycle=armed range=null bearing=null rss=null
         1788690930.778  5140  5175 I AebsFrameSubscriber: onMessagesAvailable callback
         1788690930.779  5140  5175 I AebsFrameSubscriber: readNextMessages count=1
         1788690930.779  5140  5175 I MainActivity: onGatewayFrame: frame seq=1080 egoSpeed=6.562704 pts=0 intervention=false warning=false braking=false lifecycle=armed range=null bearing=null rss=null
         1788690930.878  5140  5175 I AebsFrameSubscriber: onMessagesAvailable callback
         1788690930.879  5140  5175 I AebsFrameSubscriber: readNextMessages count=1
         1788690930.879  5140  5175 I MainActivity: onGatewayFrame: frame seq=1081 egoSpeed=6.562704 pts=0 intervention=false warning=false braking=false lifecycle=armed range=null bearing=null rss=null
         1788690930.978  5140  5175 I AebsFrameSubscriber: onMessagesAvailable callback
         1788690930.979  5140  5175 I AebsFrameSubscriber: readNextMessages count=1
         1788690930.979  5140  5175 I MainActivity: onGatewayFrame: frame seq=1082 egoSpeed=6.562704 pts=0 intervention=false warning=false braking=false lifecycle=armed range=null bearing=null rss=null
         1788690931.079  5140  5175 I AebsFrameSubscriber: onMessagesAvailable callback
         1788690931.079  5140  5175 I AebsFrameSubscriber: readNextMessages count=1
         1788690931.080  5140  5175 I MainActivity: onGatewayFrame: frame seq=1083 egoSpeed=6.562704 pts=0 intervention=false warning=false braking=false lifecycle=armed range=null bearing=null rss=null
         1788690931.179  5140  5175 I AebsFrameSubscriber: onMessagesAvailable callback
         1788690931.179  5140  5175 I AebsFrameSubscriber: readNextMessages count=1
         1788690931.179  5140  5175 I MainActivity: onGatewayFrame: frame seq=1084 egoSpeed=6.562704 pts=0 intervention=false warning=false braking=false lifecycle=armed range=null bearing=null rss=null
         1788690931.278  5140  5175 I AebsFrameSubscriber: onMessagesAvailable callback
         1788690931.279  5140  5175 I AebsFrameSubscriber: readNextMessages count=1
         1788690931.279  5140  5175 I MainActivity: onGatewayFrame: frame seq=1085 egoSpeed=6.562704 pts=0 intervention=false warning=false braking=false lifecycle=armed range=null bearing=null rss=null
         1788690931.378  5140  5175 I AebsFrameSubscriber: onMessagesAvailable callback
         1788690931.379  5140  5175 I AebsFrameSubscriber: readNextMessages count=1
         1788690931.379  5140  5175 I MainActivity: onGatewayFrame: frame seq=1086 egoSpeed=6.562704 pts=0 intervention=false warning=false braking=false lifecycle=armed range=null bearing=null rss=null
         1788690931.478  5140  5175 I AebsFrameSubscriber: onMessagesAvailable callback
         1788690931.479  5140  5175 I AebsFrameSubscriber: readNextMessages count=1
         1788690931.479  5140  5175 I MainActivity: onGatewayFrame: frame seq=1087 egoSpeed=6.562704 pts=0 intervention=false warning=false braking=false lifecycle=armed range=null bearing=null rss=null
         1788690931.578  5140  5175 I AebsFrameSubscriber: onMessagesAvailable callback
         1788690931.579  5140  5175 I AebsFrameSubscriber: readNextMessages count=1
         1788690931.579  5140  5175 I MainActivity: onGatewayFrame: frame seq=1088 egoSpeed=6.562704 pts=0 intervention=false warning=false braking=false lifecycle=armed range=null bearing=null rss=null
         1788690931.678  5140  5175 I AebsFrameSubscriber: onMessagesAvailable callback
         1788690931.679  5140  5175 I AebsFrameSubscriber: readNextMessages count=1
         1788690931.679  5140  5175 I MainActivity: onGatewayFrame: frame seq=1089 egoSpeed=6.562704 pts=0 intervention=false warning=false braking=false lifecycle=armed range=null bearing=null rss=null
         1788690931.778  5140  5175 I AebsFrameSubscriber: onMessagesAvailable callback
         1788690931.779  5140  5175 I AebsFrameSubscriber: readNextMessages count=1
         1788690931.779  5140  5175 I MainActivity: onGatewayFrame: frame seq=1090 egoSpeed=6.562704 pts=0 intervention=false warning=false braking=false lifecycle=armed range=null bearing=null rss=null
         1788690931.878  5140  5175 I AebsFrameSubscriber: onMessagesAvailable callback
         1788690931.879  5140  5175 I AebsFrameSubscriber: readNextMessages count=1
         1788690931.879  5140  5175 I MainActivity: onGatewayFrame: frame seq=1091 egoSpeed=6.562704 pts=0 intervention=false warning=false braking=false lifecycle=armed range=null bearing=null rss=null
         1788690931.978  5140  5175 I AebsFrameSubscriber: onMessagesAvailable callback
         1788690931.979  5140  5175 I AebsFrameSubscriber: readNextMessages count=1
         1788690931.979  5140  5175 I MainActivity: onGatewayFrame: frame seq=1092 egoSpeed=6.562704 pts=0 intervention=false warning=false braking=false lifecycle=armed range=null bearing=null rss=null
         1788690932.078  5140  5175 I AebsFrameSubscriber: onMessagesAvailable callback
         1788690932.079  5140  5175 I AebsFrameSubscriber: readNextMessages count=1
         1788690932.079  5140  5175 I MainActivity: onGatewayFrame: frame seq=1093 egoSpeed=6.562704 pts=0 intervention=false warning=false braking=false lifecycle=armed range=null bearing=null rss=null
         1788690932.178  5140  5175 I AebsFrameSubscriber: onMessagesAvailable callback
         1788690932.179  5140  5175 I AebsFrameSubscriber: readNextMessages count=1
         1788690932.179  5140  5175 I MainActivity: onGatewayFrame: frame seq=1094 egoSpeed=6.562704 pts=0 intervention=false warning=false braking=false lifecycle=armed range=null bearing=null rss=null
         1788690932.278  5140  5175 I AebsFrameSubscriber: onMessagesAvailable callback
         1788690932.279  5140  5175 I AebsFrameSubscriber: readNextMessages count=1
         1788690932.279  5140  5175 I MainActivity: onGatewayFrame: frame seq=1095 egoSpeed=6.562704 pts=0 intervention=false warning=false braking=false lifecycle=armed range=null bearing=null rss=null
         1788690932.378  5140  5175 I AebsFrameSubscriber: onMessagesAvailable callback
         1788690932.379  5140  5175 I AebsFrameSubscriber: readNextMessages count=1
         1788690932.379  5140  5175 I MainActivity: onGatewayFrame: frame seq=1096 egoSpeed=6.562704 pts=0 intervention=false warning=false braking=false lifecycle=armed range=null bearing=null rss=null
         1788690932.478  5140  5175 I AebsFrameSubscriber: onMessagesAvailable callback
         1788690932.479  5140  5175 I AebsFrameSubscriber: readNextMessages count=1
         1788690932.479  5140  5175 I MainActivity: onGatewayFrame: frame seq=1097 egoSpeed=6.562704 pts=0 intervention=false warning=false braking=false lifecycle=armed range=null bearing=null rss=null
         1788690932.578  5140  5175 I AebsFrameSubscriber: onMessagesAvailable callback
         1788690932.579  5140  5175 I AebsFrameSubscriber: readNextMessages count=1
         1788690932.579  5140  5175 I MainActivity: onGatewayFrame: frame seq=1098 egoSpeed=6.562704 pts=0 intervention=false warning=false braking=false lifecycle=armed range=null bearing=null rss=null
         1788690932.678  5140  5175 I AebsFrameSubscriber: onMessagesAvailable callback
         1788690932.679  5140  5175 I AebsFrameSubscriber: readNextMessages count=1
         1788690932.679  5140  5175 I MainActivity: onGatewayFrame: frame seq=1099 egoSpeed=6.562704 pts=0 intervention=false warning=false braking=false lifecycle=armed range=null bearing=null rss=null
         1788690932.778  5140  5175 I AebsFrameSubscriber: onMessagesAvailable callback
         1788690932.779  5140  5175 I AebsFrameSubscriber: readNextMessages count=1
         1788690932.779  5140  5175 I MainActivity: onGatewayFrame: frame seq=1100 egoSpeed=6.562704 pts=0 intervention=false warning=false braking=false lifecycle=armed range=null bearing=null rss=null
         1788690932.878  5140  5175 I AebsFrameSubscriber: onMessagesAvailable callback
         1788690932.879  5140  5175 I AebsFrameSubscriber: readNextMessages count=1
         1788690932.879  5140  5175 I MainActivity: onGatewayFrame: frame seq=1101 egoSpeed=6.562704 pts=0 intervention=false warning=false braking=false lifecycle=armed range=null bearing=null rss=null
         1788690932.978  5140  5175 I AebsFrameSubscriber: onMessagesAvailable callback
         1788690932.979  5140  5175 I AebsFrameSubscriber: readNextMessages count=1
         1788690932.979  5140  5175 I MainActivity: onGatewayFrame: frame seq=1102 egoSpeed=6.562704 pts=0 intervention=false warning=false braking=false lifecycle=armed range=null bearing=null rss=null
         1788690933.078  5140  5175 I AebsFrameSubscriber: onMessagesAvailable callback
         1788690933.079  5140  5175 I AebsFrameSubscriber: readNextMessages count=1
         1788690933.079  5140  5175 I MainActivity: onGatewayFrame: frame seq=1103 egoSpeed=6.562704 pts=0 intervention=false warning=false braking=false lifecycle=armed range=null bearing=null rss=null
         1788690933.178  5140  5175 I AebsFrameSubscriber: onMessagesAvailable callback
         1788690933.179  5140  5175 I AebsFrameSubscriber: readNextMessages count=1
         1788690933.179  5140  5175 I MainActivity: onGatewayFrame: frame seq=1104 egoSpeed=6.562704 pts=0 intervention=false warning=false braking=false lifecycle=armed range=null bearing=null rss=null
         1788690933.278  5140  5175 I AebsFrameSubscriber: onMessagesAvailable callback
         1788690933.279  5140  5175 I AebsFrameSubscriber: readNextMessages count=1
         1788690933.279  5140  5175 I MainActivity: onGatewayFrame: frame seq=1105 egoSpeed=6.562704 pts=0 intervention=false warning=false braking=false lifecycle=armed range=null bearing=null rss=null
         1788690933.378  5140  5175 I AebsFrameSubscriber: onMessagesAvailable callback
         1788690933.379  5140  5175 I AebsFrameSubscriber: readNextMessages count=1
         1788690933.379  5140  5175 I MainActivity: onGatewayFrame: frame seq=1106 egoSpeed=6.562704 pts=0 intervention=false warning=false braking=false lifecycle=armed range=null bearing=null rss=null
         1788690933.478  5140  5175 I AebsFrameSubscriber: onMessagesAvailable callback
         1788690933.479  5140  5175 I AebsFrameSubscriber: readNextMessages count=1
         1788690933.479  5140  5175 I MainActivity: onGatewayFrame: frame seq=1107 egoSpeed=6.562704 pts=0 intervention=false warning=false braking=false lifecycle=armed range=null bearing=null rss=null
         1788690933.578  5140  5175 I AebsFrameSubscriber: onMessagesAvailable callback
         1788690933.579  5140  5175 I AebsFrameSubscriber: readNextMessages count=1
         1788690933.579  5140  5175 I MainActivity: onGatewayFrame: frame seq=1108 egoSpeed=6.562704 pts=0 intervention=false warning=false braking=false lifecycle=armed range=null bearing=null rss=null
         1788690933.678  5140  5175 I AebsFrameSubscriber: onMessagesAvailable callback
         1788690933.680  5140  5175 I AebsFrameSubscriber: readNextMessages count=1
         1788690933.680  5140  5175 I MainActivity: onGatewayFrame: frame seq=1109 egoSpeed=6.562704 pts=0 intervention=false warning=false braking=false lifecycle=armed range=null bearing=null rss=null
         1788690933.778  5140  5175 I AebsFrameSubscriber: onMessagesAvailable callback
         1788690933.779  5140  5175 I AebsFrameSubscriber: readNextMessages count=1
         1788690933.779  5140  5175 I MainActivity: onGatewayFrame: frame seq=1110 egoSpeed=6.562704 pts=0 intervention=false warning=false braking=false lifecycle=armed range=null bearing=null rss=null
         1788690933.878  5140  5175 I AebsFrameSubscriber: onMessagesAvailable callback
         1788690933.879  5140  5175 I AebsFrameSubscriber: readNextMessages count=1
         1788690933.879  5140  5175 I MainActivity: onGatewayFrame: frame seq=1111 egoSpeed=6.562704 pts=0 intervention=false warning=false braking=false lifecycle=armed range=null bearing=null rss=null
         1788690933.978  5140  5175 I AebsFrameSubscriber: onMessagesAvailable callback
         1788690933.979  5140  5175 I AebsFrameSubscriber: readNextMessages count=1
         1788690933.979  5140  5175 I MainActivity: onGatewayFrame: frame seq=1112 egoSpeed=6.562704 pts=0 intervention=false warning=false braking=false lifecycle=armed range=null bearing=null rss=null
         1788690934.078  5140  5175 I AebsFrameSubscriber: onMessagesAvailable callback
         1788690934.079  5140  5175 I AebsFrameSubscriber: readNextMessages count=1
         1788690934.079  5140  5175 I MainActivity: onGatewayFrame: frame seq=1113 egoSpeed=6.562704 pts=0 intervention=false warning=false braking=false lifecycle=armed range=null bearing=null rss=null
         1788690934.178  5140  5175 I AebsFrameSubscriber: onMessagesAvailable callback
         1788690934.179  5140  5175 I AebsFrameSubscriber: readNextMessages count=1
         1788690934.179  5140  5175 I MainActivity: onGatewayFrame: frame seq=1114 egoSpeed=6.562704 pts=0 intervention=false warning=false braking=false lifecycle=armed range=null bearing=null rss=null
         1788690934.278  5140  5175 I AebsFrameSubscriber: onMessagesAvailable callback
         1788690934.279  5140  5175 I AebsFrameSubscriber: readNextMessages count=1
         1788690934.279  5140  5175 I MainActivity: onGatewayFrame: frame seq=1115 egoSpeed=6.562704 pts=0 intervention=false warning=false braking=false lifecycle=armed range=null bearing=null rss=null
         1788690934.379  5140  5175 I AebsFrameSubscriber: onMessagesAvailable callback
         1788690934.383  5140  5175 I AebsFrameSubscriber: readNextMessages count=1
         1788690934.383  5140  5175 I MainActivity: onGatewayFrame: frame seq=1116 egoSpeed=6.562704 pts=0 intervention=false warning=false braking=false lifecycle=armed range=null bearing=null rss=null
         1788690934.508  5140  5175 I AebsFrameSubscriber: readNextMessages count=1
         1788690934.508  5140  5175 I MainActivity: onGatewayFrame: frame seq=1117 egoSpeed=6.562704 pts=0 intervention=false warning=false braking=false lifecycle=armed range=null bearing=null rss=null
         1788690934.509  5140  5175 I AebsFrameSubscriber: onMessagesAvailable callback
         1788690934.578  5140  5175 I AebsFrameSubscriber: onMessagesAvailable callback
         1788690934.579  5140  5175 I AebsFrameSubscriber: readNextMessages count=1
         1788690934.579  5140  5175 I MainActivity: onGatewayFrame: frame seq=1118 egoSpeed=6.562704 pts=0 intervention=false warning=false braking=false lifecycle=armed range=null bearing=null rss=null
         1788690934.678  5140  5175 I AebsFrameSubscriber: onMessagesAvailable callback
         1788690934.678  5140  5175 I AebsFrameSubscriber: readNextMessages count=1
         1788690934.679  5140  5175 I MainActivity: onGatewayFrame: frame seq=1119 egoSpeed=6.562704 pts=0 intervention=false warning=false braking=false lifecycle=armed range=null bearing=null rss=null
         1788690934.778  5140  5175 I AebsFrameSubscriber: onMessagesAvailable callback
         1788690934.779  5140  5175 I AebsFrameSubscriber: readNextMessages count=1
         1788690934.779  5140  5175 I MainActivity: onGatewayFrame: frame seq=1120 egoSpeed=6.562704 pts=0 intervention=false warning=false braking=false lifecycle=armed range=null bearing=null rss=null
         1788690934.878  5140  5175 I AebsFrameSubscriber: onMessagesAvailable callback
         1788690934.878  5140  5175 I AebsFrameSubscriber: readNextMessages count=1
         1788690934.879  5140  5175 I MainActivity: onGatewayFrame: frame seq=1121 egoSpeed=6.562704 pts=0 intervention=false warning=false braking=false lifecycle=armed range=null bearing=null rss=null
         1788690934.978  5140  5175 I AebsFrameSubscriber: onMessagesAvailable callback
         1788690934.979  5140  5175 I AebsFrameSubscriber: readNextMessages count=1
         1788690934.979  5140  5175 I MainActivity: onGatewayFrame: frame seq=1122 egoSpeed=6.562704 pts=0 intervention=false warning=false braking=false lifecycle=armed range=null bearing=null rss=null
         1788690935.078  5140  5175 I AebsFrameSubscriber: onMessagesAvailable callback
         1788690935.078  5140  5175 I AebsFrameSubscriber: readNextMessages count=1
         1788690935.079  5140  5175 I MainActivity: onGatewayFrame: frame seq=1123 egoSpeed=6.562704 pts=0 intervention=false warning=false braking=false lifecycle=armed range=null bearing=null rss=null
         1788690935.178  5140  5175 I AebsFrameSubscriber: onMessagesAvailable callback
         1788690935.179  5140  5175 I AebsFrameSubscriber: readNextMessages count=1
         1788690935.179  5140  5175 I MainActivity: onGatewayFrame: frame seq=1124 egoSpeed=6.562704 pts=0 intervention=false warning=false braking=false lifecycle=armed range=null bearing=null rss=null
         1788690935.278  5140  5175 I AebsFrameSubscriber: onMessagesAvailable callback
         1788690935.278  5140  5175 I AebsFrameSubscriber: readNextMessages count=1
         1788690935.278  5140  5175 I MainActivity: onGatewayFrame: frame seq=1125 egoSpeed=6.562704 pts=0 intervention=false warning=false braking=false lifecycle=armed range=null bearing=null rss=null
         1788690935.378  5140  5175 I AebsFrameSubscriber: onMessagesAvailable callback
         1788690935.378  5140  5175 I AebsFrameSubscriber: readNextMessages count=1
         1788690935.378  5140  5175 I MainActivity: onGatewayFrame: frame seq=1126 egoSpeed=6.562704 pts=0 intervention=false warning=false braking=false lifecycle=armed range=null bearing=null rss=null
         1788690935.478  5140  5175 I AebsFrameSubscriber: onMessagesAvailable callback
         1788690935.478  5140  5175 I AebsFrameSubscriber: readNextMessages count=1
         1788690935.478  5140  5175 I MainActivity: onGatewayFrame: frame seq=1127 egoSpeed=6.562704 pts=0 intervention=false warning=false braking=false lifecycle=armed range=null bearing=null rss=null
         1788690935.578  5140  5175 I AebsFrameSubscriber: onMessagesAvailable callback
         1788690935.578  5140  5175 I AebsFrameSubscriber: readNextMessages count=1
         1788690935.578  5140  5175 I MainActivity: onGatewayFrame: frame seq=1128 egoSpeed=6.562704 pts=0 intervention=false warning=false braking=false lifecycle=armed range=null bearing=null rss=null
         1788690935.678  5140  5175 I AebsFrameSubscriber: onMessagesAvailable callback
         1788690935.678  5140  5175 I AebsFrameSubscriber: readNextMessages count=1
         1788690935.679  5140  5175 I MainActivity: onGatewayFrame: frame seq=1129 egoSpeed=6.562704 pts=0 intervention=false warning=false braking=false lifecycle=armed range=null bearing=null rss=null
         1788690935.778  5140  5175 I AebsFrameSubscriber: onMessagesAvailable callback
         1788690935.779  5140  5175 I AebsFrameSubscriber: readNextMessages count=1
         1788690935.779  5140  5175 I MainActivity: onGatewayFrame: frame seq=1130 egoSpeed=6.562704 pts=0 intervention=false warning=false braking=false lifecycle=armed range=null bearing=null rss=null
         1788690935.878  5140  5175 I AebsFrameSubscriber: onMessagesAvailable callback
         1788690935.878  5140  5175 I AebsFrameSubscriber: readNextMessages count=1
         1788690935.878  5140  5175 I MainActivity: onGatewayFrame: frame seq=1131 egoSpeed=6.562704 pts=0 intervention=false warning=false braking=false lifecycle=armed range=null bearing=null rss=null
         1788690935.978  5140  5175 I AebsFrameSubscriber: onMessagesAvailable callback
         1788690935.978  5140  5175 I AebsFrameSubscriber: readNextMessages count=1
         1788690935.978  5140  5175 I MainActivity: onGatewayFrame: frame seq=1132 egoSpeed=6.562704 pts=0 intervention=false warning=false braking=false lifecycle=armed range=null bearing=null rss=null
         1788690936.078  5140  5175 I AebsFrameSubscriber: onMessagesAvailable callback
         1788690936.078  5140  5175 I AebsFrameSubscriber: readNextMessages count=1
         1788690936.078  5140  5175 I MainActivity: onGatewayFrame: frame seq=1133 egoSpeed=6.562704 pts=0 intervention=false warning=false braking=false lifecycle=armed range=null bearing=null rss=null
         1788690936.178  5140  5175 I AebsFrameSubscriber: onMessagesAvailable callback
         1788690936.178  5140  5175 I AebsFrameSubscriber: readNextMessages count=1
         1788690936.179  5140  5175 I MainActivity: onGatewayFrame: frame seq=1134 egoSpeed=6.562704 pts=0 intervention=false warning=false braking=false lifecycle=armed range=null bearing=null rss=null
         1788690936.278  5140  5175 I AebsFrameSubscriber: onMessagesAvailable callback
         1788690936.278  5140  5175 I AebsFrameSubscriber: readNextMessages count=1
         1788690936.279  5140  5175 I MainActivity: onGatewayFrame: frame seq=1135 egoSpeed=6.562704 pts=0 intervention=false warning=false braking=false lifecycle=armed range=null bearing=null rss=null
         1788690936.377  5140  5175 I AebsFrameSubscriber: onMessagesAvailable callback
         1788690936.378  5140  5175 I AebsFrameSubscriber: readNextMessages count=1
         1788690936.379  5140  5175 I MainActivity: onGatewayFrame: frame seq=1136 egoSpeed=6.562704 pts=0 intervention=false warning=false braking=false lifecycle=armed range=null bearing=null rss=null
         1788690936.477  5140  5175 I AebsFrameSubscriber: onMessagesAvailable callback
         1788690936.478  5140  5175 I AebsFrameSubscriber: readNextMessages count=1
         1788690936.478  5140  5175 I MainActivity: onGatewayFrame: frame seq=1137 egoSpeed=6.562704 pts=0 intervention=false warning=false braking=false lifecycle=armed range=null bearing=null rss=null
         1788690936.578  5140  5175 I AebsFrameSubscriber: onMessagesAvailable callback
         1788690936.578  5140  5175 I AebsFrameSubscriber: readNextMessages count=1
         1788690936.578  5140  5175 I MainActivity: onGatewayFrame: frame seq=1138 egoSpeed=6.562704 pts=0 intervention=false warning=false braking=false lifecycle=armed range=null bearing=null rss=null
         1788690936.677  5140  5175 I AebsFrameSubscriber: onMessagesAvailable callback
         1788690936.678  5140  5175 I AebsFrameSubscriber: readNextMessages count=1
         1788690936.678  5140  5175 I MainActivity: onGatewayFrame: frame seq=1139 egoSpeed=6.562704 pts=0 intervention=false warning=false braking=false lifecycle=armed range=null bearing=null rss=null
         1788690936.778  5140  5175 I AebsFrameSubscriber: onMessagesAvailable callback
         1788690936.778  5140  5175 I AebsFrameSubscriber: readNextMessages count=1
         1788690936.778  5140  5175 I MainActivity: onGatewayFrame: frame seq=1140 egoSpeed=6.562704 pts=0 intervention=false warning=false braking=false lifecycle=armed range=null bearing=null rss=null
         1788690936.878  5140  5175 I AebsFrameSubscriber: onMessagesAvailable callback
         1788690936.878  5140  5175 I AebsFrameSubscriber: readNextMessages count=1
         1788690936.878  5140  5175 I MainActivity: onGatewayFrame: frame seq=1141 egoSpeed=6.562704 pts=0 intervention=false warning=false braking=false lifecycle=armed range=null bearing=null rss=null
         1788690936.978  5140  5175 I AebsFrameSubscriber: onMessagesAvailable callback
         1788690936.978  5140  5175 I AebsFrameSubscriber: readNextMessages count=1
         1788690936.978  5140  5175 I MainActivity: onGatewayFrame: frame seq=1142 egoSpeed=6.562704 pts=0 intervention=false warning=false braking=false lifecycle=armed range=null bearing=null rss=null
         1788690937.078  5140  5175 I AebsFrameSubscriber: onMessagesAvailable callback
         1788690937.078  5140  5175 I AebsFrameSubscriber: readNextMessages count=1
         1788690937.078  5140  5175 I MainActivity: onGatewayFrame: frame seq=1143 egoSpeed=6.562704 pts=0 intervention=false warning=false braking=false lifecycle=armed range=null bearing=null rss=null
         1788690937.178  5140  5175 I AebsFrameSubscriber: onMessagesAvailable callback
         1788690937.178  5140  5175 I AebsFrameSubscriber: readNextMessages count=1
         1788690937.178  5140  5175 I MainActivity: onGatewayFrame: frame seq=1144 egoSpeed=6.562704 pts=0 intervention=false warning=false braking=false lifecycle=armed range=null bearing=null rss=null
         1788690937.277  5140  5175 I AebsFrameSubscriber: onMessagesAvailable callback
         1788690937.278  5140  5175 I AebsFrameSubscriber: readNextMessages count=1
         1788690937.278  5140  5175 I MainActivity: onGatewayFrame: frame seq=1145 egoSpeed=6.562704 pts=0 intervention=false warning=false braking=false lifecycle=armed range=null bearing=null rss=null
         1788690937.378  5140  5175 I AebsFrameSubscriber: onMessagesAvailable callback
         1788690937.378  5140  5175 I AebsFrameSubscriber: readNextMessages count=1
         1788690937.378  5140  5175 I MainActivity: onGatewayFrame: frame seq=1146 egoSpeed=6.562704 pts=0 intervention=false warning=false braking=false lifecycle=armed range=null bearing=null rss=null
         1788690937.478  5140  5175 I AebsFrameSubscriber: onMessagesAvailable callback
         1788690937.478  5140  5175 I AebsFrameSubscriber: readNextMessages count=1
         1788690937.478  5140  5175 I MainActivity: onGatewayFrame: frame seq=1147 egoSpeed=6.562704 pts=0 intervention=false warning=false braking=false lifecycle=armed range=null bearing=null rss=null
         1788690937.578  5140  5175 I AebsFrameSubscriber: onMessagesAvailable callback
         1788690937.578  5140  5175 I AebsFrameSubscriber: readNextMessages count=1
         1788690937.578  5140  5175 I MainActivity: onGatewayFrame: frame seq=1148 egoSpeed=6.562704 pts=0 intervention=false warning=false braking=false lifecycle=armed range=null bearing=null rss=null
         1788690937.678  5140  5175 I AebsFrameSubscriber: onMessagesAvailable callback
         1788690937.678  5140  5175 I AebsFrameSubscriber: readNextMessages count=1
         1788690937.679  5140  5175 I MainActivity: onGatewayFrame: frame seq=1149 egoSpeed=6.562704 pts=0 intervention=false warning=false braking=false lifecycle=armed range=null bearing=null rss=null
         1788690937.777  5140  5175 I AebsFrameSubscriber: onMessagesAvailable callback
         1788690937.778  5140  5175 I AebsFrameSubscriber: readNextMessages count=1
         1788690937.778  5140  5175 I MainActivity: onGatewayFrame: frame seq=1150 egoSpeed=6.562704 pts=0 intervention=false warning=false braking=false lifecycle=armed range=null bearing=null rss=null
         1788690937.877  5140  5175 I AebsFrameSubscriber: onMessagesAvailable callback
         1788690937.878  5140  5175 I AebsFrameSubscriber: readNextMessages count=1
         1788690937.878  5140  5175 I MainActivity: onGatewayFrame: frame seq=1151 egoSpeed=6.562704 pts=0 intervention=false warning=false braking=false lifecycle=armed range=null bearing=null rss=null
         1788690937.977  5140  5175 I AebsFrameSubscriber: onMessagesAvailable callback
         1788690937.978  5140  5175 I AebsFrameSubscriber: readNextMessages count=1
         1788690937.978  5140  5175 I MainActivity: onGatewayFrame: frame seq=1152 egoSpeed=6.562704 pts=0 intervention=false warning=false braking=false lifecycle=armed range=null bearing=null rss=null
         1788690938.077  5140  5175 I AebsFrameSubscriber: onMessagesAvailable callback
         1788690938.078  5140  5175 I AebsFrameSubscriber: readNextMessages count=1
         1788690938.078  5140  5175 I MainActivity: onGatewayFrame: frame seq=1153 egoSpeed=6.562704 pts=0 intervention=false warning=false braking=false lifecycle=armed range=null bearing=null rss=null
         1788690938.178  5140  5175 I AebsFrameSubscriber: onMessagesAvailable callback
         1788690938.178  5140  5175 I AebsFrameSubscriber: readNextMessages count=1
         1788690938.178  5140  5175 I MainActivity: onGatewayFrame: frame seq=1154 egoSpeed=6.562704 pts=0 intervention=false warning=false braking=false lifecycle=armed range=null bearing=null rss=null
         1788690938.277  5140  5175 I AebsFrameSubscriber: onMessagesAvailable callback
         1788690938.278  5140  5175 I AebsFrameSubscriber: readNextMessages count=1
         1788690938.278  5140  5175 I MainActivity: onGatewayFrame: frame seq=1155 egoSpeed=6.562704 pts=0 intervention=false warning=false braking=false lifecycle=armed range=null bearing=null rss=null
         1788690938.377  5140  5175 I AebsFrameSubscriber: onMessagesAvailable callback
         1788690938.378  5140  5175 I AebsFrameSubscriber: readNextMessages count=1
         1788690938.378  5140  5175 I MainActivity: onGatewayFrame: frame seq=1156 egoSpeed=6.562704 pts=0 intervention=false warning=false braking=false lifecycle=armed range=null bearing=null rss=null
         1788690938.477  5140  5175 I AebsFrameSubscriber: onMessagesAvailable callback
         1788690938.478  5140  5175 I AebsFrameSubscriber: readNextMessages count=1
         1788690938.478  5140  5175 I MainActivity: onGatewayFrame: frame seq=1157 egoSpeed=6.562704 pts=0 intervention=false warning=false braking=false lifecycle=armed range=null bearing=null rss=null
         1788690938.577  5140  5175 I AebsFrameSubscriber: onMessagesAvailable callback
         1788690938.578  5140  5175 I AebsFrameSubscriber: readNextMessages count=1
         1788690938.578  5140  5175 I MainActivity: onGatewayFrame: frame seq=1158 egoSpeed=6.562704 pts=0 intervention=false warning=false braking=false lifecycle=armed range=null bearing=null rss=null
         1788690938.677  5140  5175 I AebsFrameSubscriber: onMessagesAvailable callback
         1788690938.678  5140  5175 I AebsFrameSubscriber: readNextMessages count=1
         1788690938.678  5140  5175 I MainActivity: onGatewayFrame: frame seq=1159 egoSpeed=6.562704 pts=0 intervention=false warning=false braking=false lifecycle=armed range=null bearing=null rss=null
         1788690938.778  5140  5175 I AebsFrameSubscriber: onMessagesAvailable callback
         1788690938.779  5140  5175 I AebsFrameSubscriber: readNextMessages count=1
         1788690938.779  5140  5175 I MainActivity: onGatewayFrame: frame seq=1160 egoSpeed=6.562704 pts=0 intervention=false warning=false braking=false lifecycle=armed range=null bearing=null rss=null
         1788690938.995  5140  5175 I AebsFrameSubscriber: readNextMessages count=2
         1788690938.996  5140  5175 I MainActivity: onGatewayFrame: frame seq=1161 egoSpeed=6.562704 pts=0 intervention=false warning=false braking=false lifecycle=armed range=null bearing=null rss=null
         1788690938.996  5140  5175 I MainActivity: onGatewayFrame: frame seq=1162 egoSpeed=6.562704 pts=0 intervention=false warning=false braking=false lifecycle=armed range=null bearing=null rss=null
         1788690938.996  5140  5175 I AebsFrameSubscriber: onMessagesAvailable callback
         1788690938.996  5140  5175 I AebsFrameSubscriber: onMessagesAvailable callback
         1788690939.078  5140  5175 I AebsFrameSubscriber: onMessagesAvailable callback
         1788690939.078  5140  5175 I AebsFrameSubscriber: readNextMessages count=1
         1788690939.078  5140  5175 I MainActivity: onGatewayFrame: frame seq=1163 egoSpeed=6.562704 pts=0 intervention=false warning=false braking=false lifecycle=armed range=null bearing=null rss=null
         1788690939.178  5140  5175 I AebsFrameSubscriber: onMessagesAvailable callback
         1788690939.178  5140  5175 I AebsFrameSubscriber: readNextMessages count=1
         1788690939.179  5140  5175 I MainActivity: onGatewayFrame: frame seq=1164 egoSpeed=6.562704 pts=0 intervention=false warning=false braking=false lifecycle=armed range=null bearing=null rss=null
         1788690939.278  5140  5175 I AebsFrameSubscriber: onMessagesAvailable callback
         1788690939.278  5140  5175 I AebsFrameSubscriber: readNextMessages count=1
         1788690939.278  5140  5175 I MainActivity: onGatewayFrame: frame seq=1165 egoSpeed=6.562704 pts=0 intervention=false warning=false braking=false lifecycle=armed range=null bearing=null rss=null
         1788690939.378  5140  5175 I AebsFrameSubscriber: onMessagesAvailable callback
         1788690939.378  5140  5175 I AebsFrameSubscriber: readNextMessages count=1
         1788690939.378  5140  5175 I MainActivity: onGatewayFrame: frame seq=1166 egoSpeed=6.562704 pts=0 intervention=false warning=false braking=false lifecycle=armed range=null bearing=null rss=null
         1788690939.477  5140  5175 I AebsFrameSubscriber: onMessagesAvailable callback
         1788690939.478  5140  5175 I AebsFrameSubscriber: readNextMessages count=1
         1788690939.478  5140  5175 I MainActivity: onGatewayFrame: frame seq=1167 egoSpeed=6.562704 pts=0 intervention=false warning=false braking=false lifecycle=armed range=null bearing=null rss=null
         1788690939.577  5140  5175 I AebsFrameSubscriber: onMessagesAvailable callback
         1788690939.578  5140  5175 I AebsFrameSubscriber: readNextMessages count=1
         1788690939.578  5140  5175 I MainActivity: onGatewayFrame: frame seq=1168 egoSpeed=6.562704 pts=0 intervention=false warning=false braking=false lifecycle=armed range=null bearing=null rss=null
         1788690939.677  5140  5175 I AebsFrameSubscriber: onMessagesAvailable callback
         1788690939.678  5140  5175 I AebsFrameSubscriber: readNextMessages count=1
         1788690939.678  5140  5175 I MainActivity: onGatewayFrame: frame seq=1169 egoSpeed=6.562704 pts=0 intervention=false warning=false braking=false lifecycle=armed range=null bearing=null rss=null
         1788690939.777  5140  5175 I AebsFrameSubscriber: onMessagesAvailable callback
         1788690939.778  5140  5175 I AebsFrameSubscriber: readNextMessages count=1
         1788690939.778  5140  5175 I MainActivity: onGatewayFrame: frame seq=1170 egoSpeed=6.562704 pts=0 intervention=false warning=false braking=false lifecycle=armed range=null bearing=null rss=null
         1788690939.877  5140  5175 I AebsFrameSubscriber: onMessagesAvailable callback
         1788690939.878  5140  5175 I AebsFrameSubscriber: readNextMessages count=1
         1788690939.878  5140  5175 I MainActivity: onGatewayFrame: frame seq=1171 egoSpeed=6.562704 pts=0 intervention=false warning=false braking=false lifecycle=armed range=null bearing=null rss=null
         1788690939.977  5140  5175 I AebsFrameSubscriber: onMessagesAvailable callback
         1788690939.978  5140  5175 I AebsFrameSubscriber: readNextMessages count=1
         1788690939.978  5140  5175 I MainActivity: onGatewayFrame: frame seq=1172 egoSpeed=6.562704 pts=0 intervention=false warning=false braking=false lifecycle=armed range=null bearing=null rss=null
         1788690940.077  5140  5175 I AebsFrameSubscriber: onMessagesAvailable callback
         1788690940.078  5140  5175 I AebsFrameSubscriber: readNextMessages count=1
         1788690940.078  5140  5175 I MainActivity: onGatewayFrame: frame seq=1173 egoSpeed=6.562704 pts=0 intervention=false warning=false braking=false lifecycle=armed range=null bearing=null rss=null
         1788690940.177  5140  5175 I AebsFrameSubscriber: onMessagesAvailable callback
         1788690940.178  5140  5175 I AebsFrameSubscriber: readNextMessages count=1
         1788690940.178  5140  5175 I MainActivity: onGatewayFrame: frame seq=1174 egoSpeed=6.562704 pts=0 intervention=false warning=false braking=false lifecycle=armed range=null bearing=null rss=null
         1788690940.277  5140  5175 I AebsFrameSubscriber: onMessagesAvailable callback
         1788690940.278  5140  5175 I AebsFrameSubscriber: readNextMessages count=1
         1788690940.278  5140  5175 I MainActivity: onGatewayFrame: frame seq=1175 egoSpeed=6.562704 pts=0 intervention=false warning=false braking=false lifecycle=armed range=null bearing=null rss=null
         1788690940.377  5140  5175 I AebsFrameSubscriber: onMessagesAvailable callback
         1788690940.378  5140  5175 I AebsFrameSubscriber: readNextMessages count=1
         1788690940.378  5140  5175 I MainActivity: onGatewayFrame: frame seq=1176 egoSpeed=6.562704 pts=0 intervention=false warning=false braking=false lifecycle=armed range=null bearing=null rss=null
         1788690940.477  5140  5175 I AebsFrameSubscriber: onMessagesAvailable callback
         1788690940.478  5140  5175 I AebsFrameSubscriber: readNextMessages count=1
         1788690940.478  5140  5175 I MainActivity: onGatewayFrame: frame seq=1177 egoSpeed=6.562704 pts=0 intervention=false warning=false braking=false lifecycle=armed range=null bearing=null rss=null
         1788690940.577  5140  5175 I AebsFrameSubscriber: onMessagesAvailable callback
         1788690940.578  5140  5175 I AebsFrameSubscriber: readNextMessages count=1
         1788690940.578  5140  5175 I MainActivity: onGatewayFrame: frame seq=1178 egoSpeed=6.562704 pts=0 intervention=false warning=false braking=false lifecycle=armed range=null bearing=null rss=null
         1788690940.677  5140  5175 I AebsFrameSubscriber: onMessagesAvailable callback
         1788690940.678  5140  5175 I AebsFrameSubscriber: readNextMessages count=1
         1788690940.678  5140  5175 I MainActivity: onGatewayFrame: frame seq=1179 egoSpeed=6.562704 pts=0 intervention=false warning=false braking=false lifecycle=armed range=null bearing=null rss=null
         1788690940.777  5140  5175 I AebsFrameSubscriber: onMessagesAvailable callback
         1788690940.778  5140  5175 I AebsFrameSubscriber: readNextMessages count=1
         1788690940.778  5140  5175 I MainActivity: onGatewayFrame: frame seq=1180 egoSpeed=6.562704 pts=0 intervention=false warning=false braking=false lifecycle=armed range=null bearing=null rss=null
         1788690940.877  5140  5175 I AebsFrameSubscriber: onMessagesAvailable callback
         1788690940.878  5140  5175 I AebsFrameSubscriber: readNextMessages count=1
         1788690940.878  5140  5175 I MainActivity: onGatewayFrame: frame seq=1181 egoSpeed=6.562704 pts=0 intervention=false warning=false braking=false lifecycle=armed range=null bearing=null rss=null
         1788690940.977  5140  5175 I AebsFrameSubscriber: onMessagesAvailable callback
         1788690940.978  5140  5175 I AebsFrameSubscriber: readNextMessages count=1
         1788690940.978  5140  5175 I MainActivity: onGatewayFrame: frame seq=1182 egoSpeed=6.562704 pts=0 intervention=false warning=false braking=false lifecycle=armed range=null bearing=null rss=null
         1788690941.077  5140  5175 I AebsFrameSubscriber: onMessagesAvailable callback
         1788690941.078  5140  5175 I AebsFrameSubscriber: readNextMessages count=1
         1788690941.078  5140  5175 I MainActivity: onGatewayFrame: frame seq=1183 egoSpeed=6.562704 pts=0 intervention=false warning=false braking=false lifecycle=armed range=null bearing=null rss=null
         1788690941.177  5140  5175 I AebsFrameSubscriber: onMessagesAvailable callback
         1788690941.178  5140  5175 I AebsFrameSubscriber: readNextMessages count=1
         1788690941.178  5140  5175 I MainActivity: onGatewayFrame: frame seq=1184 egoSpeed=6.562704 pts=0 intervention=false warning=false braking=false lifecycle=armed range=null bearing=null rss=null
         1788690941.277  5140  5175 I AebsFrameSubscriber: onMessagesAvailable callback
         1788690941.278  5140  5175 I AebsFrameSubscriber: readNextMessages count=1
         1788690941.278  5140  5175 I MainActivity: onGatewayFrame: frame seq=1185 egoSpeed=6.562704 pts=0 intervention=false warning=false braking=false lifecycle=armed range=null bearing=null rss=null
         1788690941.377  5140  5175 I AebsFrameSubscriber: onMessagesAvailable callback
         1788690941.378  5140  5175 I AebsFrameSubscriber: readNextMessages count=1
         1788690941.378  5140  5175 I MainActivity: onGatewayFrame: frame seq=1186 egoSpeed=6.562704 pts=0 intervention=false warning=false braking=false lifecycle=armed range=null bearing=null rss=null
         1788690941.477  5140  5175 I AebsFrameSubscriber: onMessagesAvailable callback
         1788690941.478  5140  5175 I AebsFrameSubscriber: readNextMessages count=1
         1788690941.478  5140  5175 I MainActivity: onGatewayFrame: frame seq=1187 egoSpeed=6.562704 pts=0 intervention=false warning=false braking=false lifecycle=armed range=null bearing=null rss=null
         1788690941.577  5140  5175 I AebsFrameSubscriber: onMessagesAvailable callback
         1788690941.578  5140  5175 I AebsFrameSubscriber: readNextMessages count=1
         1788690941.578  5140  5175 I MainActivity: onGatewayFrame: frame seq=1188 egoSpeed=6.562704 pts=0 intervention=false warning=false braking=false lifecycle=armed range=null bearing=null rss=null
         1788690941.677  5140  5175 I AebsFrameSubscriber: onMessagesAvailable callback
         1788690941.678  5140  5175 I AebsFrameSubscriber: readNextMessages count=1
         1788690941.678  5140  5175 I MainActivity: onGatewayFrame: frame seq=1189 egoSpeed=6.562704 pts=0 intervention=false warning=false braking=false lifecycle=armed range=null bearing=null rss=null
         1788690941.777  5140  5175 I AebsFrameSubscriber: onMessagesAvailable callback
         1788690941.778  5140  5175 I AebsFrameSubscriber: readNextMessages count=1
         1788690941.778  5140  5175 I MainActivity: onGatewayFrame: frame seq=1190 egoSpeed=6.562704 pts=0 intervention=false warning=false braking=false lifecycle=armed range=null bearing=null rss=null
         1788690941.877  5140  5175 I AebsFrameSubscriber: onMessagesAvailable callback
         1788690941.878  5140  5175 I AebsFrameSubscriber: readNextMessages count=1
         1788690941.878  5140  5175 I MainActivity: onGatewayFrame: frame seq=1191 egoSpeed=6.562704 pts=0 intervention=false warning=false braking=false lifecycle=armed range=null bearing=null rss=null
         1788690941.977  5140  5175 I AebsFrameSubscriber: onMessagesAvailable callback
         1788690941.978  5140  5175 I AebsFrameSubscriber: readNextMessages count=1
         1788690941.978  5140  5175 I MainActivity: onGatewayFrame: frame seq=1192 egoSpeed=6.562704 pts=0 intervention=false warning=false braking=false lifecycle=armed range=null bearing=null rss=null
         1788690942.077  5140  5175 I AebsFrameSubscriber: onMessagesAvailable callback
         1788690942.078  5140  5175 I AebsFrameSubscriber: readNextMessages count=1
         1788690942.078  5140  5175 I MainActivity: onGatewayFrame: frame seq=1193 egoSpeed=6.562704 pts=0 intervention=false warning=false braking=false lifecycle=armed range=null bearing=null rss=null
         1788690942.177  5140  5175 I AebsFrameSubscriber: onMessagesAvailable callback
         1788690942.178  5140  5175 I AebsFrameSubscriber: readNextMessages count=1
         1788690942.178  5140  5175 I MainActivity: onGatewayFrame: frame seq=1194 egoSpeed=6.562704 pts=0 intervention=false warning=false braking=false lifecycle=armed range=null bearing=null rss=null
         1788690942.277  5140  5175 I AebsFrameSubscriber: onMessagesAvailable callback
         1788690942.278  5140  5175 I AebsFrameSubscriber: readNextMessages count=1
         1788690942.278  5140  5175 I MainActivity: onGatewayFrame: frame seq=1195 egoSpeed=6.562704 pts=0 intervention=false warning=false braking=false lifecycle=armed range=null bearing=null rss=null
         1788690942.377  5140  5175 I AebsFrameSubscriber: onMessagesAvailable callback
         1788690942.378  5140  5175 I AebsFrameSubscriber: readNextMessages count=1
         1788690942.378  5140  5175 I MainActivity: onGatewayFrame: frame seq=1196 egoSpeed=6.562704 pts=0 intervention=false warning=false braking=false lifecycle=armed range=null bearing=null rss=null
         1788690942.477  5140  5175 I AebsFrameSubscriber: onMessagesAvailable callback
         1788690942.478  5140  5175 I AebsFrameSubscriber: readNextMessages count=1
         1788690942.478  5140  5175 I MainActivity: onGatewayFrame: frame seq=1197 egoSpeed=6.562704 pts=0 intervention=false warning=false braking=false lifecycle=armed range=null bearing=null rss=null
         1788690942.577  5140  5175 I AebsFrameSubscriber: onMessagesAvailable callback
         1788690942.578  5140  5175 I AebsFrameSubscriber: readNextMessages count=1
         1788690942.578  5140  5175 I MainActivity: onGatewayFrame: frame seq=1198 egoSpeed=6.562704 pts=0 intervention=false warning=false braking=false lifecycle=armed range=null bearing=null rss=null
         1788690942.677  5140  5175 I AebsFrameSubscriber: onMessagesAvailable callback
         1788690942.678  5140  5175 I AebsFrameSubscriber: readNextMessages count=1
         1788690942.678  5140  5175 I MainActivity: onGatewayFrame: frame seq=1199 egoSpeed=6.562704 pts=0 intervention=false warning=false braking=false lifecycle=armed range=null bearing=null rss=null
         1788690942.777  5140  5175 I AebsFrameSubscriber: onMessagesAvailable callback
         1788690942.777  5140  5175 I AebsFrameSubscriber: readNextMessages count=1
         1788690942.778  5140  5175 I MainActivity: onGatewayFrame: frame seq=1200 egoSpeed=6.562704 pts=0 intervention=false warning=false braking=false lifecycle=armed range=null bearing=null rss=null
         1788690942.995  5140  5175 I AebsFrameSubscriber: readNextMessages count=2
         1788690942.996  5140  5175 I MainActivity: onGatewayFrame: frame seq=1201 egoSpeed=6.562704 pts=0 intervention=false warning=false braking=false lifecycle=armed range=null bearing=null rss=null
         1788690942.996  5140  5175 I MainActivity: onGatewayFrame: frame seq=1202 egoSpeed=6.562704 pts=0 intervention=false warning=false braking=false lifecycle=armed range=null bearing=null rss=null
         1788690942.996  5140  5175 I AebsFrameSubscriber: onMessagesAvailable callback
         1788690942.996  5140  5175 I AebsFrameSubscriber: onMessagesAvailable callback
         1788690943.077  5140  5175 I AebsFrameSubscriber: onMessagesAvailable callback
         1788690943.077  5140  5175 I AebsFrameSubscriber: readNextMessages count=1
         1788690943.077  5140  5175 I MainActivity: onGatewayFrame: frame seq=1203 egoSpeed=6.562704 pts=0 intervention=false warning=false braking=false lifecycle=armed range=null bearing=null rss=null
         1788690943.177  5140  5175 I AebsFrameSubscriber: onMessagesAvailable callback
         1788690943.178  5140  5175 I AebsFrameSubscriber: readNextMessages count=1
         1788690943.178  5140  5175 I MainActivity: onGatewayFrame: frame seq=1204 egoSpeed=6.562704 pts=0 intervention=false warning=false braking=false lifecycle=armed range=null bearing=null rss=null
         1788690943.277  5140  5175 I AebsFrameSubscriber: onMessagesAvailable callback
         1788690943.277  5140  5175 I AebsFrameSubscriber: readNextMessages count=1
         1788690943.277  5140  5175 I MainActivity: onGatewayFrame: frame seq=1205 egoSpeed=6.562704 pts=0 intervention=false warning=false braking=false lifecycle=armed range=null bearing=null rss=null
         1788690943.377  5140  5175 I AebsFrameSubscriber: onMessagesAvailable callback
         1788690943.377  5140  5175 I AebsFrameSubscriber: readNextMessages count=1
         1788690943.377  5140  5175 I MainActivity: onGatewayFrame: frame seq=1206 egoSpeed=6.562704 pts=0 intervention=false warning=false braking=false lifecycle=armed range=null bearing=null rss=null
         1788690943.477  5140  5175 I AebsFrameSubscriber: onMessagesAvailable callback
         1788690943.477  5140  5175 I AebsFrameSubscriber: readNextMessages count=1
         1788690943.477  5140  5175 I MainActivity: onGatewayFrame: frame seq=1207 egoSpeed=6.562704 pts=0 intervention=false warning=false braking=false lifecycle=armed range=null bearing=null rss=null
         1788690943.577  5140  5175 I AebsFrameSubscriber: onMessagesAvailable callback
         1788690943.577  5140  5175 I AebsFrameSubscriber: readNextMessages count=1
         1788690943.577  5140  5175 I MainActivity: onGatewayFrame: frame seq=1208 egoSpeed=6.562704 pts=0 intervention=false warning=false braking=false lifecycle=armed range=null bearing=null rss=null
         1788690943.677  5140  5175 I AebsFrameSubscriber: onMessagesAvailable callback
         1788690943.677  5140  5175 I AebsFrameSubscriber: readNextMessages count=1
         1788690943.677  5140  5175 I MainActivity: onGatewayFrame: frame seq=1209 egoSpeed=6.562704 pts=0 intervention=false warning=false braking=false lifecycle=armed range=null bearing=null rss=null
         1788690943.777  5140  5175 I AebsFrameSubscriber: onMessagesAvailable callback
         1788690943.777  5140  5175 I AebsFrameSubscriber: readNextMessages count=1
         1788690943.777  5140  5175 I MainActivity: onGatewayFrame: frame seq=1210 egoSpeed=6.562704 pts=0 intervention=false warning=false braking=false lifecycle=armed range=null bearing=null rss=null
         1788690943.877  5140  5175 I AebsFrameSubscriber: onMessagesAvailable callback
         1788690943.877  5140  5175 I AebsFrameSubscriber: readNextMessages count=1
         1788690943.877  5140  5175 I MainActivity: onGatewayFrame: frame seq=1211 egoSpeed=6.562704 pts=0 intervention=false warning=false braking=false lifecycle=armed range=null bearing=null rss=null
         1788690943.977  5140  5175 I AebsFrameSubscriber: onMessagesAvailable callback
         1788690943.977  5140  5175 I AebsFrameSubscriber: readNextMessages count=1
         1788690943.977  5140  5175 I MainActivity: onGatewayFrame: frame seq=1212 egoSpeed=6.562704 pts=0 intervention=false warning=false braking=false lifecycle=armed range=null bearing=null rss=null
         1788690944.077  5140  5175 I AebsFrameSubscriber: onMessagesAvailable callback
         1788690944.078  5140  5175 I AebsFrameSubscriber: readNextMessages count=1
         1788690944.078  5140  5175 I MainActivity: onGatewayFrame: frame seq=1213 egoSpeed=6.562704 pts=0 intervention=false warning=false braking=false lifecycle=armed range=null bearing=null rss=null
         1788690944.177  5140  5175 I AebsFrameSubscriber: onMessagesAvailable callback
         1788690944.177  5140  5175 I AebsFrameSubscriber: readNextMessages count=1
         1788690944.178  5140  5175 I MainActivity: onGatewayFrame: frame seq=1214 egoSpeed=6.562704 pts=0 intervention=false warning=false braking=false lifecycle=armed range=null bearing=null rss=null
         1788690944.277  5140  5175 I AebsFrameSubscriber: onMessagesAvailable callback
         1788690944.277  5140  5175 I AebsFrameSubscriber: readNextMessages count=1
         1788690944.277  5140  5175 I MainActivity: onGatewayFrame: frame seq=1215 egoSpeed=6.562704 pts=0 intervention=false warning=false braking=false lifecycle=armed range=null bearing=null rss=null
         1788690944.377  5140  5175 I AebsFrameSubscriber: onMessagesAvailable callback
         1788690944.377  5140  5175 I AebsFrameSubscriber: readNextMessages count=1
         1788690944.378  5140  5175 I MainActivity: onGatewayFrame: frame seq=1216 egoSpeed=6.562704 pts=0 intervention=false warning=false braking=false lifecycle=armed range=null bearing=null rss=null
         1788690944.477  5140  5175 I AebsFrameSubscriber: onMessagesAvailable callback
         1788690944.477  5140  5175 I AebsFrameSubscriber: readNextMessages count=1
         1788690944.477  5140  5175 I MainActivity: onGatewayFrame: frame seq=1217 egoSpeed=6.562704 pts=0 intervention=false warning=false braking=false lifecycle=armed range=null bearing=null rss=null
         1788690944.577  5140  5175 I AebsFrameSubscriber: onMessagesAvailable callback
         1788690944.577  5140  5175 I AebsFrameSubscriber: readNextMessages count=1
         1788690944.577  5140  5175 I MainActivity: onGatewayFrame: frame seq=1218 egoSpeed=6.562704 pts=0 intervention=false warning=false braking=false lifecycle=armed range=null bearing=null rss=null
         1788690944.677  5140  5175 I AebsFrameSubscriber: onMessagesAvailable callback
         1788690944.677  5140  5175 I AebsFrameSubscriber: readNextMessages count=1
         1788690944.677  5140  5175 I MainActivity: onGatewayFrame: frame seq=1219 egoSpeed=6.562704 pts=0 intervention=false warning=false braking=false lifecycle=armed range=null bearing=null rss=null
         1788690944.777  5140  5175 I AebsFrameSubscriber: onMessagesAvailable callback
         1788690944.777  5140  5175 I AebsFrameSubscriber: readNextMessages count=1
         1788690944.778  5140  5175 I MainActivity: onGatewayFrame: frame seq=1220 egoSpeed=6.562704 pts=0 intervention=false warning=false braking=false lifecycle=armed range=null bearing=null rss=null
         1788690944.877  5140  5175 I AebsFrameSubscriber: onMessagesAvailable callback
         1788690944.878  5140  5175 I AebsFrameSubscriber: readNextMessages count=1
         1788690944.878  5140  5175 I MainActivity: onGatewayFrame: frame seq=1221 egoSpeed=6.562704 pts=0 intervention=false warning=false braking=false lifecycle=armed range=null bearing=null rss=null
         1788690944.977  5140  5175 I AebsFrameSubscriber: onMessagesAvailable callback
         1788690944.977  5140  5175 I AebsFrameSubscriber: readNextMessages count=1
         1788690944.978  5140  5175 I MainActivity: onGatewayFrame: frame seq=1222 egoSpeed=6.562704 pts=0 intervention=false warning=false braking=false lifecycle=armed range=null bearing=null rss=null
         1788690945.077  5140  5175 I AebsFrameSubscriber: onMessagesAvailable callback
         1788690945.077  5140  5175 I AebsFrameSubscriber: readNextMessages count=1
         1788690945.077  5140  5175 I MainActivity: onGatewayFrame: frame seq=1223 egoSpeed=6.562704 pts=0 intervention=false warning=false braking=false lifecycle=armed range=null bearing=null rss=null
         1788690945.177  5140  5175 I AebsFrameSubscriber: onMessagesAvailable callback
         1788690945.178  5140  5175 I AebsFrameSubscriber: readNextMessages count=1
         1788690945.178  5140  5175 I MainActivity: onGatewayFrame: frame seq=1224 egoSpeed=6.562704 pts=0 intervention=false warning=false braking=false lifecycle=armed range=null bearing=null rss=null
         1788690945.277  5140  5175 I AebsFrameSubscriber: onMessagesAvailable callback
         1788690945.277  5140  5175 I AebsFrameSubscriber: readNextMessages count=1
         1788690945.277  5140  5175 I MainActivity: onGatewayFrame: frame seq=1225 egoSpeed=6.562704 pts=0 intervention=false warning=false braking=false lifecycle=armed range=null bearing=null rss=null
         1788690945.377  5140  5175 I AebsFrameSubscriber: onMessagesAvailable callback
         1788690945.377  5140  5175 I AebsFrameSubscriber: readNextMessages count=1
         1788690945.378  5140  5175 I MainActivity: onGatewayFrame: frame seq=1226 egoSpeed=6.562704 pts=0 intervention=false warning=false braking=false lifecycle=armed range=null bearing=null rss=null
         1788690945.477  5140  5175 I AebsFrameSubscriber: onMessagesAvailable callback
         1788690945.477  5140  5175 I AebsFrameSubscriber: readNextMessages count=1
         1788690945.477  5140  5175 I MainActivity: onGatewayFrame: frame seq=1227 egoSpeed=6.562704 pts=0 intervention=false warning=false braking=false lifecycle=armed range=null bearing=null rss=null
         1788690945.577  5140  5175 I AebsFrameSubscriber: onMessagesAvailable callback
         1788690945.577  5140  5175 I AebsFrameSubscriber: readNextMessages count=1
         1788690945.577  5140  5175 I MainActivity: onGatewayFrame: frame seq=1228 egoSpeed=6.562704 pts=0 intervention=false warning=false braking=false lifecycle=armed range=null bearing=null rss=null
         1788690945.677  5140  5175 I AebsFrameSubscriber: onMessagesAvailable callback
         1788690945.677  5140  5175 I AebsFrameSubscriber: readNextMessages count=1
         1788690945.677  5140  5175 I MainActivity: onGatewayFrame: frame seq=1229 egoSpeed=6.562704 pts=0 intervention=false warning=false braking=false lifecycle=armed range=null bearing=null rss=null
         1788690945.777  5140  5175 I AebsFrameSubscriber: onMessagesAvailable callback
         1788690945.777  5140  5175 I AebsFrameSubscriber: readNextMessages count=1
         1788690945.777  5140  5175 I MainActivity: onGatewayFrame: frame seq=1230 egoSpeed=6.562704 pts=0 intervention=false warning=false braking=false lifecycle=armed range=null bearing=null rss=null
         1788690945.877  5140  5175 I AebsFrameSubscriber: onMessagesAvailable callback
         1788690945.877  5140  5175 I AebsFrameSubscriber: readNextMessages count=1
         1788690945.877  5140  5175 I MainActivity: onGatewayFrame: frame seq=1231 egoSpeed=6.562704 pts=0 intervention=false warning=false braking=false lifecycle=armed range=null bearing=null rss=null
         1788690945.977  5140  5175 I AebsFrameSubscriber: onMessagesAvailable callback
         1788690945.977  5140  5175 I AebsFrameSubscriber: readNextMessages count=1
         1788690945.978  5140  5175 I MainActivity: onGatewayFrame: frame seq=1232 egoSpeed=6.562704 pts=0 intervention=false warning=false braking=false lifecycle=armed range=null bearing=null rss=null
         1788690946.077  5140  5175 I AebsFrameSubscriber: onMessagesAvailable callback
         1788690946.077  5140  5175 I AebsFrameSubscriber: readNextMessages count=1
         1788690946.077  5140  5175 I MainActivity: onGatewayFrame: frame seq=1233 egoSpeed=6.562704 pts=0 intervention=false warning=false braking=false lifecycle=armed range=null bearing=null rss=null
         1788690946.177  5140  5175 I AebsFrameSubscriber: onMessagesAvailable callback
         1788690946.177  5140  5175 I AebsFrameSubscriber: readNextMessages count=1
         1788690946.178  5140  5175 I MainActivity: onGatewayFrame: frame seq=1234 egoSpeed=6.562704 pts=0 intervention=false warning=false braking=false lifecycle=armed range=null bearing=null rss=null
         1788690946.277  5140  5175 I AebsFrameSubscriber: onMessagesAvailable callback
         1788690946.277  5140  5175 I AebsFrameSubscriber: readNextMessages count=1
         1788690946.277  5140  5175 I MainActivity: onGatewayFrame: frame seq=1235 egoSpeed=6.562704 pts=0 intervention=false warning=false braking=false lifecycle=armed range=null bearing=null rss=null
         1788690946.377  5140  5175 I AebsFrameSubscriber: onMessagesAvailable callback
         1788690946.377  5140  5175 I AebsFrameSubscriber: readNextMessages count=1
         1788690946.377  5140  5175 I MainActivity: onGatewayFrame: frame seq=1236 egoSpeed=6.562704 pts=0 intervention=false warning=false braking=false lifecycle=armed range=null bearing=null rss=null
         1788690946.476  5140  5175 I AebsFrameSubscriber: onMessagesAvailable callback
         1788690946.477  5140  5175 I AebsFrameSubscriber: readNextMessages count=1
         1788690946.477  5140  5175 I MainActivity: onGatewayFrame: frame seq=1237 egoSpeed=6.562704 pts=0 intervention=false warning=false braking=false lifecycle=armed range=null bearing=null rss=null
         1788690946.577  5140  5175 I AebsFrameSubscriber: onMessagesAvailable callback
         1788690946.577  5140  5175 I AebsFrameSubscriber: readNextMessages count=1
         1788690946.577  5140  5175 I MainActivity: onGatewayFrame: frame seq=1238 egoSpeed=6.562704 pts=0 intervention=false warning=false braking=false lifecycle=armed range=null bearing=null rss=null
         1788690946.676  5140  5175 I AebsFrameSubscriber: onMessagesAvailable callback
         1788690946.677  5140  5175 I AebsFrameSubscriber: readNextMessages count=1
         1788690946.677  5140  5175 I MainActivity: onGatewayFrame: frame seq=1239 egoSpeed=6.562704 pts=0 intervention=false warning=false braking=false lifecycle=armed range=null bearing=null rss=null
         1788690946.776  5140  5175 I AebsFrameSubscriber: onMessagesAvailable callback
         1788690946.777  5140  5175 I AebsFrameSubscriber: readNextMessages count=1
         1788690946.777  5140  5175 I MainActivity: onGatewayFrame: frame seq=1240 egoSpeed=6.562704 pts=0 intervention=false warning=false braking=false lifecycle=armed range=null bearing=null rss=null
         1788690946.876  5140  5175 I AebsFrameSubscriber: onMessagesAvailable callback
         1788690946.877  5140  5175 I AebsFrameSubscriber: readNextMessages count=1
         1788690946.877  5140  5175 I MainActivity: onGatewayFrame: frame seq=1241 egoSpeed=6.562704 pts=0 intervention=false warning=false braking=false lifecycle=armed range=null bearing=null rss=null
         1788690947.007  5140  5175 I AebsFrameSubscriber: readNextMessages count=1
         1788690947.007  5140  5175 I MainActivity: onGatewayFrame: frame seq=1242 egoSpeed=6.562704 pts=0 intervention=false warning=false braking=false lifecycle=armed range=null bearing=null rss=null
         1788690947.007  5140  5175 I AebsFrameSubscriber: onMessagesAvailable callback
         1788690947.076  5140  5175 I AebsFrameSubscriber: onMessagesAvailable callback
         1788690947.077  5140  5175 I AebsFrameSubscriber: readNextMessages count=1
         1788690947.077  5140  5175 I MainActivity: onGatewayFrame: frame seq=1243 egoSpeed=6.562704 pts=0 intervention=false warning=false braking=false lifecycle=armed range=null bearing=null rss=null
         1788690947.177  5140  5175 I AebsFrameSubscriber: onMessagesAvailable callback
         1788690947.177  5140  5175 I AebsFrameSubscriber: readNextMessages count=1
         1788690947.177  5140  5175 I MainActivity: onGatewayFrame: frame seq=1244 egoSpeed=6.562704 pts=0 intervention=false warning=false braking=false lifecycle=armed range=null bearing=null rss=null
         1788690947.276  5140  5175 I AebsFrameSubscriber: onMessagesAvailable callback
         1788690947.277  5140  5175 I AebsFrameSubscriber: readNextMessages count=1
         1788690947.277  5140  5175 I MainActivity: onGatewayFrame: frame seq=1245 egoSpeed=6.562704 pts=0 intervention=false warning=false braking=false lifecycle=armed range=null bearing=null rss=null
         1788690947.376  5140  5175 I AebsFrameSubscriber: onMessagesAvailable callback
         1788690947.377  5140  5175 I AebsFrameSubscriber: readNextMessages count=1
         1788690947.377  5140  5175 I MainActivity: onGatewayFrame: frame seq=1246 egoSpeed=6.562704 pts=0 intervention=false warning=false braking=false lifecycle=armed range=null bearing=null rss=null
         1788690947.476  5140  5175 I AebsFrameSubscriber: onMessagesAvailable callback
         1788690947.477  5140  5175 I AebsFrameSubscriber: readNextMessages count=1
         1788690947.477  5140  5175 I MainActivity: onGatewayFrame: frame seq=1247 egoSpeed=6.562704 pts=0 intervention=false warning=false braking=false lifecycle=armed range=null bearing=null rss=null
         1788690947.576  5140  5175 I AebsFrameSubscriber: onMessagesAvailable callback
         1788690947.577  5140  5175 I AebsFrameSubscriber: readNextMessages count=1
         1788690947.577  5140  5175 I MainActivity: onGatewayFrame: frame seq=1248 egoSpeed=6.562704 pts=0 intervention=false warning=false braking=false lifecycle=armed range=null bearing=null rss=null
         1788690947.676  5140  5175 I AebsFrameSubscriber: onMessagesAvailable callback
         1788690947.677  5140  5175 I AebsFrameSubscriber: readNextMessages count=1
         1788690947.677  5140  5175 I MainActivity: onGatewayFrame: frame seq=1249 egoSpeed=6.562704 pts=0 intervention=false warning=false braking=false lifecycle=armed range=null bearing=null rss=null
         1788690947.776  5140  5175 I AebsFrameSubscriber: onMessagesAvailable callback
         1788690947.777  5140  5175 I AebsFrameSubscriber: readNextMessages count=1
         1788690947.777  5140  5175 I MainActivity: onGatewayFrame: frame seq=1250 egoSpeed=6.562704 pts=0 intervention=false warning=false braking=false lifecycle=armed range=null bearing=null rss=null
         1788690947.876  5140  5175 I AebsFrameSubscriber: onMessagesAvailable callback
         1788690947.877  5140  5175 I AebsFrameSubscriber: readNextMessages count=1
         1788690947.877  5140  5175 I MainActivity: onGatewayFrame: frame seq=1251 egoSpeed=6.562704 pts=0 intervention=false warning=false braking=false lifecycle=armed range=null bearing=null rss=null
         1788690947.976  5140  5175 I AebsFrameSubscriber: onMessagesAvailable callback
         1788690947.977  5140  5175 I AebsFrameSubscriber: readNextMessages count=1
         1788690947.977  5140  5175 I MainActivity: onGatewayFrame: frame seq=1252 egoSpeed=6.562704 pts=0 intervention=false warning=false braking=false lifecycle=armed range=null bearing=null rss=null
         1788690948.076  5140  5175 I AebsFrameSubscriber: onMessagesAvailable callback
         1788690948.077  5140  5175 I AebsFrameSubscriber: readNextMessages count=1
         1788690948.077  5140  5175 I MainActivity: onGatewayFrame: frame seq=1253 egoSpeed=6.562704 pts=0 intervention=false warning=false braking=false lifecycle=armed range=null bearing=null rss=null
         1788690948.176  5140  5175 I AebsFrameSubscriber: onMessagesAvailable callback
         1788690948.177  5140  5175 I AebsFrameSubscriber: readNextMessages count=1
         1788690948.177  5140  5175 I MainActivity: onGatewayFrame: frame seq=1254 egoSpeed=6.562704 pts=0 intervention=false warning=false braking=false lifecycle=armed range=null bearing=null rss=null
         1788690948.276  5140  5175 I AebsFrameSubscriber: onMessagesAvailable callback
         1788690948.277  5140  5175 I AebsFrameSubscriber: readNextMessages count=1
         1788690948.277  5140  5175 I MainActivity: onGatewayFrame: frame seq=1255 egoSpeed=6.562704 pts=0 intervention=false warning=false braking=false lifecycle=armed range=null bearing=null rss=null
         1788690948.376  5140  5175 I AebsFrameSubscriber: onMessagesAvailable callback
         1788690948.377  5140  5175 I AebsFrameSubscriber: readNextMessages count=1
         1788690948.377  5140  5175 I MainActivity: onGatewayFrame: frame seq=1256 egoSpeed=6.562704 pts=0 intervention=false warning=false braking=false lifecycle=armed range=null bearing=null rss=null
         1788690948.476  5140  5175 I AebsFrameSubscriber: onMessagesAvailable callback
         1788690948.477  5140  5175 I AebsFrameSubscriber: readNextMessages count=1
         1788690948.478  5140  5175 I MainActivity: onGatewayFrame: frame seq=1257 egoSpeed=6.562704 pts=0 intervention=false warning=false braking=false lifecycle=armed range=null bearing=null rss=null
         1788690948.576  5140  5175 I AebsFrameSubscriber: onMessagesAvailable callback
         1788690948.577  5140  5175 I AebsFrameSubscriber: readNextMessages count=1
         1788690948.578  5140  5175 I MainActivity: onGatewayFrame: frame seq=1258 egoSpeed=6.562704 pts=0 intervention=false warning=false braking=false lifecycle=armed range=null bearing=null rss=null
         1788690948.676  5140  5175 I AebsFrameSubscriber: onMessagesAvailable callback
         1788690948.677  5140  5175 I AebsFrameSubscriber: readNextMessages count=1
         1788690948.677  5140  5175 I MainActivity: onGatewayFrame: frame seq=1259 egoSpeed=6.562704 pts=0 intervention=false warning=false braking=false lifecycle=armed range=null bearing=null rss=null
         1788690948.777  5140  5175 I AebsFrameSubscriber: onMessagesAvailable callback
         1788690948.777  5140  5175 I AebsFrameSubscriber: readNextMessages count=1
         1788690948.777  5140  5175 I MainActivity: onGatewayFrame: frame seq=1260 egoSpeed=6.562704 pts=0 intervention=false warning=false braking=false lifecycle=armed range=null bearing=null rss=null
         1788690948.876  5140  5175 I AebsFrameSubscriber: onMessagesAvailable callback
         1788690948.877  5140  5175 I AebsFrameSubscriber: readNextMessages count=1
         1788690948.878  5140  5175 I MainActivity: onGatewayFrame: frame seq=1261 egoSpeed=6.562704 pts=0 intervention=false warning=false braking=false lifecycle=armed range=null bearing=null rss=null
         1788690948.976  5140  5175 I AebsFrameSubscriber: onMessagesAvailable callback
         1788690948.977  5140  5175 I AebsFrameSubscriber: readNextMessages count=1
         1788690948.977  5140  5175 I MainActivity: onGatewayFrame: frame seq=1262 egoSpeed=6.562704 pts=0 intervention=false warning=false braking=false lifecycle=armed range=null bearing=null rss=null
         1788690949.076  5140  5175 I AebsFrameSubscriber: onMessagesAvailable callback
         1788690949.077  5140  5175 I AebsFrameSubscriber: readNextMessages count=1
         1788690949.077  5140  5175 I MainActivity: onGatewayFrame: frame seq=1263 egoSpeed=6.562704 pts=0 intervention=false warning=false braking=false lifecycle=armed range=null bearing=null rss=null
         1788690949.177  5140  5175 I AebsFrameSubscriber: onMessagesAvailable callback
         1788690949.177  5140  5175 I AebsFrameSubscriber: readNextMessages count=1
         1788690949.178  5140  5175 I MainActivity: onGatewayFrame: frame seq=1264 egoSpeed=6.562704 pts=0 intervention=false warning=false braking=false lifecycle=armed range=null bearing=null rss=null
         1788690949.277  5140  5175 I AebsFrameSubscriber: onMessagesAvailable callback
         1788690949.277  5140  5175 I AebsFrameSubscriber: readNextMessages count=1
         1788690949.278  5140  5175 I MainActivity: onGatewayFrame: frame seq=1265 egoSpeed=6.562704 pts=0 intervention=false warning=false braking=false lifecycle=armed range=null bearing=null rss=null
         1788690949.376  5140  5175 I AebsFrameSubscriber: onMessagesAvailable callback
         1788690949.377  5140  5175 I AebsFrameSubscriber: readNextMessages count=1
         1788690949.377  5140  5175 I MainActivity: onGatewayFrame: frame seq=1266 egoSpeed=6.562704 pts=0 intervention=false warning=false braking=false lifecycle=armed range=null bearing=null rss=null
         1788690949.476  5140  5175 I AebsFrameSubscriber: onMessagesAvailable callback
         1788690949.477  5140  5175 I AebsFrameSubscriber: readNextMessages count=1
         1788690949.477  5140  5175 I MainActivity: onGatewayFrame: frame seq=1267 egoSpeed=6.562704 pts=0 intervention=false warning=false braking=false lifecycle=armed range=null bearing=null rss=null
         1788690949.576  5140  5175 I AebsFrameSubscriber: onMessagesAvailable callback
         1788690949.577  5140  5175 I AebsFrameSubscriber: readNextMessages count=1
         1788690949.577  5140  5175 I MainActivity: onGatewayFrame: frame seq=1268 egoSpeed=6.562704 pts=0 intervention=false warning=false braking=false lifecycle=armed range=null bearing=null rss=null
         1788690949.676  5140  5175 I AebsFrameSubscriber: onMessagesAvailable callback
         1788690949.677  5140  5175 I AebsFrameSubscriber: readNextMessages count=1
         1788690949.677  5140  5175 I MainActivity: onGatewayFrame: frame seq=1269 egoSpeed=6.562704 pts=0 intervention=false warning=false braking=false lifecycle=armed range=null bearing=null rss=null
         1788690949.776  5140  5175 I AebsFrameSubscriber: onMessagesAvailable callback
         1788690949.777  5140  5175 I AebsFrameSubscriber: readNextMessages count=1
         1788690949.777  5140  5175 I MainActivity: onGatewayFrame: frame seq=1270 egoSpeed=6.562704 pts=0 intervention=false warning=false braking=false lifecycle=armed range=null bearing=null rss=null
         1788690949.876  5140  5175 I AebsFrameSubscriber: onMessagesAvailable callback
         1788690949.877  5140  5175 I AebsFrameSubscriber: readNextMessages count=1
         1788690949.877  5140  5175 I MainActivity: onGatewayFrame: frame seq=1271 egoSpeed=6.562704 pts=0 intervention=false warning=false braking=false lifecycle=armed range=null bearing=null rss=null
         1788690949.976  5140  5175 I AebsFrameSubscriber: onMessagesAvailable callback
         1788690949.977  5140  5175 I AebsFrameSubscriber: readNextMessages count=1
         1788690949.977  5140  5175 I MainActivity: onGatewayFrame: frame seq=1272 egoSpeed=6.562704 pts=0 intervention=false warning=false braking=false lifecycle=armed range=null bearing=null rss=null
         1788690950.076  5140  5175 I AebsFrameSubscriber: onMessagesAvailable callback
         1788690950.077  5140  5175 I AebsFrameSubscriber: readNextMessages count=1
         1788690950.077  5140  5175 I MainActivity: onGatewayFrame: frame seq=1273 egoSpeed=6.562704 pts=0 intervention=false warning=false braking=false lifecycle=armed range=null bearing=null rss=null
         1788690950.176  5140  5175 I AebsFrameSubscriber: onMessagesAvailable callback
         1788690950.177  5140  5175 I AebsFrameSubscriber: readNextMessages count=1
         1788690950.177  5140  5175 I MainActivity: onGatewayFrame: frame seq=1274 egoSpeed=6.562704 pts=0 intervention=false warning=false braking=false lifecycle=armed range=null bearing=null rss=null
         1788690950.276  5140  5175 I AebsFrameSubscriber: onMessagesAvailable callback
         1788690950.277  5140  5175 I AebsFrameSubscriber: readNextMessages count=1
         1788690950.277  5140  5175 I MainActivity: onGatewayFrame: frame seq=1275 egoSpeed=6.562704 pts=0 intervention=false warning=false braking=false lifecycle=armed range=null bearing=null rss=null
         1788690950.376  5140  5175 I AebsFrameSubscriber: onMessagesAvailable callback
         1788690950.377  5140  5175 I AebsFrameSubscriber: readNextMessages count=1
         1788690950.377  5140  5175 I MainActivity: onGatewayFrame: frame seq=1276 egoSpeed=6.562704 pts=0 intervention=false warning=false braking=false lifecycle=armed range=null bearing=null rss=null
         1788690950.476  5140  5175 I AebsFrameSubscriber: onMessagesAvailable callback
         1788690950.477  5140  5175 I AebsFrameSubscriber: readNextMessages count=1
         1788690950.477  5140  5175 I MainActivity: onGatewayFrame: frame seq=1277 egoSpeed=6.562704 pts=0 intervention=false warning=false braking=false lifecycle=armed range=null bearing=null rss=null
         1788690950.576  5140  5175 I AebsFrameSubscriber: onMessagesAvailable callback
         1788690950.577  5140  5175 I AebsFrameSubscriber: readNextMessages count=1
         1788690950.577  5140  5175 I MainActivity: onGatewayFrame: frame seq=1278 egoSpeed=6.562704 pts=0 intervention=false warning=false braking=false lifecycle=armed range=null bearing=null rss=null
         1788690950.676  5140  5175 I AebsFrameSubscriber: onMessagesAvailable callback
         1788690950.677  5140  5175 I AebsFrameSubscriber: readNextMessages count=1
         1788690950.677  5140  5175 I MainActivity: onGatewayFrame: frame seq=1279 egoSpeed=6.562704 pts=0 intervention=false warning=false braking=false lifecycle=armed range=null bearing=null rss=null
         1788690950.777  5140  5175 I AebsFrameSubscriber: onMessagesAvailable callback
         1788690950.778  5140  5175 I AebsFrameSubscriber: readNextMessages count=1
         1788690950.778  5140  5175 I MainActivity: onGatewayFrame: frame seq=1280 egoSpeed=6.562704 pts=0 intervention=false warning=false braking=false lifecycle=armed range=null bearing=null rss=null
         1788690950.876  5140  5175 I AebsFrameSubscriber: onMessagesAvailable callback
         1788690950.877  5140  5175 I AebsFrameSubscriber: readNextMessages count=1
         1788690950.877  5140  5175 I MainActivity: onGatewayFrame: frame seq=1281 egoSpeed=6.562704 pts=0 intervention=false warning=false braking=false lifecycle=armed range=null bearing=null rss=null
         1788690950.976  5140  5175 I AebsFrameSubscriber: onMessagesAvailable callback
         1788690950.977  5140  5175 I AebsFrameSubscriber: readNextMessages count=1
         1788690950.977  5140  5175 I MainActivity: onGatewayFrame: frame seq=1282 egoSpeed=6.562704 pts=0 intervention=false warning=false braking=false lifecycle=armed range=null bearing=null rss=null
         1788690951.104  5140  5175 I AebsFrameSubscriber: readNextMessages count=1
         1788690951.105  5140  5175 I MainActivity: onGatewayFrame: frame seq=1283 egoSpeed=6.562704 pts=0 intervention=false warning=false braking=false lifecycle=armed range=null bearing=null rss=null
         1788690951.105  5140  5175 I AebsFrameSubscriber: onMessagesAvailable callback
         1788690951.176  5140  5175 I AebsFrameSubscriber: onMessagesAvailable callback
         1788690951.177  5140  5175 I AebsFrameSubscriber: readNextMessages count=1
         1788690951.177  5140  5175 I MainActivity: onGatewayFrame: frame seq=1284 egoSpeed=6.562704 pts=0 intervention=false warning=false braking=false lifecycle=armed range=null bearing=null rss=null
         1788690951.276  5140  5175 I AebsFrameSubscriber: onMessagesAvailable callback
         1788690951.277  5140  5175 I AebsFrameSubscriber: readNextMessages count=1
         1788690951.278  5140  5175 I MainActivity: onGatewayFrame: frame seq=1285 egoSpeed=6.562704 pts=0 intervention=false warning=false braking=false lifecycle=armed range=null bearing=null rss=null
         1788690951.376  5140  5175 I AebsFrameSubscriber: onMessagesAvailable callback
         1788690951.377  5140  5175 I AebsFrameSubscriber: readNextMessages count=1
         1788690951.377  5140  5175 I MainActivity: onGatewayFrame: frame seq=1286 egoSpeed=6.562704 pts=0 intervention=false warning=false braking=false lifecycle=armed range=null bearing=null rss=null
         1788690951.476  5140  5175 I AebsFrameSubscriber: onMessagesAvailable callback
         1788690951.477  5140  5175 I AebsFrameSubscriber: readNextMessages count=1
         1788690951.477  5140  5175 I MainActivity: onGatewayFrame: frame seq=1287 egoSpeed=6.562704 pts=0 intervention=false warning=false braking=false lifecycle=armed range=null bearing=null rss=null
         1788690951.576  5140  5175 I AebsFrameSubscriber: onMessagesAvailable callback
         1788690951.577  5140  5175 I AebsFrameSubscriber: readNextMessages count=1
         1788690951.577  5140  5175 I MainActivity: onGatewayFrame: frame seq=1288 egoSpeed=6.562704 pts=0 intervention=false warning=false braking=false lifecycle=armed range=null bearing=null rss=null
         1788690951.676  5140  5175 I AebsFrameSubscriber: onMessagesAvailable callback
         1788690951.677  5140  5175 I AebsFrameSubscriber: readNextMessages count=1
         1788690951.678  5140  5175 I MainActivity: onGatewayFrame: frame seq=1289 egoSpeed=6.562704 pts=0 intervention=false warning=false braking=false lifecycle=armed range=null bearing=null rss=null
         1788690951.776  5140  5175 I AebsFrameSubscriber: onMessagesAvailable callback
         1788690951.777  5140  5175 I AebsFrameSubscriber: readNextMessages count=1
         1788690951.777  5140  5175 I MainActivity: onGatewayFrame: frame seq=1290 egoSpeed=6.562704 pts=0 intervention=false warning=false braking=false lifecycle=armed range=null bearing=null rss=null
         1788690951.876  5140  5175 I AebsFrameSubscriber: onMessagesAvailable callback
         1788690951.877  5140  5175 I AebsFrameSubscriber: readNextMessages count=1
         1788690951.877  5140  5175 I MainActivity: onGatewayFrame: frame seq=1291 egoSpeed=6.562704 pts=0 intervention=false warning=false braking=false lifecycle=armed range=null bearing=null rss=null
         1788690951.976  5140  5175 I AebsFrameSubscriber: onMessagesAvailable callback
         1788690951.977  5140  5175 I AebsFrameSubscriber: readNextMessages count=1
         1788690951.977  5140  5175 I MainActivity: onGatewayFrame: frame seq=1292 egoSpeed=6.562704 pts=0 intervention=false warning=false braking=false lifecycle=armed range=null bearing=null rss=null
         1788690952.076  5140  5175 I AebsFrameSubscriber: onMessagesAvailable callback
         1788690952.077  5140  5175 I AebsFrameSubscriber: readNextMessages count=1
         1788690952.077  5140  5175 I MainActivity: onGatewayFrame: frame seq=1293 egoSpeed=6.562704 pts=0 intervention=false warning=false braking=false lifecycle=armed range=null bearing=null rss=null
         1788690952.176  5140  5175 I AebsFrameSubscriber: onMessagesAvailable callback
         1788690952.177  5140  5175 I AebsFrameSubscriber: readNextMessages count=1
         1788690952.177  5140  5175 I MainActivity: onGatewayFrame: frame seq=1294 egoSpeed=6.562704 pts=0 intervention=false warning=false braking=false lifecycle=armed range=null bearing=null rss=null
         1788690952.276  5140  5175 I AebsFrameSubscriber: onMessagesAvailable callback
         1788690952.277  5140  5175 I AebsFrameSubscriber: readNextMessages count=1
         1788690952.277  5140  5175 I MainActivity: onGatewayFrame: frame seq=1295 egoSpeed=6.562704 pts=0 intervention=false warning=false braking=false lifecycle=armed range=null bearing=null rss=null
         1788690952.376  5140  5175 I AebsFrameSubscriber: onMessagesAvailable callback
         1788690952.377  5140  5175 I AebsFrameSubscriber: readNextMessages count=1
         1788690952.377  5140  5175 I MainActivity: onGatewayFrame: frame seq=1296 egoSpeed=6.562704 pts=0 intervention=false warning=false braking=false lifecycle=armed range=null bearing=null rss=null
         1788690952.476  5140  5175 I AebsFrameSubscriber: onMessagesAvailable callback
         1788690952.477  5140  5175 I AebsFrameSubscriber: readNextMessages count=1
         1788690952.477  5140  5175 I MainActivity: onGatewayFrame: frame seq=1297 egoSpeed=6.562704 pts=0 intervention=false warning=false braking=false lifecycle=armed range=null bearing=null rss=null
         1788690952.576  5140  5175 I AebsFrameSubscriber: onMessagesAvailable callback
         1788690952.577  5140  5175 I AebsFrameSubscriber: readNextMessages count=1
         1788690952.577  5140  5175 I MainActivity: onGatewayFrame: frame seq=1298 egoSpeed=6.562704 pts=0 intervention=false warning=false braking=false lifecycle=armed range=null bearing=null rss=null
         1788690952.676  5140  5175 I AebsFrameSubscriber: onMessagesAvailable callback
         1788690952.677  5140  5175 I AebsFrameSubscriber: readNextMessages count=1
         1788690952.677  5140  5175 I MainActivity: onGatewayFrame: frame seq=1299 egoSpeed=6.562704 pts=0 intervention=false warning=false braking=false lifecycle=armed range=null bearing=null rss=null
         1788690952.776  5140  5175 I AebsFrameSubscriber: onMessagesAvailable callback
         1788690952.776  5140  5175 I AebsFrameSubscriber: readNextMessages count=1
         1788690952.777  5140  5175 I MainActivity: onGatewayFrame: frame seq=1300 egoSpeed=6.562704 pts=0 intervention=false warning=false braking=false lifecycle=armed range=null bearing=null rss=null
         1788690952.876  5140  5175 I AebsFrameSubscriber: onMessagesAvailable callback
         1788690952.876  5140  5175 I AebsFrameSubscriber: readNextMessages count=1
         1788690952.877  5140  5175 I MainActivity: onGatewayFrame: frame seq=1301 egoSpeed=6.562704 pts=0 intervention=false warning=false braking=false lifecycle=armed range=null bearing=null rss=null
         1788690952.976  5140  5175 I AebsFrameSubscriber: onMessagesAvailable callback
         1788690952.977  5140  5175 I AebsFrameSubscriber: readNextMessages count=1
         1788690952.977  5140  5175 I MainActivity: onGatewayFrame: frame seq=1302 egoSpeed=6.562704 pts=0 intervention=false warning=false braking=false lifecycle=armed range=null bearing=null rss=null
         1788690953.076  5140  5175 I AebsFrameSubscriber: onMessagesAvailable callback
         1788690953.077  5140  5175 I AebsFrameSubscriber: readNextMessages count=1
         1788690953.077  5140  5175 I MainActivity: onGatewayFrame: frame seq=1303 egoSpeed=6.562704 pts=0 intervention=false warning=false braking=false lifecycle=armed range=null bearing=null rss=null
         1788690953.176  5140  5175 I AebsFrameSubscriber: onMessagesAvailable callback
         1788690953.177  5140  5175 I AebsFrameSubscriber: readNextMessages count=1
         1788690953.177  5140  5175 I MainActivity: onGatewayFrame: frame seq=1304 egoSpeed=6.562704 pts=0 intervention=false warning=false braking=false lifecycle=armed range=null bearing=null rss=null
         1788690953.276  5140  5175 I AebsFrameSubscriber: onMessagesAvailable callback
         1788690953.276  5140  5175 I AebsFrameSubscriber: readNextMessages count=1
         1788690953.277  5140  5175 I MainActivity: onGatewayFrame: frame seq=1305 egoSpeed=6.562704 pts=0 intervention=false warning=false braking=false lifecycle=armed range=null bearing=null rss=null
         1788690953.376  5140  5175 I AebsFrameSubscriber: onMessagesAvailable callback
         1788690953.376  5140  5175 I AebsFrameSubscriber: readNextMessages count=1
         1788690953.377  5140  5175 I MainActivity: onGatewayFrame: frame seq=1306 egoSpeed=6.562704 pts=0 intervention=false warning=false braking=false lifecycle=armed range=null bearing=null rss=null
         1788690953.476  5140  5175 I AebsFrameSubscriber: onMessagesAvailable callback
         1788690953.476  5140  5175 I AebsFrameSubscriber: readNextMessages count=1
         1788690953.477  5140  5175 I MainActivity: onGatewayFrame: frame seq=1307 egoSpeed=6.562704 pts=0 intervention=false warning=false braking=false lifecycle=armed range=null bearing=null rss=null
         1788690953.576  5140  5175 I AebsFrameSubscriber: onMessagesAvailable callback
         1788690953.577  5140  5175 I AebsFrameSubscriber: readNextMessages count=1
         1788690953.577  5140  5175 I MainActivity: onGatewayFrame: frame seq=1308 egoSpeed=6.562704 pts=0 intervention=false warning=false braking=false lifecycle=armed range=null bearing=null rss=null
         1788690953.676  5140  5175 I AebsFrameSubscriber: onMessagesAvailable callback
         1788690953.676  5140  5175 I AebsFrameSubscriber: readNextMessages count=1
         1788690953.677  5140  5175 I MainActivity: onGatewayFrame: frame seq=1309 egoSpeed=6.562704 pts=0 intervention=false warning=false braking=false lifecycle=armed range=null bearing=null rss=null
         1788690953.776  5140  5175 I AebsFrameSubscriber: onMessagesAvailable callback
         1788690953.776  5140  5175 I AebsFrameSubscriber: readNextMessages count=1
         1788690953.777  5140  5175 I MainActivity: onGatewayFrame: frame seq=1310 egoSpeed=6.562704 pts=0 intervention=false warning=false braking=false lifecycle=armed range=null bearing=null rss=null
         1788690953.876  5140  5175 I AebsFrameSubscriber: onMessagesAvailable callback
         1788690953.877  5140  5175 I AebsFrameSubscriber: readNextMessages count=1
         1788690953.877  5140  5175 I MainActivity: onGatewayFrame: frame seq=1311 egoSpeed=6.562704 pts=0 intervention=false warning=false braking=false lifecycle=armed range=null bearing=null rss=null
         1788690953.976  5140  5175 I AebsFrameSubscriber: onMessagesAvailable callback
         1788690953.976  5140  5175 I AebsFrameSubscriber: readNextMessages count=1
         1788690953.977  5140  5175 I MainActivity: onGatewayFrame: frame seq=1312 egoSpeed=6.562704 pts=0 intervention=false warning=false braking=false lifecycle=armed range=null bearing=null rss=null
         1788690954.076  5140  5175 I AebsFrameSubscriber: onMessagesAvailable callback
         1788690954.076  5140  5175 I AebsFrameSubscriber: readNextMessages count=1
         1788690954.077  5140  5175 I MainActivity: onGatewayFrame: frame seq=1313 egoSpeed=6.562704 pts=0 intervention=false warning=false braking=false lifecycle=armed range=null bearing=null rss=null
         1788690954.176  5140  5175 I AebsFrameSubscriber: onMessagesAvailable callback
         1788690954.177  5140  5175 I AebsFrameSubscriber: readNextMessages count=1
         1788690954.177  5140  5175 I MainActivity: onGatewayFrame: frame seq=1314 egoSpeed=6.562704 pts=0 intervention=false warning=false braking=false lifecycle=armed range=null bearing=null rss=null
         1788690954.276  5140  5175 I AebsFrameSubscriber: onMessagesAvailable callback
         1788690954.276  5140  5175 I AebsFrameSubscriber: readNextMessages count=1
         1788690954.277  5140  5175 I MainActivity: onGatewayFrame: frame seq=1315 egoSpeed=6.562704 pts=0 intervention=false warning=false braking=false lifecycle=armed range=null bearing=null rss=null
         1788690954.376  5140  5175 I AebsFrameSubscriber: onMessagesAvailable callback
         1788690954.376  5140  5175 I AebsFrameSubscriber: readNextMessages count=1
         1788690954.376  5140  5175 I MainActivity: onGatewayFrame: frame seq=1316 egoSpeed=6.562704 pts=0 intervention=false warning=false braking=false lifecycle=armed range=null bearing=null rss=null
         1788690954.476  5140  5175 I AebsFrameSubscriber: onMessagesAvailable callback
         1788690954.476  5140  5175 I AebsFrameSubscriber: readNextMessages count=1
         1788690954.476  5140  5175 I MainActivity: onGatewayFrame: frame seq=1317 egoSpeed=6.562704 pts=0 intervention=false warning=false braking=false lifecycle=armed range=null bearing=null rss=null
         1788690954.576  5140  5175 I AebsFrameSubscriber: onMessagesAvailable callback
         1788690954.576  5140  5175 I AebsFrameSubscriber: readNextMessages count=1
         1788690954.577  5140  5175 I MainActivity: onGatewayFrame: frame seq=1318 egoSpeed=6.562704 pts=0 intervention=false warning=false braking=false lifecycle=armed range=null bearing=null rss=null
         1788690954.676  5140  5175 I AebsFrameSubscriber: onMessagesAvailable callback
         1788690954.676  5140  5175 I AebsFrameSubscriber: readNextMessages count=1
         1788690954.677  5140  5175 I MainActivity: onGatewayFrame: frame seq=1319 egoSpeed=6.562704 pts=0 intervention=false warning=false braking=false lifecycle=armed range=null bearing=null rss=null
         1788690954.776  5140  5175 I AebsFrameSubscriber: onMessagesAvailable callback
         1788690954.776  5140  5175 I AebsFrameSubscriber: readNextMessages count=1
         1788690954.776  5140  5175 I MainActivity: onGatewayFrame: frame seq=1320 egoSpeed=6.562704 pts=0 intervention=false warning=false braking=false lifecycle=armed range=null bearing=null rss=null
         1788690954.876  5140  5175 I AebsFrameSubscriber: onMessagesAvailable callback
         1788690954.876  5140  5175 I AebsFrameSubscriber: readNextMessages count=1
         1788690954.876  5140  5175 I MainActivity: onGatewayFrame: frame seq=1321 egoSpeed=6.562704 pts=0 intervention=false warning=false braking=false lifecycle=armed range=null bearing=null rss=null
         1788690954.976  5140  5175 I AebsFrameSubscriber: onMessagesAvailable callback
         1788690954.976  5140  5175 I AebsFrameSubscriber: readNextMessages count=1
         1788690954.976  5140  5175 I MainActivity: onGatewayFrame: frame seq=1322 egoSpeed=6.562704 pts=0 intervention=false warning=false braking=false lifecycle=armed range=null bearing=null rss=null
         1788690955.076  5140  5175 I AebsFrameSubscriber: onMessagesAvailable callback
         1788690955.076  5140  5175 I AebsFrameSubscriber: readNextMessages count=1
         1788690955.076  5140  5175 I MainActivity: onGatewayFrame: frame seq=1323 egoSpeed=6.562704 pts=0 intervention=false warning=false braking=false lifecycle=armed range=null bearing=null rss=null
         1788690955.176  5140  5175 I AebsFrameSubscriber: onMessagesAvailable callback
         1788690955.177  5140  5175 I AebsFrameSubscriber: readNextMessages count=1
         1788690955.178  5140  5175 I MainActivity: onGatewayFrame: frame seq=1324 egoSpeed=6.562704 pts=0 intervention=false warning=false braking=false lifecycle=armed range=null bearing=null rss=null
         1788690955.277  5140  5175 I AebsFrameSubscriber: onMessagesAvailable callback
         1788690955.278  5140  5175 I AebsFrameSubscriber: readNextMessages count=1
         1788690955.278  5140  5175 I MainActivity: onGatewayFrame: frame seq=1325 egoSpeed=6.562704 pts=0 intervention=false warning=false braking=false lifecycle=armed range=null bearing=null rss=null
         1788690955.404  5140  5175 I AebsFrameSubscriber: readNextMessages count=1
         1788690955.404  5140  5175 I MainActivity: onGatewayFrame: frame seq=1326 egoSpeed=6.562704 pts=0 intervention=false warning=false braking=false lifecycle=armed range=null bearing=null rss=null
         1788690955.405  5140  5175 I AebsFrameSubscriber: onMessagesAvailable callback
         1788690955.476  5140  5175 I AebsFrameSubscriber: onMessagesAvailable callback
         1788690955.476  5140  5175 I AebsFrameSubscriber: readNextMessages count=1
         1788690955.476  5140  5175 I MainActivity: onGatewayFrame: frame seq=1327 egoSpeed=6.562704 pts=0 intervention=false warning=false braking=false lifecycle=armed range=null bearing=null rss=null
         1788690955.576  5140  5175 I AebsFrameSubscriber: onMessagesAvailable callback
         1788690955.576  5140  5175 I AebsFrameSubscriber: readNextMessages count=1
         1788690955.577  5140  5175 I MainActivity: onGatewayFrame: frame seq=1328 egoSpeed=6.562704 pts=0 intervention=false warning=false braking=false lifecycle=armed range=null bearing=null rss=null
         1788690955.676  5140  5175 I AebsFrameSubscriber: onMessagesAvailable callback
         1788690955.676  5140  5175 I AebsFrameSubscriber: readNextMessages count=1
         1788690955.676  5140  5175 I MainActivity: onGatewayFrame: frame seq=1329 egoSpeed=6.562704 pts=0 intervention=false warning=false braking=false lifecycle=armed range=null bearing=null rss=null
         1788690955.776  5140  5175 I AebsFrameSubscriber: onMessagesAvailable callback
         1788690955.776  5140  5175 I AebsFrameSubscriber: readNextMessages count=1
         1788690955.776  5140  5175 I MainActivity: onGatewayFrame: frame seq=1330 egoSpeed=6.562704 pts=0 intervention=false warning=false braking=false lifecycle=armed range=null bearing=null rss=null
         1788690955.876  5140  5175 I AebsFrameSubscriber: onMessagesAvailable callback
         1788690955.876  5140  5175 I AebsFrameSubscriber: readNextMessages count=1
         1788690955.876  5140  5175 I MainActivity: onGatewayFrame: frame seq=1331 egoSpeed=6.562704 pts=0 intervention=false warning=false braking=false lifecycle=armed range=null bearing=null rss=null
         1788690955.976  5140  5175 I AebsFrameSubscriber: onMessagesAvailable callback
         1788690955.976  5140  5175 I AebsFrameSubscriber: readNextMessages count=1
         1788690955.976  5140  5175 I MainActivity: onGatewayFrame: frame seq=1332 egoSpeed=6.562704 pts=0 intervention=false warning=false braking=false lifecycle=armed range=null bearing=null rss=null
         1788690956.076  5140  5175 I AebsFrameSubscriber: onMessagesAvailable callback
         1788690956.076  5140  5175 I AebsFrameSubscriber: readNextMessages count=1
         1788690956.076  5140  5175 I MainActivity: onGatewayFrame: frame seq=1333 egoSpeed=6.562704 pts=0 intervention=false warning=false braking=false lifecycle=armed range=null bearing=null rss=null
         1788690956.176  5140  5175 I AebsFrameSubscriber: onMessagesAvailable callback
         1788690956.176  5140  5175 I AebsFrameSubscriber: readNextMessages count=1
         1788690956.176  5140  5175 I MainActivity: onGatewayFrame: frame seq=1334 egoSpeed=6.562704 pts=0 intervention=false warning=false braking=false lifecycle=armed range=null bearing=null rss=null
         1788690956.276  5140  5175 I AebsFrameSubscriber: onMessagesAvailable callback
         1788690956.276  5140  5175 I AebsFrameSubscriber: readNextMessages count=1
         1788690956.276  5140  5175 I MainActivity: onGatewayFrame: frame seq=1335 egoSpeed=6.562704 pts=0 intervention=false warning=false braking=false lifecycle=armed range=null bearing=null rss=null
         1788690956.376  5140  5175 I AebsFrameSubscriber: onMessagesAvailable callback
         1788690956.376  5140  5175 I AebsFrameSubscriber: readNextMessages count=1
         1788690956.376  5140  5175 I MainActivity: onGatewayFrame: frame seq=1336 egoSpeed=6.562704 pts=0 intervention=false warning=false braking=false lifecycle=armed range=null bearing=null rss=null
         1788690956.476  5140  5175 I AebsFrameSubscriber: onMessagesAvailable callback
         1788690956.476  5140  5175 I AebsFrameSubscriber: readNextMessages count=1
         1788690956.476  5140  5175 I MainActivity: onGatewayFrame: frame seq=1337 egoSpeed=6.562704 pts=0 intervention=false warning=false braking=false lifecycle=armed range=null bearing=null rss=null
         1788690956.575  5140  5175 I AebsFrameSubscriber: onMessagesAvailable callback
         1788690956.576  5140  5175 I AebsFrameSubscriber: readNextMessages count=1
         1788690956.576  5140  5175 I MainActivity: onGatewayFrame: frame seq=1338 egoSpeed=6.562704 pts=0 intervention=false warning=false braking=false lifecycle=armed range=null bearing=null rss=null
         1788690956.676  5140  5175 I AebsFrameSubscriber: onMessagesAvailable callback
         1788690956.676  5140  5175 I AebsFrameSubscriber: readNextMessages count=1
         1788690956.676  5140  5175 I MainActivity: onGatewayFrame: frame seq=1339 egoSpeed=6.562704 pts=0 intervention=false warning=false braking=false lifecycle=armed range=null bearing=null rss=null
         1788690956.775  5140  5175 I AebsFrameSubscriber: onMessagesAvailable callback
         1788690956.776  5140  5175 I AebsFrameSubscriber: readNextMessages count=1
         1788690956.776  5140  5175 I MainActivity: onGatewayFrame: frame seq=1340 egoSpeed=6.562704 pts=0 intervention=false warning=false braking=false lifecycle=armed range=null bearing=null rss=null
         1788690956.876  5140  5175 I AebsFrameSubscriber: onMessagesAvailable callback
         1788690956.876  5140  5175 I AebsFrameSubscriber: readNextMessages count=1
         1788690956.876  5140  5175 I MainActivity: onGatewayFrame: frame seq=1341 egoSpeed=6.562704 pts=0 intervention=false warning=false braking=false lifecycle=armed range=null bearing=null rss=null
         1788690956.975  5140  5175 I AebsFrameSubscriber: onMessagesAvailable callback
         1788690956.976  5140  5175 I AebsFrameSubscriber: readNextMessages count=1
         1788690956.976  5140  5175 I MainActivity: onGatewayFrame: frame seq=1342 egoSpeed=6.562704 pts=0 intervention=false warning=false braking=false lifecycle=armed range=null bearing=null rss=null
         1788690957.076  5140  5175 I AebsFrameSubscriber: onMessagesAvailable callback
         1788690957.076  5140  5175 I AebsFrameSubscriber: readNextMessages count=1
         1788690957.076  5140  5175 I MainActivity: onGatewayFrame: frame seq=1343 egoSpeed=6.562704 pts=0 intervention=false warning=false braking=false lifecycle=armed range=null bearing=null rss=null
         1788690957.176  5140  5175 I AebsFrameSubscriber: onMessagesAvailable callback
         1788690957.176  5140  5175 I AebsFrameSubscriber: readNextMessages count=1
         1788690957.176  5140  5175 I MainActivity: onGatewayFrame: frame seq=1344 egoSpeed=6.562704 pts=0 intervention=false warning=false braking=false lifecycle=armed range=null bearing=null rss=null
         1788690957.276  5140  5175 I AebsFrameSubscriber: onMessagesAvailable callback
         1788690957.276  5140  5175 I AebsFrameSubscriber: readNextMessages count=1
         1788690957.277  5140  5175 I MainActivity: onGatewayFrame: frame seq=1345 egoSpeed=6.562704 pts=0 intervention=false warning=false braking=false lifecycle=armed range=null bearing=null rss=null
         1788690957.376  5140  5175 I AebsFrameSubscriber: onMessagesAvailable callback
         1788690957.376  5140  5175 I AebsFrameSubscriber: readNextMessages count=1
         1788690957.376  5140  5175 I MainActivity: onGatewayFrame: frame seq=1346 egoSpeed=6.562704 pts=0 intervention=false warning=false braking=false lifecycle=armed range=null bearing=null rss=null
         1788690957.476  5140  5175 I AebsFrameSubscriber: onMessagesAvailable callback
         1788690957.476  5140  5175 I AebsFrameSubscriber: readNextMessages count=1
         1788690957.476  5140  5175 I MainActivity: onGatewayFrame: frame seq=1347 egoSpeed=6.562704 pts=0 intervention=false warning=false braking=false lifecycle=armed range=null bearing=null rss=null
         1788690957.575  5140  5175 I AebsFrameSubscriber: onMessagesAvailable callback
         1788690957.576  5140  5175 I AebsFrameSubscriber: readNextMessages count=1
         1788690957.576  5140  5175 I MainActivity: onGatewayFrame: frame seq=1348 egoSpeed=6.562704 pts=0 intervention=false warning=false braking=false lifecycle=armed range=null bearing=null rss=null
         1788690957.676  5140  5175 I AebsFrameSubscriber: onMessagesAvailable callback
         1788690957.676  5140  5175 I AebsFrameSubscriber: readNextMessages count=1
         1788690957.676  5140  5175 I MainActivity: onGatewayFrame: frame seq=1349 egoSpeed=6.562704 pts=0 intervention=false warning=false braking=false lifecycle=armed range=null bearing=null rss=null
         1788690957.775  5140  5175 I AebsFrameSubscriber: onMessagesAvailable callback
         1788690957.776  5140  5175 I AebsFrameSubscriber: readNextMessages count=1
         1788690957.776  5140  5175 I MainActivity: onGatewayFrame: frame seq=1350 egoSpeed=6.562704 pts=0 intervention=false warning=false braking=false lifecycle=armed range=null bearing=null rss=null
         1788690957.875  5140  5175 I AebsFrameSubscriber: onMessagesAvailable callback
         1788690957.876  5140  5175 I AebsFrameSubscriber: readNextMessages count=1
         1788690957.876  5140  5175 I MainActivity: onGatewayFrame: frame seq=1351 egoSpeed=6.562704 pts=0 intervention=false warning=false braking=false lifecycle=armed range=null bearing=null rss=null
         1788690957.975  5140  5175 I AebsFrameSubscriber: onMessagesAvailable callback
         1788690957.976  5140  5175 I AebsFrameSubscriber: readNextMessages count=1
         1788690957.976  5140  5175 I MainActivity: onGatewayFrame: frame seq=1352 egoSpeed=6.562704 pts=0 intervention=false warning=false braking=false lifecycle=armed range=null bearing=null rss=null
         1788690958.075  5140  5175 I AebsFrameSubscriber: onMessagesAvailable callback
         1788690958.076  5140  5175 I AebsFrameSubscriber: readNextMessages count=1
         1788690958.076  5140  5175 I MainActivity: onGatewayFrame: frame seq=1353 egoSpeed=6.562704 pts=0 intervention=false warning=false braking=false lifecycle=armed range=null bearing=null rss=null
         1788690958.176  5140  5175 I AebsFrameSubscriber: onMessagesAvailable callback
         1788690958.176  5140  5175 I AebsFrameSubscriber: readNextMessages count=1
         1788690958.176  5140  5175 I MainActivity: onGatewayFrame: frame seq=1354 egoSpeed=6.562704 pts=0 intervention=false warning=false braking=false lifecycle=armed range=null bearing=null rss=null
         1788690958.275  5140  5175 I AebsFrameSubscriber: onMessagesAvailable callback
         1788690958.276  5140  5175 I AebsFrameSubscriber: readNextMessages count=1
         1788690958.276  5140  5175 I MainActivity: onGatewayFrame: frame seq=1355 egoSpeed=6.562704 pts=0 intervention=false warning=false braking=false lifecycle=armed range=null bearing=null rss=null
         1788690958.375  5140  5175 I AebsFrameSubscriber: onMessagesAvailable callback
         1788690958.376  5140  5175 I AebsFrameSubscriber: readNextMessages count=1
         1788690958.376  5140  5175 I MainActivity: onGatewayFrame: frame seq=1356 egoSpeed=6.562704 pts=0 intervention=false warning=false braking=false lifecycle=armed range=null bearing=null rss=null
         1788690958.475  5140  5175 I AebsFrameSubscriber: onMessagesAvailable callback
         1788690958.476  5140  5175 I AebsFrameSubscriber: readNextMessages count=1
         1788690958.476  5140  5175 I MainActivity: onGatewayFrame: frame seq=1357 egoSpeed=6.562704 pts=0 intervention=false warning=false braking=false lifecycle=armed range=null bearing=null rss=null
         1788690958.575  5140  5175 I AebsFrameSubscriber: onMessagesAvailable callback
         1788690958.576  5140  5175 I AebsFrameSubscriber: readNextMessages count=1
         1788690958.576  5140  5175 I MainActivity: onGatewayFrame: frame seq=1358 egoSpeed=6.562704 pts=0 intervention=false warning=false braking=false lifecycle=armed range=null bearing=null rss=null
         1788690958.675  5140  5175 I AebsFrameSubscriber: onMessagesAvailable callback
         1788690958.676  5140  5175 I AebsFrameSubscriber: readNextMessages count=1
         1788690958.676  5140  5175 I MainActivity: onGatewayFrame: frame seq=1359 egoSpeed=6.562704 pts=0 intervention=false warning=false braking=false lifecycle=armed range=null bearing=null rss=null
         1788690958.775  5140  5175 I AebsFrameSubscriber: onMessagesAvailable callback
         1788690958.776  5140  5175 I AebsFrameSubscriber: readNextMessages count=1
         1788690958.776  5140  5175 I MainActivity: onGatewayFrame: frame seq=1360 egoSpeed=6.562704 pts=0 intervention=false warning=false braking=false lifecycle=armed range=null bearing=null rss=null
         1788690958.875  5140  5175 I AebsFrameSubscriber: onMessagesAvailable callback
         1788690958.876  5140  5175 I AebsFrameSubscriber: readNextMessages count=1
         1788690958.876  5140  5175 I MainActivity: onGatewayFrame: frame seq=1361 egoSpeed=6.562704 pts=0 intervention=false warning=false braking=false lifecycle=armed range=null bearing=null rss=null
         1788690958.975  5140  5175 I AebsFrameSubscriber: onMessagesAvailable callback
         1788690958.976  5140  5175 I AebsFrameSubscriber: readNextMessages count=1
         1788690958.976  5140  5175 I MainActivity: onGatewayFrame: frame seq=1362 egoSpeed=6.562704 pts=0 intervention=false warning=false braking=false lifecycle=armed range=null bearing=null rss=null
         1788690959.075  5140  5175 I AebsFrameSubscriber: onMessagesAvailable callback
         1788690959.076  5140  5175 I AebsFrameSubscriber: readNextMessages count=1
         1788690959.076  5140  5175 I MainActivity: onGatewayFrame: frame seq=1363 egoSpeed=6.562704 pts=0 intervention=false warning=false braking=false lifecycle=armed range=null bearing=null rss=null
         1788690959.175  5140  5175 I AebsFrameSubscriber: onMessagesAvailable callback
         1788690959.176  5140  5175 I AebsFrameSubscriber: readNextMessages count=1
         1788690959.176  5140  5175 I MainActivity: onGatewayFrame: frame seq=1364 egoSpeed=6.562704 pts=0 intervention=false warning=false braking=false lifecycle=armed range=null bearing=null rss=null
         1788690959.275  5140  5175 I AebsFrameSubscriber: onMessagesAvailable callback
         1788690959.276  5140  5175 I AebsFrameSubscriber: readNextMessages count=1
         1788690959.276  5140  5175 I MainActivity: onGatewayFrame: frame seq=1365 egoSpeed=6.562704 pts=0 intervention=false warning=false braking=false lifecycle=armed range=null bearing=null rss=null
         1788690959.494  5140  5175 I AebsFrameSubscriber: readNextMessages count=2
         1788690959.494  5140  5175 I MainActivity: onGatewayFrame: frame seq=1366 egoSpeed=6.562704 pts=0 intervention=false warning=false braking=false lifecycle=armed range=null bearing=null rss=null
         1788690959.494  5140  5175 I MainActivity: onGatewayFrame: frame seq=1367 egoSpeed=6.562704 pts=0 intervention=false warning=false braking=false lifecycle=armed range=null bearing=null rss=null
         1788690959.494  5140  5175 I AebsFrameSubscriber: onMessagesAvailable callback
         1788690959.494  5140  5175 I AebsFrameSubscriber: onMessagesAvailable callback
         1788690959.575  5140  5175 I AebsFrameSubscriber: onMessagesAvailable callback
         1788690959.576  5140  5175 I AebsFrameSubscriber: readNextMessages count=1
         1788690959.576  5140  5175 I MainActivity: onGatewayFrame: frame seq=1368 egoSpeed=6.562704 pts=0 intervention=false warning=false braking=false lifecycle=armed range=null bearing=null rss=null
         1788690959.675  5140  5175 I AebsFrameSubscriber: onMessagesAvailable callback
         1788690959.676  5140  5175 I AebsFrameSubscriber: readNextMessages count=1
         1788690959.676  5140  5175 I MainActivity: onGatewayFrame: frame seq=1369 egoSpeed=6.562704 pts=0 intervention=false warning=false braking=false lifecycle=armed range=null bearing=null rss=null
         1788690959.775  5140  5175 I AebsFrameSubscriber: onMessagesAvailable callback
         1788690959.776  5140  5175 I AebsFrameSubscriber: readNextMessages count=1
         1788690959.776  5140  5175 I MainActivity: onGatewayFrame: frame seq=1370 egoSpeed=6.562704 pts=0 intervention=false warning=false braking=false lifecycle=armed range=null bearing=null rss=null
         1788690959.875  5140  5175 I AebsFrameSubscriber: onMessagesAvailable callback
         1788690959.876  5140  5175 I AebsFrameSubscriber: readNextMessages count=1
         1788690959.876  5140  5175 I MainActivity: onGatewayFrame: frame seq=1371 egoSpeed=6.562704 pts=0 intervention=false warning=false braking=false lifecycle=armed range=null bearing=null rss=null
         1788690959.975  5140  5175 I AebsFrameSubscriber: onMessagesAvailable callback
         1788690959.976  5140  5175 I AebsFrameSubscriber: readNextMessages count=1
         1788690959.976  5140  5175 I MainActivity: onGatewayFrame: frame seq=1372 egoSpeed=6.562704 pts=0 intervention=false warning=false braking=false lifecycle=armed range=null bearing=null rss=null
         1788690960.075  5140  5175 I AebsFrameSubscriber: onMessagesAvailable callback
         1788690960.076  5140  5175 I AebsFrameSubscriber: readNextMessages count=1
         1788690960.076  5140  5175 I MainActivity: onGatewayFrame: frame seq=1373 egoSpeed=6.562704 pts=0 intervention=false warning=false braking=false lifecycle=armed range=null bearing=null rss=null
         1788690960.175  5140  5175 I AebsFrameSubscriber: onMessagesAvailable callback
         1788690960.176  5140  5175 I AebsFrameSubscriber: readNextMessages count=1
         1788690960.176  5140  5175 I MainActivity: onGatewayFrame: frame seq=1374 egoSpeed=6.562704 pts=0 intervention=false warning=false braking=false lifecycle=armed range=null bearing=null rss=null
         1788690960.275  5140  5175 I AebsFrameSubscriber: onMessagesAvailable callback
         1788690960.276  5140  5175 I AebsFrameSubscriber: readNextMessages count=1
         1788690960.276  5140  5175 I MainActivity: onGatewayFrame: frame seq=1375 egoSpeed=6.562704 pts=0 intervention=false warning=false braking=false lifecycle=armed range=null bearing=null rss=null
         1788690960.375  5140  5175 I AebsFrameSubscriber: onMessagesAvailable callback
         1788690960.376  5140  5175 I AebsFrameSubscriber: readNextMessages count=1
         1788690960.376  5140  5175 I MainActivity: onGatewayFrame: frame seq=1376 egoSpeed=6.562704 pts=0 intervention=false warning=false braking=false lifecycle=armed range=null bearing=null rss=null
         1788690960.475  5140  5175 I AebsFrameSubscriber: onMessagesAvailable callback
         1788690960.476  5140  5175 I AebsFrameSubscriber: readNextMessages count=1
         1788690960.476  5140  5175 I MainActivity: onGatewayFrame: frame seq=1377 egoSpeed=6.562704 pts=0 intervention=false warning=false braking=false lifecycle=armed range=null bearing=null rss=null
         1788690960.575  5140  5175 I AebsFrameSubscriber: onMessagesAvailable callback
         1788690960.576  5140  5175 I AebsFrameSubscriber: readNextMessages count=1
         1788690960.576  5140  5175 I MainActivity: onGatewayFrame: frame seq=1378 egoSpeed=6.562704 pts=0 intervention=false warning=false braking=false lifecycle=armed range=null bearing=null rss=null
         1788690960.675  5140  5175 I AebsFrameSubscriber: onMessagesAvailable callback
         1788690960.676  5140  5175 I AebsFrameSubscriber: readNextMessages count=1
         1788690960.676  5140  5175 I MainActivity: onGatewayFrame: frame seq=1379 egoSpeed=6.562704 pts=0 intervention=false warning=false braking=false lifecycle=armed range=null bearing=null rss=null
         1788690960.775  5140  5175 I AebsFrameSubscriber: onMessagesAvailable callback
         1788690960.775  5140  5175 I AebsFrameSubscriber: readNextMessages count=1
         1788690960.776  5140  5175 I MainActivity: onGatewayFrame: frame seq=1380 egoSpeed=6.562704 pts=0 intervention=false warning=false braking=false lifecycle=armed range=null bearing=null rss=null
         1788690960.875  5140  5175 I AebsFrameSubscriber: onMessagesAvailable callback
         1788690960.876  5140  5175 I AebsFrameSubscriber: readNextMessages count=1
         1788690960.876  5140  5175 I MainActivity: onGatewayFrame: frame seq=1381 egoSpeed=6.562704 pts=0 intervention=false warning=false braking=false lifecycle=armed range=null bearing=null rss=null
         1788690960.975  5140  5175 I AebsFrameSubscriber: onMessagesAvailable callback
         1788690960.976  5140  5175 I AebsFrameSubscriber: readNextMessages count=1
         1788690960.976  5140  5175 I MainActivity: onGatewayFrame: frame seq=1382 egoSpeed=6.562704 pts=0 intervention=false warning=false braking=false lifecycle=armed range=null bearing=null rss=null
         1788690961.075  5140  5175 I AebsFrameSubscriber: onMessagesAvailable callback
         1788690961.076  5140  5175 I AebsFrameSubscriber: readNextMessages count=1
         1788690961.076  5140  5175 I MainActivity: onGatewayFrame: frame seq=1383 egoSpeed=6.562704 pts=0 intervention=false warning=false braking=false lifecycle=armed range=null bearing=null rss=null
         1788690961.175  5140  5175 I AebsFrameSubscriber: onMessagesAvailable callback
         1788690961.176  5140  5175 I AebsFrameSubscriber: readNextMessages count=1
         1788690961.176  5140  5175 I MainActivity: onGatewayFrame: frame seq=1384 egoSpeed=6.562704 pts=0 intervention=false warning=false braking=false lifecycle=armed range=null bearing=null rss=null
         1788690961.275  5140  5175 I AebsFrameSubscriber: onMessagesAvailable callback
         1788690961.275  5140  5175 I AebsFrameSubscriber: readNextMessages count=1
         1788690961.275  5140  5175 I MainActivity: onGatewayFrame: frame seq=1385 egoSpeed=6.562704 pts=0 intervention=false warning=false braking=false lifecycle=armed range=null bearing=null rss=null
         1788690961.375  5140  5175 I AebsFrameSubscriber: onMessagesAvailable callback
         1788690961.376  5140  5175 I AebsFrameSubscriber: readNextMessages count=1
         1788690961.376  5140  5175 I MainActivity: onGatewayFrame: frame seq=1386 egoSpeed=6.562704 pts=0 intervention=false warning=false braking=false lifecycle=armed range=null bearing=null rss=null
         1788690961.475  5140  5175 I AebsFrameSubscriber: onMessagesAvailable callback
         1788690961.476  5140  5175 I AebsFrameSubscriber: readNextMessages count=1
         1788690961.476  5140  5175 I MainActivity: onGatewayFrame: frame seq=1387 egoSpeed=6.562704 pts=0 intervention=false warning=false braking=false lifecycle=armed range=null bearing=null rss=null
         1788690961.575  5140  5175 I AebsFrameSubscriber: onMessagesAvailable callback
         1788690961.575  5140  5175 I AebsFrameSubscriber: readNextMessages count=1
         1788690961.576  5140  5175 I MainActivity: onGatewayFrame: frame seq=1388 egoSpeed=6.562704 pts=0 intervention=false warning=false braking=false lifecycle=armed range=null bearing=null rss=null
         1788690961.675  5140  5175 I AebsFrameSubscriber: onMessagesAvailable callback
         1788690961.676  5140  5175 I AebsFrameSubscriber: readNextMessages count=1
         1788690961.676  5140  5175 I MainActivity: onGatewayFrame: frame seq=1389 egoSpeed=6.562704 pts=0 intervention=false warning=false braking=false lifecycle=armed range=null bearing=null rss=null
         1788690961.775  5140  5175 I AebsFrameSubscriber: onMessagesAvailable callback
         1788690961.775  5140  5175 I AebsFrameSubscriber: readNextMessages count=1
         1788690961.776  5140  5175 I MainActivity: onGatewayFrame: frame seq=1390 egoSpeed=6.562704 pts=0 intervention=false warning=false braking=false lifecycle=armed range=null bearing=null rss=null
         1788690961.875  5140  5175 I AebsFrameSubscriber: onMessagesAvailable callback
         1788690961.876  5140  5175 I AebsFrameSubscriber: readNextMessages count=1
         1788690961.876  5140  5175 I MainActivity: onGatewayFrame: frame seq=1391 egoSpeed=6.562704 pts=0 intervention=false warning=false braking=false lifecycle=armed range=null bearing=null rss=null
         1788690961.975  5140  5175 I AebsFrameSubscriber: onMessagesAvailable callback
         1788690961.976  5140  5175 I AebsFrameSubscriber: readNextMessages count=1
         1788690961.976  5140  5175 I MainActivity: onGatewayFrame: frame seq=1392 egoSpeed=6.562704 pts=0 intervention=false warning=false braking=false lifecycle=armed range=null bearing=null rss=null
         1788690962.075  5140  5175 I AebsFrameSubscriber: onMessagesAvailable callback
         1788690962.075  5140  5175 I AebsFrameSubscriber: readNextMessages count=1
         1788690962.076  5140  5175 I MainActivity: onGatewayFrame: frame seq=1393 egoSpeed=6.562704 pts=0 intervention=false warning=false braking=false lifecycle=armed range=null bearing=null rss=null
         1788690962.175  5140  5175 I AebsFrameSubscriber: onMessagesAvailable callback
         1788690962.176  5140  5175 I AebsFrameSubscriber: readNextMessages count=1
         1788690962.176  5140  5175 I MainActivity: onGatewayFrame: frame seq=1394 egoSpeed=6.562704 pts=0 intervention=false warning=false braking=false lifecycle=armed range=null bearing=null rss=null
         1788690962.275  5140  5175 I AebsFrameSubscriber: onMessagesAvailable callback
         1788690962.275  5140  5175 I AebsFrameSubscriber: readNextMessages count=1
         1788690962.275  5140  5175 I MainActivity: onGatewayFrame: frame seq=1395 egoSpeed=6.562704 pts=0 intervention=false warning=false braking=false lifecycle=armed range=null bearing=null rss=null
         1788690962.375  5140  5175 I AebsFrameSubscriber: onMessagesAvailable callback
         1788690962.375  5140  5175 I AebsFrameSubscriber: readNextMessages count=1
         1788690962.375  5140  5175 I MainActivity: onGatewayFrame: frame seq=1396 egoSpeed=6.562704 pts=0 intervention=false warning=false braking=false lifecycle=armed range=null bearing=null rss=null
         1788690962.475  5140  5175 I AebsFrameSubscriber: onMessagesAvailable callback
         1788690962.475  5140  5175 I AebsFrameSubscriber: readNextMessages count=1
         1788690962.476  5140  5175 I MainActivity: onGatewayFrame: frame seq=1397 egoSpeed=6.562704 pts=0 intervention=false warning=false braking=false lifecycle=armed range=null bearing=null rss=null
         1788690962.575  5140  5175 I AebsFrameSubscriber: onMessagesAvailable callback
         1788690962.575  5140  5175 I AebsFrameSubscriber: readNextMessages count=1
         1788690962.575  5140  5175 I MainActivity: onGatewayFrame: frame seq=1398 egoSpeed=6.562704 pts=0 intervention=false warning=false braking=false lifecycle=armed range=null bearing=null rss=null
         1788690962.675  5140  5175 I AebsFrameSubscriber: onMessagesAvailable callback
         1788690962.675  5140  5175 I AebsFrameSubscriber: readNextMessages count=1
         1788690962.675  5140  5175 I MainActivity: onGatewayFrame: frame seq=1399 egoSpeed=6.562704 pts=0 intervention=false warning=false braking=false lifecycle=armed range=null bearing=null rss=null
         1788690962.775  5140  5175 I AebsFrameSubscriber: onMessagesAvailable callback
         1788690962.775  5140  5175 I AebsFrameSubscriber: readNextMessages count=1
         1788690962.776  5140  5175 I MainActivity: onGatewayFrame: frame seq=1400 egoSpeed=6.562704 pts=0 intervention=false warning=false braking=false lifecycle=armed range=null bearing=null rss=null
         1788690962.875  5140  5175 I AebsFrameSubscriber: onMessagesAvailable callback
         1788690962.876  5140  5175 I AebsFrameSubscriber: readNextMessages count=1
         1788690962.876  5140  5175 I MainActivity: onGatewayFrame: frame seq=1401 egoSpeed=6.562704 pts=0 intervention=false warning=false braking=false lifecycle=armed range=null bearing=null rss=null
         1788690962.975  5140  5175 I AebsFrameSubscriber: onMessagesAvailable callback
         1788690962.975  5140  5175 I AebsFrameSubscriber: readNextMessages count=1
         1788690962.976  5140  5175 I MainActivity: onGatewayFrame: frame seq=1402 egoSpeed=6.562704 pts=0 intervention=false warning=false braking=false lifecycle=armed range=null bearing=null rss=null
         1788690963.075  5140  5175 I AebsFrameSubscriber: onMessagesAvailable callback
         1788690963.075  5140  5175 I AebsFrameSubscriber: readNextMessages count=1
         1788690963.076  5140  5175 I MainActivity: onGatewayFrame: frame seq=1403 egoSpeed=6.562704 pts=0 intervention=false warning=false braking=false lifecycle=armed range=null bearing=null rss=null
         1788690963.175  5140  5175 I AebsFrameSubscriber: onMessagesAvailable callback
         1788690963.176  5140  5175 I AebsFrameSubscriber: readNextMessages count=1
         1788690963.176  5140  5175 I MainActivity: onGatewayFrame: frame seq=1404 egoSpeed=6.562704 pts=0 intervention=false warning=false braking=false lifecycle=armed range=null bearing=null rss=null
         1788690963.275  5140  5175 I AebsFrameSubscriber: onMessagesAvailable callback
         1788690963.275  5140  5175 I AebsFrameSubscriber: readNextMessages count=1
         1788690963.275  5140  5175 I MainActivity: onGatewayFrame: frame seq=1405 egoSpeed=6.562704 pts=0 intervention=false warning=false braking=false lifecycle=armed range=null bearing=null rss=null
         1788690963.375  5140  5175 I AebsFrameSubscriber: onMessagesAvailable callback
         1788690963.376  5140  5175 I AebsFrameSubscriber: readNextMessages count=1
         1788690963.376  5140  5175 I MainActivity: onGatewayFrame: frame seq=1406 egoSpeed=6.562704 pts=0 intervention=false warning=false braking=false lifecycle=armed range=null bearing=null rss=null
         1788690963.475  5140  5175 I AebsFrameSubscriber: onMessagesAvailable callback
         1788690963.475  5140  5175 I AebsFrameSubscriber: readNextMessages count=1
         1788690963.595  5140  5175 I MainActivity: onGatewayFrame: frame seq=1407 egoSpeed=6.562704 pts=0 intervention=false warning=false braking=false lifecycle=armed range=null bearing=null rss=null
         1788690963.596  5140  5175 I AebsFrameSubscriber: readNextMessages count=1
         1788690963.596  5140  5175 I MainActivity: onGatewayFrame: frame seq=1408 egoSpeed=6.562704 pts=0 intervention=false warning=false braking=false lifecycle=armed range=null bearing=null rss=null
         1788690963.597  5140  5175 I AebsFrameSubscriber: onMessagesAvailable callback
         1788690963.675  5140  5175 I AebsFrameSubscriber: onMessagesAvailable callback
         1788690963.675  5140  5175 I AebsFrameSubscriber: readNextMessages count=1
         1788690963.675  5140  5175 I MainActivity: onGatewayFrame: frame seq=1409 egoSpeed=6.562704 pts=0 intervention=false warning=false braking=false lifecycle=armed range=null bearing=null rss=null
         1788690963.775  5140  5175 I AebsFrameSubscriber: onMessagesAvailable callback
         1788690963.775  5140  5175 I AebsFrameSubscriber: readNextMessages count=1
         1788690963.775  5140  5175 I MainActivity: onGatewayFrame: frame seq=1410 egoSpeed=6.562704 pts=0 intervention=false warning=false braking=false lifecycle=armed range=null bearing=null rss=null
         1788690963.875  5140  5175 I AebsFrameSubscriber: onMessagesAvailable callback
         1788690963.875  5140  5175 I AebsFrameSubscriber: readNextMessages count=1
         1788690963.875  5140  5175 I MainActivity: onGatewayFrame: frame seq=1411 egoSpeed=6.562704 pts=0 intervention=false warning=false braking=false lifecycle=armed range=null bearing=null rss=null
         1788690963.975  5140  5175 I AebsFrameSubscriber: onMessagesAvailable callback
         1788690963.975  5140  5175 I AebsFrameSubscriber: readNextMessages count=1
         1788690963.975  5140  5175 I MainActivity: onGatewayFrame: frame seq=1412 egoSpeed=6.562704 pts=0 intervention=false warning=false braking=false lifecycle=armed range=null bearing=null rss=null
         1788690964.075  5140  5175 I AebsFrameSubscriber: onMessagesAvailable callback
         1788690964.075  5140  5175 I AebsFrameSubscriber: readNextMessages count=1
         1788690964.075  5140  5175 I MainActivity: onGatewayFrame: frame seq=1413 egoSpeed=6.562704 pts=0 intervention=false warning=false braking=false lifecycle=armed range=null bearing=null rss=null
         1788690964.175  5140  5175 I AebsFrameSubscriber: onMessagesAvailable callback
         1788690964.175  5140  5175 I AebsFrameSubscriber: readNextMessages count=1
         1788690964.175  5140  5175 I MainActivity: onGatewayFrame: frame seq=1414 egoSpeed=6.562704 pts=0 intervention=false warning=false braking=false lifecycle=armed range=null bearing=null rss=null
         1788690964.275  5140  5175 I AebsFrameSubscriber: onMessagesAvailable callback
         1788690964.275  5140  5175 I AebsFrameSubscriber: readNextMessages count=1
         1788690964.275  5140  5175 I MainActivity: onGatewayFrame: frame seq=1415 egoSpeed=6.562704 pts=0 intervention=false warning=false braking=false lifecycle=armed range=null bearing=null rss=null
         1788690964.375  5140  5175 I AebsFrameSubscriber: onMessagesAvailable callback
         1788690964.375  5140  5175 I AebsFrameSubscriber: readNextMessages count=1
         1788690964.375  5140  5175 I MainActivity: onGatewayFrame: frame seq=1416 egoSpeed=6.562704 pts=0 intervention=false warning=false braking=false lifecycle=armed range=null bearing=null rss=null
         1788690964.475  5140  5175 I AebsFrameSubscriber: onMessagesAvailable callback
         1788690964.475  5140  5175 I AebsFrameSubscriber: readNextMessages count=1
         1788690964.475  5140  5175 I MainActivity: onGatewayFrame: frame seq=1417 egoSpeed=6.562704 pts=0 intervention=false warning=false braking=false lifecycle=armed range=null bearing=null rss=null
         1788690964.575  5140  5175 I AebsFrameSubscriber: onMessagesAvailable callback
         1788690964.575  5140  5175 I AebsFrameSubscriber: readNextMessages count=1
         1788690964.575  5140  5175 I MainActivity: onGatewayFrame: frame seq=1418 egoSpeed=6.562704 pts=0 intervention=false warning=false braking=false lifecycle=armed range=null bearing=null rss=null
         1788690964.675  5140  5175 I AebsFrameSubscriber: onMessagesAvailable callback
         1788690964.675  5140  5175 I AebsFrameSubscriber: readNextMessages count=1
         1788690964.675  5140  5175 I MainActivity: onGatewayFrame: frame seq=1419 egoSpeed=6.562704 pts=0 intervention=false warning=false braking=false lifecycle=armed range=null bearing=null rss=null
         1788690964.775  5140  5175 I AebsFrameSubscriber: onMessagesAvailable callback
         1788690964.775  5140  5175 I AebsFrameSubscriber: readNextMessages count=1
         1788690964.775  5140  5175 I MainActivity: onGatewayFrame: frame seq=1420 egoSpeed=6.562704 pts=0 intervention=false warning=false braking=false lifecycle=armed range=null bearing=null rss=null
         1788690964.875  5140  5175 I AebsFrameSubscriber: onMessagesAvailable callback
         1788690964.875  5140  5175 I AebsFrameSubscriber: readNextMessages count=1
         1788690964.875  5140  5175 I MainActivity: onGatewayFrame: frame seq=1421 egoSpeed=6.562704 pts=0 intervention=false warning=false braking=false lifecycle=armed range=null bearing=null rss=null
         1788690964.975  5140  5175 I AebsFrameSubscriber: onMessagesAvailable callback
         1788690964.975  5140  5175 I AebsFrameSubscriber: readNextMessages count=1
         1788690964.975  5140  5175 I MainActivity: onGatewayFrame: frame seq=1422 egoSpeed=6.562704 pts=0 intervention=false warning=false braking=false lifecycle=armed range=null bearing=null rss=null
         1788690965.075  5140  5175 I AebsFrameSubscriber: onMessagesAvailable callback
         1788690965.075  5140  5175 I AebsFrameSubscriber: readNextMessages count=1
         1788690965.075  5140  5175 I MainActivity: onGatewayFrame: frame seq=1423 egoSpeed=6.562704 pts=0 intervention=false warning=false braking=false lifecycle=armed range=null bearing=null rss=null
         1788690965.175  5140  5175 I AebsFrameSubscriber: onMessagesAvailable callback
         1788690965.175  5140  5175 I AebsFrameSubscriber: readNextMessages count=1
         1788690965.175  5140  5175 I MainActivity: onGatewayFrame: frame seq=1424 egoSpeed=6.562704 pts=0 intervention=false warning=false braking=false lifecycle=armed range=null bearing=null rss=null
         1788690965.275  5140  5175 I AebsFrameSubscriber: onMessagesAvailable callback
         1788690965.275  5140  5175 I AebsFrameSubscriber: readNextMessages count=1
         1788690965.275  5140  5175 I MainActivity: onGatewayFrame: frame seq=1425 egoSpeed=6.562704 pts=0 intervention=false warning=false braking=false lifecycle=armed range=null bearing=null rss=null
         1788690965.375  5140  5175 I AebsFrameSubscriber: onMessagesAvailable callback
         1788690965.375  5140  5175 I AebsFrameSubscriber: readNextMessages count=1
         1788690965.375  5140  5175 I MainActivity: onGatewayFrame: frame seq=1426 egoSpeed=6.562704 pts=0 intervention=false warning=false braking=false lifecycle=armed range=null bearing=null rss=null
         1788690965.474  5140  5175 I AebsFrameSubscriber: onMessagesAvailable callback
         1788690965.475  5140  5175 I AebsFrameSubscriber: readNextMessages count=1
         1788690965.475  5140  5175 I MainActivity: onGatewayFrame: frame seq=1427 egoSpeed=6.562704 pts=0 intervention=false warning=false braking=false lifecycle=armed range=null bearing=null rss=null
         1788690965.575  5140  5175 I AebsFrameSubscriber: onMessagesAvailable callback
         1788690965.575  5140  5175 I AebsFrameSubscriber: readNextMessages count=1
         1788690965.575  5140  5175 I MainActivity: onGatewayFrame: frame seq=1428 egoSpeed=6.562704 pts=0 intervention=false warning=false braking=false lifecycle=armed range=null bearing=null rss=null
         1788690965.674  5140  5175 I AebsFrameSubscriber: onMessagesAvailable callback
         1788690965.675  5140  5175 I AebsFrameSubscriber: readNextMessages count=1
         1788690965.675  5140  5175 I MainActivity: onGatewayFrame: frame seq=1429 egoSpeed=6.562704 pts=0 intervention=false warning=false braking=false lifecycle=armed range=null bearing=null rss=null
         1788690965.774  5140  5175 I AebsFrameSubscriber: onMessagesAvailable callback
         1788690965.775  5140  5175 I AebsFrameSubscriber: readNextMessages count=1
         1788690965.775  5140  5175 I MainActivity: onGatewayFrame: frame seq=1430 egoSpeed=6.562704 pts=0 intervention=false warning=false braking=false lifecycle=armed range=null bearing=null rss=null
         1788690965.874  5140  5175 I AebsFrameSubscriber: onMessagesAvailable callback
         1788690965.875  5140  5175 I AebsFrameSubscriber: readNextMessages count=1
         1788690965.875  5140  5175 I MainActivity: onGatewayFrame: frame seq=1431 egoSpeed=6.562704 pts=0 intervention=false warning=false braking=false lifecycle=armed range=null bearing=null rss=null
         1788690965.974  5140  5175 I AebsFrameSubscriber: onMessagesAvailable callback
         1788690965.975  5140  5175 I AebsFrameSubscriber: readNextMessages count=1
         1788690965.975  5140  5175 I MainActivity: onGatewayFrame: frame seq=1432 egoSpeed=6.562704 pts=0 intervention=false warning=false braking=false lifecycle=armed range=null bearing=null rss=null
         1788690966.074  5140  5175 I AebsFrameSubscriber: onMessagesAvailable callback
         1788690966.075  5140  5175 I AebsFrameSubscriber: readNextMessages count=1
         1788690966.075  5140  5175 I MainActivity: onGatewayFrame: frame seq=1433 egoSpeed=6.562704 pts=0 intervention=false warning=false braking=false lifecycle=armed range=null bearing=null rss=null
         1788690966.174  5140  5175 I AebsFrameSubscriber: onMessagesAvailable callback
         1788690966.175  5140  5175 I AebsFrameSubscriber: readNextMessages count=1
         1788690966.175  5140  5175 I MainActivity: onGatewayFrame: frame seq=1434 egoSpeed=6.562704 pts=0 intervention=false warning=false braking=false lifecycle=armed range=null bearing=null rss=null
         1788690966.275  5140  5175 I AebsFrameSubscriber: onMessagesAvailable callback
         1788690966.275  5140  5175 I AebsFrameSubscriber: readNextMessages count=1
         1788690966.276  5140  5175 I MainActivity: onGatewayFrame: frame seq=1435 egoSpeed=6.562704 pts=0 intervention=false warning=false braking=false lifecycle=armed range=null bearing=null rss=null
         1788690966.374  5140  5175 I AebsFrameSubscriber: onMessagesAvailable callback
         1788690966.375  5140  5175 I AebsFrameSubscriber: readNextMessages count=1
         1788690966.375  5140  5175 I MainActivity: onGatewayFrame: frame seq=1436 egoSpeed=6.562704 pts=0 intervention=false warning=false braking=false lifecycle=armed range=null bearing=null rss=null
         1788690966.474  5140  5175 I AebsFrameSubscriber: onMessagesAvailable callback
         1788690966.475  5140  5175 I AebsFrameSubscriber: readNextMessages count=1
         1788690966.475  5140  5175 I MainActivity: onGatewayFrame: frame seq=1437 egoSpeed=6.562704 pts=0 intervention=false warning=false braking=false lifecycle=armed range=null bearing=null rss=null
         1788690966.574  5140  5175 I AebsFrameSubscriber: onMessagesAvailable callback
         1788690966.575  5140  5175 I AebsFrameSubscriber: readNextMessages count=1
         1788690966.575  5140  5175 I MainActivity: onGatewayFrame: frame seq=1438 egoSpeed=6.562704 pts=0 intervention=false warning=false braking=false lifecycle=armed range=null bearing=null rss=null
         1788690966.674  5140  5175 I AebsFrameSubscriber: onMessagesAvailable callback
         1788690966.675  5140  5175 I AebsFrameSubscriber: readNextMessages count=1
         1788690966.675  5140  5175 I MainActivity: onGatewayFrame: frame seq=1439 egoSpeed=6.562704 pts=0 intervention=false warning=false braking=false lifecycle=armed range=null bearing=null rss=null
         1788690966.774  5140  5175 I AebsFrameSubscriber: onMessagesAvailable callback
         1788690966.775  5140  5175 I AebsFrameSubscriber: readNextMessages count=1
         1788690966.776  5140  5175 I MainActivity: onGatewayFrame: frame seq=1440 egoSpeed=6.562704 pts=0 intervention=false warning=false braking=false lifecycle=armed range=null bearing=null rss=null
         1788690966.875  5140  5175 I AebsFrameSubscriber: onMessagesAvailable callback
         1788690966.875  5140  5175 I AebsFrameSubscriber: readNextMessages count=1
         1788690966.876  5140  5175 I MainActivity: onGatewayFrame: frame seq=1441 egoSpeed=6.562704 pts=0 intervention=false warning=false braking=false lifecycle=armed range=null bearing=null rss=null
         1788690966.974  5140  5175 I AebsFrameSubscriber: onMessagesAvailable callback
         1788690966.975  5140  5175 I AebsFrameSubscriber: readNextMessages count=1
         1788690966.975  5140  5175 I MainActivity: onGatewayFrame: frame seq=1442 egoSpeed=6.562704 pts=0 intervention=false warning=false braking=false lifecycle=armed range=null bearing=null rss=null
         1788690967.074  5140  5175 I AebsFrameSubscriber: onMessagesAvailable callback
         1788690967.075  5140  5175 I AebsFrameSubscriber: readNextMessages count=1
         1788690967.075  5140  5175 I MainActivity: onGatewayFrame: frame seq=1443 egoSpeed=6.562704 pts=0 intervention=false warning=false braking=false lifecycle=armed range=null bearing=null rss=null
         1788690967.174  5140  5175 I AebsFrameSubscriber: onMessagesAvailable callback
         1788690967.175  5140  5175 I AebsFrameSubscriber: readNextMessages count=1
         1788690967.175  5140  5175 I MainActivity: onGatewayFrame: frame seq=1444 egoSpeed=6.562704 pts=0 intervention=false warning=false braking=false lifecycle=armed range=null bearing=null rss=null
         1788690967.274  5140  5175 I AebsFrameSubscriber: onMessagesAvailable callback
         1788690967.275  5140  5175 I AebsFrameSubscriber: readNextMessages count=1
         1788690967.275  5140  5175 I MainActivity: onGatewayFrame: frame seq=1445 egoSpeed=6.562704 pts=0 intervention=false warning=false braking=false lifecycle=armed range=null bearing=null rss=null
         1788690967.374  5140  5175 I AebsFrameSubscriber: onMessagesAvailable callback
         1788690967.375  5140  5175 I AebsFrameSubscriber: readNextMessages count=1
         1788690967.375  5140  5175 I MainActivity: onGatewayFrame: frame seq=1446 egoSpeed=6.562704 pts=0 intervention=false warning=false braking=false lifecycle=armed range=null bearing=null rss=null
         1788690967.599  5140  5175 I AebsFrameSubscriber: readNextMessages count=2
         1788690967.599  5140  5175 I MainActivity: onGatewayFrame: frame seq=1447 egoSpeed=6.562704 pts=0 intervention=false warning=false braking=false lifecycle=armed range=null bearing=null rss=null
         1788690967.599  5140  5175 I MainActivity: onGatewayFrame: frame seq=1448 egoSpeed=6.562704 pts=0 intervention=false warning=false braking=false lifecycle=armed range=null bearing=null rss=null
         1788690967.599  5140  5175 I AebsFrameSubscriber: onMessagesAvailable callback
         1788690967.599  5140  5175 I AebsFrameSubscriber: onMessagesAvailable callback
         1788690967.674  5140  5175 I AebsFrameSubscriber: onMessagesAvailable callback
         1788690967.675  5140  5175 I AebsFrameSubscriber: readNextMessages count=1
         1788690967.675  5140  5175 I MainActivity: onGatewayFrame: frame seq=1449 egoSpeed=6.562704 pts=0 intervention=false warning=false braking=false lifecycle=armed range=null bearing=null rss=null
         1788690967.774  5140  5175 I AebsFrameSubscriber: onMessagesAvailable callback
         1788690967.775  5140  5175 I AebsFrameSubscriber: readNextMessages count=1
         1788690967.775  5140  5175 I MainActivity: onGatewayFrame: frame seq=1450 egoSpeed=6.562704 pts=0 intervention=false warning=false braking=false lifecycle=armed range=null bearing=null rss=null
         1788690967.874  5140  5175 I AebsFrameSubscriber: onMessagesAvailable callback
         1788690967.875  5140  5175 I AebsFrameSubscriber: readNextMessages count=1
         1788690967.875  5140  5175 I MainActivity: onGatewayFrame: frame seq=1451 egoSpeed=6.562704 pts=0 intervention=false warning=false braking=false lifecycle=armed range=null bearing=null rss=null
         1788690967.974  5140  5175 I AebsFrameSubscriber: onMessagesAvailable callback
         1788690967.975  5140  5175 I AebsFrameSubscriber: readNextMessages count=1
         1788690967.975  5140  5175 I MainActivity: onGatewayFrame: frame seq=1452 egoSpeed=6.562704 pts=0 intervention=false warning=false braking=false lifecycle=armed range=null bearing=null rss=null
         1788690968.074  5140  5175 I AebsFrameSubscriber: onMessagesAvailable callback
         1788690968.075  5140  5175 I AebsFrameSubscriber: readNextMessages count=1
         1788690968.075  5140  5175 I MainActivity: onGatewayFrame: frame seq=1453 egoSpeed=6.562704 pts=0 intervention=false warning=false braking=false lifecycle=armed range=null bearing=null rss=null
         1788690968.174  5140  5175 I AebsFrameSubscriber: onMessagesAvailable callback
         1788690968.175  5140  5175 I AebsFrameSubscriber: readNextMessages count=1
         1788690968.175  5140  5175 I MainActivity: onGatewayFrame: frame seq=1454 egoSpeed=6.562704 pts=0 intervention=false warning=false braking=false lifecycle=armed range=null bearing=null rss=null
         1788690968.274  5140  5175 I AebsFrameSubscriber: onMessagesAvailable callback
         1788690968.275  5140  5175 I AebsFrameSubscriber: readNextMessages count=1
         1788690968.275  5140  5175 I MainActivity: onGatewayFrame: frame seq=1455 egoSpeed=6.562704 pts=0 intervention=false warning=false braking=false lifecycle=armed range=null bearing=null rss=null
         1788690968.374  5140  5175 I AebsFrameSubscriber: onMessagesAvailable callback
         1788690968.375  5140  5175 I AebsFrameSubscriber: readNextMessages count=1
         1788690968.375  5140  5175 I MainActivity: onGatewayFrame: frame seq=1456 egoSpeed=6.562704 pts=0 intervention=false warning=false braking=false lifecycle=armed range=null bearing=null rss=null
         1788690968.474  5140  5175 I AebsFrameSubscriber: onMessagesAvailable callback
         1788690968.475  5140  5175 I AebsFrameSubscriber: readNextMessages count=1
         1788690968.475  5140  5175 I MainActivity: onGatewayFrame: frame seq=1457 egoSpeed=6.562704 pts=0 intervention=false warning=false braking=false lifecycle=armed range=null bearing=null rss=null
         1788690968.574  5140  5175 I AebsFrameSubscriber: onMessagesAvailable callback
         1788690968.575  5140  5175 I AebsFrameSubscriber: readNextMessages count=1
         1788690968.575  5140  5175 I MainActivity: onGatewayFrame: frame seq=1458 egoSpeed=6.562704 pts=0 intervention=false warning=false braking=false lifecycle=armed range=null bearing=null rss=null
         1788690968.674  5140  5175 I AebsFrameSubscriber: onMessagesAvailable callback
         1788690968.675  5140  5175 I AebsFrameSubscriber: readNextMessages count=1
         1788690968.675  5140  5175 I MainActivity: onGatewayFrame: frame seq=1459 egoSpeed=6.562704 pts=0 intervention=false warning=false braking=false lifecycle=armed range=null bearing=null rss=null
         1788690968.774  5140  5175 I AebsFrameSubscriber: onMessagesAvailable callback
         1788690968.775  5140  5175 I AebsFrameSubscriber: readNextMessages count=1
         1788690968.775  5140  5175 I MainActivity: onGatewayFrame: frame seq=1460 egoSpeed=6.562704 pts=0 intervention=false warning=false braking=false lifecycle=armed range=null bearing=null rss=null
         1788690968.874  5140  5175 I AebsFrameSubscriber: onMessagesAvailable callback
         1788690968.875  5140  5175 I AebsFrameSubscriber: readNextMessages count=1
         1788690968.875  5140  5175 I MainActivity: onGatewayFrame: frame seq=1461 egoSpeed=6.562704 pts=0 intervention=false warning=false braking=false lifecycle=armed range=null bearing=null rss=null
         1788690968.974  5140  5175 I AebsFrameSubscriber: onMessagesAvailable callback
         1788690968.975  5140  5175 I AebsFrameSubscriber: readNextMessages count=1
         1788690968.975  5140  5175 I MainActivity: onGatewayFrame: frame seq=1462 egoSpeed=6.562704 pts=0 intervention=false warning=false braking=false lifecycle=armed range=null bearing=null rss=null
         1788690969.074  5140  5175 I AebsFrameSubscriber: onMessagesAvailable callback
         1788690969.075  5140  5175 I AebsFrameSubscriber: readNextMessages count=1
         1788690969.075  5140  5175 I MainActivity: onGatewayFrame: frame seq=1463 egoSpeed=6.562704 pts=0 intervention=false warning=false braking=false lifecycle=armed range=null bearing=null rss=null
         1788690969.174  5140  5175 I AebsFrameSubscriber: onMessagesAvailable callback
         1788690969.175  5140  5175 I AebsFrameSubscriber: readNextMessages count=1
         1788690969.175  5140  5175 I MainActivity: onGatewayFrame: frame seq=1464 egoSpeed=6.562704 pts=0 intervention=false warning=false braking=false lifecycle=armed range=null bearing=null rss=null
         1788690969.274  5140  5175 I AebsFrameSubscriber: onMessagesAvailable callback
         1788690969.275  5140  5175 I AebsFrameSubscriber: readNextMessages count=1
         1788690969.275  5140  5175 I MainActivity: onGatewayFrame: frame seq=1465 egoSpeed=6.562704 pts=0 intervention=false warning=false braking=false lifecycle=armed range=null bearing=null rss=null
         1788690969.374  5140  5175 I AebsFrameSubscriber: onMessagesAvailable callback
         1788690969.375  5140  5175 I AebsFrameSubscriber: readNextMessages count=1
         1788690969.375  5140  5175 I MainActivity: onGatewayFrame: frame seq=1466 egoSpeed=6.562704 pts=0 intervention=false warning=false braking=false lifecycle=armed range=null bearing=null rss=null
         1788690969.474  5140  5175 I AebsFrameSubscriber: onMessagesAvailable callback
         1788690969.475  5140  5175 I AebsFrameSubscriber: readNextMessages count=1
         1788690969.475  5140  5175 I MainActivity: onGatewayFrame: frame seq=1467 egoSpeed=6.562704 pts=0 intervention=false warning=false braking=false lifecycle=armed range=null bearing=null rss=null
         1788690969.574  5140  5175 I AebsFrameSubscriber: onMessagesAvailable callback
         1788690969.574  5140  5175 I AebsFrameSubscriber: readNextMessages count=1
         1788690969.575  5140  5175 I MainActivity: onGatewayFrame: frame seq=1468 egoSpeed=6.562704 pts=0 intervention=false warning=false braking=false lifecycle=armed range=null bearing=null rss=null
         1788690969.674  5140  5175 I AebsFrameSubscriber: onMessagesAvailable callback
         1788690969.675  5140  5175 I AebsFrameSubscriber: readNextMessages count=1
         1788690969.675  5140  5175 I MainActivity: onGatewayFrame: frame seq=1469 egoSpeed=6.562704 pts=0 intervention=false warning=false braking=false lifecycle=armed range=null bearing=null rss=null
         1788690969.774  5140  5175 I AebsFrameSubscriber: onMessagesAvailable callback
         1788690969.775  5140  5175 I AebsFrameSubscriber: readNextMessages count=1
         1788690969.775  5140  5175 I MainActivity: onGatewayFrame: frame seq=1470 egoSpeed=6.562704 pts=0 intervention=false warning=false braking=false lifecycle=armed range=null bearing=null rss=null
         1788690969.874  5140  5175 I AebsFrameSubscriber: onMessagesAvailable callback
         1788690969.875  5140  5175 I AebsFrameSubscriber: readNextMessages count=1
         1788690969.875  5140  5175 I MainActivity: onGatewayFrame: frame seq=1471 egoSpeed=6.562704 pts=0 intervention=false warning=false braking=false lifecycle=armed range=null bearing=null rss=null
         1788690969.974  5140  5175 I AebsFrameSubscriber: onMessagesAvailable callback
         1788690969.975  5140  5175 I AebsFrameSubscriber: readNextMessages count=1
         1788690969.975  5140  5175 I MainActivity: onGatewayFrame: frame seq=1472 egoSpeed=6.562704 pts=0 intervention=false warning=false braking=false lifecycle=armed range=null bearing=null rss=null
         1788690970.074  5140  5175 I AebsFrameSubscriber: onMessagesAvailable callback
         1788690970.074  5140  5175 I AebsFrameSubscriber: readNextMessages count=1
         1788690970.075  5140  5175 I MainActivity: onGatewayFrame: frame seq=1473 egoSpeed=6.562704 pts=0 intervention=false warning=false braking=false lifecycle=armed range=null bearing=null rss=null
         1788690970.174  5140  5175 I AebsFrameSubscriber: onMessagesAvailable callback
         1788690970.175  5140  5175 I AebsFrameSubscriber: readNextMessages count=1
         1788690970.175  5140  5175 I MainActivity: onGatewayFrame: frame seq=1474 egoSpeed=6.562704 pts=0 intervention=false warning=false braking=false lifecycle=armed range=null bearing=null rss=null
         1788690970.274  5140  5175 I AebsFrameSubscriber: onMessagesAvailable callback
         1788690970.275  5140  5175 I AebsFrameSubscriber: readNextMessages count=1
         1788690970.275  5140  5175 I MainActivity: onGatewayFrame: frame seq=1475 egoSpeed=6.562704 pts=0 intervention=false warning=false braking=false lifecycle=armed range=null bearing=null rss=null
         1788690970.374  5140  5175 I AebsFrameSubscriber: onMessagesAvailable callback
         1788690970.374  5140  5175 I AebsFrameSubscriber: readNextMessages count=1
         1788690970.375  5140  5175 I MainActivity: onGatewayFrame: frame seq=1476 egoSpeed=6.562704 pts=0 intervention=false warning=false braking=false lifecycle=armed range=null bearing=null rss=null
         1788690970.474  5140  5175 I AebsFrameSubscriber: onMessagesAvailable callback
         1788690970.474  5140  5175 I AebsFrameSubscriber: readNextMessages count=1
         1788690970.474  5140  5175 I MainActivity: onGatewayFrame: frame seq=1477 egoSpeed=6.562704 pts=0 intervention=false warning=false braking=false lifecycle=armed range=null bearing=null rss=null
         1788690970.574  5140  5175 I AebsFrameSubscriber: onMessagesAvailable callback
         1788690970.574  5140  5175 I AebsFrameSubscriber: readNextMessages count=1
         1788690970.575  5140  5175 I MainActivity: onGatewayFrame: frame seq=1478 egoSpeed=6.562704 pts=0 intervention=false warning=false braking=false lifecycle=armed range=null bearing=null rss=null
         1788690970.674  5140  5175 I AebsFrameSubscriber: onMessagesAvailable callback
         1788690970.674  5140  5175 I AebsFrameSubscriber: readNextMessages count=1
         1788690970.674  5140  5175 I MainActivity: onGatewayFrame: frame seq=1479 egoSpeed=6.562704 pts=0 intervention=false warning=false braking=false lifecycle=armed range=null bearing=null rss=null
         1788690970.774  5140  5175 I AebsFrameSubscriber: onMessagesAvailable callback
         1788690970.775  5140  5175 I AebsFrameSubscriber: readNextMessages count=1
         1788690970.775  5140  5175 I MainActivity: onGatewayFrame: frame seq=1480 egoSpeed=6.562704 pts=0 intervention=false warning=false braking=false lifecycle=armed range=null bearing=null rss=null
         1788690970.874  5140  5175 I AebsFrameSubscriber: onMessagesAvailable callback
         1788690970.875  5140  5175 I AebsFrameSubscriber: readNextMessages count=1
         1788690970.875  5140  5175 I MainActivity: onGatewayFrame: frame seq=1481 egoSpeed=6.562704 pts=0 intervention=false warning=false braking=false lifecycle=armed range=null bearing=null rss=null
         1788690970.974  5140  5175 I AebsFrameSubscriber: onMessagesAvailable callback
         1788690970.975  5140  5175 I AebsFrameSubscriber: readNextMessages count=1
         1788690970.975  5140  5175 I MainActivity: onGatewayFrame: frame seq=1482 egoSpeed=6.562704 pts=0 intervention=false warning=false braking=false lifecycle=armed range=null bearing=null rss=null
         1788690971.074  5140  5175 I AebsFrameSubscriber: onMessagesAvailable callback
         1788690971.074  5140  5175 I AebsFrameSubscriber: readNextMessages count=1
         1788690971.074  5140  5175 I MainActivity: onGatewayFrame: frame seq=1483 egoSpeed=6.562704 pts=0 intervention=false warning=false braking=false lifecycle=armed range=null bearing=null rss=null
         1788690971.174  5140  5175 I AebsFrameSubscriber: onMessagesAvailable callback
         1788690971.175  5140  5175 I AebsFrameSubscriber: readNextMessages count=1
         1788690971.175  5140  5175 I MainActivity: onGatewayFrame: frame seq=1484 egoSpeed=6.562704 pts=0 intervention=false warning=false braking=false lifecycle=armed range=null bearing=null rss=null
         1788690971.274  5140  5175 I AebsFrameSubscriber: onMessagesAvailable callback
         1788690971.274  5140  5175 I AebsFrameSubscriber: readNextMessages count=1
         1788690971.274  5140  5175 I MainActivity: onGatewayFrame: frame seq=1485 egoSpeed=6.562704 pts=0 intervention=false warning=false braking=false lifecycle=armed range=null bearing=null rss=null
         1788690971.374  5140  5175 I AebsFrameSubscriber: onMessagesAvailable callback
         1788690971.375  5140  5175 I AebsFrameSubscriber: readNextMessages count=1
         1788690971.375  5140  5175 I MainActivity: onGatewayFrame: frame seq=1486 egoSpeed=6.562704 pts=0 intervention=false warning=false braking=false lifecycle=armed range=null bearing=null rss=null
         1788690971.474  5140  5175 I AebsFrameSubscriber: onMessagesAvailable callback
         1788690971.474  5140  5175 I AebsFrameSubscriber: readNextMessages count=1
         1788690971.474  5140  5175 I MainActivity: onGatewayFrame: frame seq=1487 egoSpeed=6.562704 pts=0 intervention=false warning=false braking=false lifecycle=armed range=null bearing=null rss=null
         1788690971.583  5140  5175 I AebsFrameSubscriber: readNextMessages count=1
         1788690971.583  5140  5175 I MainActivity: onGatewayFrame: frame seq=1488 egoSpeed=6.562704 pts=0 intervention=false warning=false braking=false lifecycle=armed range=null bearing=null rss=null
         1788690971.584  5140  5175 I AebsFrameSubscriber: onMessagesAvailable callback
         1788690971.716  5140  5175 I AebsFrameSubscriber: readNextMessages count=1
         1788690971.716  5140  5175 I MainActivity: onGatewayFrame: frame seq=1489 egoSpeed=6.562704 pts=0 intervention=false warning=false braking=false lifecycle=armed range=null bearing=null rss=null
         1788690971.716  5140  5175 I AebsFrameSubscriber: onMessagesAvailable callback
         1788690971.774  5140  5175 I AebsFrameSubscriber: onMessagesAvailable callback
         1788690971.774  5140  5175 I AebsFrameSubscriber: readNextMessages count=1
         1788690971.774  5140  5175 I MainActivity: onGatewayFrame: frame seq=1490 egoSpeed=6.562704 pts=0 intervention=false warning=false braking=false lifecycle=armed range=null bearing=null rss=null
         1788690971.874  5140  5175 I AebsFrameSubscriber: onMessagesAvailable callback
         1788690971.874  5140  5175 I AebsFrameSubscriber: readNextMessages count=1
         1788690971.874  5140  5175 I MainActivity: onGatewayFrame: frame seq=1491 egoSpeed=6.562704 pts=0 intervention=false warning=false braking=false lifecycle=armed range=null bearing=null rss=null
         1788690971.974  5140  5175 I AebsFrameSubscriber: onMessagesAvailable callback
         1788690971.974  5140  5175 I AebsFrameSubscriber: readNextMessages count=1
         1788690971.974  5140  5175 I MainActivity: onGatewayFrame: frame seq=1492 egoSpeed=6.562704 pts=0 intervention=false warning=false braking=false lifecycle=armed range=null bearing=null rss=null
         1788690972.074  5140  5175 I AebsFrameSubscriber: onMessagesAvailable callback
         1788690972.074  5140  5175 I AebsFrameSubscriber: readNextMessages count=1
         1788690972.074  5140  5175 I MainActivity: onGatewayFrame: frame seq=1493 egoSpeed=6.562704 pts=0 intervention=false warning=false braking=false lifecycle=armed range=null bearing=null rss=null
         1788690972.174  5140  5175 I AebsFrameSubscriber: onMessagesAvailable callback
         1788690972.175  5140  5175 I AebsFrameSubscriber: readNextMessages count=1
         1788690972.175  5140  5175 I MainActivity: onGatewayFrame: frame seq=1494 egoSpeed=6.562704 pts=0 intervention=false warning=false braking=false lifecycle=armed range=null bearing=null rss=null
         1788690972.274  5140  5175 I AebsFrameSubscriber: onMessagesAvailable callback
         1788690972.274  5140  5175 I AebsFrameSubscriber: readNextMessages count=1
         1788690972.274  5140  5175 I MainActivity: onGatewayFrame: frame seq=1495 egoSpeed=6.562704 pts=0 intervention=false warning=false braking=false lifecycle=armed range=null bearing=null rss=null
         1788690972.374  5140  5175 I AebsFrameSubscriber: onMessagesAvailable callback
         1788690972.374  5140  5175 I AebsFrameSubscriber: readNextMessages count=1
         1788690972.374  5140  5175 I MainActivity: onGatewayFrame: frame seq=1496 egoSpeed=6.562704 pts=0 intervention=false warning=false braking=false lifecycle=armed range=null bearing=null rss=null
         1788690972.474  5140  5175 I AebsFrameSubscriber: onMessagesAvailable callback
         1788690972.474  5140  5175 I AebsFrameSubscriber: readNextMessages count=1
         1788690972.474  5140  5175 I MainActivity: onGatewayFrame: frame seq=1497 egoSpeed=6.562704 pts=0 intervention=false warning=false braking=false lifecycle=armed range=null bearing=null rss=null
         1788690972.574  5140  5175 I AebsFrameSubscriber: onMessagesAvailable callback
         1788690972.574  5140  5175 I AebsFrameSubscriber: readNextMessages count=1
         1788690972.574  5140  5175 I MainActivity: onGatewayFrame: frame seq=1498 egoSpeed=6.562704 pts=0 intervention=false warning=false braking=false lifecycle=armed range=null bearing=null rss=null
         1788690972.674  5140  5175 I AebsFrameSubscriber: onMessagesAvailable callback
         1788690972.674  5140  5175 I AebsFrameSubscriber: readNextMessages count=1
         1788690972.674  5140  5175 I MainActivity: onGatewayFrame: frame seq=1499 egoSpeed=6.562704 pts=0 intervention=false warning=false braking=false lifecycle=armed range=null bearing=null rss=null
         1788690972.774  5140  5175 I AebsFrameSubscriber: onMessagesAvailable callback
         1788690972.774  5140  5175 I AebsFrameSubscriber: readNextMessages count=1
         1788690972.774  5140  5175 I MainActivity: onGatewayFrame: frame seq=1500 egoSpeed=6.562704 pts=0 intervention=false warning=false braking=false lifecycle=armed range=null bearing=null rss=null
         1788690972.874  5140  5175 I AebsFrameSubscriber: onMessagesAvailable callback
         1788690972.874  5140  5175 I AebsFrameSubscriber: readNextMessages count=1
         1788690972.874  5140  5175 I MainActivity: onGatewayFrame: frame seq=1501 egoSpeed=6.562704 pts=0 intervention=false warning=false braking=false lifecycle=armed range=null bearing=null rss=null
         1788690972.974  5140  5175 I AebsFrameSubscriber: onMessagesAvailable callback
         1788690972.974  5140  5175 I AebsFrameSubscriber: readNextMessages count=1
         1788690972.974  5140  5175 I MainActivity: onGatewayFrame: frame seq=1502 egoSpeed=6.562704 pts=0 intervention=false warning=false braking=false lifecycle=armed range=null bearing=null rss=null
         1788690973.074  5140  5175 I AebsFrameSubscriber: onMessagesAvailable callback
         1788690973.074  5140  5175 I AebsFrameSubscriber: readNextMessages count=1
         1788690973.074  5140  5175 I MainActivity: onGatewayFrame: frame seq=1503 egoSpeed=6.562704 pts=0 intervention=false warning=false braking=false lifecycle=armed range=null bearing=null rss=null
         1788690973.174  5140  5175 I AebsFrameSubscriber: onMessagesAvailable callback
         1788690973.174  5140  5175 I AebsFrameSubscriber: readNextMessages count=1
         1788690973.174  5140  5175 I MainActivity: onGatewayFrame: frame seq=1504 egoSpeed=6.562704 pts=0 intervention=false warning=false braking=false lifecycle=armed range=null bearing=null rss=null
         1788690973.274  5140  5175 I AebsFrameSubscriber: onMessagesAvailable callback
         1788690973.274  5140  5175 I AebsFrameSubscriber: readNextMessages count=1
         1788690973.275  5140  5175 I MainActivity: onGatewayFrame: frame seq=1505 egoSpeed=6.562704 pts=0 intervention=false warning=false braking=false lifecycle=armed range=null bearing=null rss=null
         1788690973.373  5140  5175 I AebsFrameSubscriber: onMessagesAvailable callback
         1788690973.374  5140  5175 I AebsFrameSubscriber: readNextMessages count=1
         1788690973.374  5140  5175 I MainActivity: onGatewayFrame: frame seq=1506 egoSpeed=6.562704 pts=0 intervention=false warning=false braking=false lifecycle=armed range=null bearing=null rss=null
         1788690973.474  5140  5175 I AebsFrameSubscriber: onMessagesAvailable callback
         1788690973.474  5140  5175 I AebsFrameSubscriber: readNextMessages count=1
         1788690973.474  5140  5175 I MainActivity: onGatewayFrame: frame seq=1507 egoSpeed=6.562704 pts=0 intervention=false warning=false braking=false lifecycle=armed range=null bearing=null rss=null
         1788690973.574  5140  5175 I AebsFrameSubscriber: onMessagesAvailable callback
         1788690973.574  5140  5175 I AebsFrameSubscriber: readNextMessages count=1
         1788690973.574  5140  5175 I MainActivity: onGatewayFrame: frame seq=1508 egoSpeed=6.562704 pts=0 intervention=false warning=false braking=false lifecycle=armed range=null bearing=null rss=null
         1788690973.674  5140  5175 I AebsFrameSubscriber: onMessagesAvailable callback
         1788690973.674  5140  5175 I AebsFrameSubscriber: readNextMessages count=1
         1788690973.674  5140  5175 I MainActivity: onGatewayFrame: frame seq=1509 egoSpeed=6.562704 pts=0 intervention=false warning=false braking=false lifecycle=armed range=null bearing=null rss=null
         1788690973.774  5140  5175 I AebsFrameSubscriber: onMessagesAvailable callback
         1788690973.774  5140  5175 I AebsFrameSubscriber: readNextMessages count=1
         1788690973.774  5140  5175 I MainActivity: onGatewayFrame: frame seq=1510 egoSpeed=6.562704 pts=0 intervention=false warning=false braking=false lifecycle=armed range=null bearing=null rss=null
         1788690973.874  5140  5175 I AebsFrameSubscriber: onMessagesAvailable callback
         1788690973.874  5140  5175 I AebsFrameSubscriber: readNextMessages count=1
         1788690973.875  5140  5175 I MainActivity: onGatewayFrame: frame seq=1511 egoSpeed=6.562704 pts=0 intervention=false warning=false braking=false lifecycle=armed range=null bearing=null rss=null
         1788690973.974  5140  5175 I AebsFrameSubscriber: onMessagesAvailable callback
         1788690973.974  5140  5175 I AebsFrameSubscriber: readNextMessages count=1
         1788690973.974  5140  5175 I MainActivity: onGatewayFrame: frame seq=1512 egoSpeed=6.562704 pts=0 intervention=false warning=false braking=false lifecycle=armed range=null bearing=null rss=null
         1788690974.073  5140  5175 I AebsFrameSubscriber: onMessagesAvailable callback
         1788690974.074  5140  5175 I AebsFrameSubscriber: readNextMessages count=1
         1788690974.074  5140  5175 I MainActivity: onGatewayFrame: frame seq=1513 egoSpeed=6.562704 pts=0 intervention=false warning=false braking=false lifecycle=armed range=null bearing=null rss=null
         1788690974.174  5140  5175 I AebsFrameSubscriber: onMessagesAvailable callback
         1788690974.174  5140  5175 I AebsFrameSubscriber: readNextMessages count=1
         1788690974.174  5140  5175 I MainActivity: onGatewayFrame: frame seq=1514 egoSpeed=6.562704 pts=0 intervention=false warning=false braking=false lifecycle=armed range=null bearing=null rss=null
         1788690974.273  5140  5175 I AebsFrameSubscriber: onMessagesAvailable callback
         1788690974.274  5140  5175 I AebsFrameSubscriber: readNextMessages count=1
         1788690974.274  5140  5175 I MainActivity: onGatewayFrame: frame seq=1515 egoSpeed=6.562704 pts=0 intervention=false warning=false braking=false lifecycle=armed range=null bearing=null rss=null
         1788690974.374  5140  5175 I AebsFrameSubscriber: onMessagesAvailable callback
         1788690974.374  5140  5175 I AebsFrameSubscriber: readNextMessages count=1
         1788690974.374  5140  5175 I MainActivity: onGatewayFrame: frame seq=1516 egoSpeed=6.562704 pts=0 intervention=false warning=false braking=false lifecycle=armed range=null bearing=null rss=null
         1788690974.474  5140  5175 I AebsFrameSubscriber: onMessagesAvailable callback
         1788690974.474  5140  5175 I AebsFrameSubscriber: readNextMessages count=1
         1788690974.474  5140  5175 I MainActivity: onGatewayFrame: frame seq=1517 egoSpeed=6.562704 pts=0 intervention=false warning=false braking=false lifecycle=armed range=null bearing=null rss=null
         1788690974.573  5140  5175 I AebsFrameSubscriber: onMessagesAvailable callback
         1788690974.574  5140  5175 I AebsFrameSubscriber: readNextMessages count=1
         1788690974.574  5140  5175 I MainActivity: onGatewayFrame: frame seq=1518 egoSpeed=6.562704 pts=0 intervention=false warning=false braking=false lifecycle=armed range=null bearing=null rss=null
         1788690974.673  5140  5175 I AebsFrameSubscriber: onMessagesAvailable callback
         1788690974.674  5140  5175 I AebsFrameSubscriber: readNextMessages count=1
         1788690974.674  5140  5175 I MainActivity: onGatewayFrame: frame seq=1519 egoSpeed=6.562704 pts=0 intervention=false warning=false braking=false lifecycle=armed range=null bearing=null rss=null
         1788690974.773  5140  5175 I AebsFrameSubscriber: onMessagesAvailable callback
         1788690974.774  5140  5175 I AebsFrameSubscriber: readNextMessages count=1
         1788690974.774  5140  5175 I MainActivity: onGatewayFrame: frame seq=1520 egoSpeed=6.562704 pts=0 intervention=false warning=false braking=false lifecycle=armed range=null bearing=null rss=null
         1788690974.873  5140  5175 I AebsFrameSubscriber: onMessagesAvailable callback
         1788690974.874  5140  5175 I AebsFrameSubscriber: readNextMessages count=1
         1788690974.874  5140  5175 I MainActivity: onGatewayFrame: frame seq=1521 egoSpeed=6.562704 pts=0 intervention=false warning=false braking=false lifecycle=armed range=null bearing=null rss=null
         1788690974.973  5140  5175 I AebsFrameSubscriber: onMessagesAvailable callback
         1788690974.974  5140  5175 I AebsFrameSubscriber: readNextMessages count=1
         1788690974.974  5140  5175 I MainActivity: onGatewayFrame: frame seq=1522 egoSpeed=6.562704 pts=0 intervention=false warning=false braking=false lifecycle=armed range=null bearing=null rss=null
         1788690975.073  5140  5175 I AebsFrameSubscriber: onMessagesAvailable callback
         1788690975.074  5140  5175 I AebsFrameSubscriber: readNextMessages count=1
         1788690975.074  5140  5175 I MainActivity: onGatewayFrame: frame seq=1523 egoSpeed=6.562704 pts=0 intervention=false warning=false braking=false lifecycle=armed range=null bearing=null rss=null
         1788690975.174  5140  5175 I AebsFrameSubscriber: onMessagesAvailable callback
         1788690975.174  5140  5175 I AebsFrameSubscriber: readNextMessages count=1
         1788690975.174  5140  5175 I MainActivity: onGatewayFrame: frame seq=1524 egoSpeed=6.562704 pts=0 intervention=false warning=false braking=false lifecycle=armed range=null bearing=null rss=null
         1788690975.274  5140  5175 I AebsFrameSubscriber: onMessagesAvailable callback
         1788690975.274  5140  5175 I AebsFrameSubscriber: readNextMessages count=1
         1788690975.274  5140  5175 I MainActivity: onGatewayFrame: frame seq=1525 egoSpeed=6.562704 pts=0 intervention=false warning=false braking=false lifecycle=armed range=null bearing=null rss=null
         1788690975.373  5140  5175 I AebsFrameSubscriber: onMessagesAvailable callback
         1788690975.374  5140  5175 I AebsFrameSubscriber: readNextMessages count=1
         1788690975.374  5140  5175 I MainActivity: onGatewayFrame: frame seq=1526 egoSpeed=6.562704 pts=0 intervention=false warning=false braking=false lifecycle=armed range=null bearing=null rss=null
         1788690975.473  5140  5175 I AebsFrameSubscriber: onMessagesAvailable callback
         1788690975.474  5140  5175 I AebsFrameSubscriber: readNextMessages count=1
         1788690975.474  5140  5175 I MainActivity: onGatewayFrame: frame seq=1527 egoSpeed=6.562704 pts=0 intervention=false warning=false braking=false lifecycle=armed range=null bearing=null rss=null
         1788690975.574  5140  5175 I AebsFrameSubscriber: onMessagesAvailable callback
         1788690975.575  5140  5175 I AebsFrameSubscriber: readNextMessages count=1
         1788690975.575  5140  5175 I MainActivity: onGatewayFrame: frame seq=1528 egoSpeed=6.562704 pts=0 intervention=false warning=false braking=false lifecycle=armed range=null bearing=null rss=null
         1788690975.674  5140  5175 I AebsFrameSubscriber: onMessagesAvailable callback
         1788690975.674  5140  5175 I AebsFrameSubscriber: readNextMessages count=1
         1788690975.674  5140  5175 I MainActivity: onGatewayFrame: frame seq=1529 egoSpeed=6.562704 pts=0 intervention=false warning=false braking=false lifecycle=armed range=null bearing=null rss=null
         1788690975.797  5140  5175 I AebsFrameSubscriber: readNextMessages count=1
         1788690975.798  5140  5175 I MainActivity: onGatewayFrame: frame seq=1530 egoSpeed=6.562704 pts=0 intervention=false warning=false braking=false lifecycle=armed range=null bearing=null rss=null
         1788690975.798  5140  5175 I AebsFrameSubscriber: onMessagesAvailable callback
         1788690975.873  5140  5175 I AebsFrameSubscriber: onMessagesAvailable callback
         1788690975.874  5140  5175 I AebsFrameSubscriber: readNextMessages count=1
         1788690975.874  5140  5175 I MainActivity: onGatewayFrame: frame seq=1531 egoSpeed=6.562704 pts=0 intervention=false warning=false braking=false lifecycle=armed range=null bearing=null rss=null
         1788690975.973  5140  5175 I AebsFrameSubscriber: onMessagesAvailable callback
         1788690975.974  5140  5175 I AebsFrameSubscriber: readNextMessages count=1
         1788690975.974  5140  5175 I MainActivity: onGatewayFrame: frame seq=1532 egoSpeed=6.562704 pts=0 intervention=false warning=false braking=false lifecycle=armed range=null bearing=null rss=null
         1788690976.073  5140  5175 I AebsFrameSubscriber: onMessagesAvailable callback
         1788690976.074  5140  5175 I AebsFrameSubscriber: readNextMessages count=1
         1788690976.074  5140  5175 I MainActivity: onGatewayFrame: frame seq=1533 egoSpeed=6.562704 pts=0 intervention=false warning=false braking=false lifecycle=armed range=null bearing=null rss=null
         1788690976.173  5140  5175 I AebsFrameSubscriber: onMessagesAvailable callback
         1788690976.174  5140  5175 I AebsFrameSubscriber: readNextMessages count=1
         1788690976.174  5140  5175 I MainActivity: onGatewayFrame: frame seq=1534 egoSpeed=6.562704 pts=0 intervention=false warning=false braking=false lifecycle=armed range=null bearing=null rss=null
         1788690976.273  5140  5175 I AebsFrameSubscriber: onMessagesAvailable callback
         1788690976.274  5140  5175 I AebsFrameSubscriber: readNextMessages count=1
         1788690976.274  5140  5175 I MainActivity: onGatewayFrame: frame seq=1535 egoSpeed=6.562704 pts=0 intervention=false warning=false braking=false lifecycle=armed range=null bearing=null rss=null
         1788690976.373  5140  5175 I AebsFrameSubscriber: onMessagesAvailable callback
         1788690976.374  5140  5175 I AebsFrameSubscriber: readNextMessages count=1
         1788690976.374  5140  5175 I MainActivity: onGatewayFrame: frame seq=1536 egoSpeed=6.562704 pts=0 intervention=false warning=false braking=false lifecycle=armed range=null bearing=null rss=null
         1788690976.473  5140  5175 I AebsFrameSubscriber: onMessagesAvailable callback
         1788690976.474  5140  5175 I AebsFrameSubscriber: readNextMessages count=1
         1788690976.474  5140  5175 I MainActivity: onGatewayFrame: frame seq=1537 egoSpeed=6.562704 pts=0 intervention=false warning=false braking=false lifecycle=armed range=null bearing=null rss=null
         1788690976.573  5140  5175 I AebsFrameSubscriber: onMessagesAvailable callback
         1788690976.574  5140  5175 I AebsFrameSubscriber: readNextMessages count=1
         1788690976.574  5140  5175 I MainActivity: onGatewayFrame: frame seq=1538 egoSpeed=6.562704 pts=0 intervention=false warning=false braking=false lifecycle=armed range=null bearing=null rss=null
         1788690976.674  5140  5175 I AebsFrameSubscriber: onMessagesAvailable callback
         1788690976.674  5140  5175 I AebsFrameSubscriber: readNextMessages count=1
         1788690976.675  5140  5175 I MainActivity: onGatewayFrame: frame seq=1539 egoSpeed=6.562704 pts=0 intervention=false warning=false braking=false lifecycle=armed range=null bearing=null rss=null
         1788690976.773  5140  5175 I AebsFrameSubscriber: onMessagesAvailable callback
         1788690976.774  5140  5175 I AebsFrameSubscriber: readNextMessages count=1
         1788690976.774  5140  5175 I MainActivity: onGatewayFrame: frame seq=1540 egoSpeed=6.562704 pts=0 intervention=false warning=false braking=false lifecycle=armed range=null bearing=null rss=null
         1788690976.873  5140  5175 I AebsFrameSubscriber: onMessagesAvailable callback
         1788690976.876  5140  5175 I AebsFrameSubscriber: readNextMessages count=1
         1788690976.876  5140  5175 I MainActivity: onGatewayFrame: frame seq=1541 egoSpeed=6.562704 pts=24 intervention=false warning=true braking=false lifecycle=armed range=24.622713 bearing=0.0 rss=14.740885
         1788690976.974  5140  5175 I AebsFrameSubscriber: onMessagesAvailable callback
         1788690976.975  5140  5175 I AebsFrameSubscriber: readNextMessages count=1
         1788690976.975  5140  5175 I MainActivity: onGatewayFrame: frame seq=1542 egoSpeed=6.562704 pts=24 intervention=false warning=true braking=false lifecycle=armed range=24.716745 bearing=0.0 rss=14.740885
         1788690977.073  5140  5175 I AebsFrameSubscriber: onMessagesAvailable callback
         1788690977.074  5140  5175 I AebsFrameSubscriber: readNextMessages count=1
         1788690977.075  5140  5175 I MainActivity: onGatewayFrame: frame seq=1543 egoSpeed=6.562704 pts=24 intervention=false warning=true braking=false lifecycle=armed range=23.657272 bearing=0.0 rss=14.740885
         1788690977.174  5140  5175 I AebsFrameSubscriber: onMessagesAvailable callback
         1788690977.175  5140  5175 I AebsFrameSubscriber: readNextMessages count=1
         1788690977.175  5140  5175 I MainActivity: onGatewayFrame: frame seq=1544 egoSpeed=6.562704 pts=24 intervention=false warning=true braking=false lifecycle=armed range=23.765282 bearing=0.0 rss=14.740885
         1788690977.274  5140  5175 I AebsFrameSubscriber: onMessagesAvailable callback
         1788690977.275  5140  5175 I AebsFrameSubscriber: readNextMessages count=1
         1788690977.275  5140  5175 I MainActivity: onGatewayFrame: frame seq=1545 egoSpeed=6.562704 pts=24 intervention=false warning=true braking=false lifecycle=armed range=22.541142 bearing=0.0 rss=14.740885
         1788690977.373  5140  5175 I AebsFrameSubscriber: onMessagesAvailable callback
         1788690977.374  5140  5175 I AebsFrameSubscriber: readNextMessages count=1
         1788690977.375  5140  5175 I MainActivity: onGatewayFrame: frame seq=1546 egoSpeed=6.562704 pts=24 intervention=false warning=true braking=false lifecycle=armed range=22.628561 bearing=0.0 rss=14.740885
         1788690977.473  5140  5175 I AebsFrameSubscriber: onMessagesAvailable callback
         1788690977.475  5140  5175 I AebsFrameSubscriber: readNextMessages count=1
         1788690977.475  5140  5175 I MainActivity: onGatewayFrame: frame seq=1547 egoSpeed=6.562704 pts=24 intervention=false warning=true braking=false lifecycle=armed range=21.424465 bearing=0.0 rss=14.740885
         1788690977.573  5140  5175 I AebsFrameSubscriber: onMessagesAvailable callback
         1788690977.574  5140  5175 I AebsFrameSubscriber: readNextMessages count=1
         1788690977.574  5140  5175 I MainActivity: onGatewayFrame: frame seq=1548 egoSpeed=6.562704 pts=24 intervention=false warning=true braking=false lifecycle=armed range=20.458485 bearing=0.0 rss=14.740885
         1788690977.673  5140  5175 I AebsFrameSubscriber: onMessagesAvailable callback
         1788690977.674  5140  5175 I AebsFrameSubscriber: readNextMessages count=1
         1788690977.674  5140  5175 I MainActivity: onGatewayFrame: frame seq=1549 egoSpeed=6.562704 pts=24 intervention=false warning=true braking=false lifecycle=armed range=20.458485 bearing=0.0 rss=14.740885
         1788690977.774  5140  5175 I AebsFrameSubscriber: onMessagesAvailable callback
         1788690977.775  5140  5175 I AebsFrameSubscriber: readNextMessages count=1
         1788690977.775  5140  5175 I MainActivity: onGatewayFrame: frame seq=1550 egoSpeed=6.562704 pts=24 intervention=false warning=true braking=false lifecycle=armed range=19.337938 bearing=0.0 rss=14.740885
         1788690977.873  5140  5175 I AebsFrameSubscriber: onMessagesAvailable callback
         1788690977.874  5140  5175 I AebsFrameSubscriber: readNextMessages count=1
         1788690977.874  5140  5175 I MainActivity: onGatewayFrame: frame seq=1551 egoSpeed=6.562704 pts=24 intervention=false warning=true braking=false lifecycle=armed range=19.434 bearing=0.0 rss=14.740885
         1788690977.974  5140  5175 I AebsFrameSubscriber: onMessagesAvailable callback
         1788690977.975  5140  5175 I AebsFrameSubscriber: readNextMessages count=1
         1788690977.975  5140  5175 I MainActivity: onGatewayFrame: frame seq=1552 egoSpeed=6.562704 pts=24 intervention=false warning=true braking=true lifecycle=braking_latched range=18.209717 bearing=0.0 rss=14.740885
         1788690978.074  5140  5175 I AebsFrameSubscriber: onMessagesAvailable callback
         1788690978.075  5140  5175 I AebsFrameSubscriber: readNextMessages count=1
         1788690978.075  5140  5175 I MainActivity: onGatewayFrame: frame seq=1553 egoSpeed=6.5619683 pts=24 intervention=false warning=true braking=true lifecycle=braking_latched range=18.312883 bearing=0.0 rss=14.740885
         1788690978.174  5140  5175 I AebsFrameSubscriber: onMessagesAvailable callback
         1788690978.175  5140  5175 I AebsFrameSubscriber: readNextMessages count=1
         1788690978.176  5140  5175 I MainActivity: onGatewayFrame: frame seq=1554 egoSpeed=6.5430536 pts=24 intervention=false warning=true braking=true lifecycle=braking_latched range=17.249052 bearing=0.0 rss=14.72074
         1788690978.273  5140  5175 I AebsFrameSubscriber: onMessagesAvailable callback
         1788690978.274  5140  5175 I AebsFrameSubscriber: readNextMessages count=1
         1788690978.275  5140  5175 I MainActivity: onGatewayFrame: frame seq=1555 egoSpeed=6.485947 pts=24 intervention=false warning=true braking=true lifecycle=braking_latched range=17.33908 bearing=0.0 rss=14.604685
         1788690978.373  5140  5175 I AebsFrameSubscriber: onMessagesAvailable callback
         1788690978.374  5140  5175 I AebsFrameSubscriber: readNextMessages count=1
         1788690978.376  5140  5175 I MainActivity: onGatewayFrame: frame seq=1556 egoSpeed=6.3835626 pts=24 intervention=false warning=true braking=true lifecycle=braking_latched range=16.278055 bearing=0.0 rss=14.3547125
         1788690978.473  5140  5175 I AebsFrameSubscriber: onMessagesAvailable callback
         1788690978.474  5140  5175 I AebsFrameSubscriber: readNextMessages count=1
         1788690978.474  5140  5175 I MainActivity: onGatewayFrame: frame seq=1557 egoSpeed=6.235538 pts=24 intervention=false warning=true braking=true lifecycle=braking_latched range=16.402489 bearing=0.0 rss=13.961527
         1788690978.573  5140  5175 I AebsFrameSubscriber: onMessagesAvailable callback
         1788690978.574  5140  5175 I AebsFrameSubscriber: readNextMessages count=1
         1788690978.574  5140  5175 I MainActivity: onGatewayFrame: frame seq=1558 egoSpeed=6.0372734 pts=24 intervention=false warning=true braking=true lifecycle=braking_latched range=15.035933 bearing=0.0 rss=13.431523
         1788690978.673  5140  5175 I AebsFrameSubscriber: onMessagesAvailable callback
         1788690978.674  5140  5175 I AebsFrameSubscriber: readNextMessages count=1
         1788690978.674  5140  5175 I MainActivity: onGatewayFrame: frame seq=1559 egoSpeed=5.7879715 pts=24 intervention=false warning=true braking=true lifecycle=braking_latched range=15.124849 bearing=0.0 rss=12.755159
         1788690978.773  5140  5175 I AebsFrameSubscriber: onMessagesAvailable callback
         1788690978.774  5140  5175 I AebsFrameSubscriber: readNextMessages count=1
         1788690978.774  5140  5175 I MainActivity: onGatewayFrame: frame seq=1560 egoSpeed=5.488327 pts=24 intervention=false warning=true braking=true lifecycle=braking_latched range=14.14488 bearing=0.0 rss=11.951771
         1788690978.873  5140  5175 I AebsFrameSubscriber: onMessagesAvailable callback
         1788690978.874  5140  5175 I AebsFrameSubscriber: readNextMessages count=1
         1788690978.874  5140  5175 I MainActivity: onGatewayFrame: frame seq=1561 egoSpeed=5.138472 pts=24 intervention=false warning=true braking=true lifecycle=braking_latched range=14.238081 bearing=0.0 rss=11.032593
         1788690978.973  5140  5175 I AebsFrameSubscriber: onMessagesAvailable callback
         1788690978.974  5140  5175 I AebsFrameSubscriber: readNextMessages count=1
         1788690978.975  5140  5175 I MainActivity: onGatewayFrame: frame seq=1562 egoSpeed=4.738549 pts=24 intervention=false warning=true braking=true lifecycle=braking_latched range=13.168225 bearing=0.0 rss=10.016429
         1788690979.073  5140  5175 I AebsFrameSubscriber: onMessagesAvailable callback
         1788690979.074  5140  5175 I AebsFrameSubscriber: readNextMessages count=1
         1788690979.074  5140  5175 I MainActivity: onGatewayFrame: frame seq=1563 egoSpeed=4.289123 pts=24 intervention=false warning=true braking=true lifecycle=braking_latched range=13.254098 bearing=0.0 rss=8.924333
         1788690979.173  5140  5175 I AebsFrameSubscriber: onMessagesAvailable callback
         1788690979.174  5140  5175 I AebsFrameSubscriber: readNextMessages count=1
         1788690979.174  5140  5175 I MainActivity: onGatewayFrame: frame seq=1564 egoSpeed=3.8080745 pts=24 intervention=false warning=true braking=true lifecycle=braking_latched range=12.538297 bearing=0.0 rss=7.7827544
         1788690979.273  5140  5175 I AebsFrameSubscriber: onMessagesAvailable callback
         1788690979.274  5140  5175 I AebsFrameSubscriber: readNextMessages count=1
         1788690979.274  5140  5175 I MainActivity: onGatewayFrame: frame seq=1565 egoSpeed=3.315252 pts=24 intervention=false warning=true braking=true lifecycle=braking_latched range=12.538297 bearing=0.0 rss=6.6777787
         1788690979.492  5140  5175 I AebsFrameSubscriber: readNextMessages count=2
         1788690979.492  5140  5175 I MainActivity: onGatewayFrame: frame seq=1566 egoSpeed=2.817629 pts=24 intervention=false warning=true braking=true lifecycle=braking_latched range=11.848326 bearing=0.0 rss=5.6339545
         1788690979.492  5140  5175 I MainActivity: onGatewayFrame: frame seq=1567 egoSpeed=2.318538 pts=24 intervention=false warning=true braking=true lifecycle=braking_latched range=11.33517 bearing=0.0 rss=4.667083
         1788690979.492  5140  5175 I AebsFrameSubscriber: onMessagesAvailable callback
         1788690979.492  5140  5175 I AebsFrameSubscriber: onMessagesAvailable callback
         1788690979.573  5140  5175 I AebsFrameSubscriber: onMessagesAvailable callback
         1788690979.574  5140  5175 I AebsFrameSubscriber: readNextMessages count=1
         1788690979.574  5140  5175 I MainActivity: onGatewayFrame: frame seq=1568 egoSpeed=1.8192258 pts=24 intervention=false warning=true braking=true lifecycle=braking_latched range=11.418053 bearing=0.0 rss=3.782287
         1788690979.673  5140  5175 I AebsFrameSubscriber: onMessagesAvailable callback
         1788690979.674  5140  5175 I AebsFrameSubscriber: readNextMessages count=1
         1788690979.674  5140  5175 I MainActivity: onGatewayFrame: frame seq=1569 egoSpeed=1.3191621 pts=24 intervention=false warning=true braking=true lifecycle=braking_latched range=11.042601 bearing=0.0 rss=2.976821
         1788690979.773  5140  5175 I AebsFrameSubscriber: onMessagesAvailable callback
         1788690979.774  5140  5175 I AebsFrameSubscriber: readNextMessages count=1
         1788690979.774  5140  5175 I MainActivity: onGatewayFrame: frame seq=1570 egoSpeed=0.8190676 pts=24 intervention=false warning=true braking=true lifecycle=braking_latched range=11.151862 bearing=0.0 rss=2.2574387
         1788690979.873  5140  5175 I AebsFrameSubscriber: onMessagesAvailable callback
         1788690979.874  5140  5175 I AebsFrameSubscriber: readNextMessages count=1
         1788690979.874  5140  5175 I MainActivity: onGatewayFrame: frame seq=1571 egoSpeed=0.31820777 pts=24 intervention=false warning=true braking=true lifecycle=braking_latched range=10.904921 bearing=0.0 rss=1.6230613
         1788690979.973  5140  5175 I AebsFrameSubscriber: onMessagesAvailable callback
         1788690979.974  5140  5175 I AebsFrameSubscriber: readNextMessages count=1
         1788690979.974  5140  5175 I MainActivity: onGatewayFrame: frame seq=1572 egoSpeed=0.0 pts=24 intervention=false warning=true braking=true lifecycle=braking_latched range=10.904921 bearing=0.0 rss=1.6230613
         1788690980.073  5140  5175 I AebsFrameSubscriber: onMessagesAvailable callback
         1788690980.074  5140  5175 I AebsFrameSubscriber: readNextMessages count=1
         1788690980.074  5140  5175 I MainActivity: onGatewayFrame: frame seq=1573 egoSpeed=0.0 pts=24 intervention=false warning=true braking=true lifecycle=braking_latched range=10.904921 bearing=0.0 rss=1.6230613
         1788690980.173  5140  5175 I AebsFrameSubscriber: onMessagesAvailable callback
         1788690980.174  5140  5175 I AebsFrameSubscriber: readNextMessages count=1
         1788690980.175  5140  5175 I MainActivity: onGatewayFrame: frame seq=1574 egoSpeed=0.0 pts=24 intervention=false warning=true braking=true lifecycle=braking_latched range=10.904921 bearing=0.0 rss=1.6230613
         1788690980.273  5140  5175 I AebsFrameSubscriber: onMessagesAvailable callback
         1788690980.274  5140  5175 I AebsFrameSubscriber: readNextMessages count=1
         1788690980.274  5140  5175 I MainActivity: onGatewayFrame: frame seq=1575 egoSpeed=0.0 pts=24 intervention=false warning=true braking=true lifecycle=braking_latched range=10.904921 bearing=0.0 rss=1.6230613
         1788690980.373  5140  5175 I AebsFrameSubscriber: onMessagesAvailable callback
         1788690980.374  5140  5175 I AebsFrameSubscriber: readNextMessages count=1
         1788690980.374  5140  5175 I MainActivity: onGatewayFrame: frame seq=1576 egoSpeed=0.0 pts=0 intervention=false warning=true braking=true lifecycle=braking_latched range=null bearing=null rss=1.6230613
         1788690980.473  5140  5175 I AebsFrameSubscriber: onMessagesAvailable callback
         1788690980.474  5140  5175 I AebsFrameSubscriber: readNextMessages count=1
         1788690980.474  5140  5175 I MainActivity: onGatewayFrame: frame seq=1577 egoSpeed=0.0 pts=0 intervention=false warning=false braking=true lifecycle=released_verified_stop range=null bearing=null rss=1.6230613
         1788690980.573  5140  5175 I AebsFrameSubscriber: onMessagesAvailable callback
         1788690980.573  5140  5175 I AebsFrameSubscriber: readNextMessages count=1
         1788690980.574  5140  5175 I MainActivity: onGatewayFrame: frame seq=1578 egoSpeed=0.0 pts=0 intervention=false warning=false braking=true lifecycle=released_verified_stop range=null bearing=null rss=1.6230613
         1788690980.673  5140  5175 I AebsFrameSubscriber: onMessagesAvailable callback
         1788690980.673  5140  5175 I AebsFrameSubscriber: readNextMessages count=1
         1788690980.674  5140  5175 I MainActivity: onGatewayFrame: frame seq=1579 egoSpeed=0.0 pts=0 intervention=false warning=false braking=true lifecycle=released_verified_stop range=null bearing=null rss=1.6230613
         1788690980.773  5140  5175 I AebsFrameSubscriber: onMessagesAvailable callback
         1788690980.773  5140  5175 I AebsFrameSubscriber: readNextMessages count=1
         1788690980.773  5140  5175 I MainActivity: onGatewayFrame: frame seq=1580 egoSpeed=0.033442464 pts=0 intervention=false warning=false braking=true lifecycle=released_verified_stop range=null bearing=null rss=1.6230613
         1788690980.873  5140  5175 I AebsFrameSubscriber: onMessagesAvailable callback
         1788690980.873  5140  5175 I AebsFrameSubscriber: readNextMessages count=1
         1788690980.874  5140  5175 I MainActivity: onGatewayFrame: frame seq=1581 egoSpeed=0.13870786 pts=0 intervention=false warning=false braking=true lifecycle=released_verified_stop range=null bearing=null rss=1.6230613
         1788690980.973  5140  5175 I AebsFrameSubscriber: onMessagesAvailable callback
         1788690980.974  5140  5175 I AebsFrameSubscriber: readNextMessages count=1
         1788690980.974  5140  5175 I MainActivity: onGatewayFrame: frame seq=1582 egoSpeed=0.27238852 pts=24 intervention=false warning=false braking=true lifecycle=released_verified_stop range=11.833986 bearing=0.0 rss=1.2103803
         1788690981.073  5140  5175 I AebsFrameSubscriber: onMessagesAvailable callback
         1788690981.074  5140  5175 I AebsFrameSubscriber: readNextMessages count=1
         1788690981.074  5140  5175 I MainActivity: onGatewayFrame: frame seq=1583 egoSpeed=0.41597363 pts=24 intervention=false warning=false braking=true lifecycle=released_verified_stop range=11.937564 bearing=0.0 rss=1.3632207
         1788690981.173  5140  5175 I AebsFrameSubscriber: onMessagesAvailable callback
         1788690981.174  5140  5175 I AebsFrameSubscriber: readNextMessages count=1
         1788690981.174  5140  5175 I MainActivity: onGatewayFrame: frame seq=1584 egoSpeed=0.56398034 pts=24 intervention=false warning=false braking=true lifecycle=released_verified_stop range=12.00014 bearing=0.0 rss=1.5298386
         1788690981.273  5140  5175 I AebsFrameSubscriber: onMessagesAvailable callback
         1788690981.274  5140  5175 I AebsFrameSubscriber: readNextMessages count=1
         1788690981.274  5140  5175 I MainActivity: onGatewayFrame: frame seq=1585 egoSpeed=0.7131769 pts=24 intervention=false warning=false braking=true lifecycle=released_verified_stop range=12.086084 bearing=0.0 rss=1.7065388
         1788690981.373  5140  5175 I AebsFrameSubscriber: onMessagesAvailable callback
         1788690981.374  5140  5175 I AebsFrameSubscriber: readNextMessages count=1
         1788690981.374  5140  5175 I MainActivity: onGatewayFrame: frame seq=1586 egoSpeed=0.8625518 pts=24 intervention=false warning=false braking=true lifecycle=released_verified_stop range=12.199148 bearing=0.0 rss=1.8916526
         1788690981.473  5140  5175 I AebsFrameSubscriber: onMessagesAvailable callback
         1788690981.474  5140  5175 I AebsFrameSubscriber: readNextMessages count=1
         1788690981.474  5140  5175 I MainActivity: onGatewayFrame: frame seq=1587 egoSpeed=1.0125048 pts=24 intervention=false warning=false braking=true lifecycle=released_verified_stop range=12.169948 bearing=0.0 rss=2.0847642
         1788690981.573  5140  5175 I AebsFrameSubscriber: onMessagesAvailable callback
         1788690981.574  5140  5175 I AebsFrameSubscriber: readNextMessages count=1
         1788690981.574  5140  5175 I MainActivity: onGatewayFrame: frame seq=1588 egoSpeed=1.1623781 pts=24 intervention=false warning=false braking=true lifecycle=released_verified_stop range=12.25701 bearing=0.0 rss=2.2846925
         1788690981.673  5140  5175 I AebsFrameSubscriber: onMessagesAvailable callback
         1788690981.674  5140  5175 I AebsFrameSubscriber: readNextMessages count=1
         1788690981.674  5140  5175 I MainActivity: onGatewayFrame: frame seq=1589 egoSpeed=1.3123535 pts=24 intervention=false warning=false braking=true lifecycle=released_verified_stop range=12.200589 bearing=0.0 rss=2.493262
         1788690981.773  5140  5175 I AebsFrameSubscriber: onMessagesAvailable callback
         1788690981.774  5140  5175 I AebsFrameSubscriber: readNextMessages count=1
         1788690981.774  5140  5175 I MainActivity: onGatewayFrame: frame seq=1590 egoSpeed=1.4627266 pts=24 intervention=false warning=false braking=true lifecycle=released_verified_stop range=12.285642 bearing=0.0 rss=2.7087154
         1788690981.873  5140  5175 I AebsFrameSubscriber: onMessagesAvailable callback
         1788690981.873  5140  5175 I AebsFrameSubscriber: readNextMessages count=1
         1788690981.874  5140  5175 I MainActivity: onGatewayFrame: frame seq=1591 egoSpeed=1.6123654 pts=24 intervention=false warning=false braking=true lifecycle=released_verified_stop range=12.163645 bearing=0.0 rss=2.9314802
         1788690981.973  5140  5175 I AebsFrameSubscriber: onMessagesAvailable callback
         1788690981.974  5140  5175 I AebsFrameSubscriber: readNextMessages count=1
         1788690981.974  5140  5175 I MainActivity: onGatewayFrame: frame seq=1592 egoSpeed=1.7627963 pts=24 intervention=false warning=false braking=true lifecycle=released_verified_stop range=12.270908 bearing=0.0 rss=3.1625319
         1788690982.073  5140  5175 I AebsFrameSubscriber: onMessagesAvailable callback
         1788690982.074  5140  5175 I AebsFrameSubscriber: readNextMessages count=1
         1788690982.074  5140  5175 I MainActivity: onGatewayFrame: frame seq=1593 egoSpeed=1.912762 pts=24 intervention=false warning=false braking=true lifecycle=released_verified_stop range=12.062872 bearing=0.0 rss=3.4005015
         1788690982.173  5140  5175 I AebsFrameSubscriber: onMessagesAvailable callback
         1788690982.174  5140  5175 I AebsFrameSubscriber: readNextMessages count=1
         1788690982.174  5140  5175 I MainActivity: onGatewayFrame: frame seq=1594 egoSpeed=2.062689 pts=24 intervention=false warning=false braking=true lifecycle=released_verified_stop range=12.148969 bearing=0.0 rss=3.6462846
         1788690982.273  5140  5175 I AebsFrameSubscriber: onMessagesAvailable callback
         1788690982.274  5140  5175 I AebsFrameSubscriber: readNextMessages count=1
         1788690982.274  5140  5175 I MainActivity: onGatewayFrame: frame seq=1595 egoSpeed=2.2127519 pts=24 intervention=false warning=false braking=true lifecycle=released_verified_stop range=11.930219 bearing=0.0 rss=3.8993206
         1788690982.373  5140  5175 I AebsFrameSubscriber: onMessagesAvailable callback
         1788690982.374  5140  5175 I AebsFrameSubscriber: readNextMessages count=1
         1788690982.374  5140  5175 I MainActivity: onGatewayFrame: frame seq=1596 egoSpeed=2.3627303 pts=24 intervention=false warning=false braking=true lifecycle=released_verified_stop range=11.768856 bearing=0.0 rss=4.1599565
         1788690982.473  5140  5175 I AebsFrameSubscriber: onMessagesAvailable callback
         1788690982.474  5140  5175 I AebsFrameSubscriber: readNextMessages count=1
         1788690982.474  5140  5175 I MainActivity: onGatewayFrame: frame seq=1597 egoSpeed=2.5127535 pts=24 intervention=false warning=false braking=true lifecycle=released_verified_stop range=11.768856 bearing=0.0 rss=4.4281363
         1788690982.573  5140  5175 I AebsFrameSubscriber: onMessagesAvailable callback
         1788690982.573  5140  5175 I AebsFrameSubscriber: readNextMessages count=1
         1788690982.574  5140  5175 I MainActivity: onGatewayFrame: frame seq=1598 egoSpeed=2.6623514 pts=24 intervention=false warning=false braking=true lifecycle=released_verified_stop range=11.504377 bearing=0.0 rss=4.7037497
         1788690982.673  5140  5175 I AebsFrameSubscriber: onMessagesAvailable callback
         1788690982.673  5140  5175 I AebsFrameSubscriber: readNextMessages count=1
         1788690982.674  5140  5175 I MainActivity: onGatewayFrame: frame seq=1599 egoSpeed=2.8126593 pts=24 intervention=false warning=false braking=true lifecycle=released_verified_stop range=11.591222 bearing=0.0 rss=4.986975
         1788690982.773  5140  5175 I AebsFrameSubscriber: onMessagesAvailable callback
         1788690982.774  5140  5175 I AebsFrameSubscriber: readNextMessages count=1
         1788690982.774  5140  5175 I MainActivity: onGatewayFrame: frame seq=1600 egoSpeed=2.9626832 pts=24 intervention=false warning=false braking=true lifecycle=released_verified_stop range=11.226115 bearing=0.0 rss=5.2779393
         1788690982.873  5140  5175 I AebsFrameSubscriber: onMessagesAvailable callback
         1788690982.873  5140  5175 I AebsFrameSubscriber: readNextMessages count=1
         1788690982.873  5140  5175 I MainActivity: onGatewayFrame: frame seq=1601 egoSpeed=3.1124303 pts=24 intervention=false warning=false braking=true lifecycle=released_verified_stop range=11.31246 bearing=0.0 rss=5.575981
         1788690982.973  5140  5175 I AebsFrameSubscriber: onMessagesAvailable callback
         1788690982.974  5140  5175 I AebsFrameSubscriber: readNextMessages count=1
         1788690982.974  5140  5175 I MainActivity: onGatewayFrame: frame seq=1602 egoSpeed=3.2624135 pts=24 intervention=false warning=false braking=true lifecycle=released_verified_stop range=10.848473 bearing=0.0 rss=5.880776
         1788690983.189  5140  5175 I AebsFrameSubscriber: readNextMessages count=2
         1788690983.189  5140  5175 I MainActivity: onGatewayFrame: frame seq=1603 egoSpeed=3.4123619 pts=24 intervention=false warning=false braking=true lifecycle=released_verified_stop range=10.937589 bearing=0.0 rss=6.194664
         1788690983.189  5140  5175 I MainActivity: onGatewayFrame: frame seq=1604 egoSpeed=3.562438 pts=24 intervention=false warning=false braking=true lifecycle=released_verified_stop range=10.481647 bearing=0.0 rss=6.514342
         1788690983.189  5140  5175 I AebsFrameSubscriber: onMessagesAvailable callback
         1788690983.189  5140  5175 I AebsFrameSubscriber: onMessagesAvailable callback
         1788690983.273  5140  5175 I AebsFrameSubscriber: onMessagesAvailable callback
         1788690983.274  5140  5175 I AebsFrameSubscriber: readNextMessages count=1
         1788690983.274  5140  5175 I MainActivity: onGatewayFrame: frame seq=1605 egoSpeed=3.7123263 pts=24 intervention=false warning=false braking=true lifecycle=released_verified_stop range=10.588235 bearing=0.0 rss=6.842412
         1788690983.373  5140  5175 I AebsFrameSubscriber: onMessagesAvailable callback
         1788690983.374  5140  5175 I AebsFrameSubscriber: readNextMessages count=1
         1788690983.374  5140  5175 I MainActivity: onGatewayFrame: frame seq=1606 egoSpeed=3.8625157 pts=24 intervention=false warning=false braking=true lifecycle=released_verified_stop range=9.990066 bearing=0.0 rss=7.1791024
         1788690983.473  5140  5175 I AebsFrameSubscriber: onMessagesAvailable callback
         1788690983.474  5140  5175 I AebsFrameSubscriber: readNextMessages count=1
         1788690983.474  5140  5175 I MainActivity: onGatewayFrame: frame seq=1607 egoSpeed=4.012519 pts=24 intervention=false warning=false braking=true lifecycle=released_verified_stop range=10.094516 bearing=0.0 rss=7.522247
         1788690983.573  5140  5175 I AebsFrameSubscriber: onMessagesAvailable callback
         1788690983.574  5140  5175 I AebsFrameSubscriber: readNextMessages count=1
         1788690983.574  5140  5175 I MainActivity: onGatewayFrame: frame seq=1608 egoSpeed=4.162403 pts=24 intervention=false warning=false braking=true lifecycle=released_verified_stop range=9.537309 bearing=0.0 rss=7.872889
         1788690983.673  5140  5175 I AebsFrameSubscriber: onMessagesAvailable callback
         1788690983.673  5140  5175 I AebsFrameSubscriber: readNextMessages count=1
         1788690983.674  5140  5175 I MainActivity: onGatewayFrame: frame seq=1609 egoSpeed=4.312358 pts=24 intervention=false warning=false braking=true lifecycle=released_verified_stop range=9.658048 bearing=0.0 rss=8.230947
         1788690983.773  5140  5175 I AebsFrameSubscriber: onMessagesAvailable callback
         1788690983.773  5140  5175 I AebsFrameSubscriber: readNextMessages count=1
         1788690983.774  5140  5175 I MainActivity: onGatewayFrame: frame seq=1610 egoSpeed=4.4623966 pts=24 intervention=false warning=false braking=true lifecycle=released_verified_stop range=8.8544235 bearing=0.0 rss=8.596006
         1788690983.873  5140  5175 I AebsFrameSubscriber: onMessagesAvailable callback
         1788690983.873  5140  5175 I AebsFrameSubscriber: readNextMessages count=1
         1788690983.873  5140  5175 I MainActivity: onGatewayFrame: frame seq=1611 egoSpeed=4.6123533 pts=24 intervention=false warning=false braking=true lifecycle=released_verified_stop range=8.949086 bearing=0.0 rss=8.968585
         1788690983.973  5140  5175 I AebsFrameSubscriber: onMessagesAvailable callback
         1788690983.974  5140  5175 I AebsFrameSubscriber: readNextMessages count=1
         1788690983.974  5140  5175 I MainActivity: onGatewayFrame: frame seq=1612 egoSpeed=4.76237 pts=24 intervention=false warning=false braking=true lifecycle=released_verified_stop range=8.199415 bearing=0.0 rss=9.349645
         1788690984.073  5140  5175 I AebsFrameSubscriber: onMessagesAvailable callback
         1788690984.074  5140  5175 I AebsFrameSubscriber: readNextMessages count=1
         1788690984.074  5140  5175 I MainActivity: onGatewayFrame: frame seq=1613 egoSpeed=4.9125443 pts=24 intervention=false warning=false braking=true lifecycle=released_verified_stop range=8.289052 bearing=0.0 rss=9.738563
         1788690984.173  5140  5175 I AebsFrameSubscriber: onMessagesAvailable callback
         1788690984.174  5140  5175 I AebsFrameSubscriber: readNextMessages count=1
         1788690984.174  5140  5175 I MainActivity: onGatewayFrame: frame seq=1614 egoSpeed=5.062422 pts=24 intervention=false warning=false braking=true lifecycle=released_verified_stop range=7.5670977 bearing=0.0 rss=10.134248
         1788690984.273  5140  5175 I AebsFrameSubscriber: onMessagesAvailable callback
         1788690984.274  5140  5175 I AebsFrameSubscriber: readNextMessages count=1
         1788690984.274  5140  5175 I MainActivity: onGatewayFrame: frame seq=1615 egoSpeed=5.2123766 pts=24 intervention=false warning=false braking=true lifecycle=released_verified_stop range=7.6504726 bearing=0.0 rss=10.53729
         1788690984.373  5140  5175 I AebsFrameSubscriber: onMessagesAvailable callback
         1788690984.373  5140  5175 I AebsFrameSubscriber: readNextMessages count=1
         1788690984.374  5140  5175 I MainActivity: onGatewayFrame: frame seq=1616 egoSpeed=5.36245 pts=24 intervention=false warning=false braking=true lifecycle=released_verified_stop range=6.8707137 bearing=0.0 rss=10.947957
         1788690984.473  5140  5175 I AebsFrameSubscriber: onMessagesAvailable callback
         1788690984.474  5140  5175 I AebsFrameSubscriber: readNextMessages count=1
         1788690984.474  5140  5175 I MainActivity: onGatewayFrame: frame seq=1617 egoSpeed=5.5124125 pts=24 intervention=false warning=false braking=true lifecycle=released_verified_stop range=6.8707137 bearing=0.0 rss=11.365134
         1788690984.573  5140  5175 I AebsFrameSubscriber: onMessagesAvailable callback
         1788690984.573  5140  5175 I AebsFrameSubscriber: readNextMessages count=1
         1788690984.574  5140  5175 I MainActivity: onGatewayFrame: frame seq=1618 egoSpeed=5.662426 pts=24 intervention=false warning=false braking=true lifecycle=released_verified_stop range=6.165067 bearing=0.0 rss=11.790732
         1788690984.673  5140  5175 I AebsFrameSubscriber: onMessagesAvailable callback
         1788690984.674  5140  5175 I AebsFrameSubscriber: readNextMessages count=1
         1788690984.674  5140  5175 I MainActivity: onGatewayFrame: frame seq=1619 egoSpeed=5.8124075 pts=24 intervention=false warning=false braking=true lifecycle=released_verified_stop range=5.1661267 bearing=0.0 rss=12.224942
         1788690984.773  5140  5175 I AebsFrameSubscriber: onMessagesAvailable callback
         1788690984.773  5140  5175 I AebsFrameSubscriber: readNextMessages count=1
         1788690984.774  5140  5175 I MainActivity: onGatewayFrame: frame seq=1620 egoSpeed=5.9623513 pts=24 intervention=false warning=false braking=true lifecycle=released_verified_stop range=5.2512655 bearing=0.0 rss=12.665548
         1788690984.873  5140  5175 I AebsFrameSubscriber: onMessagesAvailable callback
         1788690984.873  5140  5175 I AebsFrameSubscriber: readNextMessages count=1
         1788690984.873  5140  5175 I MainActivity: onGatewayFrame: frame seq=1621 egoSpeed=6.112388 pts=24 intervention=false warning=false braking=true lifecycle=released_verified_stop range=4.3415084 bearing=0.0 rss=13.113356
         1788690984.973  5140  5175 I AebsFrameSubscriber: onMessagesAvailable callback
         1788690984.974  5140  5175 I AebsFrameSubscriber: readNextMessages count=1
         1788690984.974  5140  5175 I MainActivity: onGatewayFrame: frame seq=1622 egoSpeed=6.2624445 pts=24 intervention=false warning=false braking=true lifecycle=released_verified_stop range=4.4495263 bearing=0.0 rss=13.568305
         1788690985.073  5140  5175 I AebsFrameSubscriber: onMessagesAvailable callback
         1788690985.073  5140  5175 I AebsFrameSubscriber: readNextMessages count=1
         1788690985.074  5140  5175 I MainActivity: onGatewayFrame: frame seq=1623 egoSpeed=6.4123697 pts=24 intervention=false warning=false braking=true lifecycle=released_verified_stop range=3.3404891 bearing=0.0 rss=14.032303
         1788690985.173  5140  5175 I AebsFrameSubscriber: onMessagesAvailable callback
         1788690985.173  5140  5175 I AebsFrameSubscriber: readNextMessages count=1
         1788690985.174  5140  5175 I MainActivity: onGatewayFrame: frame seq=1624 egoSpeed=6.5561223 pts=24 intervention=false warning=false braking=true lifecycle=released_verified_stop range=3.428368 bearing=0.0 rss=14.500846
         1788690985.272  5140  5175 I AebsFrameSubscriber: onMessagesAvailable callback
         1788690985.273  5140  5175 I AebsFrameSubscriber: readNextMessages count=1
         1788690985.274  5140  5175 I MainActivity: onGatewayFrame: frame seq=1625 egoSpeed=6.6696057 pts=24 intervention=false warning=false braking=true lifecycle=released_verified_stop range=2.4341187 bearing=0.0 rss=14.916732
         1788690985.373  5140  5175 I AebsFrameSubscriber: onMessagesAvailable callback
         1788690985.374  5140  5175 I AebsFrameSubscriber: readNextMessages count=1
         1788690985.374  5140  5175 I MainActivity: onGatewayFrame: frame seq=1626 egoSpeed=6.7404976 pts=24 intervention=false warning=false braking=true lifecycle=released_verified_stop range=2.5186448 bearing=0.0 rss=15.217174
         1788690985.472  5140  5175 I AebsFrameSubscriber: onMessagesAvailable callback
         1788690985.473  5140  5175 I AebsFrameSubscriber: readNextMessages count=1
         1788690985.474  5140  5175 I MainActivity: onGatewayFrame: frame seq=1627 egoSpeed=6.770311 pts=24 intervention=false warning=false braking=true lifecycle=released_verified_stop range=1.4568212 bearing=0.0 rss=15.373432
         1788690985.573  5140  5175 I AebsFrameSubscriber: onMessagesAvailable callback
         1788690985.574  5140  5175 I AebsFrameSubscriber: readNextMessages count=1
         1788690985.574  5140  5175 I MainActivity: onGatewayFrame: frame seq=1628 egoSpeed=6.7812877 pts=24 intervention=false warning=false braking=true lifecycle=released_verified_stop range=0.46656924 bearing=0.0 rss=15.43219
         1788690985.673  5140  5175 I AebsFrameSubscriber: onMessagesAvailable callback
         1788690985.673  5140  5175 I AebsFrameSubscriber: readNextMessages count=1
         1788690985.674  5140  5175 I MainActivity: onGatewayFrame: frame seq=1629 egoSpeed=6.7853274 pts=24 intervention=false warning=false braking=true lifecycle=released_verified_stop range=0.55134577 bearing=0.0 rss=15.453827
         1788690985.773  5140  5175 I AebsFrameSubscriber: onMessagesAvailable callback
         1788690985.773  5140  5175 I AebsFrameSubscriber: readNextMessages count=1
         1788690985.774  5140  5175 I MainActivity: onGatewayFrame: frame seq=1630 egoSpeed=6.786813 pts=24 intervention=false warning=false braking=true lifecycle=released_verified_stop range=0.051033795 bearing=0.0 rss=15.4618025
         1788690985.873  5140  5175 I AebsFrameSubscriber: onMessagesAvailable callback
         1788690985.873  5140  5175 I AebsFrameSubscriber: readNextMessages count=1
         1788690985.873  5140  5175 I MainActivity: onGatewayFrame: frame seq=1631 egoSpeed=6.7873588 pts=24 intervention=false warning=false braking=true lifecycle=released_verified_stop range=0.055391107 bearing=0.0 rss=15.464729
         1788690985.973  5140  5175 I AebsFrameSubscriber: onMessagesAvailable callback
         1788690985.973  5140  5175 I AebsFrameSubscriber: readNextMessages count=1
         1788690985.974  5140  5175 I MainActivity: onGatewayFrame: frame seq=1632 egoSpeed=6.78756 pts=24 intervention=false warning=false braking=true lifecycle=released_verified_stop range=0.082480066 bearing=0.0 rss=15.465808
         1788690986.073  5140  5175 I AebsFrameSubscriber: onMessagesAvailable callback
         1788690986.073  5140  5175 I AebsFrameSubscriber: readNextMessages count=1
         1788690986.074  5140  5175 I MainActivity: onGatewayFrame: frame seq=1633 egoSpeed=6.787634 pts=24 intervention=false warning=false braking=true lifecycle=released_verified_stop range=0.0665769 bearing=0.0 rss=15.466206
         1788690986.173  5140  5175 I AebsFrameSubscriber: onMessagesAvailable callback
         1788690986.173  5140  5175 I AebsFrameSubscriber: readNextMessages count=1
         1788690986.173  5140  5175 I MainActivity: onGatewayFrame: frame seq=1634 egoSpeed=6.787661 pts=24 intervention=false warning=false braking=true lifecycle=released_verified_stop range=0.031042824 bearing=0.0 rss=15.466351
         1788690986.273  5140  5175 I AebsFrameSubscriber: onMessagesAvailable callback
         1788690986.273  5140  5175 I AebsFrameSubscriber: readNextMessages count=1
         1788690986.273  5140  5175 I MainActivity: onGatewayFrame: frame seq=1635 egoSpeed=6.787671 pts=24 intervention=false warning=false braking=true lifecycle=released_verified_stop range=0.03383844 bearing=0.0 rss=15.466405
         1788690986.373  5140  5175 I AebsFrameSubscriber: onMessagesAvailable callback
         1788690986.373  5140  5175 I AebsFrameSubscriber: readNextMessages count=1
         1788690986.373  5140  5175 I MainActivity: onGatewayFrame: frame seq=1636 egoSpeed=6.787675 pts=24 intervention=false warning=false braking=true lifecycle=released_verified_stop range=0.063006714 bearing=0.0 rss=15.466425
         1788690986.473  5140  5175 I AebsFrameSubscriber: onMessagesAvailable callback
         1788690986.473  5140  5175 I AebsFrameSubscriber: readNextMessages count=1
         1788690986.473  5140  5175 I MainActivity: onGatewayFrame: frame seq=1637 egoSpeed=6.787676 pts=24 intervention=false warning=false braking=true lifecycle=released_verified_stop range=0.052351415 bearing=0.0 rss=15.466432
         1788690986.572  5140  5175 I AebsFrameSubscriber: onMessagesAvailable callback
         1788690986.574  5140  5175 I AebsFrameSubscriber: readNextMessages count=1
         1788690986.574  5140  5175 I MainActivity: onGatewayFrame: frame seq=1638 egoSpeed=6.7876763 pts=24 intervention=false warning=false braking=true lifecycle=released_verified_stop range=0.052351415 bearing=0.0 rss=15.466432
         1788690986.791  5140  5175 I AebsFrameSubscriber: readNextMessages count=2
         1788690986.791  5140  5175 I MainActivity: onGatewayFrame: frame seq=1639 egoSpeed=6.787677 pts=24 intervention=false warning=false braking=true lifecycle=released_verified_stop range=0.052351415 bearing=0.0 rss=15.466432
         1788690986.791  5140  5175 I MainActivity: onGatewayFrame: frame seq=1640 egoSpeed=6.787677 pts=24 intervention=false warning=false braking=true lifecycle=released_verified_stop range=0.052351415 bearing=0.0 rss=15.466432
         1788690986.792  5140  5175 I AebsFrameSubscriber: onMessagesAvailable callback
         1788690986.792  5140  5175 I AebsFrameSubscriber: onMessagesAvailable callback
         1788690986.873  5140  5175 I AebsFrameSubscriber: onMessagesAvailable callback
         1788690986.873  5140  5175 I AebsFrameSubscriber: readNextMessages count=1
         1788690986.874  5140  5175 I MainActivity: onGatewayFrame: frame seq=1641 egoSpeed=6.787677 pts=24 intervention=false warning=false braking=true lifecycle=released_verified_stop range=0.052351415 bearing=0.0 rss=15.466432
         1788690986.973  5140  5175 I AebsFrameSubscriber: onMessagesAvailable callback
         1788690986.973  5140  5175 I AebsFrameSubscriber: readNextMessages count=1
         1788690986.973  5140  5175 I MainActivity: onGatewayFrame: frame seq=1642 egoSpeed=6.787677 pts=0 intervention=false warning=false braking=true lifecycle=released_verified_stop range=null bearing=null rss=15.466432
         1788690987.073  5140  5175 I AebsFrameSubscriber: onMessagesAvailable callback
         1788690987.074  5140  5175 I AebsFrameSubscriber: readNextMessages count=1
         1788690987.074  5140  5175 I MainActivity: onGatewayFrame: frame seq=1643 egoSpeed=6.787677 pts=0 intervention=false warning=false braking=true lifecycle=released_verified_stop range=null bearing=null rss=15.466432
         1788690987.173  5140  5175 I AebsFrameSubscriber: onMessagesAvailable callback
         1788690987.173  5140  5175 I AebsFrameSubscriber: readNextMessages count=1
         1788690987.173  5140  5175 I MainActivity: onGatewayFrame: frame seq=1644 egoSpeed=6.787677 pts=0 intervention=false warning=false braking=true lifecycle=released_verified_stop range=null bearing=null rss=15.466432
         1788690987.273  5140  5175 I AebsFrameSubscriber: onMessagesAvailable callback
         1788690987.274  5140  5175 I AebsFrameSubscriber: readNextMessages count=1
         1788690987.274  5140  5175 I MainActivity: onGatewayFrame: frame seq=1645 egoSpeed=6.787677 pts=0 intervention=false warning=false braking=true lifecycle=released_verified_stop range=null bearing=null rss=15.466432
         1788690987.373  5140  5175 I AebsFrameSubscriber: onMessagesAvailable callback
         1788690987.373  5140  5175 I AebsFrameSubscriber: readNextMessages count=1
         1788690987.373  5140  5175 I MainActivity: onGatewayFrame: frame seq=1646 egoSpeed=6.787677 pts=0 intervention=false warning=false braking=true lifecycle=released_verified_stop range=null bearing=null rss=15.466432
         1788690987.473  5140  5175 I AebsFrameSubscriber: onMessagesAvailable callback
         1788690987.473  5140  5175 I AebsFrameSubscriber: readNextMessages count=1
         1788690987.474  5140  5175 I MainActivity: onGatewayFrame: frame seq=1647 egoSpeed=6.787677 pts=0 intervention=false warning=false braking=true lifecycle=released_verified_stop range=null bearing=null rss=15.466432
         1788690987.572  5140  5175 I AebsFrameSubscriber: onMessagesAvailable callback
         1788690987.573  5140  5175 I AebsFrameSubscriber: readNextMessages count=1
         1788690987.573  5140  5175 I MainActivity: onGatewayFrame: frame seq=1648 egoSpeed=6.787677 pts=0 intervention=false warning=false braking=true lifecycle=released_verified_stop range=null bearing=null rss=15.466432
         1788690987.673  5140  5175 I AebsFrameSubscriber: onMessagesAvailable callback
         1788690987.674  5140  5175 I AebsFrameSubscriber: readNextMessages count=1
         1788690987.675  5140  5175 I MainActivity: onGatewayFrame: frame seq=1649 egoSpeed=6.787677 pts=0 intervention=false warning=false braking=true lifecycle=released_verified_stop range=null bearing=null rss=15.466432
         1788690987.773  5140  5175 I AebsFrameSubscriber: onMessagesAvailable callback
         1788690987.773  5140  5175 I AebsFrameSubscriber: readNextMessages count=1
         1788690987.774  5140  5175 I MainActivity: onGatewayFrame: frame seq=1650 egoSpeed=6.787677 pts=0 intervention=false warning=false braking=true lifecycle=released_verified_stop range=null bearing=null rss=15.466432
         1788690987.873  5140  5175 I AebsFrameSubscriber: onMessagesAvailable callback
         1788690987.873  5140  5175 I AebsFrameSubscriber: readNextMessages count=1
         1788690987.873  5140  5175 I MainActivity: onGatewayFrame: frame seq=1651 egoSpeed=6.787677 pts=0 intervention=false warning=false braking=true lifecycle=released_verified_stop range=null bearing=null rss=15.466432
         1788690987.973  5140  5175 I AebsFrameSubscriber: onMessagesAvailable callback
         1788690987.973  5140  5175 I AebsFrameSubscriber: readNextMessages count=1
         1788690987.974  5140  5175 I MainActivity: onGatewayFrame: frame seq=1652 egoSpeed=6.787677 pts=0 intervention=false warning=false braking=true lifecycle=released_verified_stop range=null bearing=null rss=15.466432
         1788690988.073  5140  5175 I AebsFrameSubscriber: onMessagesAvailable callback
         1788690988.073  5140  5175 I AebsFrameSubscriber: readNextMessages count=1
         1788690988.074  5140  5175 I MainActivity: onGatewayFrame: frame seq=1653 egoSpeed=6.787677 pts=0 intervention=false warning=false braking=true lifecycle=released_verified_stop range=null bearing=null rss=15.466432
         1788690988.173  5140  5175 I AebsFrameSubscriber: onMessagesAvailable callback
         1788690988.173  5140  5175 I AebsFrameSubscriber: readNextMessages count=1
         1788690988.173  5140  5175 I MainActivity: onGatewayFrame: frame seq=1654 egoSpeed=6.787677 pts=0 intervention=false warning=false braking=true lifecycle=released_verified_stop range=null bearing=null rss=15.466432
         1788690988.272  5140  5175 I AebsFrameSubscriber: onMessagesAvailable callback
         1788690988.273  5140  5175 I AebsFrameSubscriber: readNextMessages count=1
         1788690988.273  5140  5175 I MainActivity: onGatewayFrame: frame seq=1655 egoSpeed=6.787677 pts=0 intervention=false warning=false braking=true lifecycle=released_verified_stop range=null bearing=null rss=15.466432
         1788690988.372  5140  5175 I AebsFrameSubscriber: onMessagesAvailable callback
         1788690988.373  5140  5175 I AebsFrameSubscriber: readNextMessages count=1
         1788690988.373  5140  5175 I MainActivity: onGatewayFrame: frame seq=1656 egoSpeed=6.787677 pts=0 intervention=false warning=false braking=true lifecycle=released_verified_stop range=null bearing=null rss=15.466432
         1788690988.473  5140  5175 I AebsFrameSubscriber: onMessagesAvailable callback
         1788690988.473  5140  5175 I AebsFrameSubscriber: readNextMessages count=1
         1788690988.474  5140  5175 I MainActivity: onGatewayFrame: frame seq=1657 egoSpeed=6.787677 pts=0 intervention=false warning=false braking=true lifecycle=released_verified_stop range=null bearing=null rss=15.466432
         1788690988.572  5140  5175 I AebsFrameSubscriber: onMessagesAvailable callback
         1788690988.573  5140  5175 I AebsFrameSubscriber: readNextMessages count=1
         1788690988.573  5140  5175 I MainActivity: onGatewayFrame: frame seq=1658 egoSpeed=6.787677 pts=0 intervention=false warning=false braking=true lifecycle=released_verified_stop range=null bearing=null rss=15.466432
         1788690988.673  5140  5175 I AebsFrameSubscriber: onMessagesAvailable callback
         1788690988.674  5140  5175 I AebsFrameSubscriber: readNextMessages count=1
         1788690988.674  5140  5175 I MainActivity: onGatewayFrame: frame seq=1659 egoSpeed=6.787677 pts=0 intervention=false warning=false braking=true lifecycle=released_verified_stop range=null bearing=null rss=15.466432
         1788690988.772  5140  5175 I AebsFrameSubscriber: onMessagesAvailable callback
         1788690988.773  5140  5175 I AebsFrameSubscriber: readNextMessages count=1
         1788690988.773  5140  5175 I MainActivity: onGatewayFrame: frame seq=1660 egoSpeed=6.787677 pts=0 intervention=false warning=false braking=true lifecycle=released_verified_stop range=null bearing=null rss=15.466432
         1788690988.873  5140  5175 I AebsFrameSubscriber: onMessagesAvailable callback
         1788690988.874  5140  5175 I AebsFrameSubscriber: readNextMessages count=1
         1788690988.874  5140  5175 I MainActivity: onGatewayFrame: frame seq=1661 egoSpeed=6.787677 pts=0 intervention=false warning=false braking=true lifecycle=released_verified_stop range=null bearing=null rss=15.466432
         1788690988.972  5140  5175 I AebsFrameSubscriber: onMessagesAvailable callback
         1788690988.973  5140  5175 I AebsFrameSubscriber: readNextMessages count=1
         1788690988.973  5140  5175 I MainActivity: onGatewayFrame: frame seq=1662 egoSpeed=6.787677 pts=0 intervention=false warning=false braking=true lifecycle=released_verified_stop range=null bearing=null rss=15.466432
         1788690989.073  5140  5175 I AebsFrameSubscriber: onMessagesAvailable callback
         1788690989.074  5140  5175 I AebsFrameSubscriber: readNextMessages count=1
         1788690989.074  5140  5175 I MainActivity: onGatewayFrame: frame seq=1663 egoSpeed=6.787677 pts=0 intervention=false warning=false braking=true lifecycle=released_verified_stop range=null bearing=null rss=15.466432
         1788690989.173  5140  5175 I AebsFrameSubscriber: onMessagesAvailable callback
         1788690989.173  5140  5175 I AebsFrameSubscriber: readNextMessages count=1
         1788690989.173  5140  5175 I MainActivity: onGatewayFrame: frame seq=1664 egoSpeed=6.787677 pts=0 intervention=false warning=false braking=true lifecycle=released_verified_stop range=null bearing=null rss=15.466432
         1788690989.272  5140  5175 I AebsFrameSubscriber: onMessagesAvailable callback
         1788690989.273  5140  5175 I AebsFrameSubscriber: readNextMessages count=1
         1788690989.273  5140  5175 I MainActivity: onGatewayFrame: frame seq=1665 egoSpeed=6.787677 pts=0 intervention=false warning=false braking=true lifecycle=released_verified_stop range=null bearing=null rss=15.466432
         1788690989.372  5140  5175 I AebsFrameSubscriber: onMessagesAvailable callback
         1788690989.373  5140  5175 I AebsFrameSubscriber: readNextMessages count=1
         1788690989.373  5140  5175 I MainActivity: onGatewayFrame: frame seq=1666 egoSpeed=6.787677 pts=0 intervention=false warning=false braking=true lifecycle=released_verified_stop range=null bearing=null rss=15.466432
         1788690989.472  5140  5175 I AebsFrameSubscriber: onMessagesAvailable callback
         1788690989.473  5140  5175 I AebsFrameSubscriber: readNextMessages count=1
         1788690989.473  5140  5175 I MainActivity: onGatewayFrame: frame seq=1667 egoSpeed=6.787677 pts=0 intervention=false warning=false braking=true lifecycle=released_verified_stop range=null bearing=null rss=15.466432
         1788690989.572  5140  5175 I AebsFrameSubscriber: onMessagesAvailable callback
         1788690989.573  5140  5175 I AebsFrameSubscriber: readNextMessages count=1
         1788690989.573  5140  5175 I MainActivity: onGatewayFrame: frame seq=1668 egoSpeed=6.787677 pts=0 intervention=false warning=false braking=true lifecycle=released_verified_stop range=null bearing=null rss=15.466432
         1788690989.672  5140  5175 I AebsFrameSubscriber: onMessagesAvailable callback
         1788690989.673  5140  5175 I AebsFrameSubscriber: readNextMessages count=1
         1788690989.673  5140  5175 I MainActivity: onGatewayFrame: frame seq=1669 egoSpeed=6.787677 pts=0 intervention=false warning=false braking=true lifecycle=released_verified_stop range=null bearing=null rss=15.466432
         1788690989.772  5140  5175 I AebsFrameSubscriber: onMessagesAvailable callback
         1788690989.773  5140  5175 I AebsFrameSubscriber: readNextMessages count=1
         1788690989.773  5140  5175 I MainActivity: onGatewayFrame: frame seq=1670 egoSpeed=6.787677 pts=0 intervention=false warning=false braking=true lifecycle=released_verified_stop range=null bearing=null rss=15.466432
         1788690989.872  5140  5175 I AebsFrameSubscriber: onMessagesAvailable callback
         1788690989.873  5140  5175 I AebsFrameSubscriber: readNextMessages count=1
         1788690989.874  5140  5175 I MainActivity: onGatewayFrame: frame seq=1671 egoSpeed=6.787677 pts=0 intervention=false warning=false braking=true lifecycle=released_verified_stop range=null bearing=null rss=15.466432
         1788690989.972  5140  5175 I AebsFrameSubscriber: onMessagesAvailable callback
         1788690989.973  5140  5175 I AebsFrameSubscriber: readNextMessages count=1
         1788690989.973  5140  5175 I MainActivity: onGatewayFrame: frame seq=1672 egoSpeed=6.787677 pts=0 intervention=false warning=false braking=true lifecycle=released_verified_stop range=null bearing=null rss=15.466432
         1788690990.072  5140  5175 I AebsFrameSubscriber: onMessagesAvailable callback
         1788690990.073  5140  5175 I AebsFrameSubscriber: readNextMessages count=1
         1788690990.073  5140  5175 I MainActivity: onGatewayFrame: frame seq=1673 egoSpeed=6.787677 pts=0 intervention=false warning=false braking=true lifecycle=released_verified_stop range=null bearing=null rss=15.466432
         1788690990.173  5140  5175 I AebsFrameSubscriber: onMessagesAvailable callback
         1788690990.173  5140  5175 I AebsFrameSubscriber: readNextMessages count=1
         1788690990.173  5140  5175 I MainActivity: onGatewayFrame: frame seq=1674 egoSpeed=6.787677 pts=0 intervention=false warning=false braking=true lifecycle=released_verified_stop range=null bearing=null rss=15.466432
         1788690990.272  5140  5175 I AebsFrameSubscriber: onMessagesAvailable callback
         1788690990.273  5140  5175 I AebsFrameSubscriber: readNextMessages count=1
         1788690990.273  5140  5175 I MainActivity: onGatewayFrame: frame seq=1675 egoSpeed=6.787677 pts=0 intervention=false warning=false braking=true lifecycle=released_verified_stop range=null bearing=null rss=15.466432
         1788690990.372  5140  5175 I AebsFrameSubscriber: onMessagesAvailable callback
         1788690990.373  5140  5175 I AebsFrameSubscriber: readNextMessages count=1
         1788690990.373  5140  5175 I MainActivity: onGatewayFrame: frame seq=1676 egoSpeed=6.787677 pts=0 intervention=false warning=false braking=true lifecycle=released_verified_stop range=null bearing=null rss=15.466432
         1788690990.472  5140  5175 I AebsFrameSubscriber: onMessagesAvailable callback
         1788690990.472  5140  5175 I AebsFrameSubscriber: readNextMessages count=1
         1788690990.473  5140  5175 I MainActivity: onGatewayFrame: frame seq=1677 egoSpeed=6.787677 pts=0 intervention=false warning=false braking=true lifecycle=released_verified_stop range=null bearing=null rss=15.466432
         1788690990.682  5140  5175 I AebsFrameSubscriber: readNextMessages count=2
         1788690990.682  5140  5175 I MainActivity: onGatewayFrame: frame seq=1678 egoSpeed=6.787677 pts=0 intervention=false warning=false braking=true lifecycle=released_verified_stop range=null bearing=null rss=15.466432
         1788690990.682  5140  5175 I MainActivity: onGatewayFrame: frame seq=1679 egoSpeed=6.787677 pts=0 intervention=false warning=false braking=true lifecycle=released_verified_stop range=null bearing=null rss=15.466432
         1788690990.682  5140  5175 I AebsFrameSubscriber: onMessagesAvailable callback
         1788690990.682  5140  5175 I AebsFrameSubscriber: onMessagesAvailable callback
         1788690990.772  5140  5175 I AebsFrameSubscriber: onMessagesAvailable callback
         1788690990.773  5140  5175 I AebsFrameSubscriber: readNextMessages count=1
         1788690990.773  5140  5175 I MainActivity: onGatewayFrame: frame seq=1680 egoSpeed=6.787677 pts=0 intervention=false warning=false braking=true lifecycle=released_verified_stop range=null bearing=null rss=15.466432
         1788690990.872  5140  5175 I AebsFrameSubscriber: onMessagesAvailable callback
         1788690990.873  5140  5175 I AebsFrameSubscriber: readNextMessages count=1
         1788690990.873  5140  5175 I MainActivity: onGatewayFrame: frame seq=1681 egoSpeed=6.787677 pts=0 intervention=false warning=false braking=true lifecycle=released_verified_stop range=null bearing=null rss=15.466432
         1788690990.972  5140  5175 I AebsFrameSubscriber: onMessagesAvailable callback
         1788690990.973  5140  5175 I AebsFrameSubscriber: readNextMessages count=1
         1788690990.976  5140  5175 I MainActivity: onGatewayFrame: frame seq=1682 egoSpeed=6.787677 pts=0 intervention=false warning=false braking=true lifecycle=released_verified_stop range=null bearing=null rss=15.466432
         1788690991.072  5140  5175 I AebsFrameSubscriber: onMessagesAvailable callback
         1788690991.073  5140  5175 I AebsFrameSubscriber: readNextMessages count=1
         1788690991.073  5140  5175 I MainActivity: onGatewayFrame: frame seq=1683 egoSpeed=6.787677 pts=0 intervention=false warning=false braking=true lifecycle=released_verified_stop range=null bearing=null rss=15.466432
         1788690991.172  5140  5175 I AebsFrameSubscriber: onMessagesAvailable callback
         1788690991.173  5140  5175 I AebsFrameSubscriber: readNextMessages count=1
         1788690991.173  5140  5175 I MainActivity: onGatewayFrame: frame seq=1684 egoSpeed=6.787677 pts=0 intervention=false warning=false braking=true lifecycle=released_verified_stop range=null bearing=null rss=15.466432
         1788690991.272  5140  5175 I AebsFrameSubscriber: onMessagesAvailable callback
         1788690991.273  5140  5175 I AebsFrameSubscriber: readNextMessages count=1
         1788690991.273  5140  5175 I MainActivity: onGatewayFrame: frame seq=1685 egoSpeed=6.787677 pts=0 intervention=false warning=false braking=true lifecycle=released_verified_stop range=null bearing=null rss=15.466432
         1788690991.372  5140  5175 I AebsFrameSubscriber: onMessagesAvailable callback
         1788690991.373  5140  5175 I AebsFrameSubscriber: readNextMessages count=1
         1788690991.373  5140  5175 I MainActivity: onGatewayFrame: frame seq=1686 egoSpeed=6.787677 pts=0 intervention=false warning=false braking=true lifecycle=released_verified_stop range=null bearing=null rss=15.466432
         1788690991.472  5140  5175 I AebsFrameSubscriber: onMessagesAvailable callback
         1788690991.473  5140  5175 I AebsFrameSubscriber: readNextMessages count=1
         1788690991.473  5140  5175 I MainActivity: onGatewayFrame: frame seq=1687 egoSpeed=6.787677 pts=0 intervention=false warning=false braking=true lifecycle=released_verified_stop range=null bearing=null rss=15.466432
         1788690991.572  5140  5175 I AebsFrameSubscriber: onMessagesAvailable callback
         1788690991.572  5140  5175 I AebsFrameSubscriber: readNextMessages count=1
         1788690991.573  5140  5175 I MainActivity: onGatewayFrame: frame seq=1688 egoSpeed=6.787677 pts=0 intervention=false warning=false braking=true lifecycle=released_verified_stop range=null bearing=null rss=15.466432
         1788690991.672  5140  5175 I AebsFrameSubscriber: onMessagesAvailable callback
         1788690991.672  5140  5175 I AebsFrameSubscriber: readNextMessages count=1
         1788690991.673  5140  5175 I MainActivity: onGatewayFrame: frame seq=1689 egoSpeed=6.787677 pts=0 intervention=false warning=false braking=true lifecycle=released_verified_stop range=null bearing=null rss=15.466432
         1788690991.772  5140  5175 I AebsFrameSubscriber: onMessagesAvailable callback
         1788690991.773  5140  5175 I AebsFrameSubscriber: readNextMessages count=1
         1788690991.773  5140  5175 I MainActivity: onGatewayFrame: frame seq=1690 egoSpeed=6.787677 pts=0 intervention=false warning=false braking=true lifecycle=released_verified_stop range=null bearing=null rss=15.466432
         1788690991.872  5140  5175 I AebsFrameSubscriber: onMessagesAvailable callback
         1788690991.873  5140  5175 I AebsFrameSubscriber: readNextMessages count=1
         1788690991.873  5140  5175 I MainActivity: onGatewayFrame: frame seq=1691 egoSpeed=6.787677 pts=0 intervention=false warning=false braking=true lifecycle=released_verified_stop range=null bearing=null rss=15.466432
         1788690991.972  5140  5175 I AebsFrameSubscriber: onMessagesAvailable callback
         1788690991.972  5140  5175 I AebsFrameSubscriber: readNextMessages count=1
         1788690991.973  5140  5175 I MainActivity: onGatewayFrame: frame seq=1692 egoSpeed=6.787677 pts=0 intervention=false warning=false braking=true lifecycle=released_verified_stop range=null bearing=null rss=15.466432
         1788690992.072  5140  5175 I AebsFrameSubscriber: onMessagesAvailable callback
         1788690992.072  5140  5175 I AebsFrameSubscriber: readNextMessages count=1
         1788690992.072  5140  5175 I MainActivity: onGatewayFrame: frame seq=1693 egoSpeed=6.787677 pts=0 intervention=false warning=false braking=true lifecycle=released_verified_stop range=null bearing=null rss=15.466432
         1788690992.172  5140  5175 I AebsFrameSubscriber: onMessagesAvailable callback
         1788690992.173  5140  5175 I AebsFrameSubscriber: readNextMessages count=1
         1788690992.173  5140  5175 I MainActivity: onGatewayFrame: frame seq=1694 egoSpeed=6.787677 pts=0 intervention=false warning=false braking=true lifecycle=released_verified_stop range=null bearing=null rss=15.466432
         1788690992.272  5140  5175 I AebsFrameSubscriber: onMessagesAvailable callback
         1788690992.272  5140  5175 I AebsFrameSubscriber: readNextMessages count=1
         1788690992.272  5140  5175 I MainActivity: onGatewayFrame: frame seq=1695 egoSpeed=6.787677 pts=0 intervention=false warning=false braking=true lifecycle=released_verified_stop range=null bearing=null rss=15.466432
         1788690992.372  5140  5175 I AebsFrameSubscriber: onMessagesAvailable callback
         1788690992.372  5140  5175 I AebsFrameSubscriber: readNextMessages count=1
         1788690992.372  5140  5175 I MainActivity: onGatewayFrame: frame seq=1696 egoSpeed=6.787677 pts=0 intervention=false warning=false braking=true lifecycle=released_verified_stop range=null bearing=null rss=15.466432
         1788690992.472  5140  5175 I AebsFrameSubscriber: onMessagesAvailable callback
         1788690992.472  5140  5175 I AebsFrameSubscriber: readNextMessages count=1
         1788690992.472  5140  5175 I MainActivity: onGatewayFrame: frame seq=1697 egoSpeed=6.787677 pts=0 intervention=false warning=false braking=true lifecycle=released_verified_stop range=null bearing=null rss=15.466432
         1788690992.572  5140  5175 I AebsFrameSubscriber: onMessagesAvailable callback
         1788690992.573  5140  5175 I AebsFrameSubscriber: readNextMessages count=1
         1788690992.573  5140  5175 I MainActivity: onGatewayFrame: frame seq=1698 egoSpeed=6.787677 pts=0 intervention=false warning=false braking=true lifecycle=released_verified_stop range=null bearing=null rss=15.466432
         1788690992.672  5140  5175 I AebsFrameSubscriber: onMessagesAvailable callback
         1788690992.673  5140  5175 I AebsFrameSubscriber: readNextMessages count=1
         1788690992.673  5140  5175 I MainActivity: onGatewayFrame: frame seq=1699 egoSpeed=6.787677 pts=0 intervention=false warning=false braking=true lifecycle=released_verified_stop range=null bearing=null rss=15.466432
         1788690992.772  5140  5175 I AebsFrameSubscriber: onMessagesAvailable callback
         1788690992.773  5140  5175 I AebsFrameSubscriber: readNextMessages count=1
         1788690992.773  5140  5175 I MainActivity: onGatewayFrame: frame seq=1700 egoSpeed=6.787677 pts=0 intervention=false warning=false braking=true lifecycle=released_verified_stop range=null bearing=null rss=15.466432
         1788690992.872  5140  5175 I AebsFrameSubscriber: onMessagesAvailable callback
         1788690992.872  5140  5175 I AebsFrameSubscriber: readNextMessages count=1
         1788690992.872  5140  5175 I MainActivity: onGatewayFrame: frame seq=1701 egoSpeed=6.787677 pts=0 intervention=false warning=false braking=true lifecycle=released_verified_stop range=null bearing=null rss=15.466432
         1788690992.972  5140  5175 I AebsFrameSubscriber: onMessagesAvailable callback
         1788690992.972  5140  5175 I AebsFrameSubscriber: readNextMessages count=1
         1788690992.972  5140  5175 I MainActivity: onGatewayFrame: frame seq=1702 egoSpeed=6.787677 pts=0 intervention=false warning=false braking=true lifecycle=released_verified_stop range=null bearing=null rss=15.466432
         1788690993.072  5140  5175 I AebsFrameSubscriber: onMessagesAvailable callback
         1788690993.072  5140  5175 I AebsFrameSubscriber: readNextMessages count=1
         1788690993.072  5140  5175 I MainActivity: onGatewayFrame: frame seq=1703 egoSpeed=6.787677 pts=0 intervention=false warning=false braking=true lifecycle=released_verified_stop range=null bearing=null rss=15.466432
         1788690993.172  5140  5175 I AebsFrameSubscriber: onMessagesAvailable callback
         1788690993.173  5140  5175 I AebsFrameSubscriber: readNextMessages count=1
         1788690993.173  5140  5175 I MainActivity: onGatewayFrame: frame seq=1704 egoSpeed=6.787677 pts=0 intervention=false warning=false braking=true lifecycle=released_verified_stop range=null bearing=null rss=15.466432
         1788690993.272  5140  5175 I AebsFrameSubscriber: onMessagesAvailable callback
         1788690993.272  5140  5175 I AebsFrameSubscriber: readNextMessages count=1
         1788690993.272  5140  5175 I MainActivity: onGatewayFrame: frame seq=1705 egoSpeed=6.787677 pts=0 intervention=false warning=false braking=true lifecycle=released_verified_stop range=null bearing=null rss=15.466432
         1788690993.372  5140  5175 I AebsFrameSubscriber: onMessagesAvailable callback
         1788690993.372  5140  5175 I AebsFrameSubscriber: readNextMessages count=1
         1788690993.372  5140  5175 I MainActivity: onGatewayFrame: frame seq=1706 egoSpeed=6.787677 pts=0 intervention=false warning=false braking=true lifecycle=released_verified_stop range=null bearing=null rss=15.466432
         1788690993.472  5140  5175 I AebsFrameSubscriber: onMessagesAvailable callback
         1788690993.472  5140  5175 I AebsFrameSubscriber: readNextMessages count=1
         1788690993.472  5140  5175 I MainActivity: onGatewayFrame: frame seq=1707 egoSpeed=6.787677 pts=0 intervention=false warning=false braking=true lifecycle=released_verified_stop range=null bearing=null rss=15.466432
         1788690993.572  5140  5175 I AebsFrameSubscriber: onMessagesAvailable callback
         1788690993.572  5140  5175 I AebsFrameSubscriber: readNextMessages count=1
         1788690993.572  5140  5175 I MainActivity: onGatewayFrame: frame seq=1708 egoSpeed=6.787677 pts=0 intervention=false warning=false braking=true lifecycle=released_verified_stop range=null bearing=null rss=15.466432
         1788690993.672  5140  5175 I AebsFrameSubscriber: onMessagesAvailable callback
         1788690993.672  5140  5175 I AebsFrameSubscriber: readNextMessages count=1
         1788690993.672  5140  5175 I MainActivity: onGatewayFrame: frame seq=1709 egoSpeed=6.787677 pts=0 intervention=false warning=false braking=true lifecycle=released_verified_stop range=null bearing=null rss=15.466432
         1788690993.772  5140  5175 I AebsFrameSubscriber: onMessagesAvailable callback
         1788690993.772  5140  5175 I AebsFrameSubscriber: readNextMessages count=1
         1788690993.772  5140  5175 I MainActivity: onGatewayFrame: frame seq=1710 egoSpeed=6.787677 pts=0 intervention=false warning=false braking=true lifecycle=released_verified_stop range=null bearing=null rss=15.466432
         1788690993.872  5140  5175 I AebsFrameSubscriber: onMessagesAvailable callback
         1788690993.872  5140  5175 I AebsFrameSubscriber: readNextMessages count=1
         1788690993.872  5140  5175 I MainActivity: onGatewayFrame: frame seq=1711 egoSpeed=6.787677 pts=0 intervention=false warning=false braking=true lifecycle=released_verified_stop range=null bearing=null rss=15.466432
         1788690993.972  5140  5175 I AebsFrameSubscriber: onMessagesAvailable callback
         1788690993.972  5140  5175 I AebsFrameSubscriber: readNextMessages count=1
         1788690993.972  5140  5175 I MainActivity: onGatewayFrame: frame seq=1712 egoSpeed=6.787677 pts=0 intervention=false warning=false braking=true lifecycle=released_verified_stop range=null bearing=null rss=15.466432
         1788690994.072  5140  5175 I AebsFrameSubscriber: onMessagesAvailable callback
         1788690994.072  5140  5175 I AebsFrameSubscriber: readNextMessages count=1
         1788690994.072  5140  5175 I MainActivity: onGatewayFrame: frame seq=1713 egoSpeed=6.787677 pts=0 intervention=false warning=false braking=true lifecycle=released_verified_stop range=null bearing=null rss=15.466432
         1788690994.172  5140  5175 I AebsFrameSubscriber: onMessagesAvailable callback
         1788690994.172  5140  5175 I AebsFrameSubscriber: readNextMessages count=1
         1788690994.172  5140  5175 I MainActivity: onGatewayFrame: frame seq=1714 egoSpeed=6.787677 pts=0 intervention=false warning=false braking=true lifecycle=released_verified_stop range=null bearing=null rss=15.466432
         1788690994.272  5140  5175 I AebsFrameSubscriber: onMessagesAvailable callback
         1788690994.272  5140  5175 I AebsFrameSubscriber: readNextMessages count=1
         1788690994.272  5140  5175 I MainActivity: onGatewayFrame: frame seq=1715 egoSpeed=6.787677 pts=0 intervention=false warning=false braking=true lifecycle=released_verified_stop range=null bearing=null rss=15.466432
         1788690994.372  5140  5175 I AebsFrameSubscriber: onMessagesAvailable callback
         1788690994.372  5140  5175 I AebsFrameSubscriber: readNextMessages count=1
         1788690994.372  5140  5175 I MainActivity: onGatewayFrame: frame seq=1716 egoSpeed=6.787677 pts=0 intervention=false warning=false braking=true lifecycle=released_verified_stop range=null bearing=null rss=15.466432
         1788690994.472  5140  5175 I AebsFrameSubscriber: onMessagesAvailable callback
         1788690994.472  5140  5175 I AebsFrameSubscriber: readNextMessages count=1
         1788690994.472  5140  5175 I MainActivity: onGatewayFrame: frame seq=1717 egoSpeed=6.787677 pts=0 intervention=false warning=false braking=true lifecycle=released_verified_stop range=null bearing=null rss=15.466432
         1788690994.595  5140  5175 I AebsFrameSubscriber: readNextMessages count=1
         1788690994.595  5140  5175 I MainActivity: onGatewayFrame: frame seq=1718 egoSpeed=6.787677 pts=0 intervention=false warning=false braking=true lifecycle=released_verified_stop range=null bearing=null rss=15.466432
         1788690994.595  5140  5175 I AebsFrameSubscriber: onMessagesAvailable callback
         1788690994.672  5140  5175 I AebsFrameSubscriber: onMessagesAvailable callback
         1788690994.672  5140  5175 I AebsFrameSubscriber: readNextMessages count=1
         1788690994.672  5140  5175 I MainActivity: onGatewayFrame: frame seq=1719 egoSpeed=6.787677 pts=0 intervention=false warning=false braking=true lifecycle=released_verified_stop range=null bearing=null rss=15.466432
         1788690994.772  5140  5175 I AebsFrameSubscriber: onMessagesAvailable callback
         1788690994.772  5140  5175 I AebsFrameSubscriber: readNextMessages count=1
         1788690994.772  5140  5175 I MainActivity: onGatewayFrame: frame seq=1720 egoSpeed=6.787677 pts=0 intervention=false warning=false braking=true lifecycle=released_verified_stop range=null bearing=null rss=15.466432
         1788690994.872  5140  5175 I AebsFrameSubscriber: onMessagesAvailable callback
         1788690994.872  5140  5175 I AebsFrameSubscriber: readNextMessages count=1
         1788690994.872  5140  5175 I MainActivity: onGatewayFrame: frame seq=1721 egoSpeed=6.787677 pts=0 intervention=false warning=false braking=true lifecycle=released_verified_stop range=null bearing=null rss=15.466432
         1788690994.972  5140  5175 I AebsFrameSubscriber: onMessagesAvailable callback
         1788690994.972  5140  5175 I AebsFrameSubscriber: readNextMessages count=1
         1788690994.973  5140  5175 I MainActivity: onGatewayFrame: frame seq=1722 egoSpeed=6.787677 pts=0 intervention=false warning=false braking=true lifecycle=released_verified_stop range=null bearing=null rss=15.466432
         1788690995.072  5140  5175 I AebsFrameSubscriber: onMessagesAvailable callback
         1788690995.072  5140  5175 I AebsFrameSubscriber: readNextMessages count=1
         1788690995.072  5140  5175 I MainActivity: onGatewayFrame: frame seq=1723 egoSpeed=6.787677 pts=0 intervention=false warning=false braking=true lifecycle=released_verified_stop range=null bearing=null rss=15.466432
         1788690995.172  5140  5175 I AebsFrameSubscriber: onMessagesAvailable callback
         1788690995.172  5140  5175 I AebsFrameSubscriber: readNextMessages count=1
         1788690995.172  5140  5175 I MainActivity: onGatewayFrame: frame seq=1724 egoSpeed=6.787677 pts=0 intervention=false warning=false braking=true lifecycle=released_verified_stop range=null bearing=null rss=15.466432
         1788690995.272  5140  5175 I AebsFrameSubscriber: onMessagesAvailable callback
         1788690995.272  5140  5175 I AebsFrameSubscriber: readNextMessages count=1
         1788690995.273  5140  5175 I MainActivity: onGatewayFrame: frame seq=1725 egoSpeed=6.787677 pts=0 intervention=false warning=false braking=true lifecycle=released_verified_stop range=null bearing=null rss=15.466432
         1788690995.371  5140  5175 I AebsFrameSubscriber: onMessagesAvailable callback
         1788690995.372  5140  5175 I AebsFrameSubscriber: readNextMessages count=1
         1788690995.372  5140  5175 I MainActivity: onGatewayFrame: frame seq=1726 egoSpeed=6.787677 pts=0 intervention=false warning=false braking=true lifecycle=released_verified_stop range=null bearing=null rss=15.466432
         1788690995.471  5140  5175 I AebsFrameSubscriber: onMessagesAvailable callback
         1788690995.472  5140  5175 I AebsFrameSubscriber: readNextMessages count=1
         1788690995.472  5140  5175 I MainActivity: onGatewayFrame: frame seq=1727 egoSpeed=6.787677 pts=0 intervention=false warning=false braking=true lifecycle=released_verified_stop range=null bearing=null rss=15.466432
         1788690995.572  5140  5175 I AebsFrameSubscriber: onMessagesAvailable callback
         1788690995.572  5140  5175 I AebsFrameSubscriber: readNextMessages count=1
         1788690995.572  5140  5175 I MainActivity: onGatewayFrame: frame seq=1728 egoSpeed=6.787677 pts=0 intervention=false warning=false braking=true lifecycle=released_verified_stop range=null bearing=null rss=15.466432
         1788690995.671  5140  5175 I AebsFrameSubscriber: onMessagesAvailable callback
         1788690995.672  5140  5175 I AebsFrameSubscriber: readNextMessages count=1
         1788690995.672  5140  5175 I MainActivity: onGatewayFrame: frame seq=1729 egoSpeed=6.787677 pts=0 intervention=false warning=false braking=true lifecycle=released_verified_stop range=null bearing=null rss=15.466432
         1788690995.771  5140  5175 I AebsFrameSubscriber: onMessagesAvailable callback
         1788690995.772  5140  5175 I AebsFrameSubscriber: readNextMessages count=1
         1788690995.772  5140  5175 I MainActivity: onGatewayFrame: frame seq=1730 egoSpeed=6.787677 pts=0 intervention=false warning=false braking=true lifecycle=released_verified_stop range=null bearing=null rss=15.466432
         1788690995.871  5140  5175 I AebsFrameSubscriber: onMessagesAvailable callback
         1788690995.872  5140  5175 I AebsFrameSubscriber: readNextMessages count=1
         1788690995.872  5140  5175 I MainActivity: onGatewayFrame: frame seq=1731 egoSpeed=6.787677 pts=0 intervention=false warning=false braking=true lifecycle=released_verified_stop range=null bearing=null rss=15.466432
         1788690995.972  5140  5175 I AebsFrameSubscriber: onMessagesAvailable callback
         1788690995.972  5140  5175 I AebsFrameSubscriber: readNextMessages count=1
         1788690995.972  5140  5175 I MainActivity: onGatewayFrame: frame seq=1732 egoSpeed=6.787677 pts=0 intervention=false warning=false braking=true lifecycle=released_verified_stop range=null bearing=null rss=15.466432
         1788690996.071  5140  5175 I AebsFrameSubscriber: onMessagesAvailable callback
         1788690996.072  5140  5175 I AebsFrameSubscriber: readNextMessages count=1
         1788690996.072  5140  5175 I MainActivity: onGatewayFrame: frame seq=1733 egoSpeed=6.787677 pts=0 intervention=false warning=false braking=true lifecycle=released_verified_stop range=null bearing=null rss=15.466432
         1788690996.172  5140  5175 I AebsFrameSubscriber: onMessagesAvailable callback
         1788690996.172  5140  5175 I AebsFrameSubscriber: readNextMessages count=1
         1788690996.172  5140  5175 I MainActivity: onGatewayFrame: frame seq=1734 egoSpeed=6.787677 pts=0 intervention=false warning=false braking=true lifecycle=released_verified_stop range=null bearing=null rss=15.466432
         1788690996.272  5140  5175 I AebsFrameSubscriber: onMessagesAvailable callback
         1788690996.272  5140  5175 I AebsFrameSubscriber: readNextMessages count=1
         1788690996.272  5140  5175 I MainActivity: onGatewayFrame: frame seq=1735 egoSpeed=6.787677 pts=0 intervention=false warning=false braking=true lifecycle=released_verified_stop range=null bearing=null rss=15.466432
         1788690996.372  5140  5175 I AebsFrameSubscriber: onMessagesAvailable callback
         1788690996.372  5140  5175 I AebsFrameSubscriber: readNextMessages count=1
         1788690996.372  5140  5175 I MainActivity: onGatewayFrame: frame seq=1736 egoSpeed=6.787677 pts=0 intervention=false warning=false braking=true lifecycle=released_verified_stop range=null bearing=null rss=15.466432
         1788690996.472  5140  5175 I AebsFrameSubscriber: onMessagesAvailable callback
         1788690996.472  5140  5175 I AebsFrameSubscriber: readNextMessages count=1
         1788690996.472  5140  5175 I MainActivity: onGatewayFrame: frame seq=1737 egoSpeed=6.787677 pts=0 intervention=false warning=false braking=true lifecycle=released_verified_stop range=null bearing=null rss=15.466432
         1788690996.571  5140  5175 I AebsFrameSubscriber: onMessagesAvailable callback
         1788690996.572  5140  5175 I AebsFrameSubscriber: readNextMessages count=1
         1788690996.572  5140  5175 I MainActivity: onGatewayFrame: frame seq=1738 egoSpeed=6.787677 pts=0 intervention=false warning=false braking=true lifecycle=released_verified_stop range=null bearing=null rss=15.466432
         1788690996.671  5140  5175 I AebsFrameSubscriber: onMessagesAvailable callback
         1788690996.672  5140  5175 I AebsFrameSubscriber: readNextMessages count=1
         1788690996.672  5140  5175 I MainActivity: onGatewayFrame: frame seq=1739 egoSpeed=6.787677 pts=0 intervention=false warning=false braking=true lifecycle=released_verified_stop range=null bearing=null rss=15.466432
         1788690996.771  5140  5175 I AebsFrameSubscriber: onMessagesAvailable callback
         1788690996.772  5140  5175 I AebsFrameSubscriber: readNextMessages count=1
         1788690996.772  5140  5175 I MainActivity: onGatewayFrame: frame seq=1740 egoSpeed=6.787677 pts=0 intervention=false warning=false braking=true lifecycle=released_verified_stop range=null bearing=null rss=15.466432
         1788690996.871  5140  5175 I AebsFrameSubscriber: onMessagesAvailable callback
         1788690996.872  5140  5175 I AebsFrameSubscriber: readNextMessages count=1
         1788690996.872  5140  5175 I MainActivity: onGatewayFrame: frame seq=1741 egoSpeed=6.787677 pts=0 intervention=false warning=false braking=true lifecycle=released_verified_stop range=null bearing=null rss=15.466432
         1788690996.971  5140  5175 I AebsFrameSubscriber: onMessagesAvailable callback
         1788690996.972  5140  5175 I AebsFrameSubscriber: readNextMessages count=1
         1788690996.972  5140  5175 I MainActivity: onGatewayFrame: frame seq=1742 egoSpeed=6.787677 pts=0 intervention=false warning=false braking=true lifecycle=released_verified_stop range=null bearing=null rss=15.466432
         1788690997.071  5140  5175 I AebsFrameSubscriber: onMessagesAvailable callback
         1788690997.072  5140  5175 I AebsFrameSubscriber: readNextMessages count=1
         1788690997.072  5140  5175 I MainActivity: onGatewayFrame: frame seq=1743 egoSpeed=6.787677 pts=0 intervention=false warning=false braking=true lifecycle=released_verified_stop range=null bearing=null rss=15.466432
         1788690997.172  5140  5175 I AebsFrameSubscriber: onMessagesAvailable callback
         1788690997.172  5140  5175 I AebsFrameSubscriber: readNextMessages count=1
         1788690997.173  5140  5175 I MainActivity: onGatewayFrame: frame seq=1744 egoSpeed=6.787677 pts=0 intervention=false warning=false braking=true lifecycle=released_verified_stop range=null bearing=null rss=15.466432
         1788690997.272  5140  5175 I AebsFrameSubscriber: onMessagesAvailable callback
         1788690997.272  5140  5175 I AebsFrameSubscriber: readNextMessages count=1
         1788690997.272  5140  5175 I MainActivity: onGatewayFrame: frame seq=1745 egoSpeed=6.787677 pts=0 intervention=false warning=false braking=true lifecycle=released_verified_stop range=null bearing=null rss=15.466432
         1788690997.372  5140  5175 I AebsFrameSubscriber: onMessagesAvailable callback
         1788690997.372  5140  5175 I AebsFrameSubscriber: readNextMessages count=1
         1788690997.372  5140  5175 I MainActivity: onGatewayFrame: frame seq=1746 egoSpeed=6.787677 pts=0 intervention=false warning=false braking=true lifecycle=released_verified_stop range=null bearing=null rss=15.466432
         1788690997.471  5140  5175 I AebsFrameSubscriber: onMessagesAvailable callback
         1788690997.472  5140  5175 I AebsFrameSubscriber: readNextMessages count=1
         1788690997.472  5140  5175 I MainActivity: onGatewayFrame: frame seq=1747 egoSpeed=6.787677 pts=0 intervention=false warning=false braking=true lifecycle=released_verified_stop range=null bearing=null rss=15.466432
         1788690997.571  5140  5175 I AebsFrameSubscriber: onMessagesAvailable callback
         1788690997.572  5140  5175 I AebsFrameSubscriber: readNextMessages count=1
         1788690997.572  5140  5175 I MainActivity: onGatewayFrame: frame seq=1748 egoSpeed=6.787677 pts=0 intervention=false warning=false braking=true lifecycle=released_verified_stop range=null bearing=null rss=15.466432
         1788690997.671  5140  5175 I AebsFrameSubscriber: onMessagesAvailable callback
         1788690997.672  5140  5175 I AebsFrameSubscriber: readNextMessages count=1
         1788690997.672  5140  5175 I MainActivity: onGatewayFrame: frame seq=1749 egoSpeed=6.787677 pts=0 intervention=false warning=false braking=true lifecycle=released_verified_stop range=null bearing=null rss=15.466432
         1788690997.772  5140  5175 I AebsFrameSubscriber: onMessagesAvailable callback
         1788690997.772  5140  5175 I AebsFrameSubscriber: readNextMessages count=1
         1788690997.772  5140  5175 I MainActivity: onGatewayFrame: frame seq=1750 egoSpeed=6.787677 pts=0 intervention=false warning=false braking=true lifecycle=released_verified_stop range=null bearing=null rss=15.466432
         1788690997.872  5140  5175 I AebsFrameSubscriber: onMessagesAvailable callback
         1788690997.872  5140  5175 I AebsFrameSubscriber: readNextMessages count=1
         1788690997.872  5140  5175 I MainActivity: onGatewayFrame: frame seq=1751 egoSpeed=6.787677 pts=0 intervention=false warning=false braking=true lifecycle=released_verified_stop range=null bearing=null rss=15.466432
         1788690997.971  5140  5175 I AebsFrameSubscriber: onMessagesAvailable callback
         1788690997.972  5140  5175 I AebsFrameSubscriber: readNextMessages count=1
         1788690997.972  5140  5175 I MainActivity: onGatewayFrame: frame seq=1752 egoSpeed=6.787677 pts=0 intervention=false warning=false braking=true lifecycle=released_verified_stop range=null bearing=null rss=15.466432
         1788690998.072  5140  5175 I AebsFrameSubscriber: onMessagesAvailable callback
         1788690998.072  5140  5175 I AebsFrameSubscriber: readNextMessages count=1
         1788690998.072  5140  5175 I MainActivity: onGatewayFrame: frame seq=1753 egoSpeed=6.787677 pts=0 intervention=false warning=false braking=true lifecycle=released_verified_stop range=null bearing=null rss=15.466432
         1788690998.172  5140  5175 I AebsFrameSubscriber: onMessagesAvailable callback
         1788690998.172  5140  5175 I AebsFrameSubscriber: readNextMessages count=1
         1788690998.172  5140  5175 I MainActivity: onGatewayFrame: frame seq=1754 egoSpeed=6.787677 pts=0 intervention=false warning=false braking=true lifecycle=released_verified_stop range=null bearing=null rss=15.466432
         1788690998.271  5140  5175 I AebsFrameSubscriber: onMessagesAvailable callback
         1788690998.272  5140  5175 I AebsFrameSubscriber: readNextMessages count=1
         1788690998.272  5140  5175 I MainActivity: onGatewayFrame: frame seq=1755 egoSpeed=6.787677 pts=0 intervention=false warning=false braking=true lifecycle=released_verified_stop range=null bearing=null rss=15.466432
         1788690998.487  5140  5175 I AebsFrameSubscriber: readNextMessages count=2
         1788690998.487  5140  5175 I MainActivity: onGatewayFrame: frame seq=1756 egoSpeed=6.787677 pts=0 intervention=false warning=false braking=true lifecycle=released_verified_stop range=null bearing=null rss=15.466432
         1788690998.488  5140  5175 I MainActivity: onGatewayFrame: frame seq=1757 egoSpeed=6.787677 pts=0 intervention=false warning=false braking=true lifecycle=released_verified_stop range=null bearing=null rss=15.466432
         1788690998.488  5140  5175 I AebsFrameSubscriber: onMessagesAvailable callback
         1788690998.488  5140  5175 I AebsFrameSubscriber: onMessagesAvailable callback
         1788690998.571  5140  5175 I AebsFrameSubscriber: onMessagesAvailable callback
         1788690998.571  5140  5175 I AebsFrameSubscriber: readNextMessages count=1
         1788690998.572  5140  5175 I MainActivity: onGatewayFrame: frame seq=1758 egoSpeed=6.787677 pts=0 intervention=false warning=false braking=true lifecycle=released_verified_stop range=null bearing=null rss=15.466432
         1788690998.671  5140  5175 I AebsFrameSubscriber: onMessagesAvailable callback
         1788690998.671  5140  5175 I AebsFrameSubscriber: readNextMessages count=1
         1788690998.672  5140  5175 I MainActivity: onGatewayFrame: frame seq=1759 egoSpeed=6.787677 pts=0 intervention=false warning=false braking=true lifecycle=released_verified_stop range=null bearing=null rss=15.466432
         1788690998.771  5140  5175 I AebsFrameSubscriber: onMessagesAvailable callback
         1788690998.771  5140  5175 I AebsFrameSubscriber: readNextMessages count=1
         1788690998.772  5140  5175 I MainActivity: onGatewayFrame: frame seq=1760 egoSpeed=6.787677 pts=0 intervention=false warning=false braking=true lifecycle=released_verified_stop range=null bearing=null rss=15.466432
         1788690998.871  5140  5175 I AebsFrameSubscriber: onMessagesAvailable callback
         1788690998.872  5140  5175 I AebsFrameSubscriber: readNextMessages count=1
         1788690998.872  5140  5175 I MainActivity: onGatewayFrame: frame seq=1761 egoSpeed=6.787677 pts=0 intervention=false warning=false braking=true lifecycle=released_verified_stop range=null bearing=null rss=15.466432
         1788690998.971  5140  5175 I AebsFrameSubscriber: onMessagesAvailable callback
         1788690998.972  5140  5175 I AebsFrameSubscriber: readNextMessages count=1
         1788690998.972  5140  5175 I MainActivity: onGatewayFrame: frame seq=1762 egoSpeed=6.787677 pts=0 intervention=false warning=false braking=true lifecycle=released_verified_stop range=null bearing=null rss=15.466432
         1788690999.071  5140  5175 I AebsFrameSubscriber: onMessagesAvailable callback
         1788690999.071  5140  5175 I AebsFrameSubscriber: readNextMessages count=1
         1788690999.071  5140  5175 I MainActivity: onGatewayFrame: frame seq=1763 egoSpeed=6.787677 pts=0 intervention=false warning=false braking=true lifecycle=released_verified_stop range=null bearing=null rss=15.466432
         1788690999.171  5140  5175 I AebsFrameSubscriber: onMessagesAvailable callback
         1788690999.172  5140  5175 I AebsFrameSubscriber: readNextMessages count=1
         1788690999.172  5140  5175 I MainActivity: onGatewayFrame: frame seq=1764 egoSpeed=6.787677 pts=0 intervention=false warning=false braking=true lifecycle=released_verified_stop range=null bearing=null rss=15.466432
         1788690999.271  5140  5175 I AebsFrameSubscriber: onMessagesAvailable callback
         1788690999.271  5140  5175 I AebsFrameSubscriber: readNextMessages count=1
         1788690999.271  5140  5175 I MainActivity: onGatewayFrame: frame seq=1765 egoSpeed=6.787677 pts=0 intervention=false warning=false braking=true lifecycle=released_verified_stop range=null bearing=null rss=15.466432
         1788690999.371  5140  5175 I AebsFrameSubscriber: onMessagesAvailable callback
         1788690999.372  5140  5175 I AebsFrameSubscriber: readNextMessages count=1
         1788690999.372  5140  5175 I MainActivity: onGatewayFrame: frame seq=1766 egoSpeed=6.787677 pts=0 intervention=false warning=false braking=true lifecycle=released_verified_stop range=null bearing=null rss=15.466432
         1788690999.471  5140  5175 I AebsFrameSubscriber: onMessagesAvailable callback
         1788690999.471  5140  5175 I AebsFrameSubscriber: readNextMessages count=1
         1788690999.472  5140  5175 I MainActivity: onGatewayFrame: frame seq=1767 egoSpeed=6.787677 pts=0 intervention=false warning=false braking=true lifecycle=released_verified_stop range=null bearing=null rss=15.466432
         1788690999.571  5140  5175 I AebsFrameSubscriber: onMessagesAvailable callback
         1788690999.572  5140  5175 I AebsFrameSubscriber: readNextMessages count=1
         1788690999.572  5140  5175 I MainActivity: onGatewayFrame: frame seq=1768 egoSpeed=6.787677 pts=0 intervention=false warning=false braking=true lifecycle=released_verified_stop range=null bearing=null rss=15.466432
         1788690999.671  5140  5175 I AebsFrameSubscriber: onMessagesAvailable callback
         1788690999.672  5140  5175 I AebsFrameSubscriber: readNextMessages count=1
         1788690999.672  5140  5175 I MainActivity: onGatewayFrame: frame seq=1769 egoSpeed=6.787677 pts=0 intervention=false warning=false braking=true lifecycle=released_verified_stop range=null bearing=null rss=15.466432
         1788690999.771  5140  5175 I AebsFrameSubscriber: onMessagesAvailable callback
         1788690999.771  5140  5175 I AebsFrameSubscriber: readNextMessages count=1
         1788690999.772  5140  5175 I MainActivity: onGatewayFrame: frame seq=1770 egoSpeed=6.787677 pts=0 intervention=false warning=false braking=true lifecycle=released_verified_stop range=null bearing=null rss=15.466432
         1788690999.871  5140  5175 I AebsFrameSubscriber: onMessagesAvailable callback
         1788690999.871  5140  5175 I AebsFrameSubscriber: readNextMessages count=1
         1788690999.871  5140  5175 I MainActivity: onGatewayFrame: frame seq=1771 egoSpeed=6.787677 pts=0 intervention=false warning=false braking=true lifecycle=released_verified_stop range=null bearing=null rss=15.466432
         1788690999.971  5140  5175 I AebsFrameSubscriber: onMessagesAvailable callback
         1788690999.971  5140  5175 I AebsFrameSubscriber: readNextMessages count=1
         1788690999.971  5140  5175 I MainActivity: onGatewayFrame: frame seq=1772 egoSpeed=6.787677 pts=0 intervention=false warning=false braking=true lifecycle=released_verified_stop range=null bearing=null rss=15.466432
         1788691000.071  5140  5175 I AebsFrameSubscriber: onMessagesAvailable callback
         1788691000.071  5140  5175 I AebsFrameSubscriber: readNextMessages count=1
         1788691000.071  5140  5175 I MainActivity: onGatewayFrame: frame seq=1773 egoSpeed=6.787677 pts=0 intervention=false warning=false braking=true lifecycle=released_verified_stop range=null bearing=null rss=15.466432
         1788691000.171  5140  5175 I AebsFrameSubscriber: onMessagesAvailable callback
         1788691000.171  5140  5175 I AebsFrameSubscriber: readNextMessages count=1
         1788691000.172  5140  5175 I MainActivity: onGatewayFrame: frame seq=1774 egoSpeed=6.787677 pts=0 intervention=false warning=false braking=true lifecycle=released_verified_stop range=null bearing=null rss=15.466432
         1788691000.271  5140  5175 I AebsFrameSubscriber: onMessagesAvailable callback
         1788691000.271  5140  5175 I AebsFrameSubscriber: readNextMessages count=1
         1788691000.271  5140  5175 I MainActivity: onGatewayFrame: frame seq=1775 egoSpeed=6.787677 pts=0 intervention=false warning=false braking=true lifecycle=released_verified_stop range=null bearing=null rss=15.466432
         1788691000.371  5140  5175 I AebsFrameSubscriber: onMessagesAvailable callback
         1788691000.371  5140  5175 I AebsFrameSubscriber: readNextMessages count=1
         1788691000.371  5140  5175 I MainActivity: onGatewayFrame: frame seq=1776 egoSpeed=6.787677 pts=0 intervention=false warning=false braking=true lifecycle=released_verified_stop range=null bearing=null rss=15.466432
         1788691000.471  5140  5175 I AebsFrameSubscriber: onMessagesAvailable callback
         1788691000.471  5140  5175 I AebsFrameSubscriber: readNextMessages count=1
         1788691000.471  5140  5175 I MainActivity: onGatewayFrame: frame seq=1777 egoSpeed=6.787677 pts=0 intervention=false warning=false braking=true lifecycle=released_verified_stop range=null bearing=null rss=15.466432
         1788691000.571  5140  5175 I AebsFrameSubscriber: onMessagesAvailable callback
         1788691000.571  5140  5175 I AebsFrameSubscriber: readNextMessages count=1
         1788691000.572  5140  5175 I MainActivity: onGatewayFrame: frame seq=1778 egoSpeed=6.787677 pts=0 intervention=false warning=false braking=true lifecycle=released_verified_stop range=null bearing=null rss=15.466432
         1788691000.671  5140  5175 I AebsFrameSubscriber: onMessagesAvailable callback
         1788691000.671  5140  5175 I AebsFrameSubscriber: readNextMessages count=1
         1788691000.672  5140  5175 I MainActivity: onGatewayFrame: frame seq=1779 egoSpeed=6.787677 pts=0 intervention=false warning=false braking=true lifecycle=released_verified_stop range=null bearing=null rss=15.466432
         1788691000.771  5140  5175 I AebsFrameSubscriber: onMessagesAvailable callback
         1788691000.771  5140  5175 I AebsFrameSubscriber: readNextMessages count=1
         1788691000.772  5140  5175 I MainActivity: onGatewayFrame: frame seq=1780 egoSpeed=6.787677 pts=0 intervention=false warning=false braking=true lifecycle=released_verified_stop range=null bearing=null rss=15.466432
         1788691000.871  5140  5175 I AebsFrameSubscriber: onMessagesAvailable callback
         1788691000.871  5140  5175 I AebsFrameSubscriber: readNextMessages count=1
         1788691000.871  5140  5175 I MainActivity: onGatewayFrame: frame seq=1781 egoSpeed=6.787677 pts=0 intervention=false warning=false braking=true lifecycle=released_verified_stop range=null bearing=null rss=15.466432
         1788691000.971  5140  5175 I AebsFrameSubscriber: onMessagesAvailable callback
         1788691000.971  5140  5175 I AebsFrameSubscriber: readNextMessages count=1
         1788691000.971  5140  5175 I MainActivity: onGatewayFrame: frame seq=1782 egoSpeed=6.787677 pts=0 intervention=false warning=false braking=true lifecycle=released_verified_stop range=null bearing=null rss=15.466432
         1788691001.071  5140  5175 I AebsFrameSubscriber: onMessagesAvailable callback
         1788691001.071  5140  5175 I AebsFrameSubscriber: readNextMessages count=1
         1788691001.071  5140  5175 I MainActivity: onGatewayFrame: frame seq=1783 egoSpeed=6.787677 pts=0 intervention=false warning=false braking=true lifecycle=released_verified_stop range=null bearing=null rss=15.466432
         1788691001.171  5140  5175 I AebsFrameSubscriber: onMessagesAvailable callback
         1788691001.171  5140  5175 I AebsFrameSubscriber: readNextMessages count=1
         1788691001.171  5140  5175 I MainActivity: onGatewayFrame: frame seq=1784 egoSpeed=6.787677 pts=0 intervention=false warning=false braking=true lifecycle=released_verified_stop range=null bearing=null rss=15.466432
         1788691001.271  5140  5175 I AebsFrameSubscriber: onMessagesAvailable callback
         1788691001.271  5140  5175 I AebsFrameSubscriber: readNextMessages count=1
         1788691001.271  5140  5175 I MainActivity: onGatewayFrame: frame seq=1785 egoSpeed=6.787677 pts=0 intervention=false warning=false braking=true lifecycle=released_verified_stop range=null bearing=null rss=15.466432
         1788691001.371  5140  5175 I AebsFrameSubscriber: onMessagesAvailable callback
         1788691001.371  5140  5175 I AebsFrameSubscriber: readNextMessages count=1
         1788691001.371  5140  5175 I MainActivity: onGatewayFrame: frame seq=1786 egoSpeed=6.787677 pts=0 intervention=false warning=false braking=true lifecycle=released_verified_stop range=null bearing=null rss=15.466432
         1788691001.471  5140  5175 I AebsFrameSubscriber: onMessagesAvailable callback
         1788691001.471  5140  5175 I AebsFrameSubscriber: readNextMessages count=1
         1788691001.471  5140  5175 I MainActivity: onGatewayFrame: frame seq=1787 egoSpeed=6.787677 pts=0 intervention=false warning=false braking=true lifecycle=released_verified_stop range=null bearing=null rss=15.466432
         1788691001.571  5140  5175 I AebsFrameSubscriber: onMessagesAvailable callback
         1788691001.571  5140  5175 I AebsFrameSubscriber: readNextMessages count=1
         1788691001.571  5140  5175 I MainActivity: onGatewayFrame: frame seq=1788 egoSpeed=6.787677 pts=0 intervention=false warning=false braking=true lifecycle=released_verified_stop range=null bearing=null rss=15.466432
         1788691001.671  5140  5175 I AebsFrameSubscriber: onMessagesAvailable callback
         1788691001.671  5140  5175 I AebsFrameSubscriber: readNextMessages count=1
         1788691001.671  5140  5175 I MainActivity: onGatewayFrame: frame seq=1789 egoSpeed=6.787677 pts=0 intervention=false warning=false braking=true lifecycle=released_verified_stop range=null bearing=null rss=15.466432
         1788691001.771  5140  5175 I AebsFrameSubscriber: onMessagesAvailable callback
         1788691001.772  5140  5175 I AebsFrameSubscriber: readNextMessages count=1
         1788691001.772  5140  5175 I MainActivity: onGatewayFrame: frame seq=1790 egoSpeed=6.787677 pts=0 intervention=false warning=false braking=true lifecycle=released_verified_stop range=null bearing=null rss=15.466432
         1788691001.871  5140  5175 I AebsFrameSubscriber: onMessagesAvailable callback
         1788691001.871  5140  5175 I AebsFrameSubscriber: readNextMessages count=1
         1788691001.872  5140  5175 I MainActivity: onGatewayFrame: frame seq=1791 egoSpeed=6.787677 pts=0 intervention=false warning=false braking=true lifecycle=released_verified_stop range=null bearing=null rss=15.466432
         1788691001.971  5140  5175 I AebsFrameSubscriber: onMessagesAvailable callback
         1788691001.971  5140  5175 I AebsFrameSubscriber: readNextMessages count=1
         1788691001.971  5140  5175 I MainActivity: onGatewayFrame: frame seq=1792 egoSpeed=6.787677 pts=0 intervention=false warning=false braking=true lifecycle=released_verified_stop range=null bearing=null rss=15.466432
         1788691002.070  5140  5175 I AebsFrameSubscriber: onMessagesAvailable callback
         1788691002.071  5140  5175 I AebsFrameSubscriber: readNextMessages count=1
         1788691002.071  5140  5175 I MainActivity: onGatewayFrame: frame seq=1793 egoSpeed=6.787677 pts=0 intervention=false warning=false braking=true lifecycle=released_verified_stop range=null bearing=null rss=15.466432
         1788691002.171  5140  5175 I AebsFrameSubscriber: onMessagesAvailable callback
         1788691002.171  5140  5175 I AebsFrameSubscriber: readNextMessages count=1
         1788691002.171  5140  5175 I MainActivity: onGatewayFrame: frame seq=1794 egoSpeed=6.787677 pts=0 intervention=false warning=false braking=true lifecycle=released_verified_stop range=null bearing=null rss=15.466432
         1788691002.271  5140  5175 I AebsFrameSubscriber: onMessagesAvailable callback
         1788691002.271  5140  5175 I AebsFrameSubscriber: readNextMessages count=1
         1788691002.271  5140  5175 I MainActivity: onGatewayFrame: frame seq=1795 egoSpeed=6.787677 pts=0 intervention=false warning=false braking=true lifecycle=released_verified_stop range=null bearing=null rss=15.466432
         1788691002.371  5140  5175 I AebsFrameSubscriber: onMessagesAvailable callback
         1788691002.371  5140  5175 I AebsFrameSubscriber: readNextMessages count=1
         1788691002.372  5140  5175 I MainActivity: onGatewayFrame: frame seq=1796 egoSpeed=6.787677 pts=0 intervention=false warning=false braking=true lifecycle=released_verified_stop range=null bearing=null rss=15.466432
         1788691002.496  5140  5175 I AebsFrameSubscriber: readNextMessages count=1
         1788691002.496  5140  5175 I MainActivity: onGatewayFrame: frame seq=1797 egoSpeed=6.787677 pts=0 intervention=false warning=false braking=true lifecycle=released_verified_stop range=null bearing=null rss=15.466432
         1788691002.496  5140  5175 I AebsFrameSubscriber: onMessagesAvailable callback
         1788691002.571  5140  5175 I AebsFrameSubscriber: onMessagesAvailable callback
         1788691002.571  5140  5175 I AebsFrameSubscriber: readNextMessages count=1
         1788691002.572  5140  5175 I MainActivity: onGatewayFrame: frame seq=1798 egoSpeed=6.787677 pts=0 intervention=false warning=false braking=true lifecycle=released_verified_stop range=null bearing=null rss=15.466432
         1788691002.671  5140  5175 I AebsFrameSubscriber: onMessagesAvailable callback
         1788691002.671  5140  5175 I AebsFrameSubscriber: readNextMessages count=1
         1788691002.672  5140  5175 I MainActivity: onGatewayFrame: frame seq=1799 egoSpeed=6.787677 pts=0 intervention=false warning=false braking=true lifecycle=released_verified_stop range=null bearing=null rss=15.466432
         1788691002.771  5140  5175 I AebsFrameSubscriber: onMessagesAvailable callback
         1788691002.772  5140  5175 I AebsFrameSubscriber: readNextMessages count=1
         1788691002.772  5140  5175 I MainActivity: onGatewayFrame: frame seq=1800 egoSpeed=6.787677 pts=0 intervention=false warning=false braking=true lifecycle=released_verified_stop range=null bearing=null rss=15.466432
         1788691002.871  5140  5175 I AebsFrameSubscriber: onMessagesAvailable callback
         1788691002.871  5140  5175 I AebsFrameSubscriber: readNextMessages count=1
         1788691002.871  5140  5175 I MainActivity: onGatewayFrame: frame seq=1801 egoSpeed=6.787677 pts=0 intervention=false warning=false braking=true lifecycle=released_verified_stop range=null bearing=null rss=15.466432
         1788691002.971  5140  5175 I AebsFrameSubscriber: onMessagesAvailable callback
         1788691002.971  5140  5175 I AebsFrameSubscriber: readNextMessages count=1
         1788691002.972  5140  5175 I MainActivity: onGatewayFrame: frame seq=1802 egoSpeed=6.787677 pts=0 intervention=false warning=false braking=true lifecycle=released_verified_stop range=null bearing=null rss=15.466432
         1788691003.071  5140  5175 I AebsFrameSubscriber: onMessagesAvailable callback
         1788691003.071  5140  5175 I AebsFrameSubscriber: readNextMessages count=1
         1788691003.072  5140  5175 I MainActivity: onGatewayFrame: frame seq=1803 egoSpeed=6.787677 pts=0 intervention=false warning=false braking=true lifecycle=released_verified_stop range=null bearing=null rss=15.466432
         1788691003.171  5140  5175 I AebsFrameSubscriber: onMessagesAvailable callback
         1788691003.171  5140  5175 I AebsFrameSubscriber: readNextMessages count=1
         1788691003.172  5140  5175 I MainActivity: onGatewayFrame: frame seq=1804 egoSpeed=6.787677 pts=0 intervention=false warning=false braking=true lifecycle=released_verified_stop range=null bearing=null rss=15.466432
         1788691003.271  5140  5175 I AebsFrameSubscriber: onMessagesAvailable callback
         1788691003.272  5140  5175 I AebsFrameSubscriber: readNextMessages count=1
         1788691003.272  5140  5175 I MainActivity: onGatewayFrame: frame seq=1805 egoSpeed=6.787677 pts=0 intervention=false warning=false braking=true lifecycle=released_verified_stop range=null bearing=null rss=15.466432
         1788691003.371  5140  5175 I AebsFrameSubscriber: onMessagesAvailable callback
         1788691003.372  5140  5175 I AebsFrameSubscriber: readNextMessages count=1
         1788691003.373  5140  5175 I MainActivity: onGatewayFrame: frame seq=1806 egoSpeed=6.787677 pts=0 intervention=false warning=false braking=true lifecycle=released_verified_stop range=null bearing=null rss=15.466432
         1788691003.471  5140  5175 I AebsFrameSubscriber: onMessagesAvailable callback
         1788691003.471  5140  5175 I AebsFrameSubscriber: readNextMessages count=1
         1788691003.471  5140  5175 I MainActivity: onGatewayFrame: frame seq=1807 egoSpeed=6.787677 pts=0 intervention=false warning=false braking=true lifecycle=released_verified_stop range=null bearing=null rss=15.466432
         1788691003.571  5140  5175 I AebsFrameSubscriber: onMessagesAvailable callback
         1788691003.571  5140  5175 I AebsFrameSubscriber: readNextMessages count=1
         1788691003.572  5140  5175 I MainActivity: onGatewayFrame: frame seq=1808 egoSpeed=6.787677 pts=0 intervention=false warning=false braking=true lifecycle=released_verified_stop range=null bearing=null rss=15.466432
         1788691003.671  5140  5175 I AebsFrameSubscriber: onMessagesAvailable callback
         1788691003.672  5140  5175 I AebsFrameSubscriber: readNextMessages count=1
         1788691003.672  5140  5175 I MainActivity: onGatewayFrame: frame seq=1809 egoSpeed=6.787677 pts=0 intervention=false warning=false braking=true lifecycle=released_verified_stop range=null bearing=null rss=15.466432
         1788691003.771  5140  5175 I AebsFrameSubscriber: onMessagesAvailable callback
         1788691003.771  5140  5175 I AebsFrameSubscriber: readNextMessages count=1
         1788691003.772  5140  5175 I MainActivity: onGatewayFrame: frame seq=1810 egoSpeed=6.787677 pts=0 intervention=false warning=false braking=true lifecycle=released_verified_stop range=null bearing=null rss=15.466432
         1788691003.871  5140  5175 I AebsFrameSubscriber: onMessagesAvailable callback
         1788691003.871  5140  5175 I AebsFrameSubscriber: readNextMessages count=1
         1788691003.871  5140  5175 I MainActivity: onGatewayFrame: frame seq=1811 egoSpeed=6.787677 pts=0 intervention=false warning=false braking=true lifecycle=released_verified_stop range=null bearing=null rss=15.466432
         1788691003.971  5140  5175 I AebsFrameSubscriber: onMessagesAvailable callback
         1788691003.971  5140  5175 I AebsFrameSubscriber: readNextMessages count=1
         1788691003.971  5140  5175 I MainActivity: onGatewayFrame: frame seq=1812 egoSpeed=6.787677 pts=0 intervention=false warning=false braking=true lifecycle=released_verified_stop range=null bearing=null rss=15.466432
         1788691004.071  5140  5175 I AebsFrameSubscriber: onMessagesAvailable callback
         1788691004.071  5140  5175 I AebsFrameSubscriber: readNextMessages count=1
         1788691004.072  5140  5175 I MainActivity: onGatewayFrame: frame seq=1813 egoSpeed=6.787677 pts=0 intervention=false warning=false braking=true lifecycle=released_verified_stop range=null bearing=null rss=15.466432
         1788691004.171  5140  5175 I AebsFrameSubscriber: onMessagesAvailable callback
         1788691004.171  5140  5175 I AebsFrameSubscriber: readNextMessages count=1
         1788691004.172  5140  5175 I MainActivity: onGatewayFrame: frame seq=1814 egoSpeed=6.787677 pts=0 intervention=false warning=false braking=true lifecycle=released_verified_stop range=null bearing=null rss=15.466432
         1788691004.271  5140  5175 I AebsFrameSubscriber: onMessagesAvailable callback
         1788691004.271  5140  5175 I AebsFrameSubscriber: readNextMessages count=1
         1788691004.272  5140  5175 I MainActivity: onGatewayFrame: frame seq=1815 egoSpeed=6.787677 pts=0 intervention=false warning=false braking=true lifecycle=released_verified_stop range=null bearing=null rss=15.466432
         1788691004.371  5140  5175 I AebsFrameSubscriber: onMessagesAvailable callback
         1788691004.371  5140  5175 I AebsFrameSubscriber: readNextMessages count=1
         1788691004.371  5140  5175 I MainActivity: onGatewayFrame: frame seq=1816 egoSpeed=6.787677 pts=0 intervention=false warning=false braking=true lifecycle=released_verified_stop range=null bearing=null rss=15.466432
         1788691004.471  5140  5175 I AebsFrameSubscriber: onMessagesAvailable callback
         1788691004.471  5140  5175 I AebsFrameSubscriber: readNextMessages count=1
         1788691004.471  5140  5175 I MainActivity: onGatewayFrame: frame seq=1817 egoSpeed=6.787677 pts=0 intervention=false warning=false braking=true lifecycle=released_verified_stop range=null bearing=null rss=15.466432
         1788691004.571  5140  5175 I AebsFrameSubscriber: onMessagesAvailable callback
         1788691004.571  5140  5175 I AebsFrameSubscriber: readNextMessages count=1
         1788691004.571  5140  5175 I MainActivity: onGatewayFrame: frame seq=1818 egoSpeed=6.787677 pts=0 intervention=false warning=false braking=true lifecycle=released_verified_stop range=null bearing=null rss=15.466432
         1788691004.671  5140  5175 I AebsFrameSubscriber: onMessagesAvailable callback
         1788691004.671  5140  5175 I AebsFrameSubscriber: readNextMessages count=1
         1788691004.671  5140  5175 I MainActivity: onGatewayFrame: frame seq=1819 egoSpeed=6.787677 pts=0 intervention=false warning=false braking=true lifecycle=released_verified_stop range=null bearing=null rss=15.466432
         1788691004.771  5140  5175 I AebsFrameSubscriber: onMessagesAvailable callback
         1788691004.771  5140  5175 I AebsFrameSubscriber: readNextMessages count=1
         1788691004.771  5140  5175 I MainActivity: onGatewayFrame: frame seq=1820 egoSpeed=6.787677 pts=0 intervention=false warning=false braking=true lifecycle=released_verified_stop range=null bearing=null rss=15.466432
         1788691004.871  5140  5175 I AebsFrameSubscriber: onMessagesAvailable callback
         1788691004.871  5140  5175 I AebsFrameSubscriber: readNextMessages count=1
         1788691004.871  5140  5175 I MainActivity: onGatewayFrame: frame seq=1821 egoSpeed=6.787677 pts=0 intervention=false warning=false braking=true lifecycle=released_verified_stop range=null bearing=null rss=15.466432
         1788691004.970  5140  5175 I AebsFrameSubscriber: onMessagesAvailable callback
         1788691004.971  5140  5175 I AebsFrameSubscriber: readNextMessages count=1
         1788691004.971  5140  5175 I MainActivity: onGatewayFrame: frame seq=1822 egoSpeed=6.787677 pts=0 intervention=false warning=false braking=true lifecycle=released_verified_stop range=null bearing=null rss=15.466432
         1788691005.071  5140  5175 I AebsFrameSubscriber: onMessagesAvailable callback
         1788691005.071  5140  5175 I AebsFrameSubscriber: readNextMessages count=1
         1788691005.071  5140  5175 I MainActivity: onGatewayFrame: frame seq=1823 egoSpeed=6.787677 pts=0 intervention=false warning=false braking=true lifecycle=released_verified_stop range=null bearing=null rss=15.466432
         1788691005.170  5140  5175 I AebsFrameSubscriber: onMessagesAvailable callback
         1788691005.171  5140  5175 I AebsFrameSubscriber: readNextMessages count=1
         1788691005.171  5140  5175 I MainActivity: onGatewayFrame: frame seq=1824 egoSpeed=6.787677 pts=0 intervention=false warning=false braking=true lifecycle=released_verified_stop range=null bearing=null rss=15.466432
         1788691005.271  5140  5175 I AebsFrameSubscriber: onMessagesAvailable callback
         1788691005.271  5140  5175 I AebsFrameSubscriber: readNextMessages count=1
         1788691005.271  5140  5175 I MainActivity: onGatewayFrame: frame seq=1825 egoSpeed=6.787677 pts=0 intervention=false warning=false braking=true lifecycle=released_verified_stop range=null bearing=null rss=15.466432
         1788691005.370  5140  5175 I AebsFrameSubscriber: onMessagesAvailable callback
         1788691005.371  5140  5175 I AebsFrameSubscriber: readNextMessages count=1
         1788691005.371  5140  5175 I MainActivity: onGatewayFrame: frame seq=1826 egoSpeed=6.787677 pts=0 intervention=false warning=false braking=true lifecycle=released_verified_stop range=null bearing=null rss=15.466432
         1788691005.471  5140  5175 I AebsFrameSubscriber: onMessagesAvailable callback
         1788691005.471  5140  5175 I AebsFrameSubscriber: readNextMessages count=1
         1788691005.471  5140  5175 I MainActivity: onGatewayFrame: frame seq=1827 egoSpeed=6.787677 pts=0 intervention=false warning=false braking=true lifecycle=released_verified_stop range=null bearing=null rss=15.466432
         1788691005.571  5140  5175 I AebsFrameSubscriber: onMessagesAvailable callback
         1788691005.571  5140  5175 I AebsFrameSubscriber: readNextMessages count=1
         1788691005.571  5140  5175 I MainActivity: onGatewayFrame: frame seq=1828 egoSpeed=6.787677 pts=0 intervention=false warning=false braking=true lifecycle=released_verified_stop range=null bearing=null rss=15.466432
         1788691005.671  5140  5175 I AebsFrameSubscriber: onMessagesAvailable callback
         1788691005.671  5140  5175 I AebsFrameSubscriber: readNextMessages count=1
         1788691005.671  5140  5175 I MainActivity: onGatewayFrame: frame seq=1829 egoSpeed=6.787677 pts=0 intervention=false warning=false braking=true lifecycle=released_verified_stop range=null bearing=null rss=15.466432
         1788691005.771  5140  5175 I AebsFrameSubscriber: onMessagesAvailable callback
         1788691005.771  5140  5175 I AebsFrameSubscriber: readNextMessages count=1
         1788691005.771  5140  5175 I MainActivity: onGatewayFrame: frame seq=1830 egoSpeed=6.787677 pts=0 intervention=false warning=false braking=true lifecycle=released_verified_stop range=null bearing=null rss=15.466432
         1788691005.871  5140  5175 I AebsFrameSubscriber: onMessagesAvailable callback
         1788691005.871  5140  5175 I AebsFrameSubscriber: readNextMessages count=1
         1788691005.871  5140  5175 I MainActivity: onGatewayFrame: frame seq=1831 egoSpeed=6.787677 pts=0 intervention=false warning=false braking=true lifecycle=released_verified_stop range=null bearing=null rss=15.466432
         1788691005.971  5140  5175 I AebsFrameSubscriber: onMessagesAvailable callback
         1788691005.971  5140  5175 I AebsFrameSubscriber: readNextMessages count=1
         1788691005.971  5140  5175 I MainActivity: onGatewayFrame: frame seq=1832 egoSpeed=6.787677 pts=0 intervention=false warning=false braking=true lifecycle=released_verified_stop range=null bearing=null rss=15.466432
         1788691006.071  5140  5175 I AebsFrameSubscriber: onMessagesAvailable callback
         1788691006.071  5140  5175 I AebsFrameSubscriber: readNextMessages count=1
         1788691006.071  5140  5175 I MainActivity: onGatewayFrame: frame seq=1833 egoSpeed=6.787677 pts=0 intervention=false warning=false braking=true lifecycle=released_verified_stop range=null bearing=null rss=15.466432
         1788691006.171  5140  5175 I AebsFrameSubscriber: onMessagesAvailable callback
         1788691006.171  5140  5175 I AebsFrameSubscriber: readNextMessages count=1
         1788691006.172  5140  5175 I MainActivity: onGatewayFrame: frame seq=1834 egoSpeed=6.787677 pts=0 intervention=false warning=false braking=true lifecycle=released_verified_stop range=null bearing=null rss=15.466432
         1788691006.299  5140  5175 I AebsFrameSubscriber: onMessagesAvailable callback
         1788691006.300  5140  5175 I AebsFrameSubscriber: readNextMessages count=1
         1788691006.300  5140  5175 I MainActivity: onGatewayFrame: frame seq=1835 egoSpeed=6.787677 pts=0 intervention=false warning=false braking=true lifecycle=released_verified_stop range=null bearing=null rss=15.466432
         1788691006.430  5140  5175 I AebsFrameSubscriber: readNextMessages count=1
         1788691006.431  5140  5175 I MainActivity: onGatewayFrame: frame seq=1836 egoSpeed=6.787677 pts=0 intervention=false warning=false braking=true lifecycle=released_verified_stop range=null bearing=null rss=15.466432
         1788691006.431  5140  5175 I AebsFrameSubscriber: onMessagesAvailable callback
         1788691006.472  5140  5175 I AebsFrameSubscriber: onMessagesAvailable callback
         1788691006.473  5140  5175 I AebsFrameSubscriber: readNextMessages count=1
         1788691006.473  5140  5175 I MainActivity: onGatewayFrame: frame seq=1837 egoSpeed=6.787677 pts=0 intervention=false warning=false braking=true lifecycle=released_verified_stop range=null bearing=null rss=15.466432
         1788691006.570  5140  5175 I AebsFrameSubscriber: onMessagesAvailable callback
         1788691006.571  5140  5175 I AebsFrameSubscriber: readNextMessages count=1
         1788691006.571  5140  5175 I MainActivity: onGatewayFrame: frame seq=1838 egoSpeed=6.787677 pts=0 intervention=false warning=false braking=true lifecycle=released_verified_stop range=null bearing=null rss=15.466432
         1788691006.670  5140  5175 I AebsFrameSubscriber: onMessagesAvailable callback
         1788691006.671  5140  5175 I AebsFrameSubscriber: readNextMessages count=1
         1788691006.671  5140  5175 I MainActivity: onGatewayFrame: frame seq=1839 egoSpeed=6.787677 pts=0 intervention=false warning=false braking=true lifecycle=released_verified_stop range=null bearing=null rss=15.466432
         1788691006.771  5140  5175 I AebsFrameSubscriber: onMessagesAvailable callback
         1788691006.771  5140  5175 I AebsFrameSubscriber: readNextMessages count=1
         1788691006.771  5140  5175 I MainActivity: onGatewayFrame: frame seq=1840 egoSpeed=6.787677 pts=0 intervention=false warning=false braking=true lifecycle=released_verified_stop range=null bearing=null rss=15.466432
         1788691006.870  5140  5175 I AebsFrameSubscriber: onMessagesAvailable callback
         1788691006.871  5140  5175 I AebsFrameSubscriber: readNextMessages count=1
         1788691006.871  5140  5175 I MainActivity: onGatewayFrame: frame seq=1841 egoSpeed=6.787677 pts=0 intervention=false warning=false braking=true lifecycle=released_verified_stop range=null bearing=null rss=15.466432
         1788691006.971  5140  5175 I AebsFrameSubscriber: onMessagesAvailable callback
         1788691006.971  5140  5175 I AebsFrameSubscriber: readNextMessages count=1
         1788691006.971  5140  5175 I MainActivity: onGatewayFrame: frame seq=1842 egoSpeed=6.787677 pts=0 intervention=false warning=false braking=true lifecycle=released_verified_stop range=null bearing=null rss=15.466432
         1788691007.070  5140  5175 I AebsFrameSubscriber: onMessagesAvailable callback
         1788691007.071  5140  5175 I AebsFrameSubscriber: readNextMessages count=1
         1788691007.071  5140  5175 I MainActivity: onGatewayFrame: frame seq=1843 egoSpeed=6.787677 pts=0 intervention=false warning=false braking=true lifecycle=released_verified_stop range=null bearing=null rss=15.466432
         1788691007.170  5140  5175 I AebsFrameSubscriber: onMessagesAvailable callback
         1788691007.171  5140  5175 I AebsFrameSubscriber: readNextMessages count=1
         1788691007.171  5140  5175 I MainActivity: onGatewayFrame: frame seq=1844 egoSpeed=6.787677 pts=0 intervention=false warning=false braking=true lifecycle=released_verified_stop range=null bearing=null rss=15.466432
         1788691007.270  5140  5175 I AebsFrameSubscriber: onMessagesAvailable callback
         1788691007.271  5140  5175 I AebsFrameSubscriber: readNextMessages count=1
         1788691007.271  5140  5175 I MainActivity: onGatewayFrame: frame seq=1845 egoSpeed=6.787677 pts=0 intervention=false warning=false braking=true lifecycle=released_verified_stop range=null bearing=null rss=15.466432
         1788691007.370  5140  5175 I AebsFrameSubscriber: onMessagesAvailable callback
         1788691007.371  5140  5175 I AebsFrameSubscriber: readNextMessages count=1
         1788691007.371  5140  5175 I MainActivity: onGatewayFrame: frame seq=1846 egoSpeed=6.787677 pts=0 intervention=false warning=false braking=true lifecycle=released_verified_stop range=null bearing=null rss=15.466432
         1788691007.472  5140  5175 I AebsFrameSubscriber: onMessagesAvailable callback
         1788691007.473  5140  5175 I AebsFrameSubscriber: readNextMessages count=1
         1788691007.473  5140  5175 I MainActivity: onGatewayFrame: frame seq=1847 egoSpeed=6.787677 pts=0 intervention=false warning=false braking=true lifecycle=released_verified_stop range=null bearing=null rss=15.466432
         1788691007.570  5140  5175 I AebsFrameSubscriber: onMessagesAvailable callback
         1788691007.571  5140  5175 I AebsFrameSubscriber: readNextMessages count=1
         1788691007.571  5140  5175 I MainActivity: onGatewayFrame: frame seq=1848 egoSpeed=6.787677 pts=0 intervention=false warning=false braking=true lifecycle=released_verified_stop range=null bearing=null rss=15.466432
         1788691007.672  5140  5175 I AebsFrameSubscriber: onMessagesAvailable callback
         1788691007.673  5140  5175 I AebsFrameSubscriber: readNextMessages count=1
         1788691007.673  5140  5175 I MainActivity: onGatewayFrame: frame seq=1849 egoSpeed=6.787677 pts=0 intervention=false warning=false braking=true lifecycle=released_verified_stop range=null bearing=null rss=15.466432
         1788691007.770  5140  5175 I AebsFrameSubscriber: onMessagesAvailable callback
         1788691007.771  5140  5175 I AebsFrameSubscriber: readNextMessages count=1
         1788691007.771  5140  5175 I MainActivity: onGatewayFrame: frame seq=1850 egoSpeed=6.787677 pts=0 intervention=false warning=false braking=true lifecycle=released_verified_stop range=null bearing=null rss=15.466432
         1788691007.872  5140  5175 I AebsFrameSubscriber: onMessagesAvailable callback
         1788691007.873  5140  5175 I AebsFrameSubscriber: readNextMessages count=1
         1788691007.873  5140  5175 I MainActivity: onGatewayFrame: frame seq=1851 egoSpeed=6.787677 pts=0 intervention=false warning=false braking=true lifecycle=released_verified_stop range=null bearing=null rss=15.466432
         1788691007.970  5140  5175 I AebsFrameSubscriber: onMessagesAvailable callback
         1788691007.971  5140  5175 I AebsFrameSubscriber: readNextMessages count=1
         1788691007.971  5140  5175 I MainActivity: onGatewayFrame: frame seq=1852 egoSpeed=6.787677 pts=0 intervention=false warning=false braking=true lifecycle=released_verified_stop range=null bearing=null rss=15.466432
         1788691008.073  5140  5175 I AebsFrameSubscriber: onMessagesAvailable callback
         1788691008.073  5140  5175 I AebsFrameSubscriber: readNextMessages count=1
         1788691008.073  5140  5175 I MainActivity: onGatewayFrame: frame seq=1853 egoSpeed=6.787677 pts=0 intervention=false warning=false braking=true lifecycle=released_verified_stop range=null bearing=null rss=15.466432
         1788691008.170  5140  5175 I AebsFrameSubscriber: onMessagesAvailable callback
         1788691008.171  5140  5175 I AebsFrameSubscriber: readNextMessages count=1
         1788691008.171  5140  5175 I MainActivity: onGatewayFrame: frame seq=1854 egoSpeed=6.787677 pts=0 intervention=false warning=false braking=true lifecycle=released_verified_stop range=null bearing=null rss=15.466432
         1788691008.272  5140  5175 I AebsFrameSubscriber: onMessagesAvailable callback
         1788691008.273  5140  5175 I AebsFrameSubscriber: readNextMessages count=1
         1788691008.273  5140  5175 I MainActivity: onGatewayFrame: frame seq=1855 egoSpeed=6.787677 pts=0 intervention=false warning=false braking=true lifecycle=released_verified_stop range=null bearing=null rss=15.466432
         1788691008.370  5140  5175 I AebsFrameSubscriber: onMessagesAvailable callback
         1788691008.371  5140  5175 I AebsFrameSubscriber: readNextMessages count=1
         1788691008.371  5140  5175 I MainActivity: onGatewayFrame: frame seq=1856 egoSpeed=6.787677 pts=0 intervention=false warning=false braking=true lifecycle=released_verified_stop range=null bearing=null rss=15.466432
         1788691008.472  5140  5175 I AebsFrameSubscriber: onMessagesAvailable callback
         1788691008.472  5140  5175 I AebsFrameSubscriber: readNextMessages count=1
         1788691008.472  5140  5175 I MainActivity: onGatewayFrame: frame seq=1857 egoSpeed=6.787677 pts=0 intervention=false warning=false braking=true lifecycle=released_verified_stop range=null bearing=null rss=15.466432
         1788691008.570  5140  5175 I AebsFrameSubscriber: onMessagesAvailable callback
         1788691008.570  5140  5175 I AebsFrameSubscriber: readNextMessages count=1
         1788691008.570  5140  5175 I MainActivity: onGatewayFrame: frame seq=1858 egoSpeed=6.787677 pts=0 intervention=false warning=false braking=true lifecycle=released_verified_stop range=null bearing=null rss=15.466432
         1788691008.673  5140  5175 I AebsFrameSubscriber: onMessagesAvailable callback
         1788691008.673  5140  5175 I AebsFrameSubscriber: readNextMessages count=1
         1788691008.673  5140  5175 I MainActivity: onGatewayFrame: frame seq=1859 egoSpeed=6.787677 pts=0 intervention=false warning=false braking=true lifecycle=released_verified_stop range=null bearing=null rss=15.466432
         1788691008.770  5140  5175 I AebsFrameSubscriber: onMessagesAvailable callback
         1788691008.770  5140  5175 I AebsFrameSubscriber: readNextMessages count=1
         1788691008.770  5140  5175 I MainActivity: onGatewayFrame: frame seq=1860 egoSpeed=6.787677 pts=0 intervention=false warning=false braking=true lifecycle=released_verified_stop range=null bearing=null rss=15.466432
         1788691008.872  5140  5175 I AebsFrameSubscriber: onMessagesAvailable callback
         1788691008.872  5140  5175 I AebsFrameSubscriber: readNextMessages count=1
         1788691008.873  5140  5175 I MainActivity: onGatewayFrame: frame seq=1861 egoSpeed=6.787677 pts=0 intervention=false warning=false braking=true lifecycle=released_verified_stop range=null bearing=null rss=15.466432
         1788691008.970  5140  5175 I AebsFrameSubscriber: onMessagesAvailable callback
         1788691008.971  5140  5175 I AebsFrameSubscriber: readNextMessages count=1
         1788691008.971  5140  5175 I MainActivity: onGatewayFrame: frame seq=1862 egoSpeed=6.787677 pts=0 intervention=false warning=false braking=true lifecycle=released_verified_stop range=null bearing=null rss=15.466432
         1788691009.072  5140  5175 I AebsFrameSubscriber: onMessagesAvailable callback
         1788691009.073  5140  5175 I AebsFrameSubscriber: readNextMessages count=1
         1788691009.073  5140  5175 I MainActivity: onGatewayFrame: frame seq=1863 egoSpeed=6.787677 pts=0 intervention=false warning=false braking=true lifecycle=released_verified_stop range=null bearing=null rss=15.466432
         1788691009.170  5140  5175 I AebsFrameSubscriber: onMessagesAvailable callback
         1788691009.171  5140  5175 I AebsFrameSubscriber: readNextMessages count=1
         1788691009.171  5140  5175 I MainActivity: onGatewayFrame: frame seq=1864 egoSpeed=6.787677 pts=0 intervention=false warning=false braking=true lifecycle=released_verified_stop range=null bearing=null rss=15.466432
         1788691009.272  5140  5175 I AebsFrameSubscriber: onMessagesAvailable callback
         1788691009.273  5140  5175 I AebsFrameSubscriber: readNextMessages count=1
         1788691009.273  5140  5175 I MainActivity: onGatewayFrame: frame seq=1865 egoSpeed=6.787677 pts=0 intervention=false warning=false braking=true lifecycle=released_verified_stop range=null bearing=null rss=15.466432
         1788691009.370  5140  5175 I AebsFrameSubscriber: onMessagesAvailable callback
         1788691009.371  5140  5175 I AebsFrameSubscriber: readNextMessages count=1
         1788691009.371  5140  5175 I MainActivity: onGatewayFrame: frame seq=1866 egoSpeed=6.787677 pts=0 intervention=false warning=false braking=true lifecycle=released_verified_stop range=null bearing=null rss=15.466432
         1788691009.472  5140  5175 I AebsFrameSubscriber: onMessagesAvailable callback
         1788691009.473  5140  5175 I AebsFrameSubscriber: readNextMessages count=1
         1788691009.473  5140  5175 I MainActivity: onGatewayFrame: frame seq=1867 egoSpeed=6.787677 pts=0 intervention=false warning=false braking=true lifecycle=released_verified_stop range=null bearing=null rss=15.466432
         1788691009.570  5140  5175 I AebsFrameSubscriber: onMessagesAvailable callback
         1788691009.570  5140  5175 I AebsFrameSubscriber: readNextMessages count=1
         1788691009.570  5140  5175 I MainActivity: onGatewayFrame: frame seq=1868 egoSpeed=6.787677 pts=0 intervention=false warning=false braking=true lifecycle=released_verified_stop range=null bearing=null rss=15.466432
         1788691009.672  5140  5175 I AebsFrameSubscriber: onMessagesAvailable callback
         1788691009.672  5140  5175 I AebsFrameSubscriber: readNextMessages count=1
         1788691009.673  5140  5175 I MainActivity: onGatewayFrame: frame seq=1869 egoSpeed=6.787677 pts=0 intervention=false warning=false braking=true lifecycle=released_verified_stop range=null bearing=null rss=15.466432
         1788691009.770  5140  5175 I AebsFrameSubscriber: onMessagesAvailable callback
         1788691009.770  5140  5175 I AebsFrameSubscriber: readNextMessages count=1
         1788691009.771  5140  5175 I MainActivity: onGatewayFrame: frame seq=1870 egoSpeed=6.787677 pts=0 intervention=false warning=false braking=true lifecycle=released_verified_stop range=null bearing=null rss=15.466432
         1788691009.872  5140  5175 I AebsFrameSubscriber: onMessagesAvailable callback
         1788691009.873  5140  5175 I AebsFrameSubscriber: readNextMessages count=1
         1788691009.873  5140  5175 I MainActivity: onGatewayFrame: frame seq=1871 egoSpeed=6.787677 pts=0 intervention=false warning=false braking=true lifecycle=released_verified_stop range=null bearing=null rss=15.466432
         1788691009.970  5140  5175 I AebsFrameSubscriber: onMessagesAvailable callback
         1788691009.971  5140  5175 I AebsFrameSubscriber: readNextMessages count=1
         1788691009.971  5140  5175 I MainActivity: onGatewayFrame: frame seq=1872 egoSpeed=6.787677 pts=0 intervention=false warning=false braking=true lifecycle=released_verified_stop range=null bearing=null rss=15.466432
         1788691010.072  5140  5175 I AebsFrameSubscriber: onMessagesAvailable callback
         1788691010.073  5140  5175 I AebsFrameSubscriber: readNextMessages count=1
         1788691010.073  5140  5175 I MainActivity: onGatewayFrame: frame seq=1873 egoSpeed=6.787677 pts=0 intervention=false warning=false braking=true lifecycle=released_verified_stop range=null bearing=null rss=15.466432
         1788691010.170  5140  5175 I AebsFrameSubscriber: onMessagesAvailable callback
         1788691010.171  5140  5175 I AebsFrameSubscriber: readNextMessages count=1
         1788691010.171  5140  5175 I MainActivity: onGatewayFrame: frame seq=1874 egoSpeed=6.787677 pts=0 intervention=false warning=false braking=true lifecycle=released_verified_stop range=null bearing=null rss=15.466432
         1788691010.272  5140  5175 I AebsFrameSubscriber: onMessagesAvailable callback
         1788691010.273  5140  5175 I AebsFrameSubscriber: readNextMessages count=1
         1788691010.273  5140  5175 I MainActivity: onGatewayFrame: frame seq=1875 egoSpeed=6.787677 pts=0 intervention=false warning=false braking=true lifecycle=released_verified_stop range=null bearing=null rss=15.466432
         1788691010.370  5140  5175 I AebsFrameSubscriber: onMessagesAvailable callback
         1788691010.370  5140  5175 I AebsFrameSubscriber: readNextMessages count=1
         1788691010.370  5140  5175 I MainActivity: onGatewayFrame: frame seq=1876 egoSpeed=6.787677 pts=0 intervention=false warning=false braking=true lifecycle=released_verified_stop range=null bearing=null rss=15.466432
         1788691010.493  5140  5175 I AebsFrameSubscriber: readNextMessages count=1
         1788691010.493  5140  5175 I MainActivity: onGatewayFrame: frame seq=1877 egoSpeed=6.787677 pts=0 intervention=false warning=false braking=true lifecycle=released_verified_stop range=null bearing=null rss=15.466432
         1788691010.493  5140  5175 I AebsFrameSubscriber: onMessagesAvailable callback
         1788691010.570  5140  5175 I AebsFrameSubscriber: onMessagesAvailable callback
         1788691010.570  5140  5175 I AebsFrameSubscriber: readNextMessages count=1
         1788691010.570  5140  5175 I MainActivity: onGatewayFrame: frame seq=1878 egoSpeed=6.787677 pts=0 intervention=false warning=false braking=true lifecycle=released_verified_stop range=null bearing=null rss=15.466432
         1788691010.670  5140  5175 I AebsFrameSubscriber: onMessagesAvailable callback
         1788691010.670  5140  5175 I AebsFrameSubscriber: readNextMessages count=1
         1788691010.671  5140  5175 I MainActivity: onGatewayFrame: frame seq=1879 egoSpeed=6.787677 pts=0 intervention=false warning=false braking=true lifecycle=released_verified_stop range=null bearing=null rss=15.466432
         1788691010.770  5140  5175 I AebsFrameSubscriber: onMessagesAvailable callback
         1788691010.770  5140  5175 I AebsFrameSubscriber: readNextMessages count=1
         1788691010.771  5140  5175 I MainActivity: onGatewayFrame: frame seq=1880 egoSpeed=6.787677 pts=0 intervention=false warning=false braking=true lifecycle=released_verified_stop range=null bearing=null rss=15.466432
         1788691010.870  5140  5175 I AebsFrameSubscriber: onMessagesAvailable callback
         1788691010.870  5140  5175 I AebsFrameSubscriber: readNextMessages count=1
         1788691010.870  5140  5175 I MainActivity: onGatewayFrame: frame seq=1881 egoSpeed=6.787677 pts=0 intervention=false warning=false braking=true lifecycle=released_verified_stop range=null bearing=null rss=15.466432
         1788691010.970  5140  5175 I AebsFrameSubscriber: onMessagesAvailable callback
         1788691010.970  5140  5175 I AebsFrameSubscriber: readNextMessages count=1
         1788691010.970  5140  5175 I MainActivity: onGatewayFrame: frame seq=1882 egoSpeed=6.787677 pts=0 intervention=false warning=false braking=true lifecycle=released_verified_stop range=null bearing=null rss=15.466432
         1788691011.070  5140  5175 I AebsFrameSubscriber: onMessagesAvailable callback
         1788691011.070  5140  5175 I AebsFrameSubscriber: readNextMessages count=1
         1788691011.070  5140  5175 I MainActivity: onGatewayFrame: frame seq=1883 egoSpeed=6.787677 pts=0 intervention=false warning=false braking=true lifecycle=released_verified_stop range=null bearing=null rss=15.466432
         1788691011.170  5140  5175 I AebsFrameSubscriber: onMessagesAvailable callback
         1788691011.170  5140  5175 I AebsFrameSubscriber: readNextMessages count=1
         1788691011.170  5140  5175 I MainActivity: onGatewayFrame: frame seq=1884 egoSpeed=6.787677 pts=0 intervention=false warning=false braking=true lifecycle=released_verified_stop range=null bearing=null rss=15.466432
         1788691011.270  5140  5175 I AebsFrameSubscriber: onMessagesAvailable callback
         1788691011.270  5140  5175 I AebsFrameSubscriber: readNextMessages count=1
         1788691011.270  5140  5175 I MainActivity: onGatewayFrame: frame seq=1885 egoSpeed=6.787677 pts=0 intervention=false warning=false braking=true lifecycle=released_verified_stop range=null bearing=null rss=15.466432
         1788691011.370  5140  5175 I AebsFrameSubscriber: onMessagesAvailable callback
         1788691011.370  5140  5175 I AebsFrameSubscriber: readNextMessages count=1
         1788691011.370  5140  5175 I MainActivity: onGatewayFrame: frame seq=1886 egoSpeed=6.787677 pts=0 intervention=false warning=false braking=true lifecycle=released_verified_stop range=null bearing=null rss=15.466432
         1788691011.470  5140  5175 I AebsFrameSubscriber: onMessagesAvailable callback
         1788691011.470  5140  5175 I AebsFrameSubscriber: readNextMessages count=1
         1788691011.470  5140  5175 I MainActivity: onGatewayFrame: frame seq=1887 egoSpeed=6.787677 pts=0 intervention=false warning=false braking=true lifecycle=released_verified_stop range=null bearing=null rss=15.466432
         1788691011.570  5140  5175 I AebsFrameSubscriber: onMessagesAvailable callback
         1788691011.570  5140  5175 I AebsFrameSubscriber: readNextMessages count=1
         1788691011.570  5140  5175 I MainActivity: onGatewayFrame: frame seq=1888 egoSpeed=6.787677 pts=0 intervention=false warning=false braking=true lifecycle=released_verified_stop range=null bearing=null rss=15.466432
         1788691011.670  5140  5175 I AebsFrameSubscriber: onMessagesAvailable callback
         1788691011.670  5140  5175 I AebsFrameSubscriber: readNextMessages count=1
         1788691011.670  5140  5175 I MainActivity: onGatewayFrame: frame seq=1889 egoSpeed=6.787677 pts=0 intervention=false warning=false braking=true lifecycle=released_verified_stop range=null bearing=null rss=15.466432
         1788691011.770  5140  5175 I AebsFrameSubscriber: onMessagesAvailable callback
         1788691011.770  5140  5175 I AebsFrameSubscriber: readNextMessages count=1
         1788691011.770  5140  5175 I MainActivity: onGatewayFrame: frame seq=1890 egoSpeed=6.787677 pts=0 intervention=false warning=false braking=true lifecycle=released_verified_stop range=null bearing=null rss=15.466432
         1788691011.870  5140  5175 I AebsFrameSubscriber: onMessagesAvailable callback
         1788691011.870  5140  5175 I AebsFrameSubscriber: readNextMessages count=1
         1788691011.870  5140  5175 I MainActivity: onGatewayFrame: frame seq=1891 egoSpeed=6.787677 pts=0 intervention=false warning=false braking=true lifecycle=released_verified_stop range=null bearing=null rss=15.466432
         1788691011.970  5140  5175 I AebsFrameSubscriber: onMessagesAvailable callback
         1788691011.970  5140  5175 I AebsFrameSubscriber: readNextMessages count=1
         1788691011.971  5140  5175 I MainActivity: onGatewayFrame: frame seq=1892 egoSpeed=6.787677 pts=0 intervention=false warning=false braking=true lifecycle=released_verified_stop range=null bearing=null rss=15.466432
         1788691012.070  5140  5175 I AebsFrameSubscriber: onMessagesAvailable callback
         1788691012.070  5140  5175 I AebsFrameSubscriber: readNextMessages count=1
         1788691012.070  5140  5175 I MainActivity: onGatewayFrame: frame seq=1893 egoSpeed=6.787677 pts=0 intervention=false warning=false braking=true lifecycle=released_verified_stop range=null bearing=null rss=15.466432
         1788691012.170  5140  5175 I AebsFrameSubscriber: onMessagesAvailable callback
         1788691012.170  5140  5175 I AebsFrameSubscriber: readNextMessages count=1
         1788691012.171  5140  5175 I MainActivity: onGatewayFrame: frame seq=1894 egoSpeed=6.787677 pts=0 intervention=false warning=false braking=true lifecycle=released_verified_stop range=null bearing=null rss=15.466432
         1788691012.270  5140  5175 I AebsFrameSubscriber: onMessagesAvailable callback
         1788691012.270  5140  5175 I AebsFrameSubscriber: readNextMessages count=1
         1788691012.271  5140  5175 I MainActivity: onGatewayFrame: frame seq=1895 egoSpeed=6.787677 pts=0 intervention=false warning=false braking=true lifecycle=released_verified_stop range=null bearing=null rss=15.466432
         1788691012.370  5140  5175 I AebsFrameSubscriber: onMessagesAvailable callback
         1788691012.370  5140  5175 I AebsFrameSubscriber: readNextMessages count=1
         1788691012.370  5140  5175 I MainActivity: onGatewayFrame: frame seq=1896 egoSpeed=6.787677 pts=0 intervention=false warning=false braking=true lifecycle=released_verified_stop range=null bearing=null rss=15.466432
         1788691012.470  5140  5175 I AebsFrameSubscriber: onMessagesAvailable callback
         1788691012.470  5140  5175 I AebsFrameSubscriber: readNextMessages count=1
         1788691012.470  5140  5175 I MainActivity: onGatewayFrame: frame seq=1897 egoSpeed=6.787677 pts=0 intervention=false warning=false braking=true lifecycle=released_verified_stop range=null bearing=null rss=15.466432
         1788691012.570  5140  5175 I AebsFrameSubscriber: onMessagesAvailable callback
         1788691012.570  5140  5175 I AebsFrameSubscriber: readNextMessages count=1
         1788691012.570  5140  5175 I MainActivity: onGatewayFrame: frame seq=1898 egoSpeed=6.787677 pts=0 intervention=false warning=false braking=true lifecycle=released_verified_stop range=null bearing=null rss=15.466432
         1788691012.670  5140  5175 I AebsFrameSubscriber: onMessagesAvailable callback
         1788691012.670  5140  5175 I AebsFrameSubscriber: readNextMessages count=1
         1788691012.670  5140  5175 I MainActivity: onGatewayFrame: frame seq=1899 egoSpeed=6.787677 pts=0 intervention=false warning=false braking=true lifecycle=released_verified_stop range=null bearing=null rss=15.466432
         1788691012.770  5140  5175 I AebsFrameSubscriber: onMessagesAvailable callback
         1788691012.770  5140  5175 I AebsFrameSubscriber: readNextMessages count=1
         1788691012.770  5140  5175 I MainActivity: onGatewayFrame: frame seq=1900 egoSpeed=6.787677 pts=0 intervention=false warning=false braking=true lifecycle=released_verified_stop range=null bearing=null rss=15.466432
         1788691012.870  5140  5175 I AebsFrameSubscriber: onMessagesAvailable callback
         1788691012.870  5140  5175 I AebsFrameSubscriber: readNextMessages count=1
         1788691012.870  5140  5175 I MainActivity: onGatewayFrame: frame seq=1901 egoSpeed=6.787677 pts=0 intervention=false warning=false braking=true lifecycle=released_verified_stop range=null bearing=null rss=15.466432
         1788691012.970  5140  5175 I AebsFrameSubscriber: onMessagesAvailable callback
         1788691012.970  5140  5175 I AebsFrameSubscriber: readNextMessages count=1
         1788691012.970  5140  5175 I MainActivity: onGatewayFrame: frame seq=1902 egoSpeed=6.787677 pts=0 intervention=false warning=false braking=true lifecycle=released_verified_stop range=null bearing=null rss=15.466432
         1788691013.070  5140  5175 I AebsFrameSubscriber: onMessagesAvailable callback
         1788691013.070  5140  5175 I AebsFrameSubscriber: readNextMessages count=1
         1788691013.070  5140  5175 I MainActivity: onGatewayFrame: frame seq=1903 egoSpeed=6.787677 pts=0 intervention=false warning=false braking=true lifecycle=released_verified_stop range=null bearing=null rss=15.466432
         1788691013.170  5140  5175 I AebsFrameSubscriber: onMessagesAvailable callback
         1788691013.170  5140  5175 I AebsFrameSubscriber: readNextMessages count=1
         1788691013.170  5140  5175 I MainActivity: onGatewayFrame: frame seq=1904 egoSpeed=6.787677 pts=0 intervention=false warning=false braking=true lifecycle=released_verified_stop range=null bearing=null rss=15.466432
         1788691013.269  5140  5175 I AebsFrameSubscriber: onMessagesAvailable callback
         1788691013.270  5140  5175 I AebsFrameSubscriber: readNextMessages count=1
         1788691013.270  5140  5175 I MainActivity: onGatewayFrame: frame seq=1905 egoSpeed=6.787677 pts=0 intervention=false warning=false braking=true lifecycle=released_verified_stop range=null bearing=null rss=15.466432
         1788691013.369  5140  5175 I AebsFrameSubscriber: onMessagesAvailable callback
         1788691013.370  5140  5175 I AebsFrameSubscriber: readNextMessages count=1
         1788691013.370  5140  5175 I MainActivity: onGatewayFrame: frame seq=1906 egoSpeed=6.787677 pts=0 intervention=false warning=false braking=true lifecycle=released_verified_stop range=null bearing=null rss=15.466432
         1788691013.470  5140  5175 I AebsFrameSubscriber: onMessagesAvailable callback
         1788691013.470  5140  5175 I AebsFrameSubscriber: readNextMessages count=1
         1788691013.470  5140  5175 I MainActivity: onGatewayFrame: frame seq=1907 egoSpeed=6.787677 pts=0 intervention=false warning=false braking=true lifecycle=released_verified_stop range=null bearing=null rss=15.466432
         1788691013.570  5140  5175 I AebsFrameSubscriber: onMessagesAvailable callback
         1788691013.570  5140  5175 I AebsFrameSubscriber: readNextMessages count=1
         1788691013.570  5140  5175 I MainActivity: onGatewayFrame: frame seq=1908 egoSpeed=6.787677 pts=0 intervention=false warning=false braking=true lifecycle=released_verified_stop range=null bearing=null rss=15.466432
         1788691013.670  5140  5175 I AebsFrameSubscriber: onMessagesAvailable callback
         1788691013.670  5140  5175 I AebsFrameSubscriber: readNextMessages count=1
         1788691013.670  5140  5175 I MainActivity: onGatewayFrame: frame seq=1909 egoSpeed=6.787677 pts=0 intervention=false warning=false braking=true lifecycle=released_verified_stop range=null bearing=null rss=15.466432
         1788691013.770  5140  5175 I AebsFrameSubscriber: onMessagesAvailable callback
         1788691013.770  5140  5175 I AebsFrameSubscriber: readNextMessages count=1
         1788691013.770  5140  5175 I MainActivity: onGatewayFrame: frame seq=1910 egoSpeed=6.787677 pts=0 intervention=false warning=false braking=true lifecycle=released_verified_stop range=null bearing=null rss=15.466432
         1788691013.870  5140  5175 I AebsFrameSubscriber: onMessagesAvailable callback
         1788691013.870  5140  5175 I AebsFrameSubscriber: readNextMessages count=1
         1788691013.870  5140  5175 I MainActivity: onGatewayFrame: frame seq=1911 egoSpeed=6.787677 pts=0 intervention=false warning=false braking=true lifecycle=released_verified_stop range=null bearing=null rss=15.466432
         1788691013.970  5140  5175 I AebsFrameSubscriber: onMessagesAvailable callback
         1788691013.970  5140  5175 I AebsFrameSubscriber: readNextMessages count=1
         1788691013.970  5140  5175 I MainActivity: onGatewayFrame: frame seq=1912 egoSpeed=6.787677 pts=0 intervention=false warning=false braking=true lifecycle=released_verified_stop range=null bearing=null rss=15.466432
         1788691014.069  5140  5175 I AebsFrameSubscriber: onMessagesAvailable callback
         1788691014.070  5140  5175 I AebsFrameSubscriber: readNextMessages count=1
         1788691014.070  5140  5175 I MainActivity: onGatewayFrame: frame seq=1913 egoSpeed=6.787677 pts=0 intervention=false warning=false braking=true lifecycle=released_verified_stop range=null bearing=null rss=15.466432
         1788691014.170  5140  5175 I AebsFrameSubscriber: onMessagesAvailable callback
         1788691014.170  5140  5175 I AebsFrameSubscriber: readNextMessages count=1
         1788691014.170  5140  5175 I MainActivity: onGatewayFrame: frame seq=1914 egoSpeed=6.787677 pts=0 intervention=false warning=false braking=true lifecycle=released_verified_stop range=null bearing=null rss=15.466432
         1788691014.270  5140  5175 I AebsFrameSubscriber: onMessagesAvailable callback
         1788691014.270  5140  5175 I AebsFrameSubscriber: readNextMessages count=1
         1788691014.270  5140  5175 I MainActivity: onGatewayFrame: frame seq=1915 egoSpeed=6.787677 pts=0 intervention=false warning=false braking=true lifecycle=released_verified_stop range=null bearing=null rss=15.466432
         1788691014.486  5140  5175 I AebsFrameSubscriber: readNextMessages count=2
         1788691014.486  5140  5175 I MainActivity: onGatewayFrame: frame seq=1916 egoSpeed=6.787677 pts=0 intervention=false warning=false braking=true lifecycle=released_verified_stop range=null bearing=null rss=15.466432
         1788691014.486  5140  5175 I MainActivity: onGatewayFrame: frame seq=1917 egoSpeed=6.787677 pts=0 intervention=false warning=false braking=true lifecycle=released_verified_stop range=null bearing=null rss=15.466432
         1788691014.486  5140  5175 I AebsFrameSubscriber: onMessagesAvailable callback
         1788691014.486  5140  5175 I AebsFrameSubscriber: onMessagesAvailable callback
         1788691014.570  5140  5175 I AebsFrameSubscriber: onMessagesAvailable callback
         1788691014.570  5140  5175 I AebsFrameSubscriber: readNextMessages count=1
         1788691014.570  5140  5175 I MainActivity: onGatewayFrame: frame seq=1918 egoSpeed=6.787677 pts=0 intervention=false warning=false braking=true lifecycle=released_verified_stop range=null bearing=null rss=15.466432
         1788691014.669  5140  5175 I AebsFrameSubscriber: onMessagesAvailable callback
         1788691014.670  5140  5175 I AebsFrameSubscriber: readNextMessages count=1
         1788691014.670  5140  5175 I MainActivity: onGatewayFrame: frame seq=1919 egoSpeed=6.787677 pts=0 intervention=false warning=false braking=true lifecycle=released_verified_stop range=null bearing=null rss=15.466432
         1788691014.769  5140  5175 I AebsFrameSubscriber: onMessagesAvailable callback
         1788691014.770  5140  5175 I AebsFrameSubscriber: readNextMessages count=1
         1788691014.770  5140  5175 I MainActivity: onGatewayFrame: frame seq=1920 egoSpeed=6.787677 pts=0 intervention=false warning=false braking=true lifecycle=released_verified_stop range=null bearing=null rss=15.466432
         1788691014.869  5140  5175 I AebsFrameSubscriber: onMessagesAvailable callback
         1788691014.870  5140  5175 I AebsFrameSubscriber: readNextMessages count=1
         1788691014.870  5140  5175 I MainActivity: onGatewayFrame: frame seq=1921 egoSpeed=6.787677 pts=0 intervention=false warning=false braking=true lifecycle=released_verified_stop range=null bearing=null rss=15.466432
         1788691014.970  5140  5175 I AebsFrameSubscriber: onMessagesAvailable callback
         1788691014.971  5140  5175 I AebsFrameSubscriber: readNextMessages count=1
         1788691014.971  5140  5175 I MainActivity: onGatewayFrame: frame seq=1922 egoSpeed=6.787677 pts=0 intervention=false warning=false braking=true lifecycle=released_verified_stop range=null bearing=null rss=15.466432
         1788691015.070  5140  5175 I AebsFrameSubscriber: onMessagesAvailable callback
         1788691015.070  5140  5175 I AebsFrameSubscriber: readNextMessages count=1
         1788691015.071  5140  5175 I MainActivity: onGatewayFrame: frame seq=1923 egoSpeed=6.787677 pts=0 intervention=false warning=false braking=true lifecycle=released_verified_stop range=null bearing=null rss=15.466432
         1788691015.170  5140  5175 I AebsFrameSubscriber: onMessagesAvailable callback
         1788691015.170  5140  5175 I AebsFrameSubscriber: readNextMessages count=1
         1788691015.171  5140  5175 I MainActivity: onGatewayFrame: frame seq=1924 egoSpeed=6.787677 pts=0 intervention=false warning=false braking=true lifecycle=released_verified_stop range=null bearing=null rss=15.466432
         1788691015.270  5140  5175 I AebsFrameSubscriber: onMessagesAvailable callback
         1788691015.270  5140  5175 I AebsFrameSubscriber: readNextMessages count=1
         1788691015.270  5140  5175 I MainActivity: onGatewayFrame: frame seq=1925 egoSpeed=6.787677 pts=0 intervention=false warning=false braking=true lifecycle=released_verified_stop range=null bearing=null rss=15.466432
         1788691015.370  5140  5175 I AebsFrameSubscriber: onMessagesAvailable callback
         1788691015.370  5140  5175 I AebsFrameSubscriber: readNextMessages count=1
         1788691015.370  5140  5175 I MainActivity: onGatewayFrame: frame seq=1926 egoSpeed=6.787677 pts=0 intervention=false warning=false braking=true lifecycle=released_verified_stop range=null bearing=null rss=15.466432
         1788691015.469  5140  5175 I AebsFrameSubscriber: onMessagesAvailable callback
         1788691015.470  5140  5175 I AebsFrameSubscriber: readNextMessages count=1
         1788691015.470  5140  5175 I MainActivity: onGatewayFrame: frame seq=1927 egoSpeed=6.787677 pts=0 intervention=false warning=false braking=true lifecycle=released_verified_stop range=null bearing=null rss=15.466432
         1788691015.569  5140  5175 I AebsFrameSubscriber: onMessagesAvailable callback
         1788691015.570  5140  5175 I AebsFrameSubscriber: readNextMessages count=1
         1788691015.570  5140  5175 I MainActivity: onGatewayFrame: frame seq=1928 egoSpeed=6.787677 pts=0 intervention=false warning=false braking=true lifecycle=released_verified_stop range=null bearing=null rss=15.466432
         1788691015.669  5140  5175 I AebsFrameSubscriber: onMessagesAvailable callback
         1788691015.670  5140  5175 I AebsFrameSubscriber: readNextMessages count=1
         1788691015.670  5140  5175 I MainActivity: onGatewayFrame: frame seq=1929 egoSpeed=6.787677 pts=0 intervention=false warning=false braking=true lifecycle=released_verified_stop range=null bearing=null rss=15.466432
         1788691015.769  5140  5175 I AebsFrameSubscriber: onMessagesAvailable callback
         1788691015.770  5140  5175 I AebsFrameSubscriber: readNextMessages count=1
         1788691015.770  5140  5175 I MainActivity: onGatewayFrame: frame seq=1930 egoSpeed=6.787677 pts=0 intervention=false warning=false braking=true lifecycle=released_verified_stop range=null bearing=null rss=15.466432
         1788691015.870  5140  5175 I AebsFrameSubscriber: onMessagesAvailable callback
         1788691015.870  5140  5175 I AebsFrameSubscriber: readNextMessages count=1
         1788691015.870  5140  5175 I MainActivity: onGatewayFrame: frame seq=1931 egoSpeed=6.787677 pts=0 intervention=false warning=false braking=true lifecycle=released_verified_stop range=null bearing=null rss=15.466432
         1788691015.970  5140  5175 I AebsFrameSubscriber: onMessagesAvailable callback
         1788691015.970  5140  5175 I AebsFrameSubscriber: readNextMessages count=1
         1788691015.970  5140  5175 I MainActivity: onGatewayFrame: frame seq=1932 egoSpeed=6.787677 pts=0 intervention=false warning=false braking=true lifecycle=released_verified_stop range=null bearing=null rss=15.466432
         1788691016.069  5140  5175 I AebsFrameSubscriber: onMessagesAvailable callback
         1788691016.070  5140  5175 I AebsFrameSubscriber: readNextMessages count=1
         1788691016.070  5140  5175 I MainActivity: onGatewayFrame: frame seq=1933 egoSpeed=6.787677 pts=0 intervention=false warning=false braking=true lifecycle=released_verified_stop range=null bearing=null rss=15.466432
         1788691016.170  5140  5175 I AebsFrameSubscriber: onMessagesAvailable callback
         1788691016.170  5140  5175 I AebsFrameSubscriber: readNextMessages count=1
         1788691016.171  5140  5175 I MainActivity: onGatewayFrame: frame seq=1934 egoSpeed=6.787677 pts=0 intervention=false warning=false braking=true lifecycle=released_verified_stop range=null bearing=null rss=15.466432
         1788691016.270  5140  5175 I AebsFrameSubscriber: onMessagesAvailable callback
         1788691016.270  5140  5175 I AebsFrameSubscriber: readNextMessages count=1
         1788691016.270  5140  5175 I MainActivity: onGatewayFrame: frame seq=1935 egoSpeed=6.787677 pts=0 intervention=false warning=false braking=true lifecycle=released_verified_stop range=null bearing=null rss=15.466432
         1788691016.370  5140  5175 I AebsFrameSubscriber: onMessagesAvailable callback
         1788691016.370  5140  5175 I AebsFrameSubscriber: readNextMessages count=1
         1788691016.370  5140  5175 I MainActivity: onGatewayFrame: frame seq=1936 egoSpeed=6.787677 pts=0 intervention=false warning=false braking=true lifecycle=released_verified_stop range=null bearing=null rss=15.466432
         1788691016.469  5140  5175 I AebsFrameSubscriber: onMessagesAvailable callback
         1788691016.470  5140  5175 I AebsFrameSubscriber: readNextMessages count=1
         1788691016.470  5140  5175 I MainActivity: onGatewayFrame: frame seq=1937 egoSpeed=6.787677 pts=0 intervention=false warning=false braking=true lifecycle=released_verified_stop range=null bearing=null rss=15.466432
         1788691016.569  5140  5175 I AebsFrameSubscriber: onMessagesAvailable callback
         1788691016.570  5140  5175 I AebsFrameSubscriber: readNextMessages count=1
         1788691016.570  5140  5175 I MainActivity: onGatewayFrame: frame seq=1938 egoSpeed=6.787677 pts=0 intervention=false warning=false braking=true lifecycle=released_verified_stop range=null bearing=null rss=15.466432
         1788691016.669  5140  5175 I AebsFrameSubscriber: onMessagesAvailable callback
         1788691016.670  5140  5175 I AebsFrameSubscriber: readNextMessages count=1
         1788691016.670  5140  5175 I MainActivity: onGatewayFrame: frame seq=1939 egoSpeed=6.787677 pts=0 intervention=false warning=false braking=true lifecycle=released_verified_stop range=null bearing=null rss=15.466432
         1788691016.769  5140  5175 I AebsFrameSubscriber: onMessagesAvailable callback
         1788691016.770  5140  5175 I AebsFrameSubscriber: readNextMessages count=1
         1788691016.771  5140  5175 I MainActivity: onGatewayFrame: frame seq=1940 egoSpeed=6.787677 pts=0 intervention=false warning=false braking=true lifecycle=released_verified_stop range=null bearing=null rss=15.466432
         1788691016.870  5140  5175 I AebsFrameSubscriber: onMessagesAvailable callback
         1788691016.870  5140  5175 I AebsFrameSubscriber: readNextMessages count=1
         1788691016.870  5140  5175 I MainActivity: onGatewayFrame: frame seq=1941 egoSpeed=6.787677 pts=0 intervention=false warning=false braking=true lifecycle=released_verified_stop range=null bearing=null rss=15.466432
         1788691016.969  5140  5175 I AebsFrameSubscriber: onMessagesAvailable callback
         1788691016.970  5140  5175 I AebsFrameSubscriber: readNextMessages count=1
         1788691016.970  5140  5175 I MainActivity: onGatewayFrame: frame seq=1942 egoSpeed=6.787677 pts=0 intervention=false warning=false braking=true lifecycle=released_verified_stop range=null bearing=null rss=15.466432
         1788691017.069  5140  5175 I AebsFrameSubscriber: onMessagesAvailable callback
         1788691017.070  5140  5175 I AebsFrameSubscriber: readNextMessages count=1
         1788691017.070  5140  5175 I MainActivity: onGatewayFrame: frame seq=1943 egoSpeed=6.787677 pts=0 intervention=false warning=false braking=true lifecycle=released_verified_stop range=null bearing=null rss=15.466432
         1788691017.170  5140  5175 I AebsFrameSubscriber: onMessagesAvailable callback
         1788691017.170  5140  5175 I AebsFrameSubscriber: readNextMessages count=1
         1788691017.170  5140  5175 I MainActivity: onGatewayFrame: frame seq=1944 egoSpeed=6.787677 pts=0 intervention=false warning=false braking=true lifecycle=released_verified_stop range=null bearing=null rss=15.466432
         1788691017.269  5140  5175 I AebsFrameSubscriber: onMessagesAvailable callback
         1788691017.270  5140  5175 I AebsFrameSubscriber: readNextMessages count=1
         1788691017.270  5140  5175 I MainActivity: onGatewayFrame: frame seq=1945 egoSpeed=6.787677 pts=0 intervention=false warning=false braking=true lifecycle=released_verified_stop range=null bearing=null rss=15.466432
         1788691017.371  5140  5175 I AebsFrameSubscriber: onMessagesAvailable callback
         1788691017.372  5140  5175 I AebsFrameSubscriber: readNextMessages count=1
         1788691017.372  5140  5175 I MainActivity: onGatewayFrame: frame seq=1946 egoSpeed=6.787677 pts=0 intervention=false warning=false braking=true lifecycle=released_verified_stop range=null bearing=null rss=15.466432
         1788691017.470  5140  5175 I AebsFrameSubscriber: onMessagesAvailable callback
         1788691017.470  5140  5175 I AebsFrameSubscriber: readNextMessages count=1
         1788691017.470  5140  5175 I MainActivity: onGatewayFrame: frame seq=1947 egoSpeed=6.787677 pts=0 intervention=false warning=false braking=true lifecycle=released_verified_stop range=null bearing=null rss=15.466432
         1788691017.569  5140  5175 I AebsFrameSubscriber: onMessagesAvailable callback
         1788691017.570  5140  5175 I AebsFrameSubscriber: readNextMessages count=1
         1788691017.570  5140  5175 I MainActivity: onGatewayFrame: frame seq=1948 egoSpeed=6.787677 pts=0 intervention=false warning=false braking=true lifecycle=released_verified_stop range=null bearing=null rss=15.466432
         1788691017.669  5140  5175 I AebsFrameSubscriber: onMessagesAvailable callback
         1788691017.670  5140  5175 I AebsFrameSubscriber: readNextMessages count=1
         1788691017.670  5140  5175 I MainActivity: onGatewayFrame: frame seq=1949 egoSpeed=6.787677 pts=0 intervention=false warning=false braking=true lifecycle=released_verified_stop range=null bearing=null rss=15.466432
         1788691017.769  5140  5175 I AebsFrameSubscriber: onMessagesAvailable callback
         1788691017.770  5140  5175 I AebsFrameSubscriber: readNextMessages count=1
         1788691017.770  5140  5175 I MainActivity: onGatewayFrame: frame seq=1950 egoSpeed=6.787677 pts=0 intervention=false warning=false braking=true lifecycle=released_verified_stop range=null bearing=null rss=15.466432
         1788691017.870  5140  5175 I AebsFrameSubscriber: onMessagesAvailable callback
         1788691017.870  5140  5175 I AebsFrameSubscriber: readNextMessages count=1
         1788691017.870  5140  5175 I MainActivity: onGatewayFrame: frame seq=1951 egoSpeed=6.787677 pts=0 intervention=false warning=false braking=true lifecycle=released_verified_stop range=null bearing=null rss=15.466432
         1788691017.969  5140  5175 I AebsFrameSubscriber: onMessagesAvailable callback
         1788691017.970  5140  5175 I AebsFrameSubscriber: readNextMessages count=1
         1788691017.970  5140  5175 I MainActivity: onGatewayFrame: frame seq=1952 egoSpeed=6.787677 pts=0 intervention=false warning=false braking=true lifecycle=released_verified_stop range=null bearing=null rss=15.466432
         1788691018.070  5140  5175 I AebsFrameSubscriber: onMessagesAvailable callback
         1788691018.070  5140  5175 I AebsFrameSubscriber: readNextMessages count=1
         1788691018.070  5140  5175 I MainActivity: onGatewayFrame: frame seq=1953 egoSpeed=6.787677 pts=0 intervention=false warning=false braking=true lifecycle=released_verified_stop range=null bearing=null rss=15.466432
         1788691018.170  5140  5175 I AebsFrameSubscriber: onMessagesAvailable callback
         1788691018.170  5140  5175 I AebsFrameSubscriber: readNextMessages count=1
         1788691018.170  5140  5175 I MainActivity: onGatewayFrame: frame seq=1954 egoSpeed=6.787677 pts=0 intervention=false warning=false braking=true lifecycle=released_verified_stop range=null bearing=null rss=15.466432
         1788691018.270  5140  5175 I AebsFrameSubscriber: onMessagesAvailable callback
         1788691018.271  5140  5175 I AebsFrameSubscriber: readNextMessages count=1
         1788691018.271  5140  5175 I MainActivity: onGatewayFrame: frame seq=1955 egoSpeed=6.787677 pts=0 intervention=false warning=false braking=true lifecycle=released_verified_stop range=null bearing=null rss=15.466432
         1788691018.395  5140  5175 I AebsFrameSubscriber: readNextMessages count=1
         1788691018.395  5140  5175 I MainActivity: onGatewayFrame: frame seq=1956 egoSpeed=6.787677 pts=0 intervention=false warning=false braking=true lifecycle=released_verified_stop range=null bearing=null rss=15.466432
         1788691018.395  5140  5175 I AebsFrameSubscriber: onMessagesAvailable callback
         1788691018.469  5140  5175 I AebsFrameSubscriber: onMessagesAvailable callback
         1788691018.470  5140  5175 I AebsFrameSubscriber: readNextMessages count=1
         1788691018.470  5140  5175 I MainActivity: onGatewayFrame: frame seq=1957 egoSpeed=6.787677 pts=0 intervention=false warning=false braking=true lifecycle=released_verified_stop range=null bearing=null rss=15.466432
         1788691018.569  5140  5175 I AebsFrameSubscriber: onMessagesAvailable callback
         1788691018.570  5140  5175 I AebsFrameSubscriber: readNextMessages count=1
         1788691018.570  5140  5175 I MainActivity: onGatewayFrame: frame seq=1958 egoSpeed=6.787677 pts=0 intervention=false warning=false braking=true lifecycle=released_verified_stop range=null bearing=null rss=15.466432
         1788691018.669  5140  5175 I AebsFrameSubscriber: onMessagesAvailable callback
         1788691018.670  5140  5175 I AebsFrameSubscriber: readNextMessages count=1
         1788691018.670  5140  5175 I MainActivity: onGatewayFrame: frame seq=1959 egoSpeed=6.787677 pts=0 intervention=false warning=false braking=true lifecycle=released_verified_stop range=null bearing=null rss=15.466432
         1788691018.769  5140  5175 I AebsFrameSubscriber: onMessagesAvailable callback
         1788691018.770  5140  5175 I AebsFrameSubscriber: readNextMessages count=1
         1788691018.770  5140  5175 I MainActivity: onGatewayFrame: frame seq=1960 egoSpeed=6.787677 pts=0 intervention=false warning=false braking=true lifecycle=released_verified_stop range=null bearing=null rss=15.466432
         1788691018.869  5140  5175 I AebsFrameSubscriber: onMessagesAvailable callback
         1788691018.870  5140  5175 I AebsFrameSubscriber: readNextMessages count=1
         1788691018.870  5140  5175 I MainActivity: onGatewayFrame: frame seq=1961 egoSpeed=6.787677 pts=0 intervention=false warning=false braking=true lifecycle=released_verified_stop range=null bearing=null rss=15.466432
         1788691018.969  5140  5175 I AebsFrameSubscriber: onMessagesAvailable callback
         1788691018.970  5140  5175 I AebsFrameSubscriber: readNextMessages count=1
         1788691018.970  5140  5175 I MainActivity: onGatewayFrame: frame seq=1962 egoSpeed=6.787677 pts=0 intervention=false warning=false braking=true lifecycle=released_verified_stop range=null bearing=null rss=15.466432
         1788691019.069  5140  5175 I AebsFrameSubscriber: onMessagesAvailable callback
         1788691019.070  5140  5175 I AebsFrameSubscriber: readNextMessages count=1
         1788691019.070  5140  5175 I MainActivity: onGatewayFrame: frame seq=1963 egoSpeed=6.787677 pts=0 intervention=false warning=false braking=true lifecycle=released_verified_stop range=null bearing=null rss=15.466432
         1788691019.169  5140  5175 I AebsFrameSubscriber: onMessagesAvailable callback
         1788691019.170  5140  5175 I AebsFrameSubscriber: readNextMessages count=1
         1788691019.170  5140  5175 I MainActivity: onGatewayFrame: frame seq=1964 egoSpeed=6.787677 pts=0 intervention=false warning=false braking=true lifecycle=released_verified_stop range=null bearing=null rss=15.466432
         1788691019.269  5140  5175 I AebsFrameSubscriber: onMessagesAvailable callback
         1788691019.270  5140  5175 I AebsFrameSubscriber: readNextMessages count=1
         1788691019.270  5140  5175 I MainActivity: onGatewayFrame: frame seq=1965 egoSpeed=6.787677 pts=0 intervention=false warning=false braking=true lifecycle=released_verified_stop range=null bearing=null rss=15.466432
         1788691019.369  5140  5175 I AebsFrameSubscriber: onMessagesAvailable callback
         1788691019.370  5140  5175 I AebsFrameSubscriber: readNextMessages count=1
         1788691019.370  5140  5175 I MainActivity: onGatewayFrame: frame seq=1966 egoSpeed=6.787677 pts=0 intervention=false warning=false braking=true lifecycle=released_verified_stop range=null bearing=null rss=15.466432
         1788691019.470  5140  5175 I AebsFrameSubscriber: onMessagesAvailable callback
         1788691019.470  5140  5175 I AebsFrameSubscriber: readNextMessages count=1
         1788691019.470  5140  5175 I MainActivity: onGatewayFrame: frame seq=1967 egoSpeed=6.787677 pts=0 intervention=false warning=false braking=true lifecycle=released_verified_stop range=null bearing=null rss=15.466432
         1788691019.569  5140  5175 I AebsFrameSubscriber: onMessagesAvailable callback
         1788691019.570  5140  5175 I AebsFrameSubscriber: readNextMessages count=1
         1788691019.570  5140  5175 I MainActivity: onGatewayFrame: frame seq=1968 egoSpeed=6.787677 pts=0 intervention=false warning=false braking=true lifecycle=released_verified_stop range=null bearing=null rss=15.466432
         1788691019.669  5140  5175 I AebsFrameSubscriber: onMessagesAvailable callback
         1788691019.670  5140  5175 I AebsFrameSubscriber: readNextMessages count=1
         1788691019.670  5140  5175 I MainActivity: onGatewayFrame: frame seq=1969 egoSpeed=6.787677 pts=0 intervention=false warning=false braking=true lifecycle=released_verified_stop range=null bearing=null rss=15.466432
         1788691019.769  5140  5175 I AebsFrameSubscriber: onMessagesAvailable callback
         1788691019.770  5140  5175 I AebsFrameSubscriber: readNextMessages count=1
         1788691019.770  5140  5175 I MainActivity: onGatewayFrame: frame seq=1970 egoSpeed=6.787677 pts=0 intervention=false warning=false braking=true lifecycle=released_verified_stop range=null bearing=null rss=15.466432
         1788691019.869  5140  5175 I AebsFrameSubscriber: onMessagesAvailable callback
         1788691019.870  5140  5175 I AebsFrameSubscriber: readNextMessages count=1
         1788691019.870  5140  5175 I MainActivity: onGatewayFrame: frame seq=1971 egoSpeed=6.787677 pts=0 intervention=false warning=false braking=true lifecycle=released_verified_stop range=null bearing=null rss=15.466432
         1788691019.969  5140  5175 I AebsFrameSubscriber: onMessagesAvailable callback
         1788691019.970  5140  5175 I AebsFrameSubscriber: readNextMessages count=1
         1788691019.970  5140  5175 I MainActivity: onGatewayFrame: frame seq=1972 egoSpeed=6.787677 pts=0 intervention=false warning=false braking=true lifecycle=released_verified_stop range=null bearing=null rss=15.466432
         1788691020.069  5140  5175 I AebsFrameSubscriber: onMessagesAvailable callback
         1788691020.070  5140  5175 I AebsFrameSubscriber: readNextMessages count=1
         1788691020.070  5140  5175 I MainActivity: onGatewayFrame: frame seq=1973 egoSpeed=6.787677 pts=0 intervention=false warning=false braking=true lifecycle=released_verified_stop range=null bearing=null rss=15.466432
         1788691020.169  5140  5175 I AebsFrameSubscriber: onMessagesAvailable callback
         1788691020.170  5140  5175 I AebsFrameSubscriber: readNextMessages count=1
         1788691020.170  5140  5175 I MainActivity: onGatewayFrame: frame seq=1974 egoSpeed=6.787677 pts=0 intervention=false warning=false braking=true lifecycle=released_verified_stop range=null bearing=null rss=15.466432
         1788691020.269  5140  5175 I AebsFrameSubscriber: onMessagesAvailable callback
         1788691020.269  5140  5175 I AebsFrameSubscriber: readNextMessages count=1
         1788691020.270  5140  5175 I MainActivity: onGatewayFrame: frame seq=1975 egoSpeed=6.787677 pts=0 intervention=false warning=false braking=true lifecycle=released_verified_stop range=null bearing=null rss=15.466432
         1788691020.369  5140  5175 I AebsFrameSubscriber: onMessagesAvailable callback
         1788691020.369  5140  5175 I AebsFrameSubscriber: readNextMessages count=1
         1788691020.370  5140  5175 I MainActivity: onGatewayFrame: frame seq=1976 egoSpeed=6.787677 pts=0 intervention=false warning=false braking=true lifecycle=released_verified_stop range=null bearing=null rss=15.466432
         1788691020.469  5140  5175 I AebsFrameSubscriber: onMessagesAvailable callback
         1788691020.469  5140  5175 I AebsFrameSubscriber: readNextMessages count=1
         1788691020.469  5140  5175 I MainActivity: onGatewayFrame: frame seq=1977 egoSpeed=6.787677 pts=0 intervention=false warning=false braking=true lifecycle=released_verified_stop range=null bearing=null rss=15.466432
         1788691020.569  5140  5175 I AebsFrameSubscriber: onMessagesAvailable callback
         1788691020.569  5140  5175 I AebsFrameSubscriber: readNextMessages count=1
         1788691020.569  5140  5175 I MainActivity: onGatewayFrame: frame seq=1978 egoSpeed=6.787677 pts=0 intervention=false warning=false braking=true lifecycle=released_verified_stop range=null bearing=null rss=15.466432
         1788691020.669  5140  5175 I AebsFrameSubscriber: onMessagesAvailable callback
         1788691020.669  5140  5175 I AebsFrameSubscriber: readNextMessages count=1
         1788691020.669  5140  5175 I MainActivity: onGatewayFrame: frame seq=1979 egoSpeed=6.787677 pts=0 intervention=false warning=false braking=true lifecycle=released_verified_stop range=null bearing=null rss=15.466432
         1788691020.769  5140  5175 I AebsFrameSubscriber: onMessagesAvailable callback
         1788691020.769  5140  5175 I AebsFrameSubscriber: readNextMessages count=1
         1788691020.769  5140  5175 I MainActivity: onGatewayFrame: frame seq=1980 egoSpeed=6.787677 pts=0 intervention=false warning=false braking=true lifecycle=released_verified_stop range=null bearing=null rss=15.466432
         1788691020.869  5140  5175 I AebsFrameSubscriber: onMessagesAvailable callback
         1788691020.869  5140  5175 I AebsFrameSubscriber: readNextMessages count=1
         1788691020.869  5140  5175 I MainActivity: onGatewayFrame: frame seq=1981 egoSpeed=6.787677 pts=0 intervention=false warning=false braking=true lifecycle=released_verified_stop range=null bearing=null rss=15.466432
         1788691020.969  5140  5175 I AebsFrameSubscriber: onMessagesAvailable callback
         1788691020.969  5140  5175 I AebsFrameSubscriber: readNextMessages count=1
         1788691020.969  5140  5175 I MainActivity: onGatewayFrame: frame seq=1982 egoSpeed=6.787677 pts=0 intervention=false warning=false braking=true lifecycle=released_verified_stop range=null bearing=null rss=15.466432
         1788691021.069  5140  5175 I AebsFrameSubscriber: onMessagesAvailable callback
         1788691021.069  5140  5175 I AebsFrameSubscriber: readNextMessages count=1
         1788691021.069  5140  5175 I MainActivity: onGatewayFrame: frame seq=1983 egoSpeed=6.787677 pts=0 intervention=false warning=false braking=true lifecycle=released_verified_stop range=null bearing=null rss=15.466432
         1788691021.169  5140  5175 I AebsFrameSubscriber: onMessagesAvailable callback
         1788691021.170  5140  5175 I AebsFrameSubscriber: readNextMessages count=1
         1788691021.170  5140  5175 I MainActivity: onGatewayFrame: frame seq=1984 egoSpeed=6.787677 pts=0 intervention=false warning=false braking=true lifecycle=released_verified_stop range=null bearing=null rss=15.466432
         1788691021.269  5140  5175 I AebsFrameSubscriber: onMessagesAvailable callback
         1788691021.269  5140  5175 I AebsFrameSubscriber: readNextMessages count=1
         1788691021.269  5140  5175 I MainActivity: onGatewayFrame: frame seq=1985 egoSpeed=6.787677 pts=0 intervention=false warning=false braking=true lifecycle=released_verified_stop range=null bearing=null rss=15.466432
         1788691021.369  5140  5175 I AebsFrameSubscriber: onMessagesAvailable callback
         1788691021.369  5140  5175 I AebsFrameSubscriber: readNextMessages count=1
         1788691021.370  5140  5175 I MainActivity: onGatewayFrame: frame seq=1986 egoSpeed=6.787677 pts=0 intervention=false warning=false braking=true lifecycle=released_verified_stop range=null bearing=null rss=15.466432
         1788691021.469  5140  5175 I AebsFrameSubscriber: onMessagesAvailable callback
         1788691021.469  5140  5175 I AebsFrameSubscriber: readNextMessages count=1
         1788691021.470  5140  5175 I MainActivity: onGatewayFrame: frame seq=1987 egoSpeed=6.787677 pts=0 intervention=false warning=false braking=true lifecycle=released_verified_stop range=null bearing=null rss=15.466432
         1788691021.569  5140  5175 I AebsFrameSubscriber: onMessagesAvailable callback
         1788691021.569  5140  5175 I AebsFrameSubscriber: readNextMessages count=1
         1788691021.569  5140  5175 I MainActivity: onGatewayFrame: frame seq=1988 egoSpeed=6.787677 pts=0 intervention=false warning=false braking=true lifecycle=released_verified_stop range=null bearing=null rss=15.466432
         1788691021.669  5140  5175 I AebsFrameSubscriber: onMessagesAvailable callback
         1788691021.670  5140  5175 I AebsFrameSubscriber: readNextMessages count=1
         1788691021.670  5140  5175 I MainActivity: onGatewayFrame: frame seq=1989 egoSpeed=6.787677 pts=0 intervention=false warning=false braking=true lifecycle=released_verified_stop range=null bearing=null rss=15.466432
         1788691021.769  5140  5175 I AebsFrameSubscriber: onMessagesAvailable callback
         1788691021.769  5140  5175 I AebsFrameSubscriber: readNextMessages count=1
         1788691021.770  5140  5175 I MainActivity: onGatewayFrame: frame seq=1990 egoSpeed=6.787677 pts=0 intervention=false warning=false braking=true lifecycle=released_verified_stop range=null bearing=null rss=15.466432
         1788691021.869  5140  5175 I AebsFrameSubscriber: onMessagesAvailable callback
         1788691021.869  5140  5175 I AebsFrameSubscriber: readNextMessages count=1
         1788691021.869  5140  5175 I MainActivity: onGatewayFrame: frame seq=1991 egoSpeed=6.787677 pts=0 intervention=false warning=false braking=true lifecycle=released_verified_stop range=null bearing=null rss=15.466432
         1788691021.969  5140  5175 I AebsFrameSubscriber: onMessagesAvailable callback
         1788691021.969  5140  5175 I AebsFrameSubscriber: readNextMessages count=1
         1788691021.969  5140  5175 I MainActivity: onGatewayFrame: frame seq=1992 egoSpeed=6.787677 pts=0 intervention=false warning=false braking=true lifecycle=released_verified_stop range=null bearing=null rss=15.466432
         1788691022.069  5140  5175 I AebsFrameSubscriber: onMessagesAvailable callback
         1788691022.072  5140  5175 I AebsFrameSubscriber: readNextMessages count=1
         1788691022.072  5140  5175 I MainActivity: onGatewayFrame: frame seq=1993 egoSpeed=6.787677 pts=0 intervention=false warning=false braking=true lifecycle=released_verified_stop range=null bearing=null rss=15.466432
         1788691022.293  5140  5175 I AebsFrameSubscriber: readNextMessages count=2
         1788691022.294  5140  5175 I MainActivity: onGatewayFrame: frame seq=1994 egoSpeed=6.787677 pts=0 intervention=false warning=false braking=true lifecycle=released_verified_stop range=null bearing=null rss=15.466432
         1788691022.294  5140  5175 I MainActivity: onGatewayFrame: frame seq=1995 egoSpeed=6.787677 pts=0 intervention=false warning=false braking=true lifecycle=released_verified_stop range=null bearing=null rss=15.466432
         1788691022.294  5140  5175 I AebsFrameSubscriber: onMessagesAvailable callback
         1788691022.294  5140  5175 I AebsFrameSubscriber: onMessagesAvailable callback
         1788691022.369  5140  5175 I AebsFrameSubscriber: onMessagesAvailable callback
         1788691022.369  5140  5175 I AebsFrameSubscriber: readNextMessages count=1
         1788691022.369  5140  5175 I MainActivity: onGatewayFrame: frame seq=1996 egoSpeed=6.787677 pts=0 intervention=false warning=false braking=true lifecycle=released_verified_stop range=null bearing=null rss=15.466432
         1788691022.469  5140  5175 I AebsFrameSubscriber: onMessagesAvailable callback
         1788691022.469  5140  5175 I AebsFrameSubscriber: readNextMessages count=1
         1788691022.469  5140  5175 I MainActivity: onGatewayFrame: frame seq=1997 egoSpeed=6.787677 pts=0 intervention=false warning=false braking=true lifecycle=released_verified_stop range=null bearing=null rss=15.466432
         1788691022.569  5140  5175 I AebsFrameSubscriber: onMessagesAvailable callback
         1788691022.569  5140  5175 I AebsFrameSubscriber: readNextMessages count=1
         1788691022.570  5140  5175 I MainActivity: onGatewayFrame: frame seq=1998 egoSpeed=6.787677 pts=0 intervention=false warning=false braking=true lifecycle=released_verified_stop range=null bearing=null rss=15.466432
         1788691022.669  5140  5175 I AebsFrameSubscriber: onMessagesAvailable callback
         1788691022.670  5140  5175 I AebsFrameSubscriber: readNextMessages count=1
         1788691022.670  5140  5175 I MainActivity: onGatewayFrame: frame seq=1999 egoSpeed=6.787677 pts=0 intervention=false warning=false braking=true lifecycle=released_verified_stop range=null bearing=null rss=15.466432
         1788691022.769  5140  5175 I AebsFrameSubscriber: onMessagesAvailable callback
         1788691022.769  5140  5175 I AebsFrameSubscriber: readNextMessages count=1
         1788691022.769  5140  5175 I MainActivity: onGatewayFrame: frame seq=2000 egoSpeed=6.787677 pts=0 intervention=false warning=false braking=true lifecycle=released_verified_stop range=null bearing=null rss=15.466432
         1788691022.869  5140  5175 I AebsFrameSubscriber: onMessagesAvailable callback
         1788691022.869  5140  5175 I AebsFrameSubscriber: readNextMessages count=1
         1788691022.869  5140  5175 I MainActivity: onGatewayFrame: frame seq=2001 egoSpeed=6.787677 pts=0 intervention=false warning=false braking=true lifecycle=released_verified_stop range=null bearing=null rss=15.466432
         1788691022.969  5140  5175 I AebsFrameSubscriber: onMessagesAvailable callback
         1788691022.969  5140  5175 I AebsFrameSubscriber: readNextMessages count=1
         1788691022.969  5140  5175 I MainActivity: onGatewayFrame: frame seq=2002 egoSpeed=6.787677 pts=0 intervention=false warning=false braking=true lifecycle=released_verified_stop range=null bearing=null rss=15.466432
         1788691023.069  5140  5175 I AebsFrameSubscriber: onMessagesAvailable callback
         1788691023.069  5140  5175 I AebsFrameSubscriber: readNextMessages count=1
         1788691023.069  5140  5175 I MainActivity: onGatewayFrame: frame seq=2003 egoSpeed=6.787677 pts=0 intervention=false warning=false braking=true lifecycle=released_verified_stop range=null bearing=null rss=15.466432
         1788691023.169  5140  5175 I AebsFrameSubscriber: onMessagesAvailable callback
         1788691023.170  5140  5175 I AebsFrameSubscriber: readNextMessages count=1
         1788691023.170  5140  5175 I MainActivity: onGatewayFrame: frame seq=2004 egoSpeed=6.787677 pts=0 intervention=false warning=false braking=true lifecycle=released_verified_stop range=null bearing=null rss=15.466432
         1788691023.269  5140  5175 I AebsFrameSubscriber: onMessagesAvailable callback
         1788691023.269  5140  5175 I AebsFrameSubscriber: readNextMessages count=1
         1788691023.269  5140  5175 I MainActivity: onGatewayFrame: frame seq=2005 egoSpeed=6.787677 pts=0 intervention=false warning=false braking=true lifecycle=released_verified_stop range=null bearing=null rss=15.466432
         1788691023.369  5140  5175 I AebsFrameSubscriber: onMessagesAvailable callback
         1788691023.369  5140  5175 I AebsFrameSubscriber: readNextMessages count=1
         1788691023.369  5140  5175 I MainActivity: onGatewayFrame: frame seq=2006 egoSpeed=6.787677 pts=0 intervention=false warning=false braking=true lifecycle=released_verified_stop range=null bearing=null rss=15.466432
         1788691023.469  5140  5175 I AebsFrameSubscriber: onMessagesAvailable callback
         1788691023.469  5140  5175 I AebsFrameSubscriber: readNextMessages count=1
         1788691023.469  5140  5175 I MainActivity: onGatewayFrame: frame seq=2007 egoSpeed=6.787677 pts=0 intervention=false warning=false braking=true lifecycle=released_verified_stop range=null bearing=null rss=15.466432
         1788691023.569  5140  5175 I AebsFrameSubscriber: onMessagesAvailable callback
         1788691023.569  5140  5175 I AebsFrameSubscriber: readNextMessages count=1
         1788691023.569  5140  5175 I MainActivity: onGatewayFrame: frame seq=2008 egoSpeed=6.787677 pts=0 intervention=false warning=false braking=true lifecycle=released_verified_stop range=null bearing=null rss=15.466432
         1788691023.669  5140  5175 I AebsFrameSubscriber: onMessagesAvailable callback
         1788691023.669  5140  5175 I AebsFrameSubscriber: readNextMessages count=1
         1788691023.670  5140  5175 I MainActivity: onGatewayFrame: frame seq=2009 egoSpeed=6.787677 pts=0 intervention=false warning=false braking=true lifecycle=released_verified_stop range=null bearing=null rss=15.466432
         1788691023.769  5140  5175 I AebsFrameSubscriber: onMessagesAvailable callback
         1788691023.769  5140  5175 I AebsFrameSubscriber: readNextMessages count=1
         1788691023.769  5140  5175 I MainActivity: onGatewayFrame: frame seq=2010 egoSpeed=6.787677 pts=0 intervention=false warning=false braking=true lifecycle=released_verified_stop range=null bearing=null rss=15.466432
         1788691023.869  5140  5175 I AebsFrameSubscriber: onMessagesAvailable callback
         1788691023.869  5140  5175 I AebsFrameSubscriber: readNextMessages count=1
         1788691023.870  5140  5175 I MainActivity: onGatewayFrame: frame seq=2011 egoSpeed=6.787677 pts=0 intervention=false warning=false braking=true lifecycle=released_verified_stop range=null bearing=null rss=15.466432
         1788691023.969  5140  5175 I AebsFrameSubscriber: onMessagesAvailable callback
         1788691023.969  5140  5175 I AebsFrameSubscriber: readNextMessages count=1
         1788691023.969  5140  5175 I MainActivity: onGatewayFrame: frame seq=2012 egoSpeed=6.787677 pts=0 intervention=false warning=false braking=true lifecycle=released_verified_stop range=null bearing=null rss=15.466432
         1788691024.069  5140  5175 I AebsFrameSubscriber: onMessagesAvailable callback
         1788691024.069  5140  5175 I AebsFrameSubscriber: readNextMessages count=1
         1788691024.069  5140  5175 I MainActivity: onGatewayFrame: frame seq=2013 egoSpeed=6.787677 pts=0 intervention=false warning=false braking=true lifecycle=released_verified_stop range=null bearing=null rss=15.466432
         1788691024.169  5140  5175 I AebsFrameSubscriber: onMessagesAvailable callback
         1788691024.169  5140  5175 I AebsFrameSubscriber: readNextMessages count=1
         1788691024.169  5140  5175 I MainActivity: onGatewayFrame: frame seq=2014 egoSpeed=6.787677 pts=0 intervention=false warning=false braking=true lifecycle=released_verified_stop range=null bearing=null rss=15.466432
         1788691024.269  5140  5175 I AebsFrameSubscriber: onMessagesAvailable callback
         1788691024.269  5140  5175 I AebsFrameSubscriber: readNextMessages count=1
         1788691024.269  5140  5175 I MainActivity: onGatewayFrame: frame seq=2015 egoSpeed=6.787677 pts=0 intervention=false warning=false braking=true lifecycle=released_verified_stop range=null bearing=null rss=15.466432
         1788691024.369  5140  5175 I AebsFrameSubscriber: onMessagesAvailable callback
         1788691024.369  5140  5175 I AebsFrameSubscriber: readNextMessages count=1
         1788691024.369  5140  5175 I MainActivity: onGatewayFrame: frame seq=2016 egoSpeed=6.787677 pts=0 intervention=false warning=false braking=true lifecycle=released_verified_stop range=null bearing=null rss=15.466432
         1788691024.469  5140  5175 I AebsFrameSubscriber: onMessagesAvailable callback
         1788691024.469  5140  5175 I AebsFrameSubscriber: readNextMessages count=1
         1788691024.469  5140  5175 I MainActivity: onGatewayFrame: frame seq=2017 egoSpeed=6.787677 pts=0 intervention=false warning=false braking=true lifecycle=released_verified_stop range=null bearing=null rss=15.466432
         1788691024.569  5140  5175 I AebsFrameSubscriber: onMessagesAvailable callback
         1788691024.569  5140  5175 I AebsFrameSubscriber: readNextMessages count=1
         1788691024.569  5140  5175 I MainActivity: onGatewayFrame: frame seq=2018 egoSpeed=6.787677 pts=0 intervention=false warning=false braking=true lifecycle=released_verified_stop range=null bearing=null rss=15.466432
         1788691024.669  5140  5175 I AebsFrameSubscriber: onMessagesAvailable callback
         1788691024.669  5140  5175 I AebsFrameSubscriber: readNextMessages count=1
         1788691024.669  5140  5175 I MainActivity: onGatewayFrame: frame seq=2019 egoSpeed=6.787677 pts=0 intervention=false warning=false braking=true lifecycle=released_verified_stop range=null bearing=null rss=15.466432
         1788691024.769  5140  5175 I AebsFrameSubscriber: onMessagesAvailable callback
         1788691024.769  5140  5175 I AebsFrameSubscriber: readNextMessages count=1
         1788691024.769  5140  5175 I MainActivity: onGatewayFrame: frame seq=2020 egoSpeed=6.787677 pts=0 intervention=false warning=false braking=true lifecycle=released_verified_stop range=null bearing=null rss=15.466432
         1788691024.869  5140  5175 I AebsFrameSubscriber: onMessagesAvailable callback
         1788691024.869  5140  5175 I AebsFrameSubscriber: readNextMessages count=1
         1788691024.869  5140  5175 I MainActivity: onGatewayFrame: frame seq=2021 egoSpeed=6.787677 pts=0 intervention=false warning=false braking=true lifecycle=released_verified_stop range=null bearing=null rss=15.466432
         1788691024.969  5140  5175 I AebsFrameSubscriber: onMessagesAvailable callback
         1788691024.969  5140  5175 I AebsFrameSubscriber: readNextMessages count=1
         1788691024.969  5140  5175 I MainActivity: onGatewayFrame: frame seq=2022 egoSpeed=6.787677 pts=0 intervention=false warning=false braking=true lifecycle=released_verified_stop range=null bearing=null rss=15.466432
         1788691025.069  5140  5175 I AebsFrameSubscriber: onMessagesAvailable callback
         1788691025.069  5140  5175 I AebsFrameSubscriber: readNextMessages count=1
         1788691025.070  5140  5175 I MainActivity: onGatewayFrame: frame seq=2023 egoSpeed=6.787677 pts=0 intervention=false warning=false braking=true lifecycle=released_verified_stop range=null bearing=null rss=15.466432
         1788691025.169  5140  5175 I AebsFrameSubscriber: onMessagesAvailable callback
         1788691025.169  5140  5175 I AebsFrameSubscriber: readNextMessages count=1
         1788691025.169  5140  5175 I MainActivity: onGatewayFrame: frame seq=2024 egoSpeed=6.787677 pts=0 intervention=false warning=false braking=true lifecycle=released_verified_stop range=null bearing=null rss=15.466432
         1788691025.269  5140  5175 I AebsFrameSubscriber: onMessagesAvailable callback
         1788691025.269  5140  5175 I AebsFrameSubscriber: readNextMessages count=1
         1788691025.269  5140  5175 I MainActivity: onGatewayFrame: frame seq=2025 egoSpeed=6.787677 pts=0 intervention=false warning=false braking=true lifecycle=released_verified_stop range=null bearing=null rss=15.466432
         1788691025.369  5140  5175 I AebsFrameSubscriber: onMessagesAvailable callback
         1788691025.369  5140  5175 I AebsFrameSubscriber: readNextMessages count=1
         1788691025.369  5140  5175 I MainActivity: onGatewayFrame: frame seq=2026 egoSpeed=6.787677 pts=0 intervention=false warning=false braking=true lifecycle=released_verified_stop range=null bearing=null rss=15.466432
         1788691025.468  5140  5175 I AebsFrameSubscriber: onMessagesAvailable callback
         1788691025.469  5140  5175 I AebsFrameSubscriber: readNextMessages count=1
         1788691025.469  5140  5175 I MainActivity: onGatewayFrame: frame seq=2027 egoSpeed=6.787677 pts=0 intervention=false warning=false braking=true lifecycle=released_verified_stop range=null bearing=null rss=15.466432
         1788691025.568  5140  5175 I AebsFrameSubscriber: onMessagesAvailable callback
         1788691025.569  5140  5175 I AebsFrameSubscriber: readNextMessages count=1
         1788691025.569  5140  5175 I MainActivity: onGatewayFrame: frame seq=2028 egoSpeed=6.787677 pts=0 intervention=false warning=false braking=true lifecycle=released_verified_stop range=null bearing=null rss=15.466432
         1788691025.669  5140  5175 I AebsFrameSubscriber: onMessagesAvailable callback
         1788691025.669  5140  5175 I AebsFrameSubscriber: readNextMessages count=1
         1788691025.669  5140  5175 I MainActivity: onGatewayFrame: frame seq=2029 egoSpeed=6.787677 pts=0 intervention=false warning=false braking=true lifecycle=released_verified_stop range=null bearing=null rss=15.466432
         1788691025.769  5140  5175 I AebsFrameSubscriber: onMessagesAvailable callback
         1788691025.769  5140  5175 I AebsFrameSubscriber: readNextMessages count=1
         1788691025.769  5140  5175 I MainActivity: onGatewayFrame: frame seq=2030 egoSpeed=6.787677 pts=0 intervention=false warning=false braking=true lifecycle=released_verified_stop range=null bearing=null rss=15.466432
         1788691025.869  5140  5175 I AebsFrameSubscriber: onMessagesAvailable callback
         1788691025.869  5140  5175 I AebsFrameSubscriber: readNextMessages count=1
         1788691025.869  5140  5175 I MainActivity: onGatewayFrame: frame seq=2031 egoSpeed=6.787677 pts=0 intervention=false warning=false braking=true lifecycle=released_verified_stop range=null bearing=null rss=15.466432
         1788691025.969  5140  5175 I AebsFrameSubscriber: onMessagesAvailable callback
         1788691025.969  5140  5175 I AebsFrameSubscriber: readNextMessages count=1
         1788691025.969  5140  5175 I MainActivity: onGatewayFrame: frame seq=2032 egoSpeed=6.787677 pts=0 intervention=false warning=false braking=true lifecycle=released_verified_stop range=null bearing=null rss=15.466432
         1788691026.069  5140  5175 I AebsFrameSubscriber: onMessagesAvailable callback
         1788691026.069  5140  5175 I AebsFrameSubscriber: readNextMessages count=1
         1788691026.069  5140  5175 I MainActivity: onGatewayFrame: frame seq=2033 egoSpeed=6.787677 pts=0 intervention=false warning=false braking=true lifecycle=released_verified_stop range=null bearing=null rss=15.466432
         1788691026.294  5140  5175 I AebsFrameSubscriber: readNextMessages count=2
         1788691026.294  5140  5175 I MainActivity: onGatewayFrame: frame seq=2034 egoSpeed=6.787677 pts=0 intervention=false warning=false braking=true lifecycle=released_verified_stop range=null bearing=null rss=15.466432
         1788691026.294  5140  5175 I MainActivity: onGatewayFrame: frame seq=2035 egoSpeed=6.787677 pts=0 intervention=false warning=false braking=true lifecycle=released_verified_stop range=null bearing=null rss=15.466432
         1788691026.294  5140  5175 I AebsFrameSubscriber: onMessagesAvailable callback
         1788691026.294  5140  5175 I AebsFrameSubscriber: onMessagesAvailable callback
         1788691026.369  5140  5175 I AebsFrameSubscriber: onMessagesAvailable callback
         1788691026.369  5140  5175 I AebsFrameSubscriber: readNextMessages count=1
         1788691026.369  5140  5175 I MainActivity: onGatewayFrame: frame seq=2036 egoSpeed=6.787677 pts=0 intervention=false warning=false braking=true lifecycle=released_verified_stop range=null bearing=null rss=15.466432
         1788691026.468  5140  5175 I AebsFrameSubscriber: onMessagesAvailable callback
         1788691026.469  5140  5175 I AebsFrameSubscriber: readNextMessages count=1
         1788691026.469  5140  5175 I MainActivity: onGatewayFrame: frame seq=2037 egoSpeed=6.787677 pts=0 intervention=false warning=false braking=true lifecycle=released_verified_stop range=null bearing=null rss=15.466432
         1788691026.568  5140  5175 I AebsFrameSubscriber: onMessagesAvailable callback
         1788691026.569  5140  5175 I AebsFrameSubscriber: readNextMessages count=1
         1788691026.569  5140  5175 I MainActivity: onGatewayFrame: frame seq=2038 egoSpeed=6.787677 pts=0 intervention=false warning=false braking=true lifecycle=released_verified_stop range=null bearing=null rss=15.466432
         1788691026.669  5140  5175 I AebsFrameSubscriber: onMessagesAvailable callback
         1788691026.669  5140  5175 I AebsFrameSubscriber: readNextMessages count=1
         1788691026.669  5140  5175 I MainActivity: onGatewayFrame: frame seq=2039 egoSpeed=6.787677 pts=0 intervention=false warning=false braking=true lifecycle=released_verified_stop range=null bearing=null rss=15.466432
         1788691026.768  5140  5175 I AebsFrameSubscriber: onMessagesAvailable callback
         1788691026.769  5140  5175 I AebsFrameSubscriber: readNextMessages count=1
         1788691026.769  5140  5175 I MainActivity: onGatewayFrame: frame seq=2040 egoSpeed=6.787677 pts=0 intervention=false warning=false braking=true lifecycle=released_verified_stop range=null bearing=null rss=15.466432
         1788691026.868  5140  5175 I AebsFrameSubscriber: onMessagesAvailable callback
         1788691026.869  5140  5175 I AebsFrameSubscriber: readNextMessages count=1
         1788691026.869  5140  5175 I MainActivity: onGatewayFrame: frame seq=2041 egoSpeed=6.787677 pts=0 intervention=false warning=false braking=true lifecycle=released_verified_stop range=null bearing=null rss=15.466432
         1788691026.969  5140  5175 I AebsFrameSubscriber: onMessagesAvailable callback
         1788691026.969  5140  5175 I AebsFrameSubscriber: readNextMessages count=1
         1788691026.969  5140  5175 I MainActivity: onGatewayFrame: frame seq=2042 egoSpeed=6.787677 pts=0 intervention=false warning=false braking=true lifecycle=released_verified_stop range=null bearing=null rss=15.466432
         1788691027.068  5140  5175 I AebsFrameSubscriber: onMessagesAvailable callback
         1788691027.069  5140  5175 I AebsFrameSubscriber: readNextMessages count=1
         1788691027.069  5140  5175 I MainActivity: onGatewayFrame: frame seq=2043 egoSpeed=6.787677 pts=0 intervention=false warning=false braking=true lifecycle=released_verified_stop range=null bearing=null rss=15.466432
         1788691027.169  5140  5175 I AebsFrameSubscriber: onMessagesAvailable callback
         1788691027.169  5140  5175 I AebsFrameSubscriber: readNextMessages count=1
         1788691027.169  5140  5175 I MainActivity: onGatewayFrame: frame seq=2044 egoSpeed=6.787677 pts=0 intervention=false warning=false braking=true lifecycle=released_verified_stop range=null bearing=null rss=15.466432
         1788691027.268  5140  5175 I AebsFrameSubscriber: onMessagesAvailable callback
         1788691027.269  5140  5175 I AebsFrameSubscriber: readNextMessages count=1
         1788691027.269  5140  5175 I MainActivity: onGatewayFrame: frame seq=2045 egoSpeed=6.787677 pts=0 intervention=false warning=false braking=true lifecycle=released_verified_stop range=null bearing=null rss=15.466432
         1788691027.368  5140  5175 I AebsFrameSubscriber: onMessagesAvailable callback
         1788691027.369  5140  5175 I AebsFrameSubscriber: readNextMessages count=1
         1788691027.369  5140  5175 I MainActivity: onGatewayFrame: frame seq=2046 egoSpeed=6.787677 pts=0 intervention=false warning=false braking=true lifecycle=released_verified_stop range=null bearing=null rss=15.466432
         1788691027.468  5140  5175 I AebsFrameSubscriber: onMessagesAvailable callback
         1788691027.469  5140  5175 I AebsFrameSubscriber: readNextMessages count=1
         1788691027.469  5140  5175 I MainActivity: onGatewayFrame: frame seq=2047 egoSpeed=6.787677 pts=0 intervention=false warning=false braking=true lifecycle=released_verified_stop range=null bearing=null rss=15.466432
         1788691027.568  5140  5175 I AebsFrameSubscriber: onMessagesAvailable callback
         1788691027.569  5140  5175 I AebsFrameSubscriber: readNextMessages count=1
         1788691027.569  5140  5175 I MainActivity: onGatewayFrame: frame seq=2048 egoSpeed=6.787677 pts=0 intervention=false warning=false braking=true lifecycle=released_verified_stop range=null bearing=null rss=15.466432
         1788691027.669  5140  5175 I AebsFrameSubscriber: onMessagesAvailable callback
         1788691027.669  5140  5175 I AebsFrameSubscriber: readNextMessages count=1
         1788691027.669  5140  5175 I MainActivity: onGatewayFrame: frame seq=2049 egoSpeed=6.787677 pts=0 intervention=false warning=false braking=true lifecycle=released_verified_stop range=null bearing=null rss=15.466432
         1788691027.768  5140  5175 I AebsFrameSubscriber: onMessagesAvailable callback
         1788691027.769  5140  5175 I AebsFrameSubscriber: readNextMessages count=1
         1788691027.769  5140  5175 I MainActivity: onGatewayFrame: frame seq=2050 egoSpeed=6.787677 pts=0 intervention=false warning=false braking=true lifecycle=released_verified_stop range=null bearing=null rss=15.466432
         1788691027.868  5140  5175 I AebsFrameSubscriber: onMessagesAvailable callback
         1788691027.869  5140  5175 I AebsFrameSubscriber: readNextMessages count=1
         1788691027.869  5140  5175 I MainActivity: onGatewayFrame: frame seq=2051 egoSpeed=6.787677 pts=0 intervention=false warning=false braking=true lifecycle=released_verified_stop range=null bearing=null rss=15.466432
         1788691027.968  5140  5175 I AebsFrameSubscriber: onMessagesAvailable callback
         1788691027.969  5140  5175 I AebsFrameSubscriber: readNextMessages count=1
         1788691027.969  5140  5175 I MainActivity: onGatewayFrame: frame seq=2052 egoSpeed=6.787677 pts=0 intervention=false warning=false braking=true lifecycle=released_verified_stop range=null bearing=null rss=15.466432
         1788691028.068  5140  5175 I AebsFrameSubscriber: onMessagesAvailable callback
         1788691028.068  5140  5175 I AebsFrameSubscriber: readNextMessages count=1
         1788691028.069  5140  5175 I MainActivity: onGatewayFrame: frame seq=2053 egoSpeed=6.787677 pts=0 intervention=false warning=false braking=true lifecycle=released_verified_stop range=null bearing=null rss=15.466432
         1788691028.168  5140  5175 I AebsFrameSubscriber: onMessagesAvailable callback
         1788691028.168  5140  5175 I AebsFrameSubscriber: readNextMessages count=1
         1788691028.168  5140  5175 I MainActivity: onGatewayFrame: frame seq=2054 egoSpeed=6.787677 pts=0 intervention=false warning=false braking=true lifecycle=released_verified_stop range=null bearing=null rss=15.466432
         1788691028.268  5140  5175 I AebsFrameSubscriber: onMessagesAvailable callback
         1788691028.268  5140  5175 I AebsFrameSubscriber: readNextMessages count=1
         1788691028.269  5140  5175 I MainActivity: onGatewayFrame: frame seq=2055 egoSpeed=6.787677 pts=0 intervention=false warning=false braking=true lifecycle=released_verified_stop range=null bearing=null rss=15.466432
         1788691028.368  5140  5175 I AebsFrameSubscriber: onMessagesAvailable callback
         1788691028.368  5140  5175 I AebsFrameSubscriber: readNextMessages count=1
         1788691028.369  5140  5175 I MainActivity: onGatewayFrame: frame seq=2056 egoSpeed=6.787677 pts=0 intervention=false warning=false braking=true lifecycle=released_verified_stop range=null bearing=null rss=15.466432
         1788691028.468  5140  5175 I AebsFrameSubscriber: onMessagesAvailable callback
         1788691028.468  5140  5175 I AebsFrameSubscriber: readNextMessages count=1
         1788691028.468  5140  5175 I MainActivity: onGatewayFrame: frame seq=2057 egoSpeed=6.787677 pts=0 intervention=false warning=false braking=true lifecycle=released_verified_stop range=null bearing=null rss=15.466432
         1788691028.568  5140  5175 I AebsFrameSubscriber: onMessagesAvailable callback
         1788691028.568  5140  5175 I AebsFrameSubscriber: readNextMessages count=1
         1788691028.568  5140  5175 I MainActivity: onGatewayFrame: frame seq=2058 egoSpeed=6.787677 pts=0 intervention=false warning=false braking=true lifecycle=released_verified_stop range=null bearing=null rss=15.466432
         1788691028.668  5140  5175 I AebsFrameSubscriber: onMessagesAvailable callback
         1788691028.668  5140  5175 I AebsFrameSubscriber: readNextMessages count=1
         1788691028.669  5140  5175 I MainActivity: onGatewayFrame: frame seq=2059 egoSpeed=6.787677 pts=0 intervention=false warning=false braking=true lifecycle=released_verified_stop range=null bearing=null rss=15.466432
         1788691028.768  5140  5175 I AebsFrameSubscriber: onMessagesAvailable callback
         1788691028.769  5140  5175 I AebsFrameSubscriber: readNextMessages count=1
         1788691028.769  5140  5175 I MainActivity: onGatewayFrame: frame seq=2060 egoSpeed=6.787677 pts=0 intervention=false warning=false braking=true lifecycle=released_verified_stop range=null bearing=null rss=15.466432
         1788691028.868  5140  5175 I AebsFrameSubscriber: onMessagesAvailable callback
         1788691028.868  5140  5175 I AebsFrameSubscriber: readNextMessages count=1
         1788691028.868  5140  5175 I MainActivity: onGatewayFrame: frame seq=2061 egoSpeed=6.787677 pts=0 intervention=false warning=false braking=true lifecycle=released_verified_stop range=null bearing=null rss=15.466432
         1788691028.968  5140  5175 I AebsFrameSubscriber: onMessagesAvailable callback
         1788691028.969  5140  5175 I AebsFrameSubscriber: readNextMessages count=1
         1788691028.969  5140  5175 I MainActivity: onGatewayFrame: frame seq=2062 egoSpeed=6.787677 pts=0 intervention=false warning=false braking=true lifecycle=released_verified_stop range=null bearing=null rss=15.466432
         1788691029.068  5140  5175 I AebsFrameSubscriber: onMessagesAvailable callback
         1788691029.069  5140  5175 I AebsFrameSubscriber: readNextMessages count=1
         1788691029.069  5140  5175 I MainActivity: onGatewayFrame: frame seq=2063 egoSpeed=6.787677 pts=0 intervention=false warning=false braking=true lifecycle=released_verified_stop range=null bearing=null rss=15.466432
         1788691029.168  5140  5175 I AebsFrameSubscriber: onMessagesAvailable callback
         1788691029.169  5140  5175 I AebsFrameSubscriber: readNextMessages count=1
         1788691029.169  5140  5175 I MainActivity: onGatewayFrame: frame seq=2064 egoSpeed=6.787677 pts=0 intervention=false warning=false braking=true lifecycle=released_verified_stop range=null bearing=null rss=15.466432
         1788691029.268  5140  5175 I AebsFrameSubscriber: onMessagesAvailable callback
         1788691029.268  5140  5175 I AebsFrameSubscriber: readNextMessages count=1
         1788691029.268  5140  5175 I MainActivity: onGatewayFrame: frame seq=2065 egoSpeed=6.787677 pts=0 intervention=false warning=false braking=true lifecycle=released_verified_stop range=null bearing=null rss=15.466432
         1788691029.368  5140  5175 I AebsFrameSubscriber: onMessagesAvailable callback
         1788691029.368  5140  5175 I AebsFrameSubscriber: readNextMessages count=1
         1788691029.368  5140  5175 I MainActivity: onGatewayFrame: frame seq=2066 egoSpeed=6.787677 pts=0 intervention=false warning=false braking=true lifecycle=released_verified_stop range=null bearing=null rss=15.466432
         1788691029.468  5140  5175 I AebsFrameSubscriber: onMessagesAvailable callback
         1788691029.468  5140  5175 I AebsFrameSubscriber: readNextMessages count=1
         1788691029.468  5140  5175 I MainActivity: onGatewayFrame: frame seq=2067 egoSpeed=6.787677 pts=0 intervention=false warning=false braking=true lifecycle=released_verified_stop range=null bearing=null rss=15.466432
         1788691029.568  5140  5175 I AebsFrameSubscriber: onMessagesAvailable callback
         1788691029.568  5140  5175 I AebsFrameSubscriber: readNextMessages count=1
         1788691029.569  5140  5175 I MainActivity: onGatewayFrame: frame seq=2068 egoSpeed=6.787677 pts=0 intervention=false warning=false braking=true lifecycle=released_verified_stop range=null bearing=null rss=15.466432
         1788691029.668  5140  5175 I AebsFrameSubscriber: onMessagesAvailable callback
         1788691029.668  5140  5175 I AebsFrameSubscriber: readNextMessages count=1
         1788691029.669  5140  5175 I MainActivity: onGatewayFrame: frame seq=2069 egoSpeed=6.787677 pts=0 intervention=false warning=false braking=true lifecycle=released_verified_stop range=null bearing=null rss=15.466432
         1788691029.768  5140  5175 I AebsFrameSubscriber: onMessagesAvailable callback
         1788691029.768  5140  5175 I AebsFrameSubscriber: readNextMessages count=1
         1788691029.769  5140  5175 I MainActivity: onGatewayFrame: frame seq=2070 egoSpeed=6.787677 pts=0 intervention=false warning=false braking=true lifecycle=released_verified_stop range=null bearing=null rss=15.466432
         1788691029.868  5140  5175 I AebsFrameSubscriber: onMessagesAvailable callback
         1788691029.869  5140  5175 I AebsFrameSubscriber: readNextMessages count=1
         1788691029.869  5140  5175 I MainActivity: onGatewayFrame: frame seq=2071 egoSpeed=6.787677 pts=0 intervention=false warning=false braking=true lifecycle=released_verified_stop range=null bearing=null rss=15.466432
         1788691029.968  5140  5175 I AebsFrameSubscriber: onMessagesAvailable callback
         1788691029.969  5140  5175 I AebsFrameSubscriber: readNextMessages count=1
         1788691029.969  5140  5175 I MainActivity: onGatewayFrame: frame seq=2072 egoSpeed=6.787677 pts=0 intervention=false warning=false braking=true lifecycle=released_verified_stop range=null bearing=null rss=15.466432
         1788691030.071  5140  5175 I AebsFrameSubscriber: onMessagesAvailable callback
         1788691030.072  5140  5175 I AebsFrameSubscriber: readNextMessages count=1
         1788691030.072  5140  5175 I MainActivity: onGatewayFrame: frame seq=2073 egoSpeed=6.787677 pts=0 intervention=false warning=false braking=true lifecycle=released_verified_stop range=null bearing=null rss=15.466432
         1788691030.194  5140  5175 I AebsFrameSubscriber: readNextMessages count=1
         1788691030.194  5140  5175 I MainActivity: onGatewayFrame: frame seq=2074 egoSpeed=6.787677 pts=0 intervention=false warning=false braking=true lifecycle=released_verified_stop range=null bearing=null rss=15.466432
         1788691030.194  5140  5175 I AebsFrameSubscriber: onMessagesAvailable callback
         1788691030.268  5140  5175 I AebsFrameSubscriber: onMessagesAvailable callback
         1788691030.269  5140  5175 I AebsFrameSubscriber: readNextMessages count=1
         1788691030.269  5140  5175 I MainActivity: onGatewayFrame: frame seq=2075 egoSpeed=6.787677 pts=0 intervention=false warning=false braking=true lifecycle=released_verified_stop range=null bearing=null rss=15.466432
         1788691030.368  5140  5175 I AebsFrameSubscriber: onMessagesAvailable callback
         1788691030.369  5140  5175 I AebsFrameSubscriber: readNextMessages count=1
         1788691030.369  5140  5175 I MainActivity: onGatewayFrame: frame seq=2076 egoSpeed=6.787677 pts=0 intervention=false warning=false braking=true lifecycle=released_verified_stop range=null bearing=null rss=15.466432
         1788691030.468  5140  5175 I AebsFrameSubscriber: onMessagesAvailable callback
         1788691030.469  5140  5175 I AebsFrameSubscriber: readNextMessages count=1
         1788691030.469  5140  5175 I MainActivity: onGatewayFrame: frame seq=2077 egoSpeed=6.787677 pts=0 intervention=false warning=false braking=true lifecycle=released_verified_stop range=null bearing=null rss=15.466432
         1788691030.568  5140  5175 I AebsFrameSubscriber: onMessagesAvailable callback
         1788691030.568  5140  5175 I AebsFrameSubscriber: readNextMessages count=1
         1788691030.569  5140  5175 I MainActivity: onGatewayFrame: frame seq=2078 egoSpeed=6.787677 pts=0 intervention=false warning=false braking=true lifecycle=released_verified_stop range=null bearing=null rss=15.466432
         1788691030.668  5140  5175 I AebsFrameSubscriber: onMessagesAvailable callback
         1788691030.668  5140  5175 I AebsFrameSubscriber: readNextMessages count=1
         1788691030.668  5140  5175 I MainActivity: onGatewayFrame: frame seq=2079 egoSpeed=6.787677 pts=0 intervention=false warning=false braking=true lifecycle=released_verified_stop range=null bearing=null rss=15.466432
         1788691030.768  5140  5175 I AebsFrameSubscriber: onMessagesAvailable callback
         1788691030.768  5140  5175 I AebsFrameSubscriber: readNextMessages count=1
         1788691030.769  5140  5175 I MainActivity: onGatewayFrame: frame seq=2080 egoSpeed=6.787677 pts=0 intervention=false warning=false braking=true lifecycle=released_verified_stop range=null bearing=null rss=15.466432
         1788691030.868  5140  5175 I AebsFrameSubscriber: onMessagesAvailable callback
         1788691030.868  5140  5175 I AebsFrameSubscriber: readNextMessages count=1
         1788691030.868  5140  5175 I MainActivity: onGatewayFrame: frame seq=2081 egoSpeed=6.787677 pts=0 intervention=false warning=false braking=true lifecycle=released_verified_stop range=null bearing=null rss=15.466432
         1788691030.968  5140  5175 I AebsFrameSubscriber: onMessagesAvailable callback
         1788691030.968  5140  5175 I AebsFrameSubscriber: readNextMessages count=1
         1788691030.968  5140  5175 I MainActivity: onGatewayFrame: frame seq=2082 egoSpeed=6.787677 pts=0 intervention=false warning=false braking=true lifecycle=released_verified_stop range=null bearing=null rss=15.466432
         1788691031.068  5140  5175 I AebsFrameSubscriber: onMessagesAvailable callback
         1788691031.068  5140  5175 I AebsFrameSubscriber: readNextMessages count=1
         1788691031.068  5140  5175 I MainActivity: onGatewayFrame: frame seq=2083 egoSpeed=6.787677 pts=0 intervention=false warning=false braking=true lifecycle=released_verified_stop range=null bearing=null rss=15.466432
         1788691031.168  5140  5175 I AebsFrameSubscriber: onMessagesAvailable callback
         1788691031.168  5140  5175 I AebsFrameSubscriber: readNextMessages count=1
         1788691031.168  5140  5175 I MainActivity: onGatewayFrame: frame seq=2084 egoSpeed=6.787677 pts=0 intervention=false warning=false braking=true lifecycle=released_verified_stop range=null bearing=null rss=15.466432
         1788691031.268  5140  5175 I AebsFrameSubscriber: onMessagesAvailable callback
         1788691031.268  5140  5175 I AebsFrameSubscriber: readNextMessages count=1
         1788691031.268  5140  5175 I MainActivity: onGatewayFrame: frame seq=2085 egoSpeed=6.787677 pts=0 intervention=false warning=false braking=true lifecycle=released_verified_stop range=null bearing=null rss=15.466432
         1788691031.368  5140  5175 I AebsFrameSubscriber: onMessagesAvailable callback
         1788691031.368  5140  5175 I AebsFrameSubscriber: readNextMessages count=1
         1788691031.368  5140  5175 I MainActivity: onGatewayFrame: frame seq=2086 egoSpeed=6.787677 pts=0 intervention=false warning=false braking=true lifecycle=released_verified_stop range=null bearing=null rss=15.466432
         1788691031.468  5140  5175 I AebsFrameSubscriber: onMessagesAvailable callback
         1788691031.468  5140  5175 I AebsFrameSubscriber: readNextMessages count=1
         1788691031.468  5140  5175 I MainActivity: onGatewayFrame: frame seq=2087 egoSpeed=6.787677 pts=0 intervention=false warning=false braking=true lifecycle=released_verified_stop range=null bearing=null rss=15.466432
         1788691031.568  5140  5175 I AebsFrameSubscriber: onMessagesAvailable callback
         1788691031.568  5140  5175 I AebsFrameSubscriber: readNextMessages count=1
         1788691031.568  5140  5175 I MainActivity: onGatewayFrame: frame seq=2088 egoSpeed=6.787677 pts=0 intervention=false warning=false braking=true lifecycle=released_verified_stop range=null bearing=null rss=15.466432
         1788691031.668  5140  5175 I AebsFrameSubscriber: onMessagesAvailable callback
         1788691031.668  5140  5175 I AebsFrameSubscriber: readNextMessages count=1
         1788691031.668  5140  5175 I MainActivity: onGatewayFrame: frame seq=2089 egoSpeed=6.787677 pts=0 intervention=false warning=false braking=true lifecycle=released_verified_stop range=null bearing=null rss=15.466432
         1788691031.768  5140  5175 I AebsFrameSubscriber: onMessagesAvailable callback
         1788691031.768  5140  5175 I AebsFrameSubscriber: readNextMessages count=1
         1788691031.768  5140  5175 I MainActivity: onGatewayFrame: frame seq=2090 egoSpeed=6.787677 pts=0 intervention=false warning=false braking=true lifecycle=released_verified_stop range=null bearing=null rss=15.466432
         1788691031.868  5140  5175 I AebsFrameSubscriber: onMessagesAvailable callback
         1788691031.868  5140  5175 I AebsFrameSubscriber: readNextMessages count=1
         1788691031.868  5140  5175 I MainActivity: onGatewayFrame: frame seq=2091 egoSpeed=6.787677 pts=0 intervention=false warning=false braking=true lifecycle=released_verified_stop range=null bearing=null rss=15.466432
         1788691031.968  5140  5175 I AebsFrameSubscriber: onMessagesAvailable callback
         1788691031.968  5140  5175 I AebsFrameSubscriber: readNextMessages count=1
         1788691031.968  5140  5175 I MainActivity: onGatewayFrame: frame seq=2092 egoSpeed=6.787677 pts=0 intervention=false warning=false braking=true lifecycle=released_verified_stop range=null bearing=null rss=15.466432
         1788691032.068  5140  5175 I AebsFrameSubscriber: onMessagesAvailable callback
         1788691032.068  5140  5175 I AebsFrameSubscriber: readNextMessages count=1
         1788691032.068  5140  5175 I MainActivity: onGatewayFrame: frame seq=2093 egoSpeed=6.787677 pts=0 intervention=false warning=false braking=true lifecycle=released_verified_stop range=null bearing=null rss=15.466432
         1788691032.168  5140  5175 I AebsFrameSubscriber: onMessagesAvailable callback
         1788691032.168  5140  5175 I AebsFrameSubscriber: readNextMessages count=1
         1788691032.168  5140  5175 I MainActivity: onGatewayFrame: frame seq=2094 egoSpeed=6.787677 pts=0 intervention=false warning=false braking=true lifecycle=released_verified_stop range=null bearing=null rss=15.466432
         1788691032.268  5140  5175 I AebsFrameSubscriber: onMessagesAvailable callback
         1788691032.268  5140  5175 I AebsFrameSubscriber: readNextMessages count=1
         1788691032.269  5140  5175 I MainActivity: onGatewayFrame: frame seq=2095 egoSpeed=6.787677 pts=0 intervention=false warning=false braking=true lifecycle=released_verified_stop range=null bearing=null rss=15.466432
         1788691032.368  5140  5175 I AebsFrameSubscriber: onMessagesAvailable callback
         1788691032.369  5140  5175 I AebsFrameSubscriber: readNextMessages count=1
         1788691032.369  5140  5175 I MainActivity: onGatewayFrame: frame seq=2096 egoSpeed=6.787677 pts=0 intervention=false warning=false braking=true lifecycle=released_verified_stop range=null bearing=null rss=15.466432
         1788691032.468  5140  5175 I AebsFrameSubscriber: onMessagesAvailable callback
         1788691032.468  5140  5175 I AebsFrameSubscriber: readNextMessages count=1
         1788691032.469  5140  5175 I MainActivity: onGatewayFrame: frame seq=2097 egoSpeed=6.787677 pts=0 intervention=false warning=false braking=true lifecycle=released_verified_stop range=null bearing=null rss=15.466432
         1788691032.568  5140  5175 I AebsFrameSubscriber: onMessagesAvailable callback
         1788691032.568  5140  5175 I AebsFrameSubscriber: readNextMessages count=1
         1788691032.568  5140  5175 I MainActivity: onGatewayFrame: frame seq=2098 egoSpeed=6.787677 pts=0 intervention=false warning=false braking=true lifecycle=released_verified_stop range=null bearing=null rss=15.466432
         1788691032.668  5140  5175 I AebsFrameSubscriber: onMessagesAvailable callback
         1788691032.668  5140  5175 I AebsFrameSubscriber: readNextMessages count=1
         1788691032.668  5140  5175 I MainActivity: onGatewayFrame: frame seq=2099 egoSpeed=6.787677 pts=0 intervention=false warning=false braking=true lifecycle=released_verified_stop range=null bearing=null rss=15.466432
         1788691032.768  5140  5175 I AebsFrameSubscriber: onMessagesAvailable callback
         1788691032.768  5140  5175 I AebsFrameSubscriber: readNextMessages count=1
         1788691032.768  5140  5175 I MainActivity: onGatewayFrame: frame seq=2100 egoSpeed=6.787677 pts=0 intervention=false warning=false braking=true lifecycle=released_verified_stop range=null bearing=null rss=15.466432
         1788691032.868  5140  5175 I AebsFrameSubscriber: onMessagesAvailable callback
         1788691032.868  5140  5175 I AebsFrameSubscriber: readNextMessages count=1
         1788691032.868  5140  5175 I MainActivity: onGatewayFrame: frame seq=2101 egoSpeed=6.787677 pts=0 intervention=false warning=false braking=true lifecycle=released_verified_stop range=null bearing=null rss=15.466432
         1788691032.968  5140  5175 I AebsFrameSubscriber: onMessagesAvailable callback
         1788691032.968  5140  5175 I AebsFrameSubscriber: readNextMessages count=1
         1788691032.968  5140  5175 I MainActivity: onGatewayFrame: frame seq=2102 egoSpeed=6.787677 pts=0 intervention=false warning=false braking=true lifecycle=released_verified_stop range=null bearing=null rss=15.466432
         1788691033.068  5140  5175 I AebsFrameSubscriber: onMessagesAvailable callback
         1788691033.068  5140  5175 I AebsFrameSubscriber: readNextMessages count=1
         1788691033.068  5140  5175 I MainActivity: onGatewayFrame: frame seq=2103 egoSpeed=6.787677 pts=0 intervention=false warning=false braking=true lifecycle=released_verified_stop range=null bearing=null rss=15.466432
         1788691033.168  5140  5175 I AebsFrameSubscriber: onMessagesAvailable callback
         1788691033.168  5140  5175 I AebsFrameSubscriber: readNextMessages count=1
         1788691033.168  5140  5175 I MainActivity: onGatewayFrame: frame seq=2104 egoSpeed=6.787677 pts=0 intervention=false warning=false braking=true lifecycle=released_verified_stop range=null bearing=null rss=15.466432
         1788691033.268  5140  5175 I AebsFrameSubscriber: onMessagesAvailable callback
         1788691033.268  5140  5175 I AebsFrameSubscriber: readNextMessages count=1
         1788691033.268  5140  5175 I MainActivity: onGatewayFrame: frame seq=2105 egoSpeed=6.787677 pts=0 intervention=false warning=false braking=true lifecycle=released_verified_stop range=null bearing=null rss=15.466432
         1788691033.368  5140  5175 I AebsFrameSubscriber: onMessagesAvailable callback
         1788691033.368  5140  5175 I AebsFrameSubscriber: readNextMessages count=1
         1788691033.368  5140  5175 I MainActivity: onGatewayFrame: frame seq=2106 egoSpeed=6.787677 pts=0 intervention=false warning=false braking=true lifecycle=released_verified_stop range=null bearing=null rss=15.466432
         1788691033.468  5140  5175 I AebsFrameSubscriber: onMessagesAvailable callback
         1788691033.468  5140  5175 I AebsFrameSubscriber: readNextMessages count=1
         1788691033.468  5140  5175 I MainActivity: onGatewayFrame: frame seq=2107 egoSpeed=6.787677 pts=0 intervention=false warning=false braking=true lifecycle=released_verified_stop range=null bearing=null rss=15.466432
         1788691033.567  5140  5175 I AebsFrameSubscriber: onMessagesAvailable callback
         1788691033.568  5140  5175 I AebsFrameSubscriber: readNextMessages count=1
         1788691033.568  5140  5175 I MainActivity: onGatewayFrame: frame seq=2108 egoSpeed=6.787677 pts=0 intervention=false warning=false braking=true lifecycle=released_verified_stop range=null bearing=null rss=15.466432
         1788691033.668  5140  5175 I AebsFrameSubscriber: onMessagesAvailable callback
         1788691033.668  5140  5175 I AebsFrameSubscriber: readNextMessages count=1
         1788691033.668  5140  5175 I MainActivity: onGatewayFrame: frame seq=2109 egoSpeed=6.787677 pts=0 intervention=false warning=false braking=true lifecycle=released_verified_stop range=null bearing=null rss=15.466432
         1788691033.768  5140  5175 I AebsFrameSubscriber: onMessagesAvailable callback
         1788691033.768  5140  5175 I AebsFrameSubscriber: readNextMessages count=1
         1788691033.768  5140  5175 I MainActivity: onGatewayFrame: frame seq=2110 egoSpeed=6.787677 pts=0 intervention=false warning=false braking=true lifecycle=released_verified_stop range=null bearing=null rss=15.466432
         1788691033.868  5140  5175 I AebsFrameSubscriber: onMessagesAvailable callback
         1788691033.868  5140  5175 I AebsFrameSubscriber: readNextMessages count=1
         1788691033.868  5140  5175 I MainActivity: onGatewayFrame: frame seq=2111 egoSpeed=6.787677 pts=0 intervention=false warning=false braking=true lifecycle=released_verified_stop range=null bearing=null rss=15.466432
         1788691034.097  5140  5175 I AebsFrameSubscriber: readNextMessages count=2
         1788691034.097  5140  5175 I MainActivity: onGatewayFrame: frame seq=2112 egoSpeed=6.787677 pts=0 intervention=false warning=false braking=true lifecycle=released_verified_stop range=null bearing=null rss=15.466432
         1788691034.097  5140  5175 I MainActivity: onGatewayFrame: frame seq=2113 egoSpeed=6.787677 pts=0 intervention=false warning=false braking=true lifecycle=released_verified_stop range=null bearing=null rss=15.466432
         1788691034.097  5140  5175 I AebsFrameSubscriber: onMessagesAvailable callback
         1788691034.097  5140  5175 I AebsFrameSubscriber: onMessagesAvailable callback
         1788691034.168  5140  5175 I AebsFrameSubscriber: onMessagesAvailable callback
         1788691034.168  5140  5175 I AebsFrameSubscriber: readNextMessages count=1
         1788691034.168  5140  5175 I MainActivity: onGatewayFrame: frame seq=2114 egoSpeed=6.787677 pts=0 intervention=false warning=false braking=true lifecycle=released_verified_stop range=null bearing=null rss=15.466432
         1788691034.268  5140  5175 I AebsFrameSubscriber: onMessagesAvailable callback
         1788691034.269  5140  5175 I AebsFrameSubscriber: readNextMessages count=1
         1788691034.269  5140  5175 I MainActivity: onGatewayFrame: frame seq=2115 egoSpeed=6.787677 pts=0 intervention=false warning=false braking=true lifecycle=released_verified_stop range=null bearing=null rss=15.466432
         1788691034.368  5140  5175 I AebsFrameSubscriber: onMessagesAvailable callback
         1788691034.368  5140  5175 I AebsFrameSubscriber: readNextMessages count=1
         1788691034.368  5140  5175 I MainActivity: onGatewayFrame: frame seq=2116 egoSpeed=6.787677 pts=0 intervention=false warning=false braking=true lifecycle=released_verified_stop range=null bearing=null rss=15.466432
         1788691034.468  5140  5175 I AebsFrameSubscriber: onMessagesAvailable callback
         1788691034.468  5140  5175 I AebsFrameSubscriber: readNextMessages count=1
         1788691034.468  5140  5175 I MainActivity: onGatewayFrame: frame seq=2117 egoSpeed=6.787677 pts=0 intervention=false warning=false braking=true lifecycle=released_verified_stop range=null bearing=null rss=15.466432
         1788691034.568  5140  5175 I AebsFrameSubscriber: onMessagesAvailable callback
         1788691034.568  5140  5175 I AebsFrameSubscriber: readNextMessages count=1
         1788691034.568  5140  5175 I MainActivity: onGatewayFrame: frame seq=2118 egoSpeed=6.787677 pts=0 intervention=false warning=false braking=true lifecycle=released_verified_stop range=null bearing=null rss=15.466432
         1788691034.667  5140  5175 I AebsFrameSubscriber: onMessagesAvailable callback
         1788691034.668  5140  5175 I AebsFrameSubscriber: readNextMessages count=1
         1788691034.668  5140  5175 I MainActivity: onGatewayFrame: frame seq=2119 egoSpeed=6.787677 pts=0 intervention=false warning=false braking=true lifecycle=released_verified_stop range=null bearing=null rss=15.466432
         1788691034.767  5140  5175 I AebsFrameSubscriber: onMessagesAvailable callback
         1788691034.768  5140  5175 I AebsFrameSubscriber: readNextMessages count=1
         1788691034.768  5140  5175 I MainActivity: onGatewayFrame: frame seq=2120 egoSpeed=6.787677 pts=0 intervention=false warning=false braking=true lifecycle=released_verified_stop range=null bearing=null rss=15.466432
         1788691034.867  5140  5175 I AebsFrameSubscriber: onMessagesAvailable callback
         1788691034.868  5140  5175 I AebsFrameSubscriber: readNextMessages count=1
         1788691034.868  5140  5175 I MainActivity: onGatewayFrame: frame seq=2121 egoSpeed=6.787677 pts=0 intervention=false warning=false braking=true lifecycle=released_verified_stop range=null bearing=null rss=15.466432
         1788691034.968  5140  5175 I AebsFrameSubscriber: onMessagesAvailable callback
         1788691034.968  5140  5175 I AebsFrameSubscriber: readNextMessages count=1
         1788691034.968  5140  5175 I MainActivity: onGatewayFrame: frame seq=2122 egoSpeed=6.787677 pts=0 intervention=false warning=false braking=true lifecycle=released_verified_stop range=null bearing=null rss=15.466432
         1788691035.068  5140  5175 I AebsFrameSubscriber: onMessagesAvailable callback
         1788691035.068  5140  5175 I AebsFrameSubscriber: readNextMessages count=1
         1788691035.068  5140  5175 I MainActivity: onGatewayFrame: frame seq=2123 egoSpeed=6.787677 pts=0 intervention=false warning=false braking=true lifecycle=released_verified_stop range=null bearing=null rss=15.466432
         1788691035.168  5140  5175 I AebsFrameSubscriber: onMessagesAvailable callback
         1788691035.168  5140  5175 I AebsFrameSubscriber: readNextMessages count=1
         1788691035.168  5140  5175 I MainActivity: onGatewayFrame: frame seq=2124 egoSpeed=6.787677 pts=0 intervention=false warning=false braking=true lifecycle=released_verified_stop range=null bearing=null rss=15.466432
         1788691035.267  5140  5175 I AebsFrameSubscriber: onMessagesAvailable callback
         1788691035.268  5140  5175 I AebsFrameSubscriber: readNextMessages count=1
         1788691035.268  5140  5175 I MainActivity: onGatewayFrame: frame seq=2125 egoSpeed=6.787677 pts=0 intervention=false warning=false braking=true lifecycle=released_verified_stop range=null bearing=null rss=15.466432
         1788691035.367  5140  5175 I AebsFrameSubscriber: onMessagesAvailable callback
         1788691035.368  5140  5175 I AebsFrameSubscriber: readNextMessages count=1
         1788691035.368  5140  5175 I MainActivity: onGatewayFrame: frame seq=2126 egoSpeed=6.787677 pts=0 intervention=false warning=false braking=true lifecycle=released_verified_stop range=null bearing=null rss=15.466432
         1788691035.467  5140  5175 I AebsFrameSubscriber: onMessagesAvailable callback
         1788691035.468  5140  5175 I AebsFrameSubscriber: readNextMessages count=1
         1788691035.468  5140  5175 I MainActivity: onGatewayFrame: frame seq=2127 egoSpeed=6.787677 pts=0 intervention=false warning=false braking=true lifecycle=released_verified_stop range=null bearing=null rss=15.466432
         1788691035.567  5140  5175 I AebsFrameSubscriber: onMessagesAvailable callback
         1788691035.568  5140  5175 I AebsFrameSubscriber: readNextMessages count=1
         1788691035.568  5140  5175 I MainActivity: onGatewayFrame: frame seq=2128 egoSpeed=6.787677 pts=0 intervention=false warning=false braking=true lifecycle=released_verified_stop range=null bearing=null rss=15.466432
         1788691035.667  5140  5175 I AebsFrameSubscriber: onMessagesAvailable callback
         1788691035.668  5140  5175 I AebsFrameSubscriber: readNextMessages count=1
         1788691035.668  5140  5175 I MainActivity: onGatewayFrame: frame seq=2129 egoSpeed=6.787677 pts=0 intervention=false warning=false braking=true lifecycle=released_verified_stop range=null bearing=null rss=15.466432
         1788691035.768  5140  5175 I AebsFrameSubscriber: onMessagesAvailable callback
         1788691035.768  5140  5175 I AebsFrameSubscriber: readNextMessages count=1
         1788691035.768  5140  5175 I MainActivity: onGatewayFrame: frame seq=2130 egoSpeed=6.787677 pts=0 intervention=false warning=false braking=true lifecycle=released_verified_stop range=null bearing=null rss=15.466432
         1788691035.868  5140  5175 I AebsFrameSubscriber: onMessagesAvailable callback
         1788691035.868  5140  5175 I AebsFrameSubscriber: readNextMessages count=1
         1788691035.868  5140  5175 I MainActivity: onGatewayFrame: frame seq=2131 egoSpeed=6.787677 pts=0 intervention=false warning=false braking=true lifecycle=released_verified_stop range=null bearing=null rss=15.466432
         1788691035.968  5140  5175 I AebsFrameSubscriber: onMessagesAvailable callback
         1788691035.968  5140  5175 I AebsFrameSubscriber: readNextMessages count=1
         1788691035.968  5140  5175 I MainActivity: onGatewayFrame: frame seq=2132 egoSpeed=6.787677 pts=0 intervention=false warning=false braking=true lifecycle=released_verified_stop range=null bearing=null rss=15.466432
         1788691036.067  5140  5175 I AebsFrameSubscriber: onMessagesAvailable callback
         1788691036.068  5140  5175 I AebsFrameSubscriber: readNextMessages count=1
         1788691036.068  5140  5175 I MainActivity: onGatewayFrame: frame seq=2133 egoSpeed=6.787677 pts=0 intervention=false warning=false braking=true lifecycle=released_verified_stop range=null bearing=null rss=15.466432
         1788691036.168  5140  5175 I AebsFrameSubscriber: onMessagesAvailable callback
         1788691036.168  5140  5175 I AebsFrameSubscriber: readNextMessages count=1
         1788691036.168  5140  5175 I MainActivity: onGatewayFrame: frame seq=2134 egoSpeed=6.787677 pts=0 intervention=false warning=false braking=true lifecycle=released_verified_stop range=null bearing=null rss=15.466432
         1788691036.267  5140  5175 I AebsFrameSubscriber: onMessagesAvailable callback
         1788691036.268  5140  5175 I AebsFrameSubscriber: readNextMessages count=1
         1788691036.268  5140  5175 I MainActivity: onGatewayFrame: frame seq=2135 egoSpeed=6.787677 pts=0 intervention=false warning=false braking=true lifecycle=released_verified_stop range=null bearing=null rss=15.466432
         1788691036.367  5140  5175 I AebsFrameSubscriber: onMessagesAvailable callback
         1788691036.368  5140  5175 I AebsFrameSubscriber: readNextMessages count=1
         1788691036.368  5140  5175 I MainActivity: onGatewayFrame: frame seq=2136 egoSpeed=6.787677 pts=0 intervention=false warning=false braking=true lifecycle=released_verified_stop range=null bearing=null rss=15.466432
         1788691036.467  5140  5175 I AebsFrameSubscriber: onMessagesAvailable callback
         1788691036.468  5140  5175 I AebsFrameSubscriber: readNextMessages count=1
         1788691036.468  5140  5175 I MainActivity: onGatewayFrame: frame seq=2137 egoSpeed=6.787677 pts=0 intervention=false warning=false braking=true lifecycle=released_verified_stop range=null bearing=null rss=15.466432
         1788691036.567  5140  5175 I AebsFrameSubscriber: onMessagesAvailable callback
         1788691036.568  5140  5175 I AebsFrameSubscriber: readNextMessages count=1
         1788691036.568  5140  5175 I MainActivity: onGatewayFrame: frame seq=2138 egoSpeed=6.787677 pts=0 intervention=false warning=false braking=true lifecycle=released_verified_stop range=null bearing=null rss=15.466432
         1788691036.667  5140  5175 I AebsFrameSubscriber: onMessagesAvailable callback
         1788691036.668  5140  5175 I AebsFrameSubscriber: readNextMessages count=1
         1788691036.668  5140  5175 I MainActivity: onGatewayFrame: frame seq=2139 egoSpeed=6.787677 pts=0 intervention=false warning=false braking=true lifecycle=released_verified_stop range=null bearing=null rss=15.466432
         1788691036.767  5140  5175 I AebsFrameSubscriber: onMessagesAvailable callback
         1788691036.768  5140  5175 I AebsFrameSubscriber: readNextMessages count=1
         1788691036.768  5140  5175 I MainActivity: onGatewayFrame: frame seq=2140 egoSpeed=6.787677 pts=0 intervention=false warning=false braking=true lifecycle=released_verified_stop range=null bearing=null rss=15.466432
         1788691036.867  5140  5175 I AebsFrameSubscriber: onMessagesAvailable callback
         1788691036.868  5140  5175 I AebsFrameSubscriber: readNextMessages count=1
         1788691036.868  5140  5175 I MainActivity: onGatewayFrame: frame seq=2141 egoSpeed=6.787677 pts=0 intervention=false warning=false braking=true lifecycle=released_verified_stop range=null bearing=null rss=15.466432
         1788691036.967  5140  5175 I AebsFrameSubscriber: onMessagesAvailable callback
         1788691036.968  5140  5175 I AebsFrameSubscriber: readNextMessages count=1
         1788691036.968  5140  5175 I MainActivity: onGatewayFrame: frame seq=2142 egoSpeed=6.787677 pts=0 intervention=false warning=false braking=true lifecycle=released_verified_stop range=null bearing=null rss=15.466432
         1788691037.067  5140  5175 I AebsFrameSubscriber: onMessagesAvailable callback
         1788691037.068  5140  5175 I AebsFrameSubscriber: readNextMessages count=1
         1788691037.068  5140  5175 I MainActivity: onGatewayFrame: frame seq=2143 egoSpeed=6.787677 pts=0 intervention=false warning=false braking=true lifecycle=released_verified_stop range=null bearing=null rss=15.466432
         1788691037.168  5140  5175 I AebsFrameSubscriber: onMessagesAvailable callback
         1788691037.168  5140  5175 I AebsFrameSubscriber: readNextMessages count=1
         1788691037.169  5140  5175 I MainActivity: onGatewayFrame: frame seq=2144 egoSpeed=6.787677 pts=0 intervention=false warning=false braking=true lifecycle=released_verified_stop range=null bearing=null rss=15.466432
         1788691037.267  5140  5175 I AebsFrameSubscriber: onMessagesAvailable callback
         1788691037.268  5140  5175 I AebsFrameSubscriber: readNextMessages count=1
         1788691037.268  5140  5175 I MainActivity: onGatewayFrame: frame seq=2145 egoSpeed=6.787677 pts=0 intervention=false warning=false braking=true lifecycle=released_verified_stop range=null bearing=null rss=15.466432
         1788691037.367  5140  5175 I AebsFrameSubscriber: onMessagesAvailable callback
         1788691037.368  5140  5175 I AebsFrameSubscriber: readNextMessages count=1
         1788691037.368  5140  5175 I MainActivity: onGatewayFrame: frame seq=2146 egoSpeed=6.787677 pts=0 intervention=false warning=false braking=true lifecycle=released_verified_stop range=null bearing=null rss=15.466432
         1788691037.467  5140  5175 I AebsFrameSubscriber: onMessagesAvailable callback
         1788691037.468  5140  5175 I AebsFrameSubscriber: readNextMessages count=1
         1788691037.468  5140  5175 I MainActivity: onGatewayFrame: frame seq=2147 egoSpeed=6.787677 pts=0 intervention=false warning=false braking=true lifecycle=released_verified_stop range=null bearing=null rss=15.466432
         1788691037.567  5140  5175 I AebsFrameSubscriber: onMessagesAvailable callback
         1788691037.568  5140  5175 I AebsFrameSubscriber: readNextMessages count=1
         1788691037.568  5140  5175 I MainActivity: onGatewayFrame: frame seq=2148 egoSpeed=6.787677 pts=0 intervention=false warning=false braking=true lifecycle=released_verified_stop range=null bearing=null rss=15.466432
         1788691037.667  5140  5175 I AebsFrameSubscriber: onMessagesAvailable callback
         1788691037.668  5140  5175 I AebsFrameSubscriber: readNextMessages count=1
         1788691037.668  5140  5175 I MainActivity: onGatewayFrame: frame seq=2149 egoSpeed=6.787677 pts=0 intervention=false warning=false braking=true lifecycle=released_verified_stop range=null bearing=null rss=15.466432
         1788691037.767  5140  5175 I AebsFrameSubscriber: onMessagesAvailable callback
         1788691037.768  5140  5175 I AebsFrameSubscriber: readNextMessages count=1
         1788691037.768  5140  5175 I MainActivity: onGatewayFrame: frame seq=2150 egoSpeed=6.787677 pts=0 intervention=false warning=false braking=true lifecycle=released_verified_stop range=null bearing=null rss=15.466432
         1788691037.867  5140  5175 I AebsFrameSubscriber: onMessagesAvailable callback
         1788691037.868  5140  5175 I AebsFrameSubscriber: readNextMessages count=1
         1788691037.868  5140  5175 I MainActivity: onGatewayFrame: frame seq=2151 egoSpeed=6.787677 pts=0 intervention=false warning=false braking=true lifecycle=released_verified_stop range=null bearing=null rss=15.466432
         1788691037.989  5140  5175 I AebsFrameSubscriber: readNextMessages count=1
         1788691037.989  5140  5175 I MainActivity: onGatewayFrame: frame seq=2152 egoSpeed=6.787677 pts=0 intervention=false warning=false braking=true lifecycle=released_verified_stop range=null bearing=null rss=15.466432
         1788691037.989  5140  5175 I AebsFrameSubscriber: onMessagesAvailable callback
         1788691038.067  5140  5175 I AebsFrameSubscriber: onMessagesAvailable callback
         1788691038.068  5140  5175 I AebsFrameSubscriber: readNextMessages count=1
         1788691038.068  5140  5175 I MainActivity: onGatewayFrame: frame seq=2153 egoSpeed=6.787677 pts=0 intervention=false warning=false braking=true lifecycle=released_verified_stop range=null bearing=null rss=15.466432
         1788691038.167  5140  5175 I AebsFrameSubscriber: onMessagesAvailable callback
         1788691038.168  5140  5175 I AebsFrameSubscriber: readNextMessages count=1
         1788691038.168  5140  5175 I MainActivity: onGatewayFrame: frame seq=2154 egoSpeed=6.787677 pts=0 intervention=false warning=false braking=true lifecycle=released_verified_stop range=null bearing=null rss=15.466432
         1788691038.267  5140  5175 I AebsFrameSubscriber: onMessagesAvailable callback
         1788691038.268  5140  5175 I AebsFrameSubscriber: readNextMessages count=1
         1788691038.268  5140  5175 I MainActivity: onGatewayFrame: frame seq=2155 egoSpeed=6.787677 pts=0 intervention=false warning=false braking=true lifecycle=released_verified_stop range=null bearing=null rss=15.466432
         1788691038.367  5140  5175 I AebsFrameSubscriber: onMessagesAvailable callback
         1788691038.368  5140  5175 I AebsFrameSubscriber: readNextMessages count=1
         1788691038.368  5140  5175 I MainActivity: onGatewayFrame: frame seq=2156 egoSpeed=6.787677 pts=0 intervention=false warning=false braking=true lifecycle=released_verified_stop range=null bearing=null rss=15.466432
         1788691038.467  5140  5175 I AebsFrameSubscriber: onMessagesAvailable callback
         1788691038.468  5140  5175 I AebsFrameSubscriber: readNextMessages count=1
         1788691038.468  5140  5175 I MainActivity: onGatewayFrame: frame seq=2157 egoSpeed=6.787677 pts=0 intervention=false warning=false braking=true lifecycle=released_verified_stop range=null bearing=null rss=15.466432
         1788691038.567  5140  5175 I AebsFrameSubscriber: onMessagesAvailable callback
         1788691038.567  5140  5175 I AebsFrameSubscriber: readNextMessages count=1
         1788691038.568  5140  5175 I MainActivity: onGatewayFrame: frame seq=2158 egoSpeed=6.787677 pts=0 intervention=false warning=false braking=true lifecycle=released_verified_stop range=null bearing=null rss=15.466432
         1788691038.667  5140  5175 I AebsFrameSubscriber: onMessagesAvailable callback
         1788691038.667  5140  5175 I AebsFrameSubscriber: readNextMessages count=1
         1788691038.668  5140  5175 I MainActivity: onGatewayFrame: frame seq=2159 egoSpeed=6.787677 pts=0 intervention=false warning=false braking=true lifecycle=released_verified_stop range=null bearing=null rss=15.466432
         1788691038.767  5140  5175 I AebsFrameSubscriber: onMessagesAvailable callback
         1788691038.768  5140  5175 I AebsFrameSubscriber: readNextMessages count=1
         1788691038.768  5140  5175 I MainActivity: onGatewayFrame: frame seq=2160 egoSpeed=6.787677 pts=0 intervention=false warning=false braking=true lifecycle=released_verified_stop range=null bearing=null rss=15.466432
         1788691038.867  5140  5175 I AebsFrameSubscriber: onMessagesAvailable callback
         1788691038.868  5140  5175 I AebsFrameSubscriber: readNextMessages count=1
         1788691038.868  5140  5175 I MainActivity: onGatewayFrame: frame seq=2161 egoSpeed=6.787677 pts=0 intervention=false warning=false braking=true lifecycle=released_verified_stop range=null bearing=null rss=15.466432
         1788691038.967  5140  5175 I AebsFrameSubscriber: onMessagesAvailable callback
         1788691038.968  5140  5175 I AebsFrameSubscriber: readNextMessages count=1
         1788691038.968  5140  5175 I MainActivity: onGatewayFrame: frame seq=2162 egoSpeed=6.787677 pts=0 intervention=false warning=false braking=true lifecycle=released_verified_stop range=null bearing=null rss=15.466432
         1788691039.067  5140  5175 I AebsFrameSubscriber: onMessagesAvailable callback
         1788691039.067  5140  5175 I AebsFrameSubscriber: readNextMessages count=1
         1788691039.067  5140  5175 I MainActivity: onGatewayFrame: frame seq=2163 egoSpeed=6.787677 pts=0 intervention=false warning=false braking=true lifecycle=released_verified_stop range=null bearing=null rss=15.466432
         1788691039.167  5140  5175 I AebsFrameSubscriber: onMessagesAvailable callback
         1788691039.168  5140  5175 I AebsFrameSubscriber: readNextMessages count=1
         1788691039.168  5140  5175 I MainActivity: onGatewayFrame: frame seq=2164 egoSpeed=6.787677 pts=0 intervention=false warning=false braking=true lifecycle=released_verified_stop range=null bearing=null rss=15.466432
         1788691039.267  5140  5175 I AebsFrameSubscriber: onMessagesAvailable callback
         1788691039.268  5140  5175 I AebsFrameSubscriber: readNextMessages count=1
         1788691039.268  5140  5175 I MainActivity: onGatewayFrame: frame seq=2165 egoSpeed=6.787677 pts=0 intervention=false warning=false braking=true lifecycle=released_verified_stop range=null bearing=null rss=15.466432
         1788691039.367  5140  5175 I AebsFrameSubscriber: onMessagesAvailable callback
         1788691039.368  5140  5175 I AebsFrameSubscriber: readNextMessages count=1
         1788691039.368  5140  5175 I MainActivity: onGatewayFrame: frame seq=2166 egoSpeed=6.787677 pts=0 intervention=false warning=false braking=true lifecycle=released_verified_stop range=null bearing=null rss=15.466432
         1788691039.467  5140  5175 I AebsFrameSubscriber: onMessagesAvailable callback
         1788691039.467  5140  5175 I AebsFrameSubscriber: readNextMessages count=1
         1788691039.468  5140  5175 I MainActivity: onGatewayFrame: frame seq=2167 egoSpeed=6.787677 pts=0 intervention=false warning=false braking=true lifecycle=released_verified_stop range=null bearing=null rss=15.466432
         1788691039.567  5140  5175 I AebsFrameSubscriber: onMessagesAvailable callback
         1788691039.567  5140  5175 I AebsFrameSubscriber: readNextMessages count=1
         1788691039.567  5140  5175 I MainActivity: onGatewayFrame: frame seq=2168 egoSpeed=6.787677 pts=0 intervention=false warning=false braking=true lifecycle=released_verified_stop range=null bearing=null rss=15.466432
         1788691039.667  5140  5175 I AebsFrameSubscriber: onMessagesAvailable callback
         1788691039.667  5140  5175 I AebsFrameSubscriber: readNextMessages count=1
         1788691039.667  5140  5175 I MainActivity: onGatewayFrame: frame seq=2169 egoSpeed=6.787677 pts=0 intervention=false warning=false braking=true lifecycle=released_verified_stop range=null bearing=null rss=15.466432
         1788691039.767  5140  5175 I AebsFrameSubscriber: onMessagesAvailable callback
         1788691039.767  5140  5175 I AebsFrameSubscriber: readNextMessages count=1
         1788691039.767  5140  5175 I MainActivity: onGatewayFrame: frame seq=2170 egoSpeed=6.787677 pts=0 intervention=false warning=false braking=true lifecycle=released_verified_stop range=null bearing=null rss=15.466432
         1788691039.867  5140  5175 I AebsFrameSubscriber: onMessagesAvailable callback
         1788691039.867  5140  5175 I AebsFrameSubscriber: readNextMessages count=1
         1788691039.868  5140  5175 I MainActivity: onGatewayFrame: frame seq=2171 egoSpeed=6.787677 pts=0 intervention=false warning=false braking=true lifecycle=released_verified_stop range=null bearing=null rss=15.466432
         1788691039.967  5140  5175 I AebsFrameSubscriber: onMessagesAvailable callback
         1788691039.968  5140  5175 I AebsFrameSubscriber: readNextMessages count=1
         1788691039.968  5140  5175 I MainActivity: onGatewayFrame: frame seq=2172 egoSpeed=6.787677 pts=0 intervention=false warning=false braking=true lifecycle=released_verified_stop range=null bearing=null rss=15.466432
         1788691040.067  5140  5175 I AebsFrameSubscriber: onMessagesAvailable callback
         1788691040.067  5140  5175 I AebsFrameSubscriber: readNextMessages count=1
         1788691040.067  5140  5175 I MainActivity: onGatewayFrame: frame seq=2173 egoSpeed=6.787677 pts=0 intervention=false warning=false braking=true lifecycle=released_verified_stop range=null bearing=null rss=15.466432
         1788691040.167  5140  5175 I AebsFrameSubscriber: onMessagesAvailable callback
         1788691040.167  5140  5175 I AebsFrameSubscriber: readNextMessages count=1
         1788691040.168  5140  5175 I MainActivity: onGatewayFrame: frame seq=2174 egoSpeed=6.787677 pts=0 intervention=false warning=false braking=true lifecycle=released_verified_stop range=null bearing=null rss=15.466432
         1788691040.267  5140  5175 I AebsFrameSubscriber: onMessagesAvailable callback
         1788691040.267  5140  5175 I AebsFrameSubscriber: readNextMessages count=1
         1788691040.267  5140  5175 I MainActivity: onGatewayFrame: frame seq=2175 egoSpeed=6.787677 pts=0 intervention=false warning=false braking=true lifecycle=released_verified_stop range=null bearing=null rss=15.466432
         1788691040.367  5140  5175 I AebsFrameSubscriber: onMessagesAvailable callback
         1788691040.367  5140  5175 I AebsFrameSubscriber: readNextMessages count=1
         1788691040.367  5140  5175 I MainActivity: onGatewayFrame: frame seq=2176 egoSpeed=6.787677 pts=0 intervention=false warning=false braking=true lifecycle=released_verified_stop range=null bearing=null rss=15.466432
         1788691040.467  5140  5175 I AebsFrameSubscriber: onMessagesAvailable callback
         1788691040.467  5140  5175 I AebsFrameSubscriber: readNextMessages count=1
         1788691040.467  5140  5175 I MainActivity: onGatewayFrame: frame seq=2177 egoSpeed=6.787677 pts=0 intervention=false warning=false braking=true lifecycle=released_verified_stop range=null bearing=null rss=15.466432
         1788691040.567  5140  5175 I AebsFrameSubscriber: onMessagesAvailable callback
         1788691040.567  5140  5175 I AebsFrameSubscriber: readNextMessages count=1
         1788691040.567  5140  5175 I MainActivity: onGatewayFrame: frame seq=2178 egoSpeed=6.787677 pts=0 intervention=false warning=false braking=true lifecycle=released_verified_stop range=null bearing=null rss=15.466432
         1788691040.667  5140  5175 I AebsFrameSubscriber: onMessagesAvailable callback
         1788691040.667  5140  5175 I AebsFrameSubscriber: readNextMessages count=1
         1788691040.667  5140  5175 I MainActivity: onGatewayFrame: frame seq=2179 egoSpeed=6.787677 pts=0 intervention=false warning=false braking=true lifecycle=released_verified_stop range=null bearing=null rss=15.466432
         1788691040.767  5140  5175 I AebsFrameSubscriber: onMessagesAvailable callback
         1788691040.767  5140  5175 I AebsFrameSubscriber: readNextMessages count=1
         1788691040.767  5140  5175 I MainActivity: onGatewayFrame: frame seq=2180 egoSpeed=6.787677 pts=0 intervention=false warning=false braking=true lifecycle=released_verified_stop range=null bearing=null rss=15.466432
         1788691040.867  5140  5175 I AebsFrameSubscriber: onMessagesAvailable callback
         1788691040.867  5140  5175 I AebsFrameSubscriber: readNextMessages count=1
         1788691040.867  5140  5175 I MainActivity: onGatewayFrame: frame seq=2181 egoSpeed=6.787677 pts=0 intervention=false warning=false braking=true lifecycle=released_verified_stop range=null bearing=null rss=15.466432
         1788691040.967  5140  5175 I AebsFrameSubscriber: onMessagesAvailable callback
         1788691040.967  5140  5175 I AebsFrameSubscriber: readNextMessages count=1
         1788691040.967  5140  5175 I MainActivity: onGatewayFrame: frame seq=2182 egoSpeed=6.787677 pts=0 intervention=false warning=false braking=true lifecycle=released_verified_stop range=null bearing=null rss=15.466432
         1788691041.067  5140  5175 I AebsFrameSubscriber: onMessagesAvailable callback
         1788691041.067  5140  5175 I AebsFrameSubscriber: readNextMessages count=1
         1788691041.067  5140  5175 I MainActivity: onGatewayFrame: frame seq=2183 egoSpeed=6.787677 pts=0 intervention=false warning=false braking=true lifecycle=released_verified_stop range=null bearing=null rss=15.466432
         1788691041.167  5140  5175 I AebsFrameSubscriber: onMessagesAvailable callback
         1788691041.167  5140  5175 I AebsFrameSubscriber: readNextMessages count=1
         1788691041.167  5140  5175 I MainActivity: onGatewayFrame: frame seq=2184 egoSpeed=6.787677 pts=0 intervention=false warning=false braking=true lifecycle=released_verified_stop range=null bearing=null rss=15.466432
         1788691041.267  5140  5175 I AebsFrameSubscriber: onMessagesAvailable callback
         1788691041.267  5140  5175 I AebsFrameSubscriber: readNextMessages count=1
         1788691041.267  5140  5175 I MainActivity: onGatewayFrame: frame seq=2185 egoSpeed=6.787677 pts=0 intervention=false warning=false braking=true lifecycle=released_verified_stop range=null bearing=null rss=15.466432
         1788691041.367  5140  5175 I AebsFrameSubscriber: onMessagesAvailable callback
         1788691041.367  5140  5175 I AebsFrameSubscriber: readNextMessages count=1
         1788691041.367  5140  5175 I MainActivity: onGatewayFrame: frame seq=2186 egoSpeed=6.787677 pts=0 intervention=false warning=false braking=true lifecycle=released_verified_stop range=null bearing=null rss=15.466432
         1788691041.467  5140  5175 I AebsFrameSubscriber: onMessagesAvailable callback
         1788691041.467  5140  5175 I AebsFrameSubscriber: readNextMessages count=1
         1788691041.467  5140  5175 I MainActivity: onGatewayFrame: frame seq=2187 egoSpeed=6.787677 pts=0 intervention=false warning=false braking=true lifecycle=released_verified_stop range=null bearing=null rss=15.466432
         1788691041.567  5140  5175 I AebsFrameSubscriber: onMessagesAvailable callback
         1788691041.567  5140  5175 I AebsFrameSubscriber: readNextMessages count=1
         1788691041.567  5140  5175 I MainActivity: onGatewayFrame: frame seq=2188 egoSpeed=6.787677 pts=0 intervention=false warning=false braking=true lifecycle=released_verified_stop range=null bearing=null rss=15.466432
         1788691041.667  5140  5175 I AebsFrameSubscriber: onMessagesAvailable callback
         1788691041.667  5140  5175 I AebsFrameSubscriber: readNextMessages count=1
         1788691041.668  5140  5175 I MainActivity: onGatewayFrame: frame seq=2189 egoSpeed=6.787677 pts=0 intervention=false warning=false braking=true lifecycle=released_verified_stop range=null bearing=null rss=15.466432
         1788691041.885  5140  5175 I AebsFrameSubscriber: readNextMessages count=2
         1788691041.885  5140  5175 I MainActivity: onGatewayFrame: frame seq=2190 egoSpeed=6.787677 pts=0 intervention=false warning=false braking=true lifecycle=released_verified_stop range=null bearing=null rss=15.466432
         1788691041.885  5140  5175 I MainActivity: onGatewayFrame: frame seq=2191 egoSpeed=6.787677 pts=0 intervention=false warning=false braking=true lifecycle=released_verified_stop range=null bearing=null rss=15.466432
         1788691041.885  5140  5175 I AebsFrameSubscriber: onMessagesAvailable callback
         1788691041.885  5140  5175 I AebsFrameSubscriber: onMessagesAvailable callback
         1788691041.967  5140  5175 I AebsFrameSubscriber: onMessagesAvailable callback
         1788691041.967  5140  5175 I AebsFrameSubscriber: readNextMessages count=1
         1788691041.967  5140  5175 I MainActivity: onGatewayFrame: frame seq=2192 egoSpeed=6.787677 pts=0 intervention=false warning=false braking=true lifecycle=released_verified_stop range=null bearing=null rss=15.466432
         1788691042.067  5140  5175 I AebsFrameSubscriber: onMessagesAvailable callback
         1788691042.067  5140  5175 I AebsFrameSubscriber: readNextMessages count=1
         1788691042.067  5140  5175 I MainActivity: onGatewayFrame: frame seq=2193 egoSpeed=6.787677 pts=0 intervention=false warning=false braking=true lifecycle=released_verified_stop range=null bearing=null rss=15.466432
         1788691042.167  5140  5175 I AebsFrameSubscriber: onMessagesAvailable callback
         1788691042.167  5140  5175 I AebsFrameSubscriber: readNextMessages count=1
         1788691042.167  5140  5175 I MainActivity: onGatewayFrame: frame seq=2194 egoSpeed=6.787677 pts=0 intervention=false warning=false braking=true lifecycle=released_verified_stop range=null bearing=null rss=15.466432
         1788691042.267  5140  5175 I AebsFrameSubscriber: onMessagesAvailable callback
         1788691042.267  5140  5175 I AebsFrameSubscriber: readNextMessages count=1
         1788691042.267  5140  5175 I MainActivity: onGatewayFrame: frame seq=2195 egoSpeed=6.787677 pts=0 intervention=false warning=false braking=true lifecycle=released_verified_stop range=null bearing=null rss=15.466432
         1788691042.367  5140  5175 I AebsFrameSubscriber: onMessagesAvailable callback
         1788691042.367  5140  5175 I AebsFrameSubscriber: readNextMessages count=1
         1788691042.367  5140  5175 I MainActivity: onGatewayFrame: frame seq=2196 egoSpeed=6.787677 pts=0 intervention=false warning=false braking=true lifecycle=released_verified_stop range=null bearing=null rss=15.466432
         1788691042.467  5140  5175 I AebsFrameSubscriber: onMessagesAvailable callback
         1788691042.467  5140  5175 I AebsFrameSubscriber: readNextMessages count=1
         1788691042.467  5140  5175 I MainActivity: onGatewayFrame: frame seq=2197 egoSpeed=6.787677 pts=0 intervention=false warning=false braking=true lifecycle=released_verified_stop range=null bearing=null rss=15.466432
         1788691042.567  5140  5175 I AebsFrameSubscriber: onMessagesAvailable callback
         1788691042.567  5140  5175 I AebsFrameSubscriber: readNextMessages count=1
         1788691042.567  5140  5175 I MainActivity: onGatewayFrame: frame seq=2198 egoSpeed=6.787677 pts=0 intervention=false warning=false braking=true lifecycle=released_verified_stop range=null bearing=null rss=15.466432
         1788691042.667  5140  5175 I AebsFrameSubscriber: onMessagesAvailable callback
         1788691042.667  5140  5175 I AebsFrameSubscriber: readNextMessages count=1
         1788691042.667  5140  5175 I MainActivity: onGatewayFrame: frame seq=2199 egoSpeed=6.787677 pts=0 intervention=false warning=false braking=true lifecycle=released_verified_stop range=null bearing=null rss=15.466432
         1788691042.767  5140  5175 I AebsFrameSubscriber: onMessagesAvailable callback
         1788691042.767  5140  5175 I AebsFrameSubscriber: readNextMessages count=1
         1788691042.767  5140  5175 I MainActivity: onGatewayFrame: frame seq=2200 egoSpeed=6.787677 pts=0 intervention=false warning=false braking=true lifecycle=released_verified_stop range=null bearing=null rss=15.466432
         1788691042.867  5140  5175 I AebsFrameSubscriber: onMessagesAvailable callback
         1788691042.867  5140  5175 I AebsFrameSubscriber: readNextMessages count=1
         1788691042.867  5140  5175 I MainActivity: onGatewayFrame: frame seq=2201 egoSpeed=6.787677 pts=0 intervention=false warning=false braking=true lifecycle=released_verified_stop range=null bearing=null rss=15.466432
         1788691042.967  5140  5175 I AebsFrameSubscriber: onMessagesAvailable callback
         1788691042.967  5140  5175 I AebsFrameSubscriber: readNextMessages count=1
         1788691042.967  5140  5175 I MainActivity: onGatewayFrame: frame seq=2202 egoSpeed=6.787677 pts=0 intervention=false warning=false braking=true lifecycle=released_verified_stop range=null bearing=null rss=15.466432
         1788691043.067  5140  5175 I AebsFrameSubscriber: onMessagesAvailable callback
         1788691043.067  5140  5175 I AebsFrameSubscriber: readNextMessages count=1
         1788691043.067  5140  5175 I MainActivity: onGatewayFrame: frame seq=2203 egoSpeed=6.787677 pts=0 intervention=false warning=false braking=true lifecycle=released_verified_stop range=null bearing=null rss=15.466432
         1788691043.167  5140  5175 I AebsFrameSubscriber: onMessagesAvailable callback
         1788691043.167  5140  5175 I AebsFrameSubscriber: readNextMessages count=1
         1788691043.167  5140  5175 I MainActivity: onGatewayFrame: frame seq=2204 egoSpeed=6.787677 pts=0 intervention=false warning=false braking=true lifecycle=released_verified_stop range=null bearing=null rss=15.466432
         1788691043.267  5140  5175 I AebsFrameSubscriber: onMessagesAvailable callback
         1788691043.267  5140  5175 I AebsFrameSubscriber: readNextMessages count=1
         1788691043.267  5140  5175 I MainActivity: onGatewayFrame: frame seq=2205 egoSpeed=6.787677 pts=0 intervention=false warning=false braking=true lifecycle=released_verified_stop range=null bearing=null rss=15.466432
         1788691043.367  5140  5175 I AebsFrameSubscriber: onMessagesAvailable callback
         1788691043.367  5140  5175 I AebsFrameSubscriber: readNextMessages count=1
         1788691043.367  5140  5175 I MainActivity: onGatewayFrame: frame seq=2206 egoSpeed=6.787677 pts=0 intervention=false warning=false braking=true lifecycle=released_verified_stop range=null bearing=null rss=15.466432
         1788691043.467  5140  5175 I AebsFrameSubscriber: onMessagesAvailable callback
         1788691043.467  5140  5175 I AebsFrameSubscriber: readNextMessages count=1
         1788691043.467  5140  5175 I MainActivity: onGatewayFrame: frame seq=2207 egoSpeed=6.787677 pts=0 intervention=false warning=false braking=true lifecycle=released_verified_stop range=null bearing=null rss=15.466432
         1788691043.567  5140  5175 I AebsFrameSubscriber: onMessagesAvailable callback
         1788691043.567  5140  5175 I AebsFrameSubscriber: readNextMessages count=1
         1788691043.567  5140  5175 I MainActivity: onGatewayFrame: frame seq=2208 egoSpeed=6.787677 pts=0 intervention=false warning=false braking=true lifecycle=released_verified_stop range=null bearing=null rss=15.466432
         1788691043.667  5140  5175 I AebsFrameSubscriber: onMessagesAvailable callback
         1788691043.667  5140  5175 I AebsFrameSubscriber: readNextMessages count=1
         1788691043.667  5140  5175 I MainActivity: onGatewayFrame: frame seq=2209 egoSpeed=6.787677 pts=0 intervention=false warning=false braking=true lifecycle=released_verified_stop range=null bearing=null rss=15.466432
         1788691043.767  5140  5175 I AebsFrameSubscriber: onMessagesAvailable callback
         1788691043.767  5140  5175 I AebsFrameSubscriber: readNextMessages count=1
         1788691043.767  5140  5175 I MainActivity: onGatewayFrame: frame seq=2210 egoSpeed=6.787677 pts=0 intervention=false warning=false braking=true lifecycle=released_verified_stop range=null bearing=null rss=15.466432
         1788691043.867  5140  5175 I AebsFrameSubscriber: onMessagesAvailable callback
         1788691043.867  5140  5175 I AebsFrameSubscriber: readNextMessages count=1
         1788691043.867  5140  5175 I MainActivity: onGatewayFrame: frame seq=2211 egoSpeed=6.787677 pts=0 intervention=false warning=false braking=true lifecycle=released_verified_stop range=null bearing=null rss=15.466432
         1788691043.967  5140  5175 I AebsFrameSubscriber: onMessagesAvailable callback
         1788691043.967  5140  5175 I AebsFrameSubscriber: readNextMessages count=1
         1788691043.967  5140  5175 I MainActivity: onGatewayFrame: frame seq=2212 egoSpeed=6.787677 pts=0 intervention=false warning=false braking=true lifecycle=released_verified_stop range=null bearing=null rss=15.466432
         1788691044.067  5140  5175 I AebsFrameSubscriber: onMessagesAvailable callback
         1788691044.067  5140  5175 I AebsFrameSubscriber: readNextMessages count=1
         1788691044.067  5140  5175 I MainActivity: onGatewayFrame: frame seq=2213 egoSpeed=6.787677 pts=0 intervention=false warning=false braking=true lifecycle=released_verified_stop range=null bearing=null rss=15.466432
         1788691044.167  5140  5175 I AebsFrameSubscriber: onMessagesAvailable callback
         1788691044.167  5140  5175 I AebsFrameSubscriber: readNextMessages count=1
         1788691044.167  5140  5175 I MainActivity: onGatewayFrame: frame seq=2214 egoSpeed=6.787677 pts=0 intervention=false warning=false braking=true lifecycle=released_verified_stop range=null bearing=null rss=15.466432
         1788691044.267  5140  5175 I AebsFrameSubscriber: onMessagesAvailable callback
         1788691044.267  5140  5175 I AebsFrameSubscriber: readNextMessages count=1
         1788691044.267  5140  5175 I MainActivity: onGatewayFrame: frame seq=2215 egoSpeed=6.787677 pts=0 intervention=false warning=false braking=true lifecycle=released_verified_stop range=null bearing=null rss=15.466432
         1788691044.367  5140  5175 I AebsFrameSubscriber: onMessagesAvailable callback
         1788691044.367  5140  5175 I AebsFrameSubscriber: readNextMessages count=1
         1788691044.367  5140  5175 I MainActivity: onGatewayFrame: frame seq=2216 egoSpeed=6.787677 pts=0 intervention=false warning=false braking=true lifecycle=released_verified_stop range=null bearing=null rss=15.466432
         1788691044.467  5140  5175 I AebsFrameSubscriber: onMessagesAvailable callback
         1788691044.467  5140  5175 I AebsFrameSubscriber: readNextMessages count=1
         1788691044.467  5140  5175 I MainActivity: onGatewayFrame: frame seq=2217 egoSpeed=6.787677 pts=0 intervention=false warning=false braking=true lifecycle=released_verified_stop range=null bearing=null rss=15.466432
         1788691044.567  5140  5175 I AebsFrameSubscriber: onMessagesAvailable callback
         1788691044.567  5140  5175 I AebsFrameSubscriber: readNextMessages count=1
         1788691044.567  5140  5175 I MainActivity: onGatewayFrame: frame seq=2218 egoSpeed=6.787677 pts=0 intervention=false warning=false braking=true lifecycle=released_verified_stop range=null bearing=null rss=15.466432
         1788691044.667  5140  5175 I AebsFrameSubscriber: onMessagesAvailable callback
         1788691044.667  5140  5175 I AebsFrameSubscriber: readNextMessages count=1
         1788691044.667  5140  5175 I MainActivity: onGatewayFrame: frame seq=2219 egoSpeed=6.787677 pts=0 intervention=false warning=false braking=true lifecycle=released_verified_stop range=null bearing=null rss=15.466432
         1788691044.767  5140  5175 I AebsFrameSubscriber: onMessagesAvailable callback
         1788691044.767  5140  5175 I AebsFrameSubscriber: readNextMessages count=1
         1788691044.767  5140  5175 I MainActivity: onGatewayFrame: frame seq=2220 egoSpeed=6.787677 pts=0 intervention=false warning=false braking=true lifecycle=released_verified_stop range=null bearing=null rss=15.466432
         1788691044.866  5140  5175 I AebsFrameSubscriber: onMessagesAvailable callback
         1788691044.867  5140  5175 I AebsFrameSubscriber: readNextMessages count=1
         1788691044.867  5140  5175 I MainActivity: onGatewayFrame: frame seq=2221 egoSpeed=6.787677 pts=0 intervention=false warning=false braking=true lifecycle=released_verified_stop range=null bearing=null rss=15.466432
         1788691044.967  5140  5175 I AebsFrameSubscriber: onMessagesAvailable callback
         1788691044.967  5140  5175 I AebsFrameSubscriber: readNextMessages count=1
         1788691044.967  5140  5175 I MainActivity: onGatewayFrame: frame seq=2222 egoSpeed=6.787677 pts=0 intervention=false warning=false braking=true lifecycle=released_verified_stop range=null bearing=null rss=15.466432
         1788691045.067  5140  5175 I AebsFrameSubscriber: onMessagesAvailable callback
         1788691045.067  5140  5175 I AebsFrameSubscriber: readNextMessages count=1
         1788691045.067  5140  5175 I MainActivity: onGatewayFrame: frame seq=2223 egoSpeed=6.787677 pts=0 intervention=false warning=false braking=true lifecycle=released_verified_stop range=null bearing=null rss=15.466432
         1788691045.167  5140  5175 I AebsFrameSubscriber: onMessagesAvailable callback
         1788691045.167  5140  5175 I AebsFrameSubscriber: readNextMessages count=1
         1788691045.167  5140  5175 I MainActivity: onGatewayFrame: frame seq=2224 egoSpeed=6.787677 pts=0 intervention=false warning=false braking=true lifecycle=released_verified_stop range=null bearing=null rss=15.466432
         1788691045.267  5140  5175 I AebsFrameSubscriber: onMessagesAvailable callback
         1788691045.267  5140  5175 I AebsFrameSubscriber: readNextMessages count=1
         1788691045.267  5140  5175 I MainActivity: onGatewayFrame: frame seq=2225 egoSpeed=6.787677 pts=0 intervention=false warning=false braking=true lifecycle=released_verified_stop range=null bearing=null rss=15.466432
         1788691045.366  5140  5175 I AebsFrameSubscriber: onMessagesAvailable callback
         1788691045.367  5140  5175 I AebsFrameSubscriber: readNextMessages count=1
         1788691045.367  5140  5175 I MainActivity: onGatewayFrame: frame seq=2226 egoSpeed=6.787677 pts=0 intervention=false warning=false braking=true lifecycle=released_verified_stop range=null bearing=null rss=15.466432
         1788691045.467  5140  5175 I AebsFrameSubscriber: onMessagesAvailable callback
         1788691045.467  5140  5175 I AebsFrameSubscriber: readNextMessages count=1
         1788691045.467  5140  5175 I MainActivity: onGatewayFrame: frame seq=2227 egoSpeed=6.787677 pts=0 intervention=false warning=false braking=true lifecycle=released_verified_stop range=null bearing=null rss=15.466432
         1788691045.568  5140  5175 I AebsFrameSubscriber: readNextMessages count=1
         1788691045.568  5140  5175 I MainActivity: onGatewayFrame: frame seq=2228 egoSpeed=6.787677 pts=0 intervention=false warning=false braking=true lifecycle=released_verified_stop range=null bearing=null rss=15.466432
         1788691045.568  5140  5175 I AebsFrameSubscriber: onMessagesAvailable callback
         1788691045.730  5140  5175 I AebsFrameSubscriber: readNextMessages count=1
         1788691045.730  5140  5175 I MainActivity: onGatewayFrame: frame seq=2229 egoSpeed=6.787677 pts=0 intervention=false warning=false braking=true lifecycle=released_verified_stop range=null bearing=null rss=15.466432
         1788691045.731  5140  5175 I AebsFrameSubscriber: onMessagesAvailable callback
         1788691045.766  5140  5175 I AebsFrameSubscriber: onMessagesAvailable callback
         1788691045.767  5140  5175 I AebsFrameSubscriber: readNextMessages count=1
         1788691045.767  5140  5175 I MainActivity: onGatewayFrame: frame seq=2230 egoSpeed=6.787677 pts=0 intervention=false warning=false braking=true lifecycle=released_verified_stop range=null bearing=null rss=15.466432
         1788691045.867  5140  5175 I AebsFrameSubscriber: onMessagesAvailable callback
         1788691045.867  5140  5175 I AebsFrameSubscriber: readNextMessages count=1
         1788691045.867  5140  5175 I MainActivity: onGatewayFrame: frame seq=2231 egoSpeed=6.787677 pts=0 intervention=false warning=false braking=true lifecycle=released_verified_stop range=null bearing=null rss=15.466432
         1788691045.967  5140  5175 I AebsFrameSubscriber: onMessagesAvailable callback
         1788691045.967  5140  5175 I AebsFrameSubscriber: readNextMessages count=1
         1788691045.967  5140  5175 I MainActivity: onGatewayFrame: frame seq=2232 egoSpeed=6.787677 pts=0 intervention=false warning=false braking=true lifecycle=released_verified_stop range=null bearing=null rss=15.466432
         1788691046.066  5140  5175 I AebsFrameSubscriber: onMessagesAvailable callback
         1788691046.067  5140  5175 I AebsFrameSubscriber: readNextMessages count=1
         1788691046.067  5140  5175 I MainActivity: onGatewayFrame: frame seq=2233 egoSpeed=6.787677 pts=0 intervention=false warning=false braking=true lifecycle=released_verified_stop range=null bearing=null rss=15.466432
         1788691046.167  5140  5175 I AebsFrameSubscriber: onMessagesAvailable callback
         1788691046.167  5140  5175 I AebsFrameSubscriber: readNextMessages count=1
         1788691046.167  5140  5175 I MainActivity: onGatewayFrame: frame seq=2234 egoSpeed=6.787677 pts=0 intervention=false warning=false braking=true lifecycle=released_verified_stop range=null bearing=null rss=15.466432
         1788691046.266  5140  5175 I AebsFrameSubscriber: onMessagesAvailable callback
         1788691046.267  5140  5175 I AebsFrameSubscriber: readNextMessages count=1
         1788691046.267  5140  5175 I MainActivity: onGatewayFrame: frame seq=2235 egoSpeed=6.787677 pts=0 intervention=false warning=false braking=true lifecycle=released_verified_stop range=null bearing=null rss=15.466432
         1788691046.366  5140  5175 I AebsFrameSubscriber: onMessagesAvailable callback
         1788691046.367  5140  5175 I AebsFrameSubscriber: readNextMessages count=1
         1788691046.367  5140  5175 I MainActivity: onGatewayFrame: frame seq=2236 egoSpeed=6.787677 pts=0 intervention=false warning=false braking=true lifecycle=released_verified_stop range=null bearing=null rss=15.466432
         1788691046.467  5140  5175 I AebsFrameSubscriber: onMessagesAvailable callback
         1788691046.467  5140  5175 I AebsFrameSubscriber: readNextMessages count=1
         1788691046.467  5140  5175 I MainActivity: onGatewayFrame: frame seq=2237 egoSpeed=6.787677 pts=0 intervention=false warning=false braking=true lifecycle=released_verified_stop range=null bearing=null rss=15.466432
         1788691046.567  5140  5175 I AebsFrameSubscriber: onMessagesAvailable callback
         1788691046.567  5140  5175 I AebsFrameSubscriber: readNextMessages count=1
         1788691046.567  5140  5175 I MainActivity: onGatewayFrame: frame seq=2238 egoSpeed=6.787677 pts=0 intervention=false warning=false braking=true lifecycle=released_verified_stop range=null bearing=null rss=15.466432
         1788691046.666  5140  5175 I AebsFrameSubscriber: onMessagesAvailable callback
         1788691046.667  5140  5175 I AebsFrameSubscriber: readNextMessages count=1
         1788691046.667  5140  5175 I MainActivity: onGatewayFrame: frame seq=2239 egoSpeed=6.787677 pts=0 intervention=false warning=false braking=true lifecycle=released_verified_stop range=null bearing=null rss=15.466432
         1788691046.766  5140  5175 I AebsFrameSubscriber: onMessagesAvailable callback
         1788691046.767  5140  5175 I AebsFrameSubscriber: readNextMessages count=1
         1788691046.767  5140  5175 I MainActivity: onGatewayFrame: frame seq=2240 egoSpeed=6.787677 pts=0 intervention=false warning=false braking=true lifecycle=released_verified_stop range=null bearing=null rss=15.466432
         1788691046.866  5140  5175 I AebsFrameSubscriber: onMessagesAvailable callback
         1788691046.867  5140  5175 I AebsFrameSubscriber: readNextMessages count=1
         1788691046.867  5140  5175 I MainActivity: onGatewayFrame: frame seq=2241 egoSpeed=6.787677 pts=0 intervention=false warning=false braking=true lifecycle=released_verified_stop range=null bearing=null rss=15.466432
         1788691046.966  5140  5175 I AebsFrameSubscriber: onMessagesAvailable callback
         1788691046.967  5140  5175 I AebsFrameSubscriber: readNextMessages count=1
         1788691046.967  5140  5175 I MainActivity: onGatewayFrame: frame seq=2242 egoSpeed=6.787677 pts=0 intervention=false warning=false braking=true lifecycle=released_verified_stop range=null bearing=null rss=15.466432
         1788691047.066  5140  5175 I AebsFrameSubscriber: onMessagesAvailable callback
         1788691047.067  5140  5175 I AebsFrameSubscriber: readNextMessages count=1
         1788691047.067  5140  5175 I MainActivity: onGatewayFrame: frame seq=2243 egoSpeed=6.787677 pts=0 intervention=false warning=false braking=true lifecycle=released_verified_stop range=null bearing=null rss=15.466432
         1788691047.167  5140  5175 I AebsFrameSubscriber: onMessagesAvailable callback
         1788691047.167  5140  5175 I AebsFrameSubscriber: readNextMessages count=1
         1788691047.167  5140  5175 I MainActivity: onGatewayFrame: frame seq=2244 egoSpeed=6.787677 pts=0 intervention=false warning=false braking=true lifecycle=released_verified_stop range=null bearing=null rss=15.466432
         1788691047.266  5140  5175 I AebsFrameSubscriber: onMessagesAvailable callback
         1788691047.267  5140  5175 I AebsFrameSubscriber: readNextMessages count=1
         1788691047.267  5140  5175 I MainActivity: onGatewayFrame: frame seq=2245 egoSpeed=6.787677 pts=0 intervention=false warning=false braking=true lifecycle=released_verified_stop range=null bearing=null rss=15.466432
         1788691047.366  5140  5175 I AebsFrameSubscriber: onMessagesAvailable callback
         1788691047.367  5140  5175 I AebsFrameSubscriber: readNextMessages count=1
         1788691047.367  5140  5175 I MainActivity: onGatewayFrame: frame seq=2246 egoSpeed=6.787677 pts=0 intervention=false warning=false braking=true lifecycle=released_verified_stop range=null bearing=null rss=15.466432
         1788691047.466  5140  5175 I AebsFrameSubscriber: onMessagesAvailable callback
         1788691047.467  5140  5175 I AebsFrameSubscriber: readNextMessages count=1
         1788691047.467  5140  5175 I MainActivity: onGatewayFrame: frame seq=2247 egoSpeed=6.787677 pts=0 intervention=false warning=false braking=true lifecycle=released_verified_stop range=null bearing=null rss=15.466432
         1788691047.566  5140  5175 I AebsFrameSubscriber: onMessagesAvailable callback
         1788691047.567  5140  5175 I AebsFrameSubscriber: readNextMessages count=1
         1788691047.567  5140  5175 I MainActivity: onGatewayFrame: frame seq=2248 egoSpeed=6.787677 pts=0 intervention=false warning=false braking=true lifecycle=released_verified_stop range=null bearing=null rss=15.466432
         1788691047.666  5140  5175 I AebsFrameSubscriber: onMessagesAvailable callback
         1788691047.667  5140  5175 I AebsFrameSubscriber: readNextMessages count=1
         1788691047.667  5140  5175 I MainActivity: onGatewayFrame: frame seq=2249 egoSpeed=6.787677 pts=0 intervention=false warning=false braking=true lifecycle=released_verified_stop range=null bearing=null rss=15.466432
         1788691047.766  5140  5175 I AebsFrameSubscriber: onMessagesAvailable callback
         1788691047.767  5140  5175 I AebsFrameSubscriber: readNextMessages count=1
         1788691047.767  5140  5175 I MainActivity: onGatewayFrame: frame seq=2250 egoSpeed=6.787677 pts=0 intervention=false warning=false braking=true lifecycle=released_verified_stop range=null bearing=null rss=15.466432
         1788691047.866  5140  5175 I AebsFrameSubscriber: onMessagesAvailable callback
         1788691047.867  5140  5175 I AebsFrameSubscriber: readNextMessages count=1
         1788691047.867  5140  5175 I MainActivity: onGatewayFrame: frame seq=2251 egoSpeed=6.787677 pts=0 intervention=false warning=false braking=true lifecycle=released_verified_stop range=null bearing=null rss=15.466432
         1788691047.966  5140  5175 I AebsFrameSubscriber: onMessagesAvailable callback
         1788691047.967  5140  5175 I AebsFrameSubscriber: readNextMessages count=1
         1788691047.967  5140  5175 I MainActivity: onGatewayFrame: frame seq=2252 egoSpeed=6.787677 pts=0 intervention=false warning=false braking=true lifecycle=released_verified_stop range=null bearing=null rss=15.466432
         1788691048.066  5140  5175 I AebsFrameSubscriber: onMessagesAvailable callback
         1788691048.067  5140  5175 I AebsFrameSubscriber: readNextMessages count=1
         1788691048.067  5140  5175 I MainActivity: onGatewayFrame: frame seq=2253 egoSpeed=6.787677 pts=0 intervention=false warning=false braking=true lifecycle=released_verified_stop range=null bearing=null rss=15.466432
         1788691048.166  5140  5175 I AebsFrameSubscriber: onMessagesAvailable callback
         1788691048.167  5140  5175 I AebsFrameSubscriber: readNextMessages count=1
         1788691048.167  5140  5175 I MainActivity: onGatewayFrame: frame seq=2254 egoSpeed=6.787677 pts=0 intervention=false warning=false braking=true lifecycle=released_verified_stop range=null bearing=null rss=15.466432
         1788691048.266  5140  5175 I AebsFrameSubscriber: onMessagesAvailable callback
         1788691048.267  5140  5175 I AebsFrameSubscriber: readNextMessages count=1
         1788691048.267  5140  5175 I MainActivity: onGatewayFrame: frame seq=2255 egoSpeed=6.787677 pts=0 intervention=false warning=false braking=true lifecycle=released_verified_stop range=null bearing=null rss=15.466432
         1788691048.366  5140  5175 I AebsFrameSubscriber: onMessagesAvailable callback
         1788691048.367  5140  5175 I AebsFrameSubscriber: readNextMessages count=1
         1788691048.367  5140  5175 I MainActivity: onGatewayFrame: frame seq=2256 egoSpeed=6.787677 pts=0 intervention=false warning=false braking=true lifecycle=released_verified_stop range=null bearing=null rss=15.466432
         1788691048.466  5140  5175 I AebsFrameSubscriber: onMessagesAvailable callback
         1788691048.467  5140  5175 I AebsFrameSubscriber: readNextMessages count=1
         1788691048.467  5140  5175 I MainActivity: onGatewayFrame: frame seq=2257 egoSpeed=6.787677 pts=0 intervention=false warning=false braking=true lifecycle=released_verified_stop range=null bearing=null rss=15.466432
         1788691048.566  5140  5175 I AebsFrameSubscriber: onMessagesAvailable callback
         1788691048.566  5140  5175 I AebsFrameSubscriber: readNextMessages count=1
         1788691048.567  5140  5175 I MainActivity: onGatewayFrame: frame seq=2258 egoSpeed=6.787677 pts=0 intervention=false warning=false braking=true lifecycle=released_verified_stop range=null bearing=null rss=15.466432
         1788691048.666  5140  5175 I AebsFrameSubscriber: onMessagesAvailable callback
         1788691048.667  5140  5175 I AebsFrameSubscriber: readNextMessages count=1
         1788691048.667  5140  5175 I MainActivity: onGatewayFrame: frame seq=2259 egoSpeed=6.787677 pts=0 intervention=false warning=false braking=true lifecycle=released_verified_stop range=null bearing=null rss=15.466432
         1788691048.766  5140  5175 I AebsFrameSubscriber: onMessagesAvailable callback
         1788691048.767  5140  5175 I AebsFrameSubscriber: readNextMessages count=1
         1788691048.767  5140  5175 I MainActivity: onGatewayFrame: frame seq=2260 egoSpeed=6.787677 pts=0 intervention=false warning=false braking=true lifecycle=released_verified_stop range=null bearing=null rss=15.466432
         1788691048.866  5140  5175 I AebsFrameSubscriber: onMessagesAvailable callback
         1788691048.867  5140  5175 I AebsFrameSubscriber: readNextMessages count=1
         1788691048.867  5140  5175 I MainActivity: onGatewayFrame: frame seq=2261 egoSpeed=6.787677 pts=0 intervention=false warning=false braking=true lifecycle=released_verified_stop range=null bearing=null rss=15.466432
         1788691048.966  5140  5175 I AebsFrameSubscriber: onMessagesAvailable callback
         1788691048.967  5140  5175 I AebsFrameSubscriber: readNextMessages count=1
         1788691048.967  5140  5175 I MainActivity: onGatewayFrame: frame seq=2262 egoSpeed=6.787677 pts=0 intervention=false warning=false braking=true lifecycle=released_verified_stop range=null bearing=null rss=15.466432
         1788691049.066  5140  5175 I AebsFrameSubscriber: onMessagesAvailable callback
         1788691049.067  5140  5175 I AebsFrameSubscriber: readNextMessages count=1
         1788691049.067  5140  5175 I MainActivity: onGatewayFrame: frame seq=2263 egoSpeed=6.787677 pts=0 intervention=false warning=false braking=true lifecycle=released_verified_stop range=null bearing=null rss=15.466432
         1788691049.166  5140  5175 I AebsFrameSubscriber: onMessagesAvailable callback
         1788691049.167  5140  5175 I AebsFrameSubscriber: readNextMessages count=1
         1788691049.167  5140  5175 I MainActivity: onGatewayFrame: frame seq=2264 egoSpeed=6.787677 pts=0 intervention=false warning=false braking=true lifecycle=released_verified_stop range=null bearing=null rss=15.466432
         1788691049.266  5140  5175 I AebsFrameSubscriber: onMessagesAvailable callback
         1788691049.267  5140  5175 I AebsFrameSubscriber: readNextMessages count=1
         1788691049.267  5140  5175 I MainActivity: onGatewayFrame: frame seq=2265 egoSpeed=6.787677 pts=0 intervention=false warning=false braking=true lifecycle=released_verified_stop range=null bearing=null rss=15.466432
         1788691049.366  5140  5175 I AebsFrameSubscriber: onMessagesAvailable callback
         1788691049.367  5140  5175 I AebsFrameSubscriber: readNextMessages count=1
         1788691049.367  5140  5175 I MainActivity: onGatewayFrame: frame seq=2266 egoSpeed=6.787677 pts=0 intervention=false warning=false braking=true lifecycle=released_verified_stop range=null bearing=null rss=15.466432
         1788691049.590  5140  5175 I AebsFrameSubscriber: readNextMessages count=2
         1788691049.590  5140  5175 I MainActivity: onGatewayFrame: frame seq=2267 egoSpeed=6.787677 pts=0 intervention=false warning=false braking=true lifecycle=released_verified_stop range=null bearing=null rss=15.466432
         1788691049.590  5140  5175 I MainActivity: onGatewayFrame: frame seq=2268 egoSpeed=6.787677 pts=0 intervention=false warning=false braking=true lifecycle=released_verified_stop range=null bearing=null rss=15.466432
         1788691049.590  5140  5175 I AebsFrameSubscriber: onMessagesAvailable callback
         1788691049.590  5140  5175 I AebsFrameSubscriber: onMessagesAvailable callback
         1788691049.666  5140  5175 I AebsFrameSubscriber: onMessagesAvailable callback
         1788691049.666  5140  5175 I AebsFrameSubscriber: readNextMessages count=1
         1788691049.667  5140  5175 I MainActivity: onGatewayFrame: frame seq=2269 egoSpeed=6.787677 pts=0 intervention=false warning=false braking=true lifecycle=released_verified_stop range=null bearing=null rss=15.466432
         1788691049.766  5140  5175 I AebsFrameSubscriber: onMessagesAvailable callback
         1788691049.766  5140  5175 I AebsFrameSubscriber: readNextMessages count=1
         1788691049.767  5140  5175 I MainActivity: onGatewayFrame: frame seq=2270 egoSpeed=6.787677 pts=0 intervention=false warning=false braking=true lifecycle=released_verified_stop range=null bearing=null rss=15.466432
         1788691049.866  5140  5175 I AebsFrameSubscriber: onMessagesAvailable callback
         1788691049.866  5140  5175 I AebsFrameSubscriber: readNextMessages count=1
         1788691049.867  5140  5175 I MainActivity: onGatewayFrame: frame seq=2271 egoSpeed=6.787677 pts=0 intervention=false warning=false braking=true lifecycle=released_verified_stop range=null bearing=null rss=15.466432
         1788691049.966  5140  5175 I AebsFrameSubscriber: onMessagesAvailable callback
         1788691049.967  5140  5175 I AebsFrameSubscriber: readNextMessages count=1
         1788691049.967  5140  5175 I MainActivity: onGatewayFrame: frame seq=2272 egoSpeed=6.787677 pts=0 intervention=false warning=false braking=true lifecycle=released_verified_stop range=null bearing=null rss=15.466432
         1788691050.066  5140  5175 I AebsFrameSubscriber: onMessagesAvailable callback
         1788691050.066  5140  5175 I AebsFrameSubscriber: readNextMessages count=1
         1788691050.067  5140  5175 I MainActivity: onGatewayFrame: frame seq=2273 egoSpeed=6.787677 pts=0 intervention=false warning=false braking=true lifecycle=released_verified_stop range=null bearing=null rss=15.466432
         1788691050.166  5140  5175 I AebsFrameSubscriber: onMessagesAvailable callback
         1788691050.167  5140  5175 I AebsFrameSubscriber: readNextMessages count=1
         1788691050.167  5140  5175 I MainActivity: onGatewayFrame: frame seq=2274 egoSpeed=6.787677 pts=0 intervention=false warning=false braking=true lifecycle=released_verified_stop range=null bearing=null rss=15.466432
         1788691050.266  5140  5175 I AebsFrameSubscriber: onMessagesAvailable callback
         1788691050.266  5140  5175 I AebsFrameSubscriber: readNextMessages count=1
         1788691050.267  5140  5175 I MainActivity: onGatewayFrame: frame seq=2275 egoSpeed=6.787677 pts=0 intervention=false warning=false braking=true lifecycle=released_verified_stop range=null bearing=null rss=15.466432
         1788691050.366  5140  5175 I AebsFrameSubscriber: onMessagesAvailable callback
         1788691050.366  5140  5175 I AebsFrameSubscriber: readNextMessages count=1
         1788691050.367  5140  5175 I MainActivity: onGatewayFrame: frame seq=2276 egoSpeed=6.787677 pts=0 intervention=false warning=false braking=true lifecycle=released_verified_stop range=null bearing=null rss=15.466432
         1788691050.466  5140  5175 I AebsFrameSubscriber: onMessagesAvailable callback
         1788691050.466  5140  5175 I AebsFrameSubscriber: readNextMessages count=1
         1788691050.467  5140  5175 I MainActivity: onGatewayFrame: frame seq=2277 egoSpeed=6.787677 pts=0 intervention=false warning=false braking=true lifecycle=released_verified_stop range=null bearing=null rss=15.466432
         1788691050.566  5140  5175 I AebsFrameSubscriber: onMessagesAvailable callback
         1788691050.566  5140  5175 I AebsFrameSubscriber: readNextMessages count=1
         1788691050.566  5140  5175 I MainActivity: onGatewayFrame: frame seq=2278 egoSpeed=6.787677 pts=0 intervention=false warning=false braking=true lifecycle=released_verified_stop range=null bearing=null rss=15.466432
         1788691050.666  5140  5175 I AebsFrameSubscriber: onMessagesAvailable callback
         1788691050.666  5140  5175 I AebsFrameSubscriber: readNextMessages count=1
         1788691050.667  5140  5175 I MainActivity: onGatewayFrame: frame seq=2279 egoSpeed=6.787677 pts=0 intervention=false warning=false braking=true lifecycle=released_verified_stop range=null bearing=null rss=15.466432
         1788691050.766  5140  5175 I AebsFrameSubscriber: onMessagesAvailable callback
         1788691050.767  5140  5175 I AebsFrameSubscriber: readNextMessages count=1
         1788691050.767  5140  5175 I MainActivity: onGatewayFrame: frame seq=2280 egoSpeed=6.787677 pts=0 intervention=false warning=false braking=true lifecycle=released_verified_stop range=null bearing=null rss=15.466432
         1788691050.866  5140  5175 I AebsFrameSubscriber: onMessagesAvailable callback
         1788691050.866  5140  5175 I AebsFrameSubscriber: readNextMessages count=1
         1788691050.867  5140  5175 I MainActivity: onGatewayFrame: frame seq=2281 egoSpeed=6.787677 pts=0 intervention=false warning=false braking=true lifecycle=released_verified_stop range=null bearing=null rss=15.466432
         1788691050.966  5140  5175 I AebsFrameSubscriber: onMessagesAvailable callback
         1788691050.966  5140  5175 I AebsFrameSubscriber: readNextMessages count=1
         1788691050.967  5140  5175 I MainActivity: onGatewayFrame: frame seq=2282 egoSpeed=6.787677 pts=0 intervention=false warning=false braking=true lifecycle=released_verified_stop range=null bearing=null rss=15.466432
         1788691051.066  5140  5175 I AebsFrameSubscriber: onMessagesAvailable callback
         1788691051.066  5140  5175 I AebsFrameSubscriber: readNextMessages count=1
         1788691051.067  5140  5175 I MainActivity: onGatewayFrame: frame seq=2283 egoSpeed=6.787677 pts=0 intervention=false warning=false braking=true lifecycle=released_verified_stop range=null bearing=null rss=15.466432
         1788691051.166  5140  5175 I AebsFrameSubscriber: onMessagesAvailable callback
         1788691051.166  5140  5175 I AebsFrameSubscriber: readNextMessages count=1
         1788691051.166  5140  5175 I MainActivity: onGatewayFrame: frame seq=2284 egoSpeed=6.787677 pts=0 intervention=false warning=false braking=true lifecycle=released_verified_stop range=null bearing=null rss=15.466432
         1788691051.266  5140  5175 I AebsFrameSubscriber: onMessagesAvailable callback
         1788691051.266  5140  5175 I AebsFrameSubscriber: readNextMessages count=1
         1788691051.266  5140  5175 I MainActivity: onGatewayFrame: frame seq=2285 egoSpeed=6.787677 pts=0 intervention=false warning=false braking=true lifecycle=released_verified_stop range=null bearing=null rss=15.466432
         1788691051.366  5140  5175 I AebsFrameSubscriber: onMessagesAvailable callback
         1788691051.366  5140  5175 I AebsFrameSubscriber: readNextMessages count=1
         1788691051.367  5140  5175 I MainActivity: onGatewayFrame: frame seq=2286 egoSpeed=6.787677 pts=0 intervention=false warning=false braking=true lifecycle=released_verified_stop range=null bearing=null rss=15.466432
         1788691051.466  5140  5175 I AebsFrameSubscriber: onMessagesAvailable callback
         1788691051.466  5140  5175 I AebsFrameSubscriber: readNextMessages count=1
         1788691051.466  5140  5175 I MainActivity: onGatewayFrame: frame seq=2287 egoSpeed=6.787677 pts=0 intervention=false warning=false braking=true lifecycle=released_verified_stop range=null bearing=null rss=15.466432
         1788691051.566  5140  5175 I AebsFrameSubscriber: onMessagesAvailable callback
         1788691051.566  5140  5175 I AebsFrameSubscriber: readNextMessages count=1
         1788691051.566  5140  5175 I MainActivity: onGatewayFrame: frame seq=2288 egoSpeed=6.787677 pts=0 intervention=false warning=false braking=true lifecycle=released_verified_stop range=null bearing=null rss=15.466432
         1788691051.666  5140  5175 I AebsFrameSubscriber: onMessagesAvailable callback
         1788691051.666  5140  5175 I AebsFrameSubscriber: readNextMessages count=1
         1788691051.667  5140  5175 I MainActivity: onGatewayFrame: frame seq=2289 egoSpeed=6.787677 pts=0 intervention=false warning=false braking=true lifecycle=released_verified_stop range=null bearing=null rss=15.466432
         1788691051.766  5140  5175 I AebsFrameSubscriber: onMessagesAvailable callback
         1788691051.766  5140  5175 I AebsFrameSubscriber: readNextMessages count=1
         1788691051.766  5140  5175 I MainActivity: onGatewayFrame: frame seq=2290 egoSpeed=6.787677 pts=0 intervention=false warning=false braking=true lifecycle=released_verified_stop range=null bearing=null rss=15.466432
         1788691051.866  5140  5175 I AebsFrameSubscriber: onMessagesAvailable callback
         1788691051.866  5140  5175 I AebsFrameSubscriber: readNextMessages count=1
         1788691051.867  5140  5175 I MainActivity: onGatewayFrame: frame seq=2291 egoSpeed=6.787677 pts=0 intervention=false warning=false braking=true lifecycle=released_verified_stop range=null bearing=null rss=15.466432
         1788691051.966  5140  5175 I AebsFrameSubscriber: onMessagesAvailable callback
         1788691051.966  5140  5175 I AebsFrameSubscriber: readNextMessages count=1
         1788691051.967  5140  5175 I MainActivity: onGatewayFrame: frame seq=2292 egoSpeed=6.787677 pts=0 intervention=false warning=false braking=true lifecycle=released_verified_stop range=null bearing=null rss=15.466432
         1788691052.066  5140  5175 I AebsFrameSubscriber: onMessagesAvailable callback
         1788691052.066  5140  5175 I AebsFrameSubscriber: readNextMessages count=1
         1788691052.066  5140  5175 I MainActivity: onGatewayFrame: frame seq=2293 egoSpeed=6.787677 pts=0 intervention=false warning=false braking=true lifecycle=released_verified_stop range=null bearing=null rss=15.466432
         1788691052.166  5140  5175 I AebsFrameSubscriber: onMessagesAvailable callback
         1788691052.166  5140  5175 I AebsFrameSubscriber: readNextMessages count=1
         1788691052.167  5140  5175 I MainActivity: onGatewayFrame: frame seq=2294 egoSpeed=6.787677 pts=0 intervention=false warning=false braking=true lifecycle=released_verified_stop range=null bearing=null rss=15.466432
         1788691052.266  5140  5175 I AebsFrameSubscriber: onMessagesAvailable callback
         1788691052.266  5140  5175 I AebsFrameSubscriber: readNextMessages count=1
         1788691052.267  5140  5175 I MainActivity: onGatewayFrame: frame seq=2295 egoSpeed=6.787677 pts=0 intervention=false warning=false braking=true lifecycle=released_verified_stop range=null bearing=null rss=15.466432
         1788691052.366  5140  5175 I AebsFrameSubscriber: onMessagesAvailable callback
         1788691052.366  5140  5175 I AebsFrameSubscriber: readNextMessages count=1
         1788691052.366  5140  5175 I MainActivity: onGatewayFrame: frame seq=2296 egoSpeed=6.787677 pts=0 intervention=false warning=false braking=true lifecycle=released_verified_stop range=null bearing=null rss=15.466432
         1788691052.466  5140  5175 I AebsFrameSubscriber: onMessagesAvailable callback
         1788691052.466  5140  5175 I AebsFrameSubscriber: readNextMessages count=1
         1788691052.467  5140  5175 I MainActivity: onGatewayFrame: frame seq=2297 egoSpeed=6.787677 pts=0 intervention=false warning=false braking=true lifecycle=released_verified_stop range=null bearing=null rss=15.466432
         1788691052.566  5140  5175 I AebsFrameSubscriber: onMessagesAvailable callback
         1788691052.566  5140  5175 I AebsFrameSubscriber: readNextMessages count=1
         1788691052.566  5140  5175 I MainActivity: onGatewayFrame: frame seq=2298 egoSpeed=6.787677 pts=0 intervention=false warning=false braking=true lifecycle=released_verified_stop range=null bearing=null rss=15.466432
         1788691052.666  5140  5175 I AebsFrameSubscriber: onMessagesAvailable callback
         1788691052.666  5140  5175 I AebsFrameSubscriber: readNextMessages count=1
         1788691052.666  5140  5175 I MainActivity: onGatewayFrame: frame seq=2299 egoSpeed=6.787677 pts=0 intervention=false warning=false braking=true lifecycle=released_verified_stop range=null bearing=null rss=15.466432
         1788691052.766  5140  5175 I AebsFrameSubscriber: onMessagesAvailable callback
         1788691052.766  5140  5175 I AebsFrameSubscriber: readNextMessages count=1
         1788691052.766  5140  5175 I MainActivity: onGatewayFrame: frame seq=2300 egoSpeed=6.787677 pts=0 intervention=false warning=false braking=true lifecycle=released_verified_stop range=null bearing=null rss=15.466432
         1788691052.866  5140  5175 I AebsFrameSubscriber: onMessagesAvailable callback
         1788691052.866  5140  5175 I AebsFrameSubscriber: readNextMessages count=1
         1788691052.866  5140  5175 I MainActivity: onGatewayFrame: frame seq=2301 egoSpeed=6.787677 pts=0 intervention=false warning=false braking=true lifecycle=released_verified_stop range=null bearing=null rss=15.466432
         1788691052.966  5140  5175 I AebsFrameSubscriber: onMessagesAvailable callback
         1788691052.966  5140  5175 I AebsFrameSubscriber: readNextMessages count=1
         1788691052.966  5140  5175 I MainActivity: onGatewayFrame: frame seq=2302 egoSpeed=6.787677 pts=0 intervention=false warning=false braking=true lifecycle=released_verified_stop range=null bearing=null rss=15.466432
         1788691053.066  5140  5175 I AebsFrameSubscriber: onMessagesAvailable callback
         1788691053.066  5140  5175 I AebsFrameSubscriber: readNextMessages count=1
         1788691053.066  5140  5175 I MainActivity: onGatewayFrame: frame seq=2303 egoSpeed=6.787677 pts=0 intervention=false warning=false braking=true lifecycle=released_verified_stop range=null bearing=null rss=15.466432
         1788691053.166  5140  5175 I AebsFrameSubscriber: onMessagesAvailable callback
         1788691053.167  5140  5175 I AebsFrameSubscriber: readNextMessages count=1
         1788691053.167  5140  5175 I MainActivity: onGatewayFrame: frame seq=2304 egoSpeed=6.787677 pts=0 intervention=false warning=false braking=true lifecycle=released_verified_stop range=null bearing=null rss=15.466432
         1788691053.377  5140  5175 I AebsFrameSubscriber: readNextMessages count=2
         1788691053.377  5140  5175 I MainActivity: onGatewayFrame: frame seq=2305 egoSpeed=6.787677 pts=0 intervention=false warning=false braking=true lifecycle=released_verified_stop range=null bearing=null rss=15.466432
         1788691053.377  5140  5175 I MainActivity: onGatewayFrame: frame seq=2306 egoSpeed=6.787677 pts=0 intervention=false warning=false braking=true lifecycle=released_verified_stop range=null bearing=null rss=15.466432
         1788691053.377  5140  5175 I AebsFrameSubscriber: onMessagesAvailable callback
         1788691053.377  5140  5175 I AebsFrameSubscriber: onMessagesAvailable callback
         1788691053.466  5140  5175 I AebsFrameSubscriber: onMessagesAvailable callback
         1788691053.466  5140  5175 I AebsFrameSubscriber: readNextMessages count=1
         1788691053.466  5140  5175 I MainActivity: onGatewayFrame: frame seq=2307 egoSpeed=6.787677 pts=0 intervention=false warning=false braking=true lifecycle=released_verified_stop range=null bearing=null rss=15.466432
         1788691053.566  5140  5175 I AebsFrameSubscriber: onMessagesAvailable callback
         1788691053.566  5140  5175 I AebsFrameSubscriber: readNextMessages count=1
         1788691053.566  5140  5175 I MainActivity: onGatewayFrame: frame seq=2308 egoSpeed=6.787677 pts=0 intervention=false warning=false braking=true lifecycle=released_verified_stop range=null bearing=null rss=15.466432
         1788691053.666  5140  5175 I AebsFrameSubscriber: onMessagesAvailable callback
         1788691053.666  5140  5175 I AebsFrameSubscriber: readNextMessages count=1
         1788691053.667  5140  5175 I MainActivity: onGatewayFrame: frame seq=2309 egoSpeed=6.787677 pts=0 intervention=false warning=false braking=true lifecycle=released_verified_stop range=null bearing=null rss=15.466432
         1788691053.766  5140  5175 I AebsFrameSubscriber: onMessagesAvailable callback
         1788691053.766  5140  5175 I AebsFrameSubscriber: readNextMessages count=1
         1788691053.766  5140  5175 I MainActivity: onGatewayFrame: frame seq=2310 egoSpeed=6.787677 pts=0 intervention=false warning=false braking=true lifecycle=released_verified_stop range=null bearing=null rss=15.466432
         1788691053.866  5140  5175 I AebsFrameSubscriber: onMessagesAvailable callback
         1788691053.866  5140  5175 I AebsFrameSubscriber: readNextMessages count=1
         1788691053.866  5140  5175 I MainActivity: onGatewayFrame: frame seq=2311 egoSpeed=6.787677 pts=0 intervention=false warning=false braking=true lifecycle=released_verified_stop range=null bearing=null rss=15.466432
         1788691053.966  5140  5175 I AebsFrameSubscriber: onMessagesAvailable callback
         1788691053.966  5140  5175 I AebsFrameSubscriber: readNextMessages count=1
         1788691053.966  5140  5175 I MainActivity: onGatewayFrame: frame seq=2312 egoSpeed=6.787677 pts=0 intervention=false warning=false braking=true lifecycle=released_verified_stop range=null bearing=null rss=15.466432
         1788691054.066  5140  5175 I AebsFrameSubscriber: onMessagesAvailable callback
         1788691054.066  5140  5175 I AebsFrameSubscriber: readNextMessages count=1
         1788691054.066  5140  5175 I MainActivity: onGatewayFrame: frame seq=2313 egoSpeed=6.787677 pts=0 intervention=false warning=false braking=true lifecycle=released_verified_stop range=null bearing=null rss=15.466432
         1788691054.166  5140  5175 I AebsFrameSubscriber: onMessagesAvailable callback
         1788691054.166  5140  5175 I AebsFrameSubscriber: readNextMessages count=1
         1788691054.166  5140  5175 I MainActivity: onGatewayFrame: frame seq=2314 egoSpeed=6.787677 pts=0 intervention=false warning=false braking=true lifecycle=released_verified_stop range=null bearing=null rss=15.466432
         1788691054.266  5140  5175 I AebsFrameSubscriber: onMessagesAvailable callback
         1788691054.266  5140  5175 I AebsFrameSubscriber: readNextMessages count=1
         1788691054.266  5140  5175 I MainActivity: onGatewayFrame: frame seq=2315 egoSpeed=6.787677 pts=0 intervention=false warning=false braking=true lifecycle=released_verified_stop range=null bearing=null rss=15.466432
         1788691054.366  5140  5175 I AebsFrameSubscriber: onMessagesAvailable callback
         1788691054.366  5140  5175 I AebsFrameSubscriber: readNextMessages count=1
         1788691054.366  5140  5175 I MainActivity: onGatewayFrame: frame seq=2316 egoSpeed=6.787677 pts=0 intervention=false warning=false braking=true lifecycle=released_verified_stop range=null bearing=null rss=15.466432
         1788691054.466  5140  5175 I AebsFrameSubscriber: onMessagesAvailable callback
         1788691054.466  5140  5175 I AebsFrameSubscriber: readNextMessages count=1
         1788691054.466  5140  5175 I MainActivity: onGatewayFrame: frame seq=2317 egoSpeed=6.787677 pts=0 intervention=false warning=false braking=true lifecycle=released_verified_stop range=null bearing=null rss=15.466432
         1788691054.566  5140  5175 I AebsFrameSubscriber: onMessagesAvailable callback
         1788691054.566  5140  5175 I AebsFrameSubscriber: readNextMessages count=1
         1788691054.566  5140  5175 I MainActivity: onGatewayFrame: frame seq=2318 egoSpeed=6.787677 pts=0 intervention=false warning=false braking=true lifecycle=released_verified_stop range=null bearing=null rss=15.466432
         1788691054.666  5140  5175 I AebsFrameSubscriber: onMessagesAvailable callback
         1788691054.666  5140  5175 I AebsFrameSubscriber: readNextMessages count=1
         1788691054.666  5140  5175 I MainActivity: onGatewayFrame: frame seq=2319 egoSpeed=6.787677 pts=0 intervention=false warning=false braking=true lifecycle=released_verified_stop range=null bearing=null rss=15.466432
         1788691054.766  5140  5175 I AebsFrameSubscriber: onMessagesAvailable callback
         1788691054.766  5140  5175 I AebsFrameSubscriber: readNextMessages count=1
         1788691054.766  5140  5175 I MainActivity: onGatewayFrame: frame seq=2320 egoSpeed=6.787677 pts=0 intervention=false warning=false braking=true lifecycle=released_verified_stop range=null bearing=null rss=15.466432
         1788691054.866  5140  5175 I AebsFrameSubscriber: onMessagesAvailable callback
         1788691054.866  5140  5175 I AebsFrameSubscriber: readNextMessages count=1
         1788691054.866  5140  5175 I MainActivity: onGatewayFrame: frame seq=2321 egoSpeed=6.787677 pts=0 intervention=false warning=false braking=true lifecycle=released_verified_stop range=null bearing=null rss=15.466432
         1788691054.966  5140  5175 I AebsFrameSubscriber: onMessagesAvailable callback
         1788691054.966  5140  5175 I AebsFrameSubscriber: readNextMessages count=1
         1788691054.966  5140  5175 I MainActivity: onGatewayFrame: frame seq=2322 egoSpeed=6.787677 pts=0 intervention=false warning=false braking=true lifecycle=released_verified_stop range=null bearing=null rss=15.466432
         1788691055.065  5140  5175 I AebsFrameSubscriber: onMessagesAvailable callback
         1788691055.066  5140  5175 I AebsFrameSubscriber: readNextMessages count=1
         1788691055.066  5140  5175 I MainActivity: onGatewayFrame: frame seq=2323 egoSpeed=6.787677 pts=0 intervention=false warning=false braking=true lifecycle=released_verified_stop range=null bearing=null rss=15.466432
         1788691055.166  5140  5175 I AebsFrameSubscriber: onMessagesAvailable callback
         1788691055.166  5140  5175 I AebsFrameSubscriber: readNextMessages count=1
         1788691055.166  5140  5175 I MainActivity: onGatewayFrame: frame seq=2324 egoSpeed=6.787677 pts=0 intervention=false warning=false braking=true lifecycle=released_verified_stop range=null bearing=null rss=15.466432
         1788691055.265  5140  5175 I AebsFrameSubscriber: onMessagesAvailable callback
         1788691055.266  5140  5175 I AebsFrameSubscriber: readNextMessages count=1
         1788691055.266  5140  5175 I MainActivity: onGatewayFrame: frame seq=2325 egoSpeed=6.787677 pts=0 intervention=false warning=false braking=true lifecycle=released_verified_stop range=null bearing=null rss=15.466432
         1788691055.365  5140  5175 I AebsFrameSubscriber: onMessagesAvailable callback
         1788691055.366  5140  5175 I AebsFrameSubscriber: readNextMessages count=1
         1788691055.366  5140  5175 I MainActivity: onGatewayFrame: frame seq=2326 egoSpeed=6.787677 pts=0 intervention=false warning=false braking=true lifecycle=released_verified_stop range=null bearing=null rss=15.466432
         1788691055.466  5140  5175 I AebsFrameSubscriber: onMessagesAvailable callback
         1788691055.466  5140  5175 I AebsFrameSubscriber: readNextMessages count=1
         1788691055.466  5140  5175 I MainActivity: onGatewayFrame: frame seq=2327 egoSpeed=6.787677 pts=0 intervention=false warning=false braking=true lifecycle=released_verified_stop range=null bearing=null rss=15.466432
         1788691055.565  5140  5175 I AebsFrameSubscriber: onMessagesAvailable callback
         1788691055.566  5140  5175 I AebsFrameSubscriber: readNextMessages count=1
         1788691055.566  5140  5175 I MainActivity: onGatewayFrame: frame seq=2328 egoSpeed=6.787677 pts=0 intervention=false warning=false braking=true lifecycle=released_verified_stop range=null bearing=null rss=15.466432
         1788691055.665  5140  5175 I AebsFrameSubscriber: onMessagesAvailable callback
         1788691055.666  5140  5175 I AebsFrameSubscriber: readNextMessages count=1
         1788691055.666  5140  5175 I MainActivity: onGatewayFrame: frame seq=2329 egoSpeed=6.787677 pts=0 intervention=false warning=false braking=true lifecycle=released_verified_stop range=null bearing=null rss=15.466432
         1788691055.765  5140  5175 I AebsFrameSubscriber: onMessagesAvailable callback
         1788691055.766  5140  5175 I AebsFrameSubscriber: readNextMessages count=1
         1788691055.766  5140  5175 I MainActivity: onGatewayFrame: frame seq=2330 egoSpeed=6.787677 pts=0 intervention=false warning=false braking=true lifecycle=released_verified_stop range=null bearing=null rss=15.466432
         1788691055.865  5140  5175 I AebsFrameSubscriber: onMessagesAvailable callback
         1788691055.866  5140  5175 I AebsFrameSubscriber: readNextMessages count=1
         1788691055.866  5140  5175 I MainActivity: onGatewayFrame: frame seq=2331 egoSpeed=6.787677 pts=0 intervention=false warning=false braking=true lifecycle=released_verified_stop range=null bearing=null rss=15.466432
         1788691055.965  5140  5175 I AebsFrameSubscriber: onMessagesAvailable callback
         1788691055.966  5140  5175 I AebsFrameSubscriber: readNextMessages count=1
         1788691055.966  5140  5175 I MainActivity: onGatewayFrame: frame seq=2332 egoSpeed=6.787677 pts=0 intervention=false warning=false braking=true lifecycle=released_verified_stop range=null bearing=null rss=15.466432
         1788691056.065  5140  5175 I AebsFrameSubscriber: onMessagesAvailable callback
         1788691056.066  5140  5175 I AebsFrameSubscriber: readNextMessages count=1
         1788691056.066  5140  5175 I MainActivity: onGatewayFrame: frame seq=2333 egoSpeed=6.787677 pts=0 intervention=false warning=false braking=true lifecycle=released_verified_stop range=null bearing=null rss=15.466432
         1788691056.166  5140  5175 I AebsFrameSubscriber: onMessagesAvailable callback
         1788691056.166  5140  5175 I AebsFrameSubscriber: readNextMessages count=1
         1788691056.166  5140  5175 I MainActivity: onGatewayFrame: frame seq=2334 egoSpeed=6.787677 pts=0 intervention=false warning=false braking=true lifecycle=released_verified_stop range=null bearing=null rss=15.466432
         1788691056.265  5140  5175 I AebsFrameSubscriber: onMessagesAvailable callback
         1788691056.266  5140  5175 I AebsFrameSubscriber: readNextMessages count=1
         1788691056.266  5140  5175 I MainActivity: onGatewayFrame: frame seq=2335 egoSpeed=6.787677 pts=0 intervention=false warning=false braking=true lifecycle=released_verified_stop range=null bearing=null rss=15.466432
         1788691056.365  5140  5175 I AebsFrameSubscriber: onMessagesAvailable callback
         1788691056.366  5140  5175 I AebsFrameSubscriber: readNextMessages count=1
         1788691056.366  5140  5175 I MainActivity: onGatewayFrame: frame seq=2336 egoSpeed=6.787677 pts=0 intervention=false warning=false braking=true lifecycle=released_verified_stop range=null bearing=null rss=15.466432
         1788691056.465  5140  5175 I AebsFrameSubscriber: onMessagesAvailable callback
         1788691056.466  5140  5175 I AebsFrameSubscriber: readNextMessages count=1
         1788691056.466  5140  5175 I MainActivity: onGatewayFrame: frame seq=2337 egoSpeed=6.787677 pts=0 intervention=false warning=false braking=true lifecycle=released_verified_stop range=null bearing=null rss=15.466432
         1788691056.566  5140  5175 I AebsFrameSubscriber: onMessagesAvailable callback
         1788691056.566  5140  5175 I AebsFrameSubscriber: readNextMessages count=1
         1788691056.566  5140  5175 I MainActivity: onGatewayFrame: frame seq=2338 egoSpeed=6.787677 pts=0 intervention=false warning=false braking=true lifecycle=released_verified_stop range=null bearing=null rss=15.466432
         1788691056.665  5140  5175 I AebsFrameSubscriber: onMessagesAvailable callback
         1788691056.666  5140  5175 I AebsFrameSubscriber: readNextMessages count=1
         1788691056.666  5140  5175 I MainActivity: onGatewayFrame: frame seq=2339 egoSpeed=6.787677 pts=0 intervention=false warning=false braking=true lifecycle=released_verified_stop range=null bearing=null rss=15.466432
         1788691056.765  5140  5175 I AebsFrameSubscriber: onMessagesAvailable callback
         1788691056.766  5140  5175 I AebsFrameSubscriber: readNextMessages count=1
         1788691056.766  5140  5175 I MainActivity: onGatewayFrame: frame seq=2340 egoSpeed=6.787677 pts=0 intervention=false warning=false braking=true lifecycle=released_verified_stop range=null bearing=null rss=15.466432
         1788691056.865  5140  5175 I AebsFrameSubscriber: onMessagesAvailable callback
         1788691056.866  5140  5175 I AebsFrameSubscriber: readNextMessages count=1
         1788691056.866  5140  5175 I MainActivity: onGatewayFrame: frame seq=2341 egoSpeed=6.787677 pts=0 intervention=false warning=false braking=true lifecycle=released_verified_stop range=null bearing=null rss=15.466432
         1788691056.965  5140  5175 I AebsFrameSubscriber: onMessagesAvailable callback
         1788691056.966  5140  5175 I AebsFrameSubscriber: readNextMessages count=1
         1788691056.966  5140  5175 I MainActivity: onGatewayFrame: frame seq=2342 egoSpeed=6.787677 pts=0 intervention=false warning=false braking=true lifecycle=released_verified_stop range=null bearing=null rss=15.466432
         1788691057.065  5140  5175 I AebsFrameSubscriber: onMessagesAvailable callback
         1788691057.066  5140  5175 I AebsFrameSubscriber: readNextMessages count=1
         1788691057.066  5140  5175 I MainActivity: onGatewayFrame: frame seq=2343 egoSpeed=6.787677 pts=0 intervention=false warning=false braking=true lifecycle=released_verified_stop range=null bearing=null rss=15.466432
         1788691057.169  5140  5175 I AebsFrameSubscriber: onMessagesAvailable callback
         1788691057.169  5140  5175 I AebsFrameSubscriber: readNextMessages count=1
         1788691057.170  5140  5175 I MainActivity: onGatewayFrame: frame seq=2344 egoSpeed=6.787677 pts=0 intervention=false warning=false braking=true lifecycle=released_verified_stop range=null bearing=null rss=15.466432
         1788691057.296  5140  5175 I AebsFrameSubscriber: readNextMessages count=1
         1788691057.296  5140  5175 I MainActivity: onGatewayFrame: frame seq=2345 egoSpeed=6.787677 pts=0 intervention=false warning=false braking=true lifecycle=released_verified_stop range=null bearing=null rss=15.466432
         1788691057.296  5140  5175 I AebsFrameSubscriber: onMessagesAvailable callback
         1788691057.365  5140  5175 I AebsFrameSubscriber: onMessagesAvailable callback
         1788691057.366  5140  5175 I AebsFrameSubscriber: readNextMessages count=1
         1788691057.366  5140  5175 I MainActivity: onGatewayFrame: frame seq=2346 egoSpeed=6.787677 pts=0 intervention=false warning=false braking=true lifecycle=released_verified_stop range=null bearing=null rss=15.466432
         1788691057.465  5140  5175 I AebsFrameSubscriber: onMessagesAvailable callback
         1788691057.466  5140  5175 I AebsFrameSubscriber: readNextMessages count=1
         1788691057.466  5140  5175 I MainActivity: onGatewayFrame: frame seq=2347 egoSpeed=6.787677 pts=0 intervention=false warning=false braking=true lifecycle=released_verified_stop range=null bearing=null rss=15.466432
         1788691057.565  5140  5175 I AebsFrameSubscriber: onMessagesAvailable callback
         1788691057.566  5140  5175 I AebsFrameSubscriber: readNextMessages count=1
         1788691057.566  5140  5175 I MainActivity: onGatewayFrame: frame seq=2348 egoSpeed=6.787677 pts=0 intervention=false warning=false braking=true lifecycle=released_verified_stop range=null bearing=null rss=15.466432
         1788691057.665  5140  5175 I AebsFrameSubscriber: onMessagesAvailable callback
         1788691057.666  5140  5175 I AebsFrameSubscriber: readNextMessages count=1
         1788691057.666  5140  5175 I MainActivity: onGatewayFrame: frame seq=2349 egoSpeed=6.787677 pts=0 intervention=false warning=false braking=true lifecycle=released_verified_stop range=null bearing=null rss=15.466432
         1788691057.765  5140  5175 I AebsFrameSubscriber: onMessagesAvailable callback
         1788691057.766  5140  5175 I AebsFrameSubscriber: readNextMessages count=1
         1788691057.766  5140  5175 I MainActivity: onGatewayFrame: frame seq=2350 egoSpeed=6.787677 pts=0 intervention=false warning=false braking=true lifecycle=released_verified_stop range=null bearing=null rss=15.466432
         1788691057.865  5140  5175 I AebsFrameSubscriber: onMessagesAvailable callback
         1788691057.865  5140  5175 I AebsFrameSubscriber: readNextMessages count=1
         1788691057.866  5140  5175 I MainActivity: onGatewayFrame: frame seq=2351 egoSpeed=6.787677 pts=0 intervention=false warning=false braking=true lifecycle=released_verified_stop range=null bearing=null rss=15.466432
         1788691057.965  5140  5175 I AebsFrameSubscriber: onMessagesAvailable callback
         1788691057.966  5140  5175 I AebsFrameSubscriber: readNextMessages count=1
         1788691057.966  5140  5175 I MainActivity: onGatewayFrame: frame seq=2352 egoSpeed=6.787677 pts=0 intervention=false warning=false braking=true lifecycle=released_verified_stop range=null bearing=null rss=15.466432
         1788691058.065  5140  5175 I AebsFrameSubscriber: onMessagesAvailable callback
         1788691058.065  5140  5175 I AebsFrameSubscriber: readNextMessages count=1
         1788691058.066  5140  5175 I MainActivity: onGatewayFrame: frame seq=2353 egoSpeed=6.787677 pts=0 intervention=false warning=false braking=true lifecycle=released_verified_stop range=null bearing=null rss=15.466432
         1788691058.165  5140  5175 I AebsFrameSubscriber: onMessagesAvailable callback
         1788691058.166  5140  5175 I AebsFrameSubscriber: readNextMessages count=1
         1788691058.166  5140  5175 I MainActivity: onGatewayFrame: frame seq=2354 egoSpeed=6.787677 pts=0 intervention=false warning=false braking=true lifecycle=released_verified_stop range=null bearing=null rss=15.466432
         1788691058.265  5140  5175 I AebsFrameSubscriber: onMessagesAvailable callback
         1788691058.266  5140  5175 I AebsFrameSubscriber: readNextMessages count=1
         1788691058.266  5140  5175 I MainActivity: onGatewayFrame: frame seq=2355 egoSpeed=6.787677 pts=0 intervention=false warning=false braking=true lifecycle=released_verified_stop range=null bearing=null rss=15.466432
         1788691058.365  5140  5175 I AebsFrameSubscriber: onMessagesAvailable callback
         1788691058.366  5140  5175 I AebsFrameSubscriber: readNextMessages count=1
         1788691058.366  5140  5175 I MainActivity: onGatewayFrame: frame seq=2356 egoSpeed=6.787677 pts=0 intervention=false warning=false braking=true lifecycle=released_verified_stop range=null bearing=null rss=15.466432
         1788691058.465  5140  5175 I AebsFrameSubscriber: onMessagesAvailable callback
         1788691058.466  5140  5175 I AebsFrameSubscriber: readNextMessages count=1
         1788691058.466  5140  5175 I MainActivity: onGatewayFrame: frame seq=2357 egoSpeed=6.787677 pts=0 intervention=false warning=false braking=true lifecycle=released_verified_stop range=null bearing=null rss=15.466432
         1788691058.565  5140  5175 I AebsFrameSubscriber: onMessagesAvailable callback
         1788691058.565  5140  5175 I AebsFrameSubscriber: readNextMessages count=1
         1788691058.566  5140  5175 I MainActivity: onGatewayFrame: frame seq=2358 egoSpeed=6.787677 pts=0 intervention=false warning=false braking=true lifecycle=released_verified_stop range=null bearing=null rss=15.466432
         1788691058.665  5140  5175 I AebsFrameSubscriber: onMessagesAvailable callback
         1788691058.666  5140  5175 I AebsFrameSubscriber: readNextMessages count=1
         1788691058.666  5140  5175 I MainActivity: onGatewayFrame: frame seq=2359 egoSpeed=6.787677 pts=0 intervention=false warning=false braking=true lifecycle=released_verified_stop range=null bearing=null rss=15.466432
         1788691058.765  5140  5175 I AebsFrameSubscriber: onMessagesAvailable callback
         1788691058.765  5140  5175 I AebsFrameSubscriber: readNextMessages count=1
         1788691058.766  5140  5175 I MainActivity: onGatewayFrame: frame seq=2360 egoSpeed=6.787677 pts=0 intervention=false warning=false braking=true lifecycle=released_verified_stop range=null bearing=null rss=15.466432
         1788691058.865  5140  5175 I AebsFrameSubscriber: onMessagesAvailable callback
         1788691058.866  5140  5175 I AebsFrameSubscriber: readNextMessages count=1
         1788691058.866  5140  5175 I MainActivity: onGatewayFrame: frame seq=2361 egoSpeed=6.787677 pts=0 intervention=false warning=false braking=true lifecycle=released_verified_stop range=null bearing=null rss=15.466432
         1788691058.965  5140  5175 I AebsFrameSubscriber: onMessagesAvailable callback
         1788691058.965  5140  5175 I AebsFrameSubscriber: readNextMessages count=1
         1788691058.965  5140  5175 I MainActivity: onGatewayFrame: frame seq=2362 egoSpeed=6.787677 pts=0 intervention=false warning=false braking=true lifecycle=released_verified_stop range=null bearing=null rss=15.466432
         1788691059.065  5140  5175 I AebsFrameSubscriber: onMessagesAvailable callback
         1788691059.065  5140  5175 I AebsFrameSubscriber: readNextMessages count=1
         1788691059.066  5140  5175 I MainActivity: onGatewayFrame: frame seq=2363 egoSpeed=6.787677 pts=0 intervention=false warning=false braking=true lifecycle=released_verified_stop range=null bearing=null rss=15.466432
         1788691059.165  5140  5175 I AebsFrameSubscriber: onMessagesAvailable callback
         1788691059.166  5140  5175 I AebsFrameSubscriber: readNextMessages count=1
         1788691059.166  5140  5175 I MainActivity: onGatewayFrame: frame seq=2364 egoSpeed=6.787677 pts=0 intervention=false warning=false braking=true lifecycle=released_verified_stop range=null bearing=null rss=15.466432
         1788691059.265  5140  5175 I AebsFrameSubscriber: onMessagesAvailable callback
         1788691059.266  5140  5175 I AebsFrameSubscriber: readNextMessages count=1
         1788691059.266  5140  5175 I MainActivity: onGatewayFrame: frame seq=2365 egoSpeed=6.787677 pts=0 intervention=false warning=false braking=true lifecycle=released_verified_stop range=null bearing=null rss=15.466432
         1788691059.365  5140  5175 I AebsFrameSubscriber: onMessagesAvailable callback
         1788691059.366  5140  5175 I AebsFrameSubscriber: readNextMessages count=1
         1788691059.366  5140  5175 I MainActivity: onGatewayFrame: frame seq=2366 egoSpeed=6.787677 pts=0 intervention=false warning=false braking=true lifecycle=released_verified_stop range=null bearing=null rss=15.466432
         1788691059.465  5140  5175 I AebsFrameSubscriber: onMessagesAvailable callback
         1788691059.466  5140  5175 I AebsFrameSubscriber: readNextMessages count=1
         1788691059.466  5140  5175 I MainActivity: onGatewayFrame: frame seq=2367 egoSpeed=6.787677 pts=0 intervention=false warning=false braking=true lifecycle=released_verified_stop range=null bearing=null rss=15.466432
         1788691059.565  5140  5175 I AebsFrameSubscriber: onMessagesAvailable callback
         1788691059.566  5140  5175 I AebsFrameSubscriber: readNextMessages count=1
         1788691059.566  5140  5175 I MainActivity: onGatewayFrame: frame seq=2368 egoSpeed=6.787677 pts=0 intervention=false warning=false braking=true lifecycle=released_verified_stop range=null bearing=null rss=15.466432
         1788691059.665  5140  5175 I AebsFrameSubscriber: onMessagesAvailable callback
         1788691059.666  5140  5175 I AebsFrameSubscriber: readNextMessages count=1
         1788691059.666  5140  5175 I MainActivity: onGatewayFrame: frame seq=2369 egoSpeed=6.787677 pts=0 intervention=false warning=false braking=true lifecycle=released_verified_stop range=null bearing=null rss=15.466432
         1788691059.765  5140  5175 I AebsFrameSubscriber: onMessagesAvailable callback
         1788691059.765  5140  5175 I AebsFrameSubscriber: readNextMessages count=1
         1788691059.765  5140  5175 I MainActivity: onGatewayFrame: frame seq=2370 egoSpeed=6.787677 pts=0 intervention=false warning=false braking=true lifecycle=released_verified_stop range=null bearing=null rss=15.466432
         1788691059.865  5140  5175 I AebsFrameSubscriber: onMessagesAvailable callback
         1788691059.866  5140  5175 I AebsFrameSubscriber: readNextMessages count=1
         1788691059.866  5140  5175 I MainActivity: onGatewayFrame: frame seq=2371 egoSpeed=6.787677 pts=0 intervention=false warning=false braking=true lifecycle=released_verified_stop range=null bearing=null rss=15.466432
         1788691059.965  5140  5175 I AebsFrameSubscriber: onMessagesAvailable callback
         1788691059.965  5140  5175 I AebsFrameSubscriber: readNextMessages count=1
         1788691059.966  5140  5175 I MainActivity: onGatewayFrame: frame seq=2372 egoSpeed=6.787677 pts=0 intervention=false warning=false braking=true lifecycle=released_verified_stop range=null bearing=null rss=15.466432
         1788691060.065  5140  5175 I AebsFrameSubscriber: onMessagesAvailable callback
         1788691060.065  5140  5175 I AebsFrameSubscriber: readNextMessages count=1
         1788691060.066  5140  5175 I MainActivity: onGatewayFrame: frame seq=2373 egoSpeed=6.787677 pts=0 intervention=false warning=false braking=true lifecycle=released_verified_stop range=null bearing=null rss=15.466432
         1788691060.165  5140  5175 I AebsFrameSubscriber: onMessagesAvailable callback
         1788691060.166  5140  5175 I AebsFrameSubscriber: readNextMessages count=1
         1788691060.166  5140  5175 I MainActivity: onGatewayFrame: frame seq=2374 egoSpeed=6.787677 pts=0 intervention=false warning=false braking=true lifecycle=released_verified_stop range=null bearing=null rss=15.466432
         1788691060.265  5140  5175 I AebsFrameSubscriber: onMessagesAvailable callback
         1788691060.266  5140  5175 I AebsFrameSubscriber: readNextMessages count=1
         1788691060.266  5140  5175 I MainActivity: onGatewayFrame: frame seq=2375 egoSpeed=6.787677 pts=0 intervention=false warning=false braking=true lifecycle=released_verified_stop range=null bearing=null rss=15.466432
         1788691060.365  5140  5175 I AebsFrameSubscriber: onMessagesAvailable callback
         1788691060.366  5140  5175 I AebsFrameSubscriber: readNextMessages count=1
         1788691060.366  5140  5175 I MainActivity: onGatewayFrame: frame seq=2376 egoSpeed=6.787677 pts=0 intervention=false warning=false braking=true lifecycle=released_verified_stop range=null bearing=null rss=15.466432
         1788691060.465  5140  5175 I AebsFrameSubscriber: onMessagesAvailable callback
         1788691060.465  5140  5175 I AebsFrameSubscriber: readNextMessages count=1
         1788691060.465  5140  5175 I MainActivity: onGatewayFrame: frame seq=2377 egoSpeed=6.787677 pts=0 intervention=false warning=false braking=true lifecycle=released_verified_stop range=null bearing=null rss=15.466432
         1788691060.565  5140  5175 I AebsFrameSubscriber: onMessagesAvailable callback
         1788691060.565  5140  5175 I AebsFrameSubscriber: readNextMessages count=1
         1788691060.565  5140  5175 I MainActivity: onGatewayFrame: frame seq=2378 egoSpeed=6.787677 pts=0 intervention=false warning=false braking=true lifecycle=released_verified_stop range=null bearing=null rss=15.466432
         1788691060.665  5140  5175 I AebsFrameSubscriber: onMessagesAvailable callback
         1788691060.665  5140  5175 I AebsFrameSubscriber: readNextMessages count=1
         1788691060.665  5140  5175 I MainActivity: onGatewayFrame: frame seq=2379 egoSpeed=6.787677 pts=0 intervention=false warning=false braking=true lifecycle=released_verified_stop range=null bearing=null rss=15.466432
         1788691060.765  5140  5175 I AebsFrameSubscriber: onMessagesAvailable callback
         1788691060.765  5140  5175 I AebsFrameSubscriber: readNextMessages count=1
         1788691060.765  5140  5175 I MainActivity: onGatewayFrame: frame seq=2380 egoSpeed=6.787677 pts=0 intervention=false warning=false braking=true lifecycle=released_verified_stop range=null bearing=null rss=15.466432
         1788691060.865  5140  5175 I AebsFrameSubscriber: onMessagesAvailable callback
         1788691060.865  5140  5175 I AebsFrameSubscriber: readNextMessages count=1
         1788691060.865  5140  5175 I MainActivity: onGatewayFrame: frame seq=2381 egoSpeed=6.787677 pts=0 intervention=false warning=false braking=true lifecycle=released_verified_stop range=null bearing=null rss=15.466432
         1788691060.965  5140  5175 I AebsFrameSubscriber: onMessagesAvailable callback
         1788691060.965  5140  5175 I AebsFrameSubscriber: readNextMessages count=1
         1788691060.965  5140  5175 I MainActivity: onGatewayFrame: frame seq=2382 egoSpeed=6.787677 pts=0 intervention=false warning=false braking=true lifecycle=released_verified_stop range=null bearing=null rss=15.466432
         1788691061.179  5140  5175 I AebsFrameSubscriber: readNextMessages count=2
         1788691061.179  5140  5175 I MainActivity: onGatewayFrame: frame seq=2383 egoSpeed=6.787677 pts=0 intervention=false warning=false braking=true lifecycle=released_verified_stop range=null bearing=null rss=15.466432
         1788691061.179  5140  5175 I MainActivity: onGatewayFrame: frame seq=2384 egoSpeed=6.787677 pts=0 intervention=false warning=false braking=true lifecycle=released_verified_stop range=null bearing=null rss=15.466432
         1788691061.179  5140  5175 I AebsFrameSubscriber: onMessagesAvailable callback
         1788691061.179  5140  5175 I AebsFrameSubscriber: onMessagesAvailable callback
         1788691061.265  5140  5175 I AebsFrameSubscriber: onMessagesAvailable callback
         1788691061.265  5140  5175 I AebsFrameSubscriber: readNextMessages count=1
         1788691061.265  5140  5175 I MainActivity: onGatewayFrame: frame seq=2385 egoSpeed=6.787677 pts=0 intervention=false warning=false braking=true lifecycle=released_verified_stop range=null bearing=null rss=15.466432
         1788691061.365  5140  5175 I AebsFrameSubscriber: onMessagesAvailable callback
         1788691061.365  5140  5175 I AebsFrameSubscriber: readNextMessages count=1
         1788691061.365  5140  5175 I MainActivity: onGatewayFrame: frame seq=2386 egoSpeed=6.787677 pts=0 intervention=false warning=false braking=true lifecycle=released_verified_stop range=null bearing=null rss=15.466432
         1788691061.465  5140  5175 I AebsFrameSubscriber: onMessagesAvailable callback
         1788691061.465  5140  5175 I AebsFrameSubscriber: readNextMessages count=1
         1788691061.465  5140  5175 I MainActivity: onGatewayFrame: frame seq=2387 egoSpeed=6.787677 pts=0 intervention=false warning=false braking=true lifecycle=released_verified_stop range=null bearing=null rss=15.466432
         1788691061.565  5140  5175 I AebsFrameSubscriber: onMessagesAvailable callback
         1788691061.565  5140  5175 I AebsFrameSubscriber: readNextMessages count=1
         1788691061.565  5140  5175 I MainActivity: onGatewayFrame: frame seq=2388 egoSpeed=6.787677 pts=0 intervention=false warning=false braking=true lifecycle=released_verified_stop range=null bearing=null rss=15.466432
         1788691061.665  5140  5175 I AebsFrameSubscriber: onMessagesAvailable callback
         1788691061.665  5140  5175 I AebsFrameSubscriber: readNextMessages count=1
         1788691061.665  5140  5175 I MainActivity: onGatewayFrame: frame seq=2389 egoSpeed=6.787677 pts=0 intervention=false warning=false braking=true lifecycle=released_verified_stop range=null bearing=null rss=15.466432
         1788691061.765  5140  5175 I AebsFrameSubscriber: onMessagesAvailable callback
         1788691061.765  5140  5175 I AebsFrameSubscriber: readNextMessages count=1
         1788691061.766  5140  5175 I MainActivity: onGatewayFrame: frame seq=2390 egoSpeed=6.787677 pts=0 intervention=false warning=false braking=true lifecycle=released_verified_stop range=null bearing=null rss=15.466432
         1788691061.865  5140  5175 I AebsFrameSubscriber: onMessagesAvailable callback
         1788691061.865  5140  5175 I AebsFrameSubscriber: readNextMessages count=1
         1788691061.865  5140  5175 I MainActivity: onGatewayFrame: frame seq=2391 egoSpeed=6.787677 pts=0 intervention=false warning=false braking=true lifecycle=released_verified_stop range=null bearing=null rss=15.466432
