--------- beginning of main
         1788188933.303  5872  5900 I AebsFrameSubscriber: onMessagesAvailable callback
         1788188933.304  5872  5900 I AebsFrameSubscriber: readNextMessages count=1
         1788188933.304  5872  5900 I MainActivity: onGatewayFrame: frame seq=2177 egoSpeed=6.5625486 pts=0 intervention=false warning=false braking=false lifecycle=armed range=null bearing=null rss=null
         1788188933.403  5872  5900 I AebsFrameSubscriber: onMessagesAvailable callback
         1788188933.404  5872  5900 I AebsFrameSubscriber: readNextMessages count=1
         1788188933.404  5872  5900 I MainActivity: onGatewayFrame: frame seq=2178 egoSpeed=6.5625486 pts=0 intervention=false warning=false braking=false lifecycle=armed range=null bearing=null rss=null
         1788188933.503  5872  5900 I AebsFrameSubscriber: onMessagesAvailable callback
         1788188933.504  5872  5900 I AebsFrameSubscriber: readNextMessages count=1
         1788188933.504  5872  5900 I MainActivity: onGatewayFrame: frame seq=2179 egoSpeed=6.5625486 pts=0 intervention=false warning=false braking=false lifecycle=armed range=null bearing=null rss=null
         1788188933.603  5872  5900 I AebsFrameSubscriber: onMessagesAvailable callback
         1788188933.604  5872  5900 I AebsFrameSubscriber: readNextMessages count=1
         1788188933.604  5872  5900 I MainActivity: onGatewayFrame: frame seq=2180 egoSpeed=6.5625486 pts=0 intervention=false warning=false braking=false lifecycle=armed range=null bearing=null rss=null
         1788188933.703  5872  5900 I AebsFrameSubscriber: onMessagesAvailable callback
         1788188933.704  5872  5900 I AebsFrameSubscriber: readNextMessages count=1
         1788188933.704  5872  5900 I MainActivity: onGatewayFrame: frame seq=2181 egoSpeed=6.5625486 pts=0 intervention=false warning=false braking=false lifecycle=armed range=null bearing=null rss=null
         1788188933.803  5872  5900 I AebsFrameSubscriber: onMessagesAvailable callback
         1788188933.804  5872  5900 I AebsFrameSubscriber: readNextMessages count=1
         1788188933.804  5872  5900 I MainActivity: onGatewayFrame: frame seq=2182 egoSpeed=6.5625486 pts=0 intervention=false warning=false braking=false lifecycle=armed range=null bearing=null rss=null
         1788188933.903  5872  5900 I AebsFrameSubscriber: onMessagesAvailable callback
         1788188933.904  5872  5900 I AebsFrameSubscriber: readNextMessages count=1
         1788188933.904  5872  5900 I MainActivity: onGatewayFrame: frame seq=2183 egoSpeed=6.5625486 pts=0 intervention=false warning=false braking=false lifecycle=armed range=null bearing=null rss=null
         1788188934.003  5872  5900 I AebsFrameSubscriber: onMessagesAvailable callback
         1788188934.004  5872  5900 I AebsFrameSubscriber: readNextMessages count=1
         1788188934.004  5872  5900 I MainActivity: onGatewayFrame: frame seq=2184 egoSpeed=6.5625486 pts=0 intervention=false warning=false braking=false lifecycle=armed range=null bearing=null rss=null
         1788188934.103  5872  5900 I AebsFrameSubscriber: onMessagesAvailable callback
         1788188934.104  5872  5900 I AebsFrameSubscriber: readNextMessages count=1
         1788188934.104  5872  5900 I MainActivity: onGatewayFrame: frame seq=2185 egoSpeed=6.5625486 pts=0 intervention=false warning=false braking=false lifecycle=armed range=null bearing=null rss=null
         1788188934.203  5872  5900 I AebsFrameSubscriber: onMessagesAvailable callback
         1788188934.204  5872  5900 I AebsFrameSubscriber: readNextMessages count=1
         1788188934.204  5872  5900 I MainActivity: onGatewayFrame: frame seq=2186 egoSpeed=6.5625486 pts=0 intervention=false warning=false braking=false lifecycle=armed range=null bearing=null rss=null
         1788188934.303  5872  5900 I AebsFrameSubscriber: onMessagesAvailable callback
         1788188934.304  5872  5900 I AebsFrameSubscriber: readNextMessages count=1
         1788188934.304  5872  5900 I MainActivity: onGatewayFrame: frame seq=2187 egoSpeed=6.5625486 pts=0 intervention=false warning=false braking=false lifecycle=armed range=null bearing=null rss=null
         1788188934.403  5872  5900 I AebsFrameSubscriber: onMessagesAvailable callback
         1788188934.404  5872  5900 I AebsFrameSubscriber: readNextMessages count=1
         1788188934.404  5872  5900 I MainActivity: onGatewayFrame: frame seq=2188 egoSpeed=6.5625486 pts=0 intervention=false warning=false braking=false lifecycle=armed range=null bearing=null rss=null
         1788188934.503  5872  5900 I AebsFrameSubscriber: onMessagesAvailable callback
         1788188934.504  5872  5900 I AebsFrameSubscriber: readNextMessages count=1
         1788188934.504  5872  5900 I MainActivity: onGatewayFrame: frame seq=2189 egoSpeed=6.5625486 pts=0 intervention=false warning=false braking=false lifecycle=armed range=null bearing=null rss=null
         1788188934.603  5872  5900 I AebsFrameSubscriber: onMessagesAvailable callback
         1788188934.604  5872  5900 I AebsFrameSubscriber: readNextMessages count=1
         1788188934.604  5872  5900 I MainActivity: onGatewayFrame: frame seq=2190 egoSpeed=6.5625486 pts=0 intervention=false warning=false braking=false lifecycle=armed range=null bearing=null rss=null
         1788188934.703  5872  5900 I AebsFrameSubscriber: onMessagesAvailable callback
         1788188934.704  5872  5900 I AebsFrameSubscriber: readNextMessages count=1
         1788188934.704  5872  5900 I MainActivity: onGatewayFrame: frame seq=2191 egoSpeed=6.5625486 pts=0 intervention=false warning=false braking=false lifecycle=armed range=null bearing=null rss=null
         1788188934.803  5872  5900 I AebsFrameSubscriber: onMessagesAvailable callback
         1788188934.804  5872  5900 I AebsFrameSubscriber: readNextMessages count=1
         1788188934.804  5872  5900 I MainActivity: onGatewayFrame: frame seq=2192 egoSpeed=6.5625486 pts=0 intervention=false warning=false braking=false lifecycle=armed range=null bearing=null rss=null
         1788188934.903  5872  5900 I AebsFrameSubscriber: onMessagesAvailable callback
         1788188934.904  5872  5900 I AebsFrameSubscriber: readNextMessages count=1
         1788188934.904  5872  5900 I MainActivity: onGatewayFrame: frame seq=2193 egoSpeed=6.5625486 pts=0 intervention=false warning=false braking=false lifecycle=armed range=null bearing=null rss=null
         1788188935.003  5872  5900 I AebsFrameSubscriber: onMessagesAvailable callback
         1788188935.003  5872  5900 I AebsFrameSubscriber: readNextMessages count=1
         1788188935.004  5872  5900 I MainActivity: onGatewayFrame: frame seq=2194 egoSpeed=6.5625486 pts=0 intervention=false warning=false braking=false lifecycle=armed range=null bearing=null rss=null
         1788188935.103  5872  5900 I AebsFrameSubscriber: onMessagesAvailable callback
         1788188935.104  5872  5900 I AebsFrameSubscriber: readNextMessages count=1
         1788188935.104  5872  5900 I MainActivity: onGatewayFrame: frame seq=2195 egoSpeed=6.5625486 pts=0 intervention=false warning=false braking=false lifecycle=armed range=null bearing=null rss=null
         1788188935.203  5872  5900 I AebsFrameSubscriber: onMessagesAvailable callback
         1788188935.204  5872  5900 I AebsFrameSubscriber: readNextMessages count=1
         1788188935.204  5872  5900 I MainActivity: onGatewayFrame: frame seq=2196 egoSpeed=6.5625486 pts=0 intervention=false warning=false braking=false lifecycle=armed range=null bearing=null rss=null
         1788188935.303  5872  5900 I AebsFrameSubscriber: onMessagesAvailable callback
         1788188935.304  5872  5900 I AebsFrameSubscriber: readNextMessages count=1
         1788188935.304  5872  5900 I MainActivity: onGatewayFrame: frame seq=2197 egoSpeed=6.5625486 pts=0 intervention=false warning=false braking=false lifecycle=armed range=null bearing=null rss=null
         1788188935.404  5872  5900 I AebsFrameSubscriber: onMessagesAvailable callback
         1788188935.404  5872  5900 I AebsFrameSubscriber: readNextMessages count=1
         1788188935.404  5872  5900 I MainActivity: onGatewayFrame: frame seq=2198 egoSpeed=6.5625486 pts=0 intervention=false warning=false braking=false lifecycle=armed range=null bearing=null rss=null
         1788188935.503  5872  5900 I AebsFrameSubscriber: onMessagesAvailable callback
         1788188935.504  5872  5900 I AebsFrameSubscriber: readNextMessages count=1
         1788188935.504  5872  5900 I MainActivity: onGatewayFrame: frame seq=2199 egoSpeed=6.5625486 pts=0 intervention=false warning=false braking=false lifecycle=armed range=null bearing=null rss=null
         1788188935.603  5872  5900 I AebsFrameSubscriber: onMessagesAvailable callback
         1788188935.604  5872  5900 I AebsFrameSubscriber: readNextMessages count=1
         1788188935.604  5872  5900 I MainActivity: onGatewayFrame: frame seq=2200 egoSpeed=6.5625486 pts=0 intervention=false warning=false braking=false lifecycle=armed range=null bearing=null rss=null
         1788188935.703  5872  5900 I AebsFrameSubscriber: onMessagesAvailable callback
         1788188935.704  5872  5900 I AebsFrameSubscriber: readNextMessages count=1
         1788188935.704  5872  5900 I MainActivity: onGatewayFrame: frame seq=2201 egoSpeed=6.5625486 pts=0 intervention=false warning=false braking=false lifecycle=armed range=null bearing=null rss=null
         1788188935.803  5872  5900 I AebsFrameSubscriber: onMessagesAvailable callback
         1788188935.804  5872  5900 I AebsFrameSubscriber: readNextMessages count=1
         1788188935.804  5872  5900 I MainActivity: onGatewayFrame: frame seq=2202 egoSpeed=6.5625486 pts=0 intervention=false warning=false braking=false lifecycle=armed range=null bearing=null rss=null
         1788188935.903  5872  5900 I AebsFrameSubscriber: onMessagesAvailable callback
         1788188935.904  5872  5900 I AebsFrameSubscriber: readNextMessages count=1
         1788188935.904  5872  5900 I MainActivity: onGatewayFrame: frame seq=2203 egoSpeed=6.5625486 pts=0 intervention=false warning=false braking=false lifecycle=armed range=null bearing=null rss=null
         1788188936.003  5872  5900 I AebsFrameSubscriber: onMessagesAvailable callback
         1788188936.004  5872  5900 I AebsFrameSubscriber: readNextMessages count=1
         1788188936.004  5872  5900 I MainActivity: onGatewayFrame: frame seq=2204 egoSpeed=6.5625486 pts=0 intervention=false warning=false braking=false lifecycle=armed range=null bearing=null rss=null
         1788188936.103  5872  5900 I AebsFrameSubscriber: onMessagesAvailable callback
         1788188936.104  5872  5900 I AebsFrameSubscriber: readNextMessages count=1
         1788188936.104  5872  5900 I MainActivity: onGatewayFrame: frame seq=2205 egoSpeed=6.5625486 pts=0 intervention=false warning=false braking=false lifecycle=armed range=null bearing=null rss=null
         1788188936.203  5872  5900 I AebsFrameSubscriber: onMessagesAvailable callback
         1788188936.204  5872  5900 I AebsFrameSubscriber: readNextMessages count=1
         1788188936.204  5872  5900 I MainActivity: onGatewayFrame: frame seq=2206 egoSpeed=6.5625486 pts=0 intervention=false warning=false braking=false lifecycle=armed range=null bearing=null rss=null
         1788188936.303  5872  5900 I AebsFrameSubscriber: onMessagesAvailable callback
         1788188936.304  5872  5900 I AebsFrameSubscriber: readNextMessages count=1
         1788188936.304  5872  5900 I MainActivity: onGatewayFrame: frame seq=2207 egoSpeed=6.5625486 pts=0 intervention=false warning=false braking=false lifecycle=armed range=null bearing=null rss=null
         1788188936.403  5872  5900 I AebsFrameSubscriber: onMessagesAvailable callback
         1788188936.404  5872  5900 I AebsFrameSubscriber: readNextMessages count=1
         1788188936.404  5872  5900 I MainActivity: onGatewayFrame: frame seq=2208 egoSpeed=6.5625486 pts=0 intervention=false warning=false braking=false lifecycle=armed range=null bearing=null rss=null
         1788188936.503  5872  5900 I AebsFrameSubscriber: onMessagesAvailable callback
         1788188936.504  5872  5900 I AebsFrameSubscriber: readNextMessages count=1
         1788188936.504  5872  5900 I MainActivity: onGatewayFrame: frame seq=2209 egoSpeed=6.5625486 pts=0 intervention=false warning=false braking=false lifecycle=armed range=null bearing=null rss=null
         1788188936.603  5872  5900 I AebsFrameSubscriber: onMessagesAvailable callback
         1788188936.604  5872  5900 I AebsFrameSubscriber: readNextMessages count=1
         1788188936.604  5872  5900 I MainActivity: onGatewayFrame: frame seq=2210 egoSpeed=6.5625486 pts=0 intervention=false warning=false braking=false lifecycle=armed range=null bearing=null rss=null
         1788188936.703  5872  5900 I AebsFrameSubscriber: onMessagesAvailable callback
         1788188936.704  5872  5900 I AebsFrameSubscriber: readNextMessages count=1
         1788188936.704  5872  5900 I MainActivity: onGatewayFrame: frame seq=2211 egoSpeed=6.5625486 pts=0 intervention=false warning=false braking=false lifecycle=armed range=null bearing=null rss=null
         1788188936.803  5872  5900 I AebsFrameSubscriber: onMessagesAvailable callback
         1788188936.804  5872  5900 I AebsFrameSubscriber: readNextMessages count=1
         1788188936.804  5872  5900 I MainActivity: onGatewayFrame: frame seq=2212 egoSpeed=6.5625486 pts=0 intervention=false warning=false braking=false lifecycle=armed range=null bearing=null rss=null
         1788188936.903  5872  5900 I AebsFrameSubscriber: onMessagesAvailable callback
         1788188936.904  5872  5900 I AebsFrameSubscriber: readNextMessages count=1
         1788188936.904  5872  5900 I MainActivity: onGatewayFrame: frame seq=2213 egoSpeed=6.5625486 pts=0 intervention=false warning=false braking=false lifecycle=armed range=null bearing=null rss=null
         1788188937.003  5872  5900 I AebsFrameSubscriber: onMessagesAvailable callback
         1788188937.004  5872  5900 I AebsFrameSubscriber: readNextMessages count=1
         1788188937.004  5872  5900 I MainActivity: onGatewayFrame: frame seq=2214 egoSpeed=6.5625486 pts=0 intervention=false warning=false braking=false lifecycle=armed range=null bearing=null rss=null
         1788188937.103  5872  5900 I AebsFrameSubscriber: onMessagesAvailable callback
         1788188937.104  5872  5900 I AebsFrameSubscriber: readNextMessages count=1
         1788188937.104  5872  5900 I MainActivity: onGatewayFrame: frame seq=2215 egoSpeed=6.5625486 pts=0 intervention=false warning=false braking=false lifecycle=armed range=null bearing=null rss=null
         1788188937.282  5872  5900 I AebsFrameSubscriber: readNextMessages count=1
         1788188937.282  5872  5900 I MainActivity: onGatewayFrame: frame seq=2216 egoSpeed=6.5625486 pts=0 intervention=false warning=false braking=false lifecycle=armed range=null bearing=null rss=null
         1788188937.282  5872  5900 I AebsFrameSubscriber: onMessagesAvailable callback
         1788188937.303  5872  5900 I AebsFrameSubscriber: onMessagesAvailable callback
         1788188937.304  5872  5900 I AebsFrameSubscriber: readNextMessages count=1
         1788188937.304  5872  5900 I MainActivity: onGatewayFrame: frame seq=2217 egoSpeed=6.5625486 pts=0 intervention=false warning=false braking=false lifecycle=armed range=null bearing=null rss=null
         1788188937.403  5872  5900 I AebsFrameSubscriber: onMessagesAvailable callback
         1788188937.404  5872  5900 I AebsFrameSubscriber: readNextMessages count=1
         1788188937.404  5872  5900 I MainActivity: onGatewayFrame: frame seq=2218 egoSpeed=6.5625486 pts=0 intervention=false warning=false braking=false lifecycle=armed range=null bearing=null rss=null
         1788188937.503  5872  5900 I AebsFrameSubscriber: onMessagesAvailable callback
         1788188937.504  5872  5900 I AebsFrameSubscriber: readNextMessages count=1
         1788188937.504  5872  5900 I MainActivity: onGatewayFrame: frame seq=2219 egoSpeed=6.5625486 pts=0 intervention=false warning=false braking=false lifecycle=armed range=null bearing=null rss=null
         1788188937.604  5872  5900 I AebsFrameSubscriber: onMessagesAvailable callback
         1788188937.604  5872  5900 I AebsFrameSubscriber: readNextMessages count=1
         1788188937.604  5872  5900 I MainActivity: onGatewayFrame: frame seq=2220 egoSpeed=6.5625486 pts=0 intervention=false warning=false braking=false lifecycle=armed range=null bearing=null rss=null
         1788188937.703  5872  5900 I AebsFrameSubscriber: onMessagesAvailable callback
         1788188937.704  5872  5900 I AebsFrameSubscriber: readNextMessages count=1
         1788188937.704  5872  5900 I MainActivity: onGatewayFrame: frame seq=2221 egoSpeed=6.5625486 pts=0 intervention=false warning=false braking=false lifecycle=armed range=null bearing=null rss=null
         1788188937.803  5872  5900 I AebsFrameSubscriber: onMessagesAvailable callback
         1788188937.804  5872  5900 I AebsFrameSubscriber: readNextMessages count=1
         1788188937.804  5872  5900 I MainActivity: onGatewayFrame: frame seq=2222 egoSpeed=6.5625486 pts=0 intervention=false warning=false braking=false lifecycle=armed range=null bearing=null rss=null
         1788188937.903  5872  5900 I AebsFrameSubscriber: onMessagesAvailable callback
         1788188937.904  5872  5900 I AebsFrameSubscriber: readNextMessages count=1
         1788188937.904  5872  5900 I MainActivity: onGatewayFrame: frame seq=2223 egoSpeed=6.5625486 pts=0 intervention=false warning=false braking=false lifecycle=armed range=null bearing=null rss=null
         1788188938.003  5872  5900 I AebsFrameSubscriber: onMessagesAvailable callback
         1788188938.004  5872  5900 I AebsFrameSubscriber: readNextMessages count=1
         1788188938.004  5872  5900 I MainActivity: onGatewayFrame: frame seq=2224 egoSpeed=6.5625486 pts=0 intervention=false warning=false braking=false lifecycle=armed range=null bearing=null rss=null
         1788188938.103  5872  5900 I AebsFrameSubscriber: onMessagesAvailable callback
         1788188938.104  5872  5900 I AebsFrameSubscriber: readNextMessages count=1
         1788188938.104  5872  5900 I MainActivity: onGatewayFrame: frame seq=2225 egoSpeed=6.5625486 pts=0 intervention=false warning=false braking=false lifecycle=armed range=null bearing=null rss=null
         1788188938.203  5872  5900 I AebsFrameSubscriber: onMessagesAvailable callback
         1788188938.204  5872  5900 I AebsFrameSubscriber: readNextMessages count=1
         1788188938.204  5872  5900 I MainActivity: onGatewayFrame: frame seq=2226 egoSpeed=6.5625486 pts=0 intervention=false warning=false braking=false lifecycle=armed range=null bearing=null rss=null
         1788188938.303  5872  5900 I AebsFrameSubscriber: onMessagesAvailable callback
         1788188938.304  5872  5900 I AebsFrameSubscriber: readNextMessages count=1
         1788188938.304  5872  5900 I MainActivity: onGatewayFrame: frame seq=2227 egoSpeed=6.5625486 pts=0 intervention=false warning=false braking=false lifecycle=armed range=null bearing=null rss=null
         1788188938.403  5872  5900 I AebsFrameSubscriber: onMessagesAvailable callback
         1788188938.404  5872  5900 I AebsFrameSubscriber: readNextMessages count=1
         1788188938.405  5872  5900 I MainActivity: onGatewayFrame: frame seq=2228 egoSpeed=6.5625486 pts=0 intervention=false warning=false braking=false lifecycle=armed range=null bearing=null rss=null
         1788188938.503  5872  5900 I AebsFrameSubscriber: onMessagesAvailable callback
         1788188938.504  5872  5900 I AebsFrameSubscriber: readNextMessages count=1
         1788188938.504  5872  5900 I MainActivity: onGatewayFrame: frame seq=2229 egoSpeed=6.5625486 pts=0 intervention=false warning=false braking=false lifecycle=armed range=null bearing=null rss=null
         1788188938.603  5872  5900 I AebsFrameSubscriber: onMessagesAvailable callback
         1788188938.604  5872  5900 I AebsFrameSubscriber: readNextMessages count=1
         1788188938.604  5872  5900 I MainActivity: onGatewayFrame: frame seq=2230 egoSpeed=6.5625486 pts=0 intervention=false warning=false braking=false lifecycle=armed range=null bearing=null rss=null
         1788188938.703  5872  5900 I AebsFrameSubscriber: onMessagesAvailable callback
         1788188938.704  5872  5900 I AebsFrameSubscriber: readNextMessages count=1
         1788188938.704  5872  5900 I MainActivity: onGatewayFrame: frame seq=2231 egoSpeed=6.5625486 pts=0 intervention=false warning=false braking=false lifecycle=armed range=null bearing=null rss=null
         1788188938.803  5872  5900 I AebsFrameSubscriber: onMessagesAvailable callback
         1788188938.804  5872  5900 I AebsFrameSubscriber: readNextMessages count=1
         1788188938.808  5872  5900 I MainActivity: onGatewayFrame: frame seq=2232 egoSpeed=6.5625486 pts=0 intervention=false warning=false braking=false lifecycle=armed range=null bearing=null rss=null
         1788188938.903  5872  5900 I AebsFrameSubscriber: onMessagesAvailable callback
         1788188938.903  5872  5900 I AebsFrameSubscriber: readNextMessages count=1
         1788188938.904  5872  5900 I MainActivity: onGatewayFrame: frame seq=2233 egoSpeed=6.5625486 pts=0 intervention=false warning=false braking=false lifecycle=armed range=null bearing=null rss=null
         1788188939.003  5872  5900 I AebsFrameSubscriber: onMessagesAvailable callback
         1788188939.004  5872  5900 I AebsFrameSubscriber: readNextMessages count=1
         1788188939.004  5872  5900 I MainActivity: onGatewayFrame: frame seq=2234 egoSpeed=6.5625486 pts=0 intervention=false warning=false braking=false lifecycle=armed range=null bearing=null rss=null
         1788188939.103  5872  5900 I AebsFrameSubscriber: onMessagesAvailable callback
         1788188939.104  5872  5900 I AebsFrameSubscriber: readNextMessages count=1
         1788188939.104  5872  5900 I MainActivity: onGatewayFrame: frame seq=2235 egoSpeed=6.5625486 pts=0 intervention=false warning=false braking=false lifecycle=armed range=null bearing=null rss=null
         1788188939.203  5872  5900 I AebsFrameSubscriber: onMessagesAvailable callback
         1788188939.204  5872  5900 I AebsFrameSubscriber: readNextMessages count=1
         1788188939.204  5872  5900 I MainActivity: onGatewayFrame: frame seq=2236 egoSpeed=6.5625486 pts=0 intervention=false warning=false braking=false lifecycle=armed range=null bearing=null rss=null
         1788188939.303  5872  5900 I AebsFrameSubscriber: onMessagesAvailable callback
         1788188939.304  5872  5900 I AebsFrameSubscriber: readNextMessages count=1
         1788188939.304  5872  5900 I MainActivity: onGatewayFrame: frame seq=2237 egoSpeed=6.5625486 pts=0 intervention=false warning=false braking=false lifecycle=armed range=null bearing=null rss=null
         1788188939.403  5872  5900 I AebsFrameSubscriber: onMessagesAvailable callback
         1788188939.404  5872  5900 I AebsFrameSubscriber: readNextMessages count=1
         1788188939.404  5872  5900 I MainActivity: onGatewayFrame: frame seq=2238 egoSpeed=6.5625486 pts=0 intervention=false warning=false braking=false lifecycle=armed range=null bearing=null rss=null
         1788188939.503  5872  5900 I AebsFrameSubscriber: onMessagesAvailable callback
         1788188939.503  5872  5900 I AebsFrameSubscriber: readNextMessages count=1
         1788188939.504  5872  5900 I MainActivity: onGatewayFrame: frame seq=2239 egoSpeed=6.5625486 pts=0 intervention=false warning=false braking=false lifecycle=armed range=null bearing=null rss=null
         1788188939.603  5872  5900 I AebsFrameSubscriber: onMessagesAvailable callback
         1788188939.604  5872  5900 I AebsFrameSubscriber: readNextMessages count=1
         1788188939.604  5872  5900 I MainActivity: onGatewayFrame: frame seq=2240 egoSpeed=6.5625486 pts=0 intervention=false warning=false braking=false lifecycle=armed range=null bearing=null rss=null
         1788188939.703  5872  5900 I AebsFrameSubscriber: onMessagesAvailable callback
         1788188939.704  5872  5900 I AebsFrameSubscriber: readNextMessages count=1
         1788188939.704  5872  5900 I MainActivity: onGatewayFrame: frame seq=2241 egoSpeed=6.5625486 pts=0 intervention=false warning=false braking=false lifecycle=armed range=null bearing=null rss=null
         1788188939.803  5872  5900 I AebsFrameSubscriber: onMessagesAvailable callback
         1788188939.804  5872  5900 I AebsFrameSubscriber: readNextMessages count=1
         1788188939.804  5872  5900 I MainActivity: onGatewayFrame: frame seq=2242 egoSpeed=6.5625486 pts=0 intervention=false warning=false braking=false lifecycle=armed range=null bearing=null rss=null
         1788188939.903  5872  5900 I AebsFrameSubscriber: onMessagesAvailable callback
         1788188939.904  5872  5900 I AebsFrameSubscriber: readNextMessages count=1
         1788188939.904  5872  5900 I MainActivity: onGatewayFrame: frame seq=2243 egoSpeed=6.5625486 pts=0 intervention=false warning=false braking=false lifecycle=armed range=null bearing=null rss=null
         1788188940.003  5872  5900 I AebsFrameSubscriber: onMessagesAvailable callback
         1788188940.004  5872  5900 I AebsFrameSubscriber: readNextMessages count=1
         1788188940.004  5872  5900 I MainActivity: onGatewayFrame: frame seq=2244 egoSpeed=6.5625486 pts=0 intervention=false warning=false braking=false lifecycle=armed range=null bearing=null rss=null
         1788188940.103  5872  5900 I AebsFrameSubscriber: onMessagesAvailable callback
         1788188940.103  5872  5900 I AebsFrameSubscriber: readNextMessages count=1
         1788188940.104  5872  5900 I MainActivity: onGatewayFrame: frame seq=2245 egoSpeed=6.5625486 pts=0 intervention=false warning=false braking=false lifecycle=armed range=null bearing=null rss=null
         1788188940.203  5872  5900 I AebsFrameSubscriber: onMessagesAvailable callback
         1788188940.204  5872  5900 I AebsFrameSubscriber: readNextMessages count=1
         1788188940.204  5872  5900 I MainActivity: onGatewayFrame: frame seq=2246 egoSpeed=6.5625486 pts=0 intervention=false warning=false braking=false lifecycle=armed range=null bearing=null rss=null
         1788188940.303  5872  5900 I AebsFrameSubscriber: onMessagesAvailable callback
         1788188940.304  5872  5900 I AebsFrameSubscriber: readNextMessages count=1
         1788188940.304  5872  5900 I MainActivity: onGatewayFrame: frame seq=2247 egoSpeed=6.5625486 pts=0 intervention=false warning=false braking=false lifecycle=armed range=null bearing=null rss=null
         1788188940.403  5872  5900 I AebsFrameSubscriber: onMessagesAvailable callback
         1788188940.404  5872  5900 I AebsFrameSubscriber: readNextMessages count=1
         1788188940.404  5872  5900 I MainActivity: onGatewayFrame: frame seq=2248 egoSpeed=6.5625486 pts=0 intervention=false warning=false braking=false lifecycle=armed range=null bearing=null rss=null
         1788188940.503  5872  5900 I AebsFrameSubscriber: onMessagesAvailable callback
         1788188940.503  5872  5900 I AebsFrameSubscriber: readNextMessages count=1
         1788188940.504  5872  5900 I MainActivity: onGatewayFrame: frame seq=2249 egoSpeed=6.5625486 pts=0 intervention=false warning=false braking=false lifecycle=armed range=null bearing=null rss=null
         1788188940.603  5872  5900 I AebsFrameSubscriber: onMessagesAvailable callback
         1788188940.604  5872  5900 I AebsFrameSubscriber: readNextMessages count=1
         1788188940.604  5872  5900 I MainActivity: onGatewayFrame: frame seq=2250 egoSpeed=6.5625486 pts=0 intervention=false warning=false braking=false lifecycle=armed range=null bearing=null rss=null
         1788188940.703  5872  5900 I AebsFrameSubscriber: onMessagesAvailable callback
         1788188940.705  5872  5900 I AebsFrameSubscriber: readNextMessages count=1
         1788188940.706  5872  5900 I MainActivity: onGatewayFrame: frame seq=2251 egoSpeed=6.5625486 pts=24 intervention=false warning=false braking=false lifecycle=armed range=24.616236 bearing=0.0 rss=null
         1788188940.804  5872  5900 I AebsFrameSubscriber: onMessagesAvailable callback
         1788188940.804  5872  5900 I AebsFrameSubscriber: readNextMessages count=1
         1788188940.804  5872  5900 I MainActivity: onGatewayFrame: frame seq=2252 egoSpeed=6.5625486 pts=24 intervention=false warning=false braking=false lifecycle=armed range=24.684439 bearing=0.0 rss=0.0
         1788188940.903  5872  5900 I AebsFrameSubscriber: onMessagesAvailable callback
         1788188940.904  5872  5900 I AebsFrameSubscriber: readNextMessages count=1
         1788188940.904  5872  5900 I MainActivity: onGatewayFrame: frame seq=2253 egoSpeed=6.5625486 pts=24 intervention=false warning=false braking=false lifecycle=armed range=23.852705 bearing=0.0 rss=5.9179277
         1788188941.003  5872  5900 I AebsFrameSubscriber: onMessagesAvailable callback
         1788188941.005  5872  5900 I AebsFrameSubscriber: readNextMessages count=1
         1788188941.008  5872  5900 I MainActivity: onGatewayFrame: frame seq=2254 egoSpeed=6.5625486 pts=24 intervention=false warning=true braking=false lifecycle=armed range=22.937302 bearing=0.0 rss=14.326395
         1788188941.183  5872  5900 I AebsFrameSubscriber: onMessagesAvailable callback
         1788188941.184  5872  5900 I AebsFrameSubscriber: readNextMessages count=1
         1788188941.184  5872  5900 I MainActivity: onGatewayFrame: frame seq=2255 egoSpeed=6.5625486 pts=24 intervention=false warning=true braking=false lifecycle=armed range=22.099482 bearing=0.0 rss=14.326395
         1788188941.203  5872  5900 I AebsFrameSubscriber: onMessagesAvailable callback
         1788188941.209  5872  5900 I AebsFrameSubscriber: readNextMessages count=1
         1788188941.212  5872  5900 I MainActivity: onGatewayFrame: frame seq=2256 egoSpeed=6.5625486 pts=24 intervention=false warning=true braking=false lifecycle=armed range=22.166643 bearing=0.0 rss=6.0412183
         1788188941.303  5872  5900 I AebsFrameSubscriber: onMessagesAvailable callback
         1788188941.304  5872  5900 I AebsFrameSubscriber: readNextMessages count=1
         1788188941.304  5872  5900 I MainActivity: onGatewayFrame: frame seq=2257 egoSpeed=6.5625486 pts=24 intervention=false warning=true braking=false lifecycle=armed range=21.41544 bearing=0.0 rss=14.326395
         1788188941.403  5872  5900 I AebsFrameSubscriber: onMessagesAvailable callback
         1788188941.409  5872  5900 I AebsFrameSubscriber: readNextMessages count=1
         1788188941.410  5872  5900 I MainActivity: onGatewayFrame: frame seq=2258 egoSpeed=6.5625486 pts=24 intervention=false warning=true braking=false lifecycle=armed range=20.575312 bearing=0.0 rss=14.389853
         1788188941.503  5872  5900 I AebsFrameSubscriber: onMessagesAvailable callback
         1788188941.504  5872  5900 I AebsFrameSubscriber: readNextMessages count=1
         1788188941.504  5872  5900 I MainActivity: onGatewayFrame: frame seq=2259 egoSpeed=6.5625486 pts=24 intervention=false warning=true braking=false lifecycle=armed range=20.642763 bearing=0.0 rss=14.326395
         1788188941.604  5872  5900 I AebsFrameSubscriber: onMessagesAvailable callback
         1788188941.604  5872  5900 I AebsFrameSubscriber: readNextMessages count=1
         1788188941.604  5872  5900 I MainActivity: onGatewayFrame: frame seq=2260 egoSpeed=6.5625486 pts=24 intervention=false warning=true braking=false lifecycle=armed range=19.969326 bearing=0.0 rss=13.688875
         1788188941.703  5872  5900 I AebsFrameSubscriber: onMessagesAvailable callback
         1788188941.704  5872  5900 I AebsFrameSubscriber: readNextMessages count=1
         1788188941.704  5872  5900 I MainActivity: onGatewayFrame: frame seq=2261 egoSpeed=6.5625486 pts=24 intervention=false warning=true braking=false lifecycle=armed range=19.051525 bearing=0.0 rss=14.326395
         1788188941.803  5872  5900 I AebsFrameSubscriber: onMessagesAvailable callback
         1788188941.808  5872  5900 I AebsFrameSubscriber: readNextMessages count=1
         1788188941.809  5872  5900 I MainActivity: onGatewayFrame: frame seq=2262 egoSpeed=6.5625486 pts=24 intervention=false warning=true braking=false lifecycle=armed range=19.118797 bearing=0.0 rss=13.688875
         1788188941.903  5872  5900 I AebsFrameSubscriber: onMessagesAvailable callback
         1788188941.904  5872  5900 I AebsFrameSubscriber: readNextMessages count=1
         1788188941.904  5872  5900 I MainActivity: onGatewayFrame: frame seq=2263 egoSpeed=6.5625486 pts=24 intervention=false warning=true braking=false lifecycle=armed range=18.28012 bearing=0.0 rss=14.326395
         1788188942.003  5872  5900 I AebsFrameSubscriber: onMessagesAvailable callback
         1788188942.009  5872  5900 I AebsFrameSubscriber: readNextMessages count=1
         1788188942.009  5872  5900 I MainActivity: onGatewayFrame: frame seq=2264 egoSpeed=6.5625486 pts=24 intervention=false warning=true braking=true lifecycle=braking_latched range=17.527855 bearing=0.0 rss=14.376715
         1788188942.103  5872  5900 I AebsFrameSubscriber: onMessagesAvailable callback
         1788188942.104  5872  5900 I AebsFrameSubscriber: readNextMessages count=1
         1788188942.104  5872  5900 I MainActivity: onGatewayFrame: frame seq=2265 egoSpeed=6.556295 pts=24 intervention=false warning=true braking=true lifecycle=braking_latched range=16.689142 bearing=0.0 rss=14.423776
         1788188942.203  5872  5900 I AebsFrameSubscriber: onMessagesAvailable callback
         1788188942.204  5872  5900 I AebsFrameSubscriber: readNextMessages count=1
         1788188942.204  5872  5900 I MainActivity: onGatewayFrame: frame seq=2266 egoSpeed=6.519662 pts=24 intervention=false warning=true braking=true lifecycle=braking_latched range=16.755709 bearing=0.0 rss=14.356788
         1788188942.303  5872  5900 I AebsFrameSubscriber: onMessagesAvailable callback
         1788188942.304  5872  5900 I AebsFrameSubscriber: readNextMessages count=1
         1788188942.304  5872  5900 I MainActivity: onGatewayFrame: frame seq=2267 egoSpeed=6.4405246 pts=24 intervention=false warning=true braking=true lifecycle=braking_latched range=15.904516 bearing=0.0 rss=14.28738
         1788188942.403  5872  5900 I AebsFrameSubscriber: onMessagesAvailable callback
         1788188942.409  5872  5900 I AebsFrameSubscriber: readNextMessages count=1
         1788188942.409  5872  5900 I MainActivity: onGatewayFrame: frame seq=2268 egoSpeed=6.314068 pts=24 intervention=false warning=true braking=true lifecycle=braking_latched range=15.162774 bearing=0.0 rss=14.041985
         1788188942.503  5872  5900 I AebsFrameSubscriber: onMessagesAvailable callback
         1788188942.504  5872  5900 I AebsFrameSubscriber: readNextMessages count=1
         1788188942.504  5872  5900 I MainActivity: onGatewayFrame: frame seq=2269 egoSpeed=6.1385427 pts=24 intervention=false warning=true braking=true lifecycle=braking_latched range=15.229292 bearing=0.0 rss=13.642029
         1788188942.603  5872  5900 I AebsFrameSubscriber: onMessagesAvailable callback
         1788188942.604  5872  5900 I AebsFrameSubscriber: readNextMessages count=1
         1788188942.608  5872  5900 I MainActivity: onGatewayFrame: frame seq=2270 egoSpeed=5.91322 pts=24 intervention=false warning=true braking=true lifecycle=braking_latched range=14.404412 bearing=0.0 rss=13.1068945
         1788188942.703  5872  5900 I AebsFrameSubscriber: onMessagesAvailable callback
         1788188942.704  5872  5900 I AebsFrameSubscriber: readNextMessages count=1
         1788188942.704  5872  5900 I MainActivity: onGatewayFrame: frame seq=2271 egoSpeed=5.6377864 pts=24 intervention=false warning=true braking=true lifecycle=braking_latched range=13.685606 bearing=0.0 rss=12.433629
         1788188942.803  5872  5900 I AebsFrameSubscriber: onMessagesAvailable callback
         1788188942.804  5872  5900 I AebsFrameSubscriber: readNextMessages count=1
         1788188942.809  5872  5900 I MainActivity: onGatewayFrame: frame seq=2272 egoSpeed=5.312637 pts=24 intervention=false warning=true braking=true lifecycle=braking_latched range=12.914064 bearing=0.0 rss=11.635451
         1788188942.903  5872  5900 I AebsFrameSubscriber: onMessagesAvailable callback
         1788188942.904  5872  5900 I AebsFrameSubscriber: readNextMessages count=1
         1788188942.904  5872  5900 I MainActivity: onGatewayFrame: frame seq=2273 egoSpeed=4.937627 pts=24 intervention=false warning=true braking=true lifecycle=braking_latched range=12.993233 bearing=0.0 rss=10.70937
         1788188943.003  5872  5900 I AebsFrameSubscriber: onMessagesAvailable callback
         1788188943.004  5872  5900 I AebsFrameSubscriber: readNextMessages count=1
         1788188943.004  5872  5900 I MainActivity: onGatewayFrame: frame seq=2274 egoSpeed=4.5127254 pts=24 intervention=false warning=true braking=true lifecycle=braking_latched range=12.2159395 bearing=0.0 rss=9.701213
         1788188943.103  5872  5900 I AebsFrameSubscriber: onMessagesAvailable callback
         1788188943.104  5872  5900 I AebsFrameSubscriber: readNextMessages count=1
         1788188943.104  5872  5900 I MainActivity: onGatewayFrame: frame seq=2275 egoSpeed=4.0439835 pts=24 intervention=false warning=true braking=true lifecycle=braking_latched range=11.601291 bearing=0.0 rss=8.614485
         1788188943.203  5872  5900 I AebsFrameSubscriber: onMessagesAvailable callback
         1788188943.204  5872  5900 I AebsFrameSubscriber: readNextMessages count=1
         1788188943.204  5872  5900 I MainActivity: onGatewayFrame: frame seq=2276 egoSpeed=3.5554185 pts=24 intervention=false warning=true braking=true lifecycle=braking_latched range=11.667485 bearing=0.0 rss=7.4698434
         1788188943.304  5872  5900 I AebsFrameSubscriber: onMessagesAvailable callback
         1788188943.304  5872  5900 I AebsFrameSubscriber: readNextMessages count=1
         1788188943.304  5872  5900 I MainActivity: onGatewayFrame: frame seq=2277 egoSpeed=3.0597568 pts=24 intervention=false warning=true braking=true lifecycle=braking_latched range=11.229087 bearing=0.0 rss=6.369897
         1788188943.403  5872  5900 I AebsFrameSubscriber: onMessagesAvailable callback
         1788188943.404  5872  5900 I AebsFrameSubscriber: readNextMessages count=1
         1788188943.404  5872  5900 I MainActivity: onGatewayFrame: frame seq=2278 egoSpeed=2.5608025 pts=24 intervention=false warning=true braking=true lifecycle=braking_latched range=10.720526 bearing=0.0 rss=5.39767
         1788188943.503  5872  5900 I AebsFrameSubscriber: onMessagesAvailable callback
         1788188943.504  5872  5900 I AebsFrameSubscriber: readNextMessages count=1
         1788188943.504  5872  5900 I MainActivity: onGatewayFrame: frame seq=2279 egoSpeed=2.0619724 pts=24 intervention=false warning=true braking=true lifecycle=braking_latched range=10.447928 bearing=0.0 rss=4.4284987
         1788188943.603  5872  5900 I AebsFrameSubscriber: onMessagesAvailable callback
         1788188943.604  5872  5900 I AebsFrameSubscriber: readNextMessages count=1
         1788188943.604  5872  5900 I MainActivity: onGatewayFrame: frame seq=2280 egoSpeed=1.5621481 pts=24 intervention=false warning=true braking=true lifecycle=braking_latched range=10.526458 bearing=0.0 rss=3.5128806
         1788188943.703  5872  5900 I AebsFrameSubscriber: onMessagesAvailable callback
         1788188943.704  5872  5900 I AebsFrameSubscriber: readNextMessages count=1
         1788188943.704  5872  5900 I MainActivity: onGatewayFrame: frame seq=2281 egoSpeed=1.0612077 pts=24 intervention=false warning=true braking=true lifecycle=braking_latched range=10.276226 bearing=0.0 rss=2.7436104
         1788188943.803  5872  5900 I AebsFrameSubscriber: onMessagesAvailable callback
         1788188943.806  5872  5900 I AebsFrameSubscriber: readNextMessages count=1
         1788188943.806  5872  5900 I MainActivity: onGatewayFrame: frame seq=2282 egoSpeed=0.56206495 pts=24 intervention=false warning=true braking=true lifecycle=braking_latched range=10.108348 bearing=0.0 rss=2.0868387
         1788188943.903  5872  5900 I AebsFrameSubscriber: onMessagesAvailable callback
         1788188943.904  5872  5900 I AebsFrameSubscriber: readNextMessages count=1
         1788188943.904  5872  5900 I MainActivity: onGatewayFrame: frame seq=2283 egoSpeed=0.061248273 pts=24 intervention=false warning=true braking=true lifecycle=braking_latched range=10.186862 bearing=0.0 rss=1.4526553
         1788188944.003  5872  5900 I AebsFrameSubscriber: onMessagesAvailable callback
         1788188944.004  5872  5900 I AebsFrameSubscriber: readNextMessages count=1
         1788188944.004  5872  5900 I MainActivity: onGatewayFrame: frame seq=2284 egoSpeed=0.0 pts=24 intervention=false warning=true braking=true lifecycle=braking_latched range=10.186862 bearing=0.0 rss=1.4526553
         1788188944.104  5872  5900 I AebsFrameSubscriber: onMessagesAvailable callback
         1788188944.104  5872  5900 I AebsFrameSubscriber: readNextMessages count=1
         1788188944.104  5872  5900 I MainActivity: onGatewayFrame: frame seq=2285 egoSpeed=0.0 pts=24 intervention=false warning=true braking=true lifecycle=braking_latched range=10.186862 bearing=0.0 rss=1.4526553
         1788188944.204  5872  5900 I AebsFrameSubscriber: readNextMessages count=1
         1788188944.204  5872  5900 I MainActivity: onGatewayFrame: frame seq=2286 egoSpeed=0.0 pts=24 intervention=false warning=true braking=true lifecycle=braking_latched range=10.186862 bearing=0.0 rss=1.4526553
         1788188944.204  5872  5900 I AebsFrameSubscriber: onMessagesAvailable callback
         1788188944.303  5872  5900 I AebsFrameSubscriber: onMessagesAvailable callback
         1788188944.304  5872  5900 I AebsFrameSubscriber: readNextMessages count=1
         1788188944.305  5872  5900 I MainActivity: onGatewayFrame: frame seq=2287 egoSpeed=0.0 pts=24 intervention=false warning=true braking=true lifecycle=braking_latched range=10.186862 bearing=0.0 rss=1.4526553
         1788188944.403  5872  5900 I AebsFrameSubscriber: onMessagesAvailable callback
         1788188944.404  5872  5900 I AebsFrameSubscriber: readNextMessages count=1
         1788188944.404  5872  5900 I MainActivity: onGatewayFrame: frame seq=2288 egoSpeed=0.0 pts=24 intervention=false warning=true braking=true lifecycle=braking_latched range=10.186862 bearing=0.0 rss=1.4526553
         1788188944.503  5872  5900 I AebsFrameSubscriber: onMessagesAvailable callback
         1788188944.504  5872  5900 I AebsFrameSubscriber: readNextMessages count=1
         1788188944.504  5872  5900 I MainActivity: onGatewayFrame: frame seq=2289 egoSpeed=0.0 pts=24 intervention=false warning=false braking=true lifecycle=released_verified_stop range=10.186862 bearing=0.0 rss=1.4526553
         1788188944.603  5872  5900 I AebsFrameSubscriber: onMessagesAvailable callback
         1788188944.604  5872  5900 I AebsFrameSubscriber: readNextMessages count=1
         1788188944.604  5872  5900 I MainActivity: onGatewayFrame: frame seq=2290 egoSpeed=0.0 pts=24 intervention=false warning=false braking=true lifecycle=released_verified_stop range=10.186862 bearing=0.0 rss=1.4526553
         1788188944.703  5872  5900 I AebsFrameSubscriber: onMessagesAvailable callback
         1788188944.704  5872  5900 I AebsFrameSubscriber: readNextMessages count=1
         1788188944.704  5872  5900 I MainActivity: onGatewayFrame: frame seq=2291 egoSpeed=0.033381283 pts=24 intervention=false warning=false braking=true lifecycle=released_verified_stop range=10.186862 bearing=0.0 rss=1.4526553
         1788188944.803  5872  5900 I AebsFrameSubscriber: onMessagesAvailable callback
         1788188944.804  5872  5900 I AebsFrameSubscriber: readNextMessages count=1
         1788188944.805  5872  5900 I MainActivity: onGatewayFrame: frame seq=2292 egoSpeed=0.13855277 pts=24 intervention=false warning=false braking=true lifecycle=released_verified_stop range=10.186862 bearing=0.0 rss=1.4526553
         1788188944.977  5872  5900 I AebsFrameSubscriber: readNextMessages count=1
         1788188944.977  5872  5900 I MainActivity: onGatewayFrame: frame seq=2293 egoSpeed=0.27214912 pts=24 intervention=false warning=false braking=true lifecycle=released_verified_stop range=10.988806 bearing=0.0 rss=1.0019448
         1788188944.978  5872  5900 I AebsFrameSubscriber: onMessagesAvailable callback
         1788188945.003  5872  5900 I AebsFrameSubscriber: onMessagesAvailable callback
         1788188945.004  5872  5900 I AebsFrameSubscriber: readNextMessages count=1
         1788188945.008  5872  5900 I MainActivity: onGatewayFrame: frame seq=2294 egoSpeed=0.41607848 pts=24 intervention=false warning=false braking=true lifecycle=released_verified_stop range=11.0531845 bearing=0.0 rss=1.1224309
         1788188945.103  5872  5900 I AebsFrameSubscriber: onMessagesAvailable callback
         1788188945.104  5872  5900 I AebsFrameSubscriber: readNextMessages count=1
         1788188945.104  5872  5900 I MainActivity: onGatewayFrame: frame seq=2295 egoSpeed=0.56388885 pts=24 intervention=false warning=false braking=true lifecycle=released_verified_stop range=11.128527 bearing=0.0 rss=1.2828696
         1788188945.203  5872  5900 I AebsFrameSubscriber: onMessagesAvailable callback
         1788188945.204  5872  5900 I AebsFrameSubscriber: readNextMessages count=1
         1788188945.204  5872  5900 I MainActivity: onGatewayFrame: frame seq=2296 egoSpeed=0.7129654 pts=24 intervention=false warning=false braking=true lifecycle=released_verified_stop range=11.167808 bearing=0.0 rss=1.4548216
         1788188945.303  5872  5900 I AebsFrameSubscriber: onMessagesAvailable callback
         1788188945.304  5872  5900 I AebsFrameSubscriber: readNextMessages count=1
         1788188945.304  5872  5900 I MainActivity: onGatewayFrame: frame seq=2297 egoSpeed=0.8626984 pts=24 intervention=false warning=false braking=true lifecycle=released_verified_stop range=11.256857 bearing=0.0 rss=1.5724299
         1788188945.403  5872  5900 I AebsFrameSubscriber: onMessagesAvailable callback
         1788188945.404  5872  5900 I AebsFrameSubscriber: readNextMessages count=1
         1788188945.405  5872  5900 I MainActivity: onGatewayFrame: frame seq=2298 egoSpeed=1.0125968 pts=24 intervention=false warning=false braking=true lifecycle=released_verified_stop range=11.284983 bearing=0.0 rss=1.5760535
         1788188945.503  5872  5900 I AebsFrameSubscriber: onMessagesAvailable callback
         1788188945.504  5872  5900 I AebsFrameSubscriber: readNextMessages count=1
         1788188945.504  5872  5900 I MainActivity: onGatewayFrame: frame seq=2299 egoSpeed=1.1625072 pts=24 intervention=false warning=false braking=true lifecycle=released_verified_stop range=11.370049 bearing=0.0 rss=1.7728026
         1788188945.603  5872  5900 I AebsFrameSubscriber: onMessagesAvailable callback
         1788188945.604  5872  5900 I AebsFrameSubscriber: readNextMessages count=1
         1788188945.604  5872  5900 I MainActivity: onGatewayFrame: frame seq=2300 egoSpeed=1.3124906 pts=24 intervention=false warning=false braking=true lifecycle=released_verified_stop range=11.378019 bearing=0.0 rss=1.7931551
         1788188945.703  5872  5900 I AebsFrameSubscriber: onMessagesAvailable callback
         1788188945.704  5872  5900 I AebsFrameSubscriber: readNextMessages count=1
         1788188945.704  5872  5900 I MainActivity: onGatewayFrame: frame seq=2301 egoSpeed=1.4624915 pts=24 intervention=false warning=false braking=true lifecycle=released_verified_stop range=11.307343 bearing=0.0 rss=2.0050066
         1788188945.803  5872  5900 I AebsFrameSubscriber: onMessagesAvailable callback
         1788188945.806  5872  5900 I AebsFrameSubscriber: readNextMessages count=1
         1788188945.806  5872  5900 I MainActivity: onGatewayFrame: frame seq=2302 egoSpeed=1.6124952 pts=24 intervention=false warning=false braking=true lifecycle=released_verified_stop range=11.381301 bearing=0.0 rss=2.1715982
         1788188945.904  5872  5900 I AebsFrameSubscriber: onMessagesAvailable callback
         1788188945.904  5872  5900 I AebsFrameSubscriber: readNextMessages count=1
         1788188945.904  5872  5900 I MainActivity: onGatewayFrame: frame seq=2303 egoSpeed=1.762539 pts=24 intervention=false warning=false braking=true lifecycle=released_verified_stop range=11.265418 bearing=0.0 rss=2.4512627
         1788188946.006  5872  5900 I AebsFrameSubscriber: onMessagesAvailable callback
         1788188946.006  5872  5900 I AebsFrameSubscriber: readNextMessages count=1
         1788188946.006  5872  5900 I MainActivity: onGatewayFrame: frame seq=2304 egoSpeed=1.9124941 pts=24 intervention=false warning=false braking=true lifecycle=released_verified_stop range=11.158877 bearing=0.0 rss=2.676747
         1788188946.103  5872  5900 I AebsFrameSubscriber: onMessagesAvailable callback
         1788188946.104  5872  5900 I AebsFrameSubscriber: readNextMessages count=1
         1788188946.104  5872  5900 I MainActivity: onGatewayFrame: frame seq=2305 egoSpeed=2.0625303 pts=24 intervention=false warning=false braking=true lifecycle=released_verified_stop range=11.232775 bearing=0.0 rss=2.874726
         1788188946.203  5872  5900 I AebsFrameSubscriber: onMessagesAvailable callback
         1788188946.204  5872  5900 I AebsFrameSubscriber: readNextMessages count=1
         1788188946.204  5872  5900 I MainActivity: onGatewayFrame: frame seq=2306 egoSpeed=2.2127624 pts=24 intervention=false warning=false braking=true lifecycle=released_verified_stop range=11.044245 bearing=0.0 rss=3.1679862
         1788188946.303  5872  5900 I AebsFrameSubscriber: onMessagesAvailable callback
         1788188946.304  5872  5900 I AebsFrameSubscriber: readNextMessages count=1
         1788188946.304  5872  5900 I MainActivity: onGatewayFrame: frame seq=2307 egoSpeed=2.3624947 pts=24 intervention=false warning=false braking=true lifecycle=released_verified_stop range=10.907791 bearing=0.0 rss=3.3814416
         1788188946.403  5872  5900 I AebsFrameSubscriber: onMessagesAvailable callback
         1788188946.406  5872  5900 I AebsFrameSubscriber: readNextMessages count=1
         1788188946.406  5872  5900 I MainActivity: onGatewayFrame: frame seq=2308 egoSpeed=2.512538 pts=24 intervention=false warning=false braking=true lifecycle=released_verified_stop range=10.979938 bearing=0.0 rss=3.580098
         1788188946.503  5872  5900 I AebsFrameSubscriber: onMessagesAvailable callback
         1788188946.504  5872  5900 I AebsFrameSubscriber: readNextMessages count=1
         1788188946.504  5872  5900 I MainActivity: onGatewayFrame: frame seq=2309 egoSpeed=2.6624956 pts=24 intervention=false warning=false braking=true lifecycle=released_verified_stop range=10.715481 bearing=0.0 rss=3.8520522
         1788188946.603  5872  5900 I AebsFrameSubscriber: onMessagesAvailable callback
         1788188946.604  5872  5900 I AebsFrameSubscriber: readNextMessages count=1
         1788188946.604  5872  5900 I MainActivity: onGatewayFrame: frame seq=2310 egoSpeed=2.812422 pts=24 intervention=false warning=false braking=true lifecycle=released_verified_stop range=10.50192 bearing=0.0 rss=4.131349
         1788188946.703  5872  5900 I AebsFrameSubscriber: onMessagesAvailable callback
         1788188946.704  5872  5900 I AebsFrameSubscriber: readNextMessages count=1
         1788188946.704  5872  5900 I MainActivity: onGatewayFrame: frame seq=2311 egoSpeed=2.962461 pts=24 intervention=false warning=false braking=true lifecycle=released_verified_stop range=10.575099 bearing=0.0 rss=4.4136567
         1788188946.804  5872  5900 I AebsFrameSubscriber: onMessagesAvailable callback
         1788188946.804  5872  5900 I AebsFrameSubscriber: readNextMessages count=1
         1788188946.805  5872  5900 I MainActivity: onGatewayFrame: frame seq=2312 egoSpeed=3.1125827 pts=24 intervention=false warning=false braking=true lifecycle=released_verified_stop range=10.261071 bearing=0.0 rss=4.708105
         1788188946.905  5872  5900 I AebsFrameSubscriber: onMessagesAvailable callback
         1788188946.906  5872  5900 I AebsFrameSubscriber: readNextMessages count=1
         1788188946.906  5872  5900 I MainActivity: onGatewayFrame: frame seq=2313 egoSpeed=3.2625797 pts=24 intervention=false warning=false braking=true lifecycle=released_verified_stop range=9.963509 bearing=0.0 rss=5.014651
         1788188947.003  5872  5900 I AebsFrameSubscriber: onMessagesAvailable callback
         1788188947.004  5872  5900 I AebsFrameSubscriber: readNextMessages count=1
         1788188947.004  5872  5900 I MainActivity: onGatewayFrame: frame seq=2314 egoSpeed=3.4124882 pts=24 intervention=false warning=false braking=true lifecycle=released_verified_stop range=10.030139 bearing=0.0 rss=5.321813
         1788188947.103  5872  5900 I AebsFrameSubscriber: onMessagesAvailable callback
         1788188947.104  5872  5900 I AebsFrameSubscriber: readNextMessages count=1
         1788188947.105  5872  5900 I MainActivity: onGatewayFrame: frame seq=2315 egoSpeed=3.562515 pts=24 intervention=false warning=false braking=true lifecycle=released_verified_stop range=9.791667 bearing=0.0 rss=5.6362824
         1788188947.203  5872  5900 I AebsFrameSubscriber: onMessagesAvailable callback
         1788188947.204  5872  5900 I AebsFrameSubscriber: readNextMessages count=1
         1788188947.204  5872  5900 I MainActivity: onGatewayFrame: frame seq=2316 egoSpeed=3.7124798 pts=24 intervention=false warning=false braking=true lifecycle=released_verified_stop range=9.36365 bearing=0.0 rss=5.9629297
         1788188947.304  5872  5900 I AebsFrameSubscriber: onMessagesAvailable callback
         1788188947.304  5872  5900 I AebsFrameSubscriber: readNextMessages count=1
         1788188947.304  5872  5900 I MainActivity: onGatewayFrame: frame seq=2317 egoSpeed=3.8624876 pts=24 intervention=false warning=false braking=true lifecycle=released_verified_stop range=8.97925 bearing=0.0 rss=6.2969375
         1788188947.403  5872  5900 I AebsFrameSubscriber: onMessagesAvailable callback
         1788188947.406  5872  5900 I AebsFrameSubscriber: readNextMessages count=1
         1788188947.406  5872  5900 I MainActivity: onGatewayFrame: frame seq=2318 egoSpeed=4.012805 pts=24 intervention=false warning=false braking=true lifecycle=released_verified_stop range=9.045627 bearing=0.0 rss=6.634118
         1788188947.503  5872  5900 I AebsFrameSubscriber: onMessagesAvailable callback
         1788188947.504  5872  5900 I AebsFrameSubscriber: readNextMessages count=1
         1788188947.504  5872  5900 I MainActivity: onGatewayFrame: frame seq=2319 egoSpeed=4.1627765 pts=24 intervention=false warning=false braking=true lifecycle=released_verified_stop range=8.653621 bearing=0.0 rss=6.9839454
         1788188947.604  5872  5900 I AebsFrameSubscriber: onMessagesAvailable callback
         1788188947.604  5872  5900 I AebsFrameSubscriber: readNextMessages count=1
         1788188947.604  5872  5900 I MainActivity: onGatewayFrame: frame seq=2320 egoSpeed=4.3127923 pts=24 intervention=false warning=false braking=true lifecycle=released_verified_stop range=8.207026 bearing=0.0 rss=7.371286
         1788188947.703  5872  5900 I AebsFrameSubscriber: onMessagesAvailable callback
         1788188947.704  5872  5900 I AebsFrameSubscriber: readNextMessages count=1
         1788188947.704  5872  5900 I MainActivity: onGatewayFrame: frame seq=2321 egoSpeed=4.4627724 pts=24 intervention=false warning=false braking=true lifecycle=released_verified_stop range=8.274713 bearing=0.0 rss=7.700195
         1788188947.803  5872  5900 I AebsFrameSubscriber: onMessagesAvailable callback
         1788188947.804  5872  5900 I AebsFrameSubscriber: readNextMessages count=1
         1788188947.804  5872  5900 I MainActivity: onGatewayFrame: frame seq=2322 egoSpeed=4.6127477 pts=24 intervention=false warning=false braking=true lifecycle=released_verified_stop range=7.7957764 bearing=0.0 rss=8.102553
         1788188947.903  5872  5900 I AebsFrameSubscriber: onMessagesAvailable callback
         1788188947.904  5872  5900 I AebsFrameSubscriber: readNextMessages count=1
         1788188947.904  5872  5900 I MainActivity: onGatewayFrame: frame seq=2323 egoSpeed=4.7627897 pts=24 intervention=false warning=false braking=true lifecycle=released_verified_stop range=7.3163376 bearing=0.0 rss=8.479379
         1788188948.003  5872  5900 I AebsFrameSubscriber: onMessagesAvailable callback
         1788188948.006  5872  5900 I AebsFrameSubscriber: readNextMessages count=1
         1788188948.006  5872  5900 I MainActivity: onGatewayFrame: frame seq=2324 egoSpeed=4.912764 pts=24 intervention=false warning=false braking=true lifecycle=released_verified_stop range=7.3834853 bearing=0.0 rss=8.828647
         1788188948.103  5872  5900 I AebsFrameSubscriber: onMessagesAvailable callback
         1788188948.104  5872  5900 I AebsFrameSubscriber: readNextMessages count=1
         1788188948.104  5872  5900 I MainActivity: onGatewayFrame: frame seq=2325 egoSpeed=5.0627713 pts=24 intervention=false warning=false braking=true lifecycle=released_verified_stop range=6.8413687 bearing=0.0 rss=9.27835
         1788188948.206  5872  5900 I AebsFrameSubscriber: onMessagesAvailable callback
         1788188948.206  5872  5900 I AebsFrameSubscriber: readNextMessages count=1
         1788188948.206  5872  5900 I MainActivity: onGatewayFrame: frame seq=2326 egoSpeed=5.2124734 pts=24 intervention=false warning=false braking=true lifecycle=released_verified_stop range=6.310579 bearing=0.0 rss=9.677757
         1788188948.379  5872  5900 I AebsFrameSubscriber: readNextMessages count=1
         1788188948.379  5872  5900 I MainActivity: onGatewayFrame: frame seq=2327 egoSpeed=5.3628116 pts=24 intervention=false warning=false braking=true lifecycle=released_verified_stop range=5.709069 bearing=0.0 rss=10.243682
         1788188948.379  5872  5900 I AebsFrameSubscriber: onMessagesAvailable callback
         1788188948.404  5872  5900 I AebsFrameSubscriber: onMessagesAvailable callback
         1788188948.409  5872  5900 I AebsFrameSubscriber: readNextMessages count=1
         1788188948.409  5872  5900 I MainActivity: onGatewayFrame: frame seq=2328 egoSpeed=5.5127687 pts=24 intervention=false warning=false braking=true lifecycle=released_verified_stop range=5.776189 bearing=0.0 rss=10.6589985
         1788188948.504  5872  5900 I AebsFrameSubscriber: onMessagesAvailable callback
         1788188948.504  5872  5900 I AebsFrameSubscriber: readNextMessages count=1
         1788188948.504  5872  5900 I MainActivity: onGatewayFrame: frame seq=2329 egoSpeed=5.662797 pts=24 intervention=false warning=false braking=true lifecycle=released_verified_stop range=5.13925 bearing=0.0 rss=11.080768
         1788188948.603  5872  5900 I AebsFrameSubscriber: onMessagesAvailable callback
         1788188948.604  5872  5900 I AebsFrameSubscriber: readNextMessages count=1
         1788188948.604  5872  5900 I MainActivity: onGatewayFrame: frame seq=2330 egoSpeed=5.812745 pts=24 intervention=false warning=false braking=true lifecycle=released_verified_stop range=4.528438 bearing=0.0 rss=11.609985
         1788188948.704  5872  5900 I AebsFrameSubscriber: onMessagesAvailable callback
         1788188948.704  5872  5900 I AebsFrameSubscriber: readNextMessages count=1
         1788188948.705  5872  5900 I MainActivity: onGatewayFrame: frame seq=2331 egoSpeed=5.9628105 pts=24 intervention=false warning=false braking=true lifecycle=released_verified_stop range=4.5965834 bearing=0.0 rss=11.946975
         1788188948.803  5872  5900 I AebsFrameSubscriber: onMessagesAvailable callback
         1788188948.806  5872  5900 I AebsFrameSubscriber: readNextMessages count=1
         1788188948.806  5872  5900 I MainActivity: onGatewayFrame: frame seq=2332 egoSpeed=6.1125307 pts=24 intervention=false warning=false braking=true lifecycle=released_verified_stop range=3.896793 bearing=0.0 rss=12.391558
         1788188948.903  5872  5900 I AebsFrameSubscriber: onMessagesAvailable callback
         1788188948.904  5872  5900 I AebsFrameSubscriber: readNextMessages count=1
         1788188948.904  5872  5900 I MainActivity: onGatewayFrame: frame seq=2333 egoSpeed=6.262482 pts=24 intervention=false warning=false braking=true lifecycle=released_verified_stop range=3.0863965 bearing=0.0 rss=12.842598
         1788188949.003  5872  5900 I AebsFrameSubscriber: onMessagesAvailable callback
         1788188949.006  5872  5900 I AebsFrameSubscriber: readNextMessages count=1
         1788188949.006  5872  5900 I MainActivity: onGatewayFrame: frame seq=2334 egoSpeed=6.412792 pts=24 intervention=false warning=false braking=true lifecycle=released_verified_stop range=2.4746377 bearing=0.0 rss=13.294958
         1788188949.103  5872  5900 I AebsFrameSubscriber: onMessagesAvailable callback
         1788188949.104  5872  5900 I AebsFrameSubscriber: readNextMessages count=1
         1788188949.104  5872  5900 I MainActivity: onGatewayFrame: frame seq=2335 egoSpeed=6.5625176 pts=24 intervention=false warning=false braking=true lifecycle=released_verified_stop range=2.5406284 bearing=0.0 rss=13.762805
         1788188949.203  5872  5900 I AebsFrameSubscriber: onMessagesAvailable callback
         1788188949.204  5872  5900 I AebsFrameSubscriber: readNextMessages count=1
         1788188949.205  5872  5900 I MainActivity: onGatewayFrame: frame seq=2336 egoSpeed=6.706469 pts=24 intervention=false warning=false braking=true lifecycle=released_verified_stop range=1.6678619 bearing=0.0 rss=14.23632
         1788188949.304  5872  5900 I AebsFrameSubscriber: onMessagesAvailable callback
         1788188949.304  5872  5900 I AebsFrameSubscriber: readNextMessages count=1
         1788188949.304  5872  5900 I MainActivity: onGatewayFrame: frame seq=2337 egoSpeed=6.820793 pts=24 intervention=false warning=false braking=true lifecycle=released_verified_stop range=1.005359 bearing=0.0 rss=14.698619
         1788188949.403  5872  5900 I AebsFrameSubscriber: onMessagesAvailable callback
         1788188949.404  5872  5900 I AebsFrameSubscriber: readNextMessages count=1
         1788188949.404  5872  5900 I MainActivity: onGatewayFrame: frame seq=2338 egoSpeed=6.892593 pts=24 intervention=false warning=false braking=true lifecycle=released_verified_stop range=1.0713276 bearing=0.0 rss=15.070692
         1788188949.503  5872  5900 I AebsFrameSubscriber: onMessagesAvailable callback
         1788188949.504  5872  5900 I AebsFrameSubscriber: readNextMessages count=1
         1788188949.504  5872  5900 I MainActivity: onGatewayFrame: frame seq=2339 egoSpeed=6.9231563 pts=24 intervention=false warning=false braking=true lifecycle=released_verified_stop range=0.21506873 bearing=0.0 rss=15.258779
         1788188949.604  5872  5900 I AebsFrameSubscriber: onMessagesAvailable callback
         1788188949.604  5872  5900 I AebsFrameSubscriber: readNextMessages count=1
         1788188949.604  5872  5900 I MainActivity: onGatewayFrame: frame seq=2340 egoSpeed=6.934419 pts=24 intervention=false warning=false braking=true lifecycle=released_verified_stop range=0.056608804 bearing=0.0 rss=15.467758
         1788188949.704  5872  5900 I AebsFrameSubscriber: onMessagesAvailable callback
         1788188949.704  5872  5900 I AebsFrameSubscriber: readNextMessages count=1
         1788188949.704  5872  5900 I MainActivity: onGatewayFrame: frame seq=2341 egoSpeed=6.9385614 pts=24 intervention=false warning=false braking=true lifecycle=released_verified_stop range=0.025767928 bearing=0.0 rss=15.5050335
         1788188949.804  5872  5900 I AebsFrameSubscriber: onMessagesAvailable callback
         1788188949.804  5872  5900 I AebsFrameSubscriber: readNextMessages count=1
         1788188949.804  5872  5900 I MainActivity: onGatewayFrame: frame seq=2342 egoSpeed=6.940086 pts=24 intervention=false warning=false braking=true lifecycle=released_verified_stop range=0.0021403348 bearing=0.0 rss=15.410713
         1788188949.903  5872  5900 I AebsFrameSubscriber: onMessagesAvailable callback
         1788188949.904  5872  5900 I AebsFrameSubscriber: readNextMessages count=1
         1788188949.904  5872  5900 I MainActivity: onGatewayFrame: frame seq=2343 egoSpeed=6.9406466 pts=24 intervention=false warning=false braking=true lifecycle=released_verified_stop range=0.030696537 bearing=0.0 rss=15.415764
         1788188950.004  5872  5900 I AebsFrameSubscriber: onMessagesAvailable callback
         1788188950.004  5872  5900 I AebsFrameSubscriber: readNextMessages count=1
         1788188950.004  5872  5900 I MainActivity: onGatewayFrame: frame seq=2344 egoSpeed=6.9408526 pts=24 intervention=false warning=false braking=true lifecycle=released_verified_stop range=0.03591587 bearing=0.0 rss=15.525662
         1788188950.103  5872  5900 I AebsFrameSubscriber: onMessagesAvailable callback
         1788188950.104  5872  5900 I AebsFrameSubscriber: readNextMessages count=1
         1788188950.104  5872  5900 I MainActivity: onGatewayFrame: frame seq=2345 egoSpeed=6.9409285 pts=24 intervention=false warning=false braking=true lifecycle=released_verified_stop range=0.0052063596 bearing=0.0 rss=15.526344
         1788188950.204  5872  5900 I AebsFrameSubscriber: onMessagesAvailable callback
         1788188950.204  5872  5900 I AebsFrameSubscriber: readNextMessages count=1
         1788188950.204  5872  5900 I MainActivity: onGatewayFrame: frame seq=2346 egoSpeed=6.9409566 pts=24 intervention=false warning=false braking=true lifecycle=released_verified_stop range=0.07490248 bearing=0.0 rss=15.418556
         1788188950.303  5872  5900 I AebsFrameSubscriber: onMessagesAvailable callback
         1788188950.304  5872  5900 I AebsFrameSubscriber: readNextMessages count=1
         1788188950.304  5872  5900 I MainActivity: onGatewayFrame: frame seq=2347 egoSpeed=6.9409666 pts=24 intervention=false warning=false braking=true lifecycle=released_verified_stop range=0.07490248 bearing=0.0 rss=15.418556
         1788188950.404  5872  5900 I AebsFrameSubscriber: onMessagesAvailable callback
         1788188950.404  5872  5900 I AebsFrameSubscriber: readNextMessages count=1
         1788188950.404  5872  5900 I MainActivity: onGatewayFrame: frame seq=2348 egoSpeed=6.9409704 pts=24 intervention=false warning=false braking=true lifecycle=released_verified_stop range=0.07490248 bearing=0.0 rss=15.418556
         1788188950.503  5872  5900 I AebsFrameSubscriber: onMessagesAvailable callback
         1788188950.504  5872  5900 I AebsFrameSubscriber: readNextMessages count=1
         1788188950.504  5872  5900 I MainActivity: onGatewayFrame: frame seq=2349 egoSpeed=6.940972 pts=24 intervention=false warning=false braking=true lifecycle=released_verified_stop range=0.07490248 bearing=0.0 rss=15.418556
         1788188950.604  5872  5900 I AebsFrameSubscriber: onMessagesAvailable callback
         1788188950.604  5872  5900 I AebsFrameSubscriber: readNextMessages count=1
         1788188950.604  5872  5900 I MainActivity: onGatewayFrame: frame seq=2350 egoSpeed=6.9409723 pts=24 intervention=false warning=false braking=true lifecycle=released_verified_stop range=0.07490248 bearing=0.0 rss=15.418556
         1788188950.704  5872  5900 I AebsFrameSubscriber: onMessagesAvailable callback
         1788188950.704  5872  5900 I AebsFrameSubscriber: readNextMessages count=1
         1788188950.704  5872  5900 I MainActivity: onGatewayFrame: frame seq=2351 egoSpeed=6.940973 pts=24 intervention=false warning=false braking=true lifecycle=released_verified_stop range=0.07490248 bearing=0.0 rss=15.418556
         1788188950.803  5872  5900 I AebsFrameSubscriber: onMessagesAvailable callback
         1788188950.804  5872  5900 I AebsFrameSubscriber: readNextMessages count=1
         1788188950.804  5872  5900 I MainActivity: onGatewayFrame: frame seq=2352 egoSpeed=6.940973 pts=24 intervention=false warning=false braking=true lifecycle=released_verified_stop range=0.07490248 bearing=0.0 rss=15.418556
         1788188950.903  5872  5900 I AebsFrameSubscriber: onMessagesAvailable callback
         1788188950.904  5872  5900 I AebsFrameSubscriber: readNextMessages count=1
         1788188950.904  5872  5900 I MainActivity: onGatewayFrame: frame seq=2353 egoSpeed=6.940973 pts=24 intervention=false warning=false braking=true lifecycle=released_verified_stop range=0.07490248 bearing=0.0 rss=15.418556
         1788188951.003  5872  5900 I AebsFrameSubscriber: onMessagesAvailable callback
         1788188951.004  5872  5900 I AebsFrameSubscriber: readNextMessages count=1
         1788188951.004  5872  5900 I MainActivity: onGatewayFrame: frame seq=2354 egoSpeed=6.940973 pts=24 intervention=false warning=false braking=true lifecycle=released_verified_stop range=0.07490248 bearing=0.0 rss=15.418556
         1788188951.103  5872  5900 I AebsFrameSubscriber: onMessagesAvailable callback
         1788188951.104  5872  5900 I AebsFrameSubscriber: readNextMessages count=1
         1788188951.104  5872  5900 I MainActivity: onGatewayFrame: frame seq=2355 egoSpeed=6.940973 pts=24 intervention=false warning=false braking=true lifecycle=released_verified_stop range=0.07490248 bearing=0.0 rss=15.418556
         1788188951.203  5872  5900 I AebsFrameSubscriber: onMessagesAvailable callback
         1788188951.204  5872  5900 I AebsFrameSubscriber: readNextMessages count=1
         1788188951.204  5872  5900 I MainActivity: onGatewayFrame: frame seq=2356 egoSpeed=6.940973 pts=24 intervention=false warning=false braking=true lifecycle=released_verified_stop range=0.07490248 bearing=0.0 rss=15.418556
         1788188951.304  5872  5900 I AebsFrameSubscriber: onMessagesAvailable callback
         1788188951.304  5872  5900 I AebsFrameSubscriber: readNextMessages count=1
         1788188951.304  5872  5900 I MainActivity: onGatewayFrame: frame seq=2357 egoSpeed=6.940973 pts=24 intervention=false warning=false braking=true lifecycle=released_verified_stop range=0.07490248 bearing=0.0 rss=15.418556
         1788188951.403  5872  5900 I AebsFrameSubscriber: onMessagesAvailable callback
         1788188951.404  5872  5900 I AebsFrameSubscriber: readNextMessages count=1
         1788188951.404  5872  5900 I MainActivity: onGatewayFrame: frame seq=2358 egoSpeed=6.940973 pts=24 intervention=false warning=false braking=true lifecycle=released_verified_stop range=0.07490248 bearing=0.0 rss=15.418556
         1788188951.503  5872  5900 I AebsFrameSubscriber: onMessagesAvailable callback
         1788188951.504  5872  5900 I AebsFrameSubscriber: readNextMessages count=1
         1788188951.504  5872  5900 I MainActivity: onGatewayFrame: frame seq=2359 egoSpeed=6.940973 pts=24 intervention=false warning=false braking=true lifecycle=released_verified_stop range=0.07490248 bearing=0.0 rss=15.418556
         1788188951.603  5872  5900 I AebsFrameSubscriber: onMessagesAvailable callback
         1788188951.604  5872  5900 I AebsFrameSubscriber: readNextMessages count=1
         1788188951.604  5872  5900 I MainActivity: onGatewayFrame: frame seq=2360 egoSpeed=6.940973 pts=24 intervention=false warning=false braking=true lifecycle=released_verified_stop range=0.07490248 bearing=0.0 rss=15.418556
         1788188951.771  5872  5900 I AebsFrameSubscriber: readNextMessages count=1
         1788188951.771  5872  5900 I MainActivity: onGatewayFrame: frame seq=2361 egoSpeed=6.940973 pts=24 intervention=false warning=false braking=true lifecycle=released_verified_stop range=0.07490248 bearing=0.0 rss=15.418556
         1788188951.771  5872  5900 I AebsFrameSubscriber: onMessagesAvailable callback
         1788188951.804  5872  5900 I AebsFrameSubscriber: onMessagesAvailable callback
         1788188951.809  5872  5900 I AebsFrameSubscriber: readNextMessages count=1
         1788188951.809  5872  5900 I MainActivity: onGatewayFrame: frame seq=2362 egoSpeed=6.940973 pts=24 intervention=false warning=false braking=true lifecycle=released_verified_stop range=0.07490248 bearing=0.0 rss=15.418556
         1788188951.904  5872  5900 I AebsFrameSubscriber: onMessagesAvailable callback
         1788188951.904  5872  5900 I AebsFrameSubscriber: readNextMessages count=1
         1788188951.904  5872  5900 I MainActivity: onGatewayFrame: frame seq=2363 egoSpeed=6.940973 pts=24 intervention=false warning=false braking=true lifecycle=released_verified_stop range=0.07490248 bearing=0.0 rss=15.418556
         1788188952.003  5872  5900 I AebsFrameSubscriber: onMessagesAvailable callback
         1788188952.004  5872  5900 I AebsFrameSubscriber: readNextMessages count=1
         1788188952.004  5872  5900 I MainActivity: onGatewayFrame: frame seq=2364 egoSpeed=6.940973 pts=24 intervention=false warning=false braking=true lifecycle=released_verified_stop range=0.07490248 bearing=0.0 rss=15.418556
         1788188952.104  5872  5900 I AebsFrameSubscriber: onMessagesAvailable callback
         1788188952.104  5872  5900 I AebsFrameSubscriber: readNextMessages count=1
         1788188952.104  5872  5900 I MainActivity: onGatewayFrame: frame seq=2365 egoSpeed=6.940973 pts=24 intervention=false warning=false braking=true lifecycle=released_verified_stop range=0.07490248 bearing=0.0 rss=15.418556
         1788188952.204  5872  5900 I AebsFrameSubscriber: onMessagesAvailable callback
         1788188952.204  5872  5900 I AebsFrameSubscriber: readNextMessages count=1
         1788188952.204  5872  5900 I MainActivity: onGatewayFrame: frame seq=2366 egoSpeed=6.940973 pts=24 intervention=false warning=false braking=true lifecycle=released_verified_stop range=0.07490248 bearing=0.0 rss=15.418556
         1788188952.304  5872  5900 I AebsFrameSubscriber: onMessagesAvailable callback
         1788188952.304  5872  5900 I AebsFrameSubscriber: readNextMessages count=1
         1788188952.304  5872  5900 I MainActivity: onGatewayFrame: frame seq=2367 egoSpeed=6.940973 pts=24 intervention=false warning=false braking=true lifecycle=released_verified_stop range=0.07490248 bearing=0.0 rss=15.418556
         1788188952.403  5872  5900 I AebsFrameSubscriber: onMessagesAvailable callback
         1788188952.404  5872  5900 I AebsFrameSubscriber: readNextMessages count=1
         1788188952.404  5872  5900 I MainActivity: onGatewayFrame: frame seq=2368 egoSpeed=6.940973 pts=24 intervention=false warning=false braking=true lifecycle=released_verified_stop range=0.07490248 bearing=0.0 rss=15.418556
         1788188952.503  5872  5900 I AebsFrameSubscriber: onMessagesAvailable callback
         1788188952.504  5872  5900 I AebsFrameSubscriber: readNextMessages count=1
         1788188952.504  5872  5900 I MainActivity: onGatewayFrame: frame seq=2369 egoSpeed=6.940973 pts=24 intervention=false warning=false braking=true lifecycle=released_verified_stop range=0.07490248 bearing=0.0 rss=15.418556
         1788188952.603  5872  5900 I AebsFrameSubscriber: onMessagesAvailable callback
         1788188952.604  5872  5900 I AebsFrameSubscriber: readNextMessages count=1
         1788188952.604  5872  5900 I MainActivity: onGatewayFrame: frame seq=2370 egoSpeed=6.940973 pts=24 intervention=false warning=false braking=true lifecycle=released_verified_stop range=0.07490248 bearing=0.0 rss=15.418556
         1788188952.703  5872  5900 I AebsFrameSubscriber: onMessagesAvailable callback
         1788188952.704  5872  5900 I AebsFrameSubscriber: readNextMessages count=1
         1788188952.704  5872  5900 I MainActivity: onGatewayFrame: frame seq=2371 egoSpeed=6.940973 pts=24 intervention=false warning=false braking=true lifecycle=released_verified_stop range=0.07490248 bearing=0.0 rss=15.418556
         1788188952.803  5872  5900 I AebsFrameSubscriber: onMessagesAvailable callback
         1788188952.804  5872  5900 I AebsFrameSubscriber: readNextMessages count=1
         1788188952.804  5872  5900 I MainActivity: onGatewayFrame: frame seq=2372 egoSpeed=6.940973 pts=24 intervention=false warning=false braking=true lifecycle=released_verified_stop range=0.07490248 bearing=0.0 rss=15.418556
         1788188952.903  5872  5900 I AebsFrameSubscriber: onMessagesAvailable callback
         1788188952.904  5872  5900 I AebsFrameSubscriber: readNextMessages count=1
         1788188952.904  5872  5900 I MainActivity: onGatewayFrame: frame seq=2373 egoSpeed=6.940973 pts=24 intervention=false warning=false braking=true lifecycle=released_verified_stop range=0.07490248 bearing=0.0 rss=15.418556
         1788188953.003  5872  5900 I AebsFrameSubscriber: onMessagesAvailable callback
         1788188953.004  5872  5900 I AebsFrameSubscriber: readNextMessages count=1
         1788188953.004  5872  5900 I MainActivity: onGatewayFrame: frame seq=2374 egoSpeed=6.940973 pts=24 intervention=false warning=false braking=true lifecycle=released_verified_stop range=0.07490248 bearing=0.0 rss=15.418556
         1788188953.104  5872  5900 I AebsFrameSubscriber: onMessagesAvailable callback
         1788188953.104  5872  5900 I AebsFrameSubscriber: readNextMessages count=1
         1788188953.104  5872  5900 I MainActivity: onGatewayFrame: frame seq=2375 egoSpeed=6.940973 pts=24 intervention=false warning=false braking=true lifecycle=released_verified_stop range=0.07490248 bearing=0.0 rss=15.418556
         1788188953.203  5872  5900 I AebsFrameSubscriber: onMessagesAvailable callback
         1788188953.204  5872  5900 I AebsFrameSubscriber: readNextMessages count=1
         1788188953.204  5872  5900 I MainActivity: onGatewayFrame: frame seq=2376 egoSpeed=6.940973 pts=24 intervention=false warning=false braking=true lifecycle=released_verified_stop range=0.07490248 bearing=0.0 rss=15.418556
         1788188953.303  5872  5900 I AebsFrameSubscriber: onMessagesAvailable callback
         1788188953.304  5872  5900 I AebsFrameSubscriber: readNextMessages count=1
         1788188953.304  5872  5900 I MainActivity: onGatewayFrame: frame seq=2377 egoSpeed=6.940973 pts=24 intervention=false warning=false braking=true lifecycle=released_verified_stop range=0.07490248 bearing=0.0 rss=15.418556
         1788188953.403  5872  5900 I AebsFrameSubscriber: onMessagesAvailable callback
         1788188953.404  5872  5900 I AebsFrameSubscriber: readNextMessages count=1
         1788188953.404  5872  5900 I MainActivity: onGatewayFrame: frame seq=2378 egoSpeed=6.940973 pts=24 intervention=false warning=false braking=true lifecycle=released_verified_stop range=0.07490248 bearing=0.0 rss=15.418556
         1788188953.503  5872  5900 I AebsFrameSubscriber: onMessagesAvailable callback
         1788188953.504  5872  5900 I AebsFrameSubscriber: readNextMessages count=1
         1788188953.504  5872  5900 I MainActivity: onGatewayFrame: frame seq=2379 egoSpeed=6.940973 pts=24 intervention=false warning=false braking=true lifecycle=released_verified_stop range=0.07490248 bearing=0.0 rss=15.418556
         1788188953.604  5872  5900 I AebsFrameSubscriber: onMessagesAvailable callback
         1788188953.604  5872  5900 I AebsFrameSubscriber: readNextMessages count=1
         1788188953.604  5872  5900 I MainActivity: onGatewayFrame: frame seq=2380 egoSpeed=6.940973 pts=24 intervention=false warning=false braking=true lifecycle=released_verified_stop range=0.07490248 bearing=0.0 rss=15.418556
         1788188953.704  5872  5900 I AebsFrameSubscriber: onMessagesAvailable callback
         1788188953.704  5872  5900 I AebsFrameSubscriber: readNextMessages count=1
         1788188953.704  5872  5900 I MainActivity: onGatewayFrame: frame seq=2381 egoSpeed=6.940973 pts=24 intervention=false warning=false braking=true lifecycle=released_verified_stop range=0.07490248 bearing=0.0 rss=15.418556
         1788188953.804  5872  5900 I AebsFrameSubscriber: onMessagesAvailable callback
         1788188953.804  5872  5900 I AebsFrameSubscriber: readNextMessages count=1
         1788188953.804  5872  5900 I MainActivity: onGatewayFrame: frame seq=2382 egoSpeed=6.940973 pts=24 intervention=false warning=false braking=true lifecycle=released_verified_stop range=0.07490248 bearing=0.0 rss=15.418556
         1788188953.904  5872  5900 I AebsFrameSubscriber: onMessagesAvailable callback
         1788188953.904  5872  5900 I AebsFrameSubscriber: readNextMessages count=1
         1788188953.904  5872  5900 I MainActivity: onGatewayFrame: frame seq=2383 egoSpeed=6.940973 pts=24 intervention=false warning=false braking=true lifecycle=released_verified_stop range=0.07490248 bearing=0.0 rss=15.418556
         1788188954.003  5872  5900 I AebsFrameSubscriber: onMessagesAvailable callback
         1788188954.004  5872  5900 I AebsFrameSubscriber: readNextMessages count=1
         1788188954.006  5872  5900 I MainActivity: onGatewayFrame: frame seq=2384 egoSpeed=6.940973 pts=24 intervention=false warning=false braking=true lifecycle=released_verified_stop range=0.07490248 bearing=0.0 rss=15.418556
         1788188954.103  5872  5900 I AebsFrameSubscriber: onMessagesAvailable callback
         1788188954.104  5872  5900 I AebsFrameSubscriber: readNextMessages count=1
         1788188954.104  5872  5900 I MainActivity: onGatewayFrame: frame seq=2385 egoSpeed=6.940973 pts=24 intervention=false warning=false braking=true lifecycle=released_verified_stop range=0.07490248 bearing=0.0 rss=15.418556
         1788188954.203  5872  5900 I AebsFrameSubscriber: onMessagesAvailable callback
         1788188954.204  5872  5900 I AebsFrameSubscriber: readNextMessages count=1
         1788188954.204  5872  5900 I MainActivity: onGatewayFrame: frame seq=2386 egoSpeed=6.940973 pts=24 intervention=false warning=false braking=true lifecycle=released_verified_stop range=0.07490248 bearing=0.0 rss=15.418556
         1788188954.304  5872  5900 I AebsFrameSubscriber: onMessagesAvailable callback
         1788188954.304  5872  5900 I AebsFrameSubscriber: readNextMessages count=1
         1788188954.304  5872  5900 I MainActivity: onGatewayFrame: frame seq=2387 egoSpeed=6.940973 pts=24 intervention=false warning=false braking=true lifecycle=released_verified_stop range=0.07490248 bearing=0.0 rss=15.418556
         1788188954.403  5872  5900 I AebsFrameSubscriber: onMessagesAvailable callback
         1788188954.404  5872  5900 I AebsFrameSubscriber: readNextMessages count=1
         1788188954.404  5872  5900 I MainActivity: onGatewayFrame: frame seq=2388 egoSpeed=6.940973 pts=24 intervention=false warning=false braking=true lifecycle=released_verified_stop range=0.07490248 bearing=0.0 rss=15.418556
         1788188954.503  5872  5900 I AebsFrameSubscriber: onMessagesAvailable callback
         1788188954.504  5872  5900 I AebsFrameSubscriber: readNextMessages count=1
         1788188954.504  5872  5900 I MainActivity: onGatewayFrame: frame seq=2389 egoSpeed=6.940973 pts=24 intervention=false warning=false braking=true lifecycle=released_verified_stop range=0.07490248 bearing=0.0 rss=15.418556
         1788188954.603  5872  5900 I AebsFrameSubscriber: onMessagesAvailable callback
         1788188954.604  5872  5900 I AebsFrameSubscriber: readNextMessages count=1
         1788188954.604  5872  5900 I MainActivity: onGatewayFrame: frame seq=2390 egoSpeed=6.940973 pts=24 intervention=false warning=false braking=true lifecycle=released_verified_stop range=0.07490248 bearing=0.0 rss=15.418556
         1788188954.703  5872  5900 I AebsFrameSubscriber: onMessagesAvailable callback
         1788188954.704  5872  5900 I AebsFrameSubscriber: readNextMessages count=1
         1788188954.704  5872  5900 I MainActivity: onGatewayFrame: frame seq=2391 egoSpeed=6.940973 pts=24 intervention=false warning=false braking=true lifecycle=released_verified_stop range=0.07490248 bearing=0.0 rss=15.418556
         1788188954.803  5872  5900 I AebsFrameSubscriber: onMessagesAvailable callback
         1788188954.804  5872  5900 I AebsFrameSubscriber: readNextMessages count=1
         1788188954.804  5872  5900 I MainActivity: onGatewayFrame: frame seq=2392 egoSpeed=6.940973 pts=24 intervention=false warning=false braking=true lifecycle=released_verified_stop range=0.07490248 bearing=0.0 rss=15.418556
         1788188954.904  5872  5900 I AebsFrameSubscriber: onMessagesAvailable callback
         1788188954.905  5872  5900 I AebsFrameSubscriber: readNextMessages count=1
         1788188954.905  5872  5900 I MainActivity: onGatewayFrame: frame seq=2393 egoSpeed=6.940973 pts=24 intervention=false warning=false braking=true lifecycle=released_verified_stop range=0.07490248 bearing=0.0 rss=15.418556
         1788188955.004  5872  5900 I AebsFrameSubscriber: onMessagesAvailable callback
         1788188955.004  5872  5900 I AebsFrameSubscriber: readNextMessages count=1
         1788188955.004  5872  5900 I MainActivity: onGatewayFrame: frame seq=2394 egoSpeed=6.940973 pts=24 intervention=false warning=false braking=true lifecycle=released_verified_stop range=0.07490248 bearing=0.0 rss=15.418556
         1788188955.166  5872  5900 I AebsFrameSubscriber: readNextMessages count=1
         1788188955.167  5872  5900 I MainActivity: onGatewayFrame: frame seq=2395 egoSpeed=6.940973 pts=24 intervention=false warning=false braking=true lifecycle=released_verified_stop range=0.07490248 bearing=0.0 rss=15.418556
         1788188955.167  5872  5900 I AebsFrameSubscriber: onMessagesAvailable callback
         1788188955.204  5872  5900 I AebsFrameSubscriber: onMessagesAvailable callback
         1788188955.204  5872  5900 I AebsFrameSubscriber: readNextMessages count=1
         1788188955.204  5872  5900 I MainActivity: onGatewayFrame: frame seq=2396 egoSpeed=6.940973 pts=24 intervention=false warning=false braking=true lifecycle=released_verified_stop range=0.07490248 bearing=0.0 rss=15.418556
         1788188955.304  5872  5900 I AebsFrameSubscriber: onMessagesAvailable callback
         1788188955.304  5872  5900 I AebsFrameSubscriber: readNextMessages count=1
         1788188955.304  5872  5900 I MainActivity: onGatewayFrame: frame seq=2397 egoSpeed=6.940973 pts=24 intervention=false warning=false braking=true lifecycle=released_verified_stop range=0.07490248 bearing=0.0 rss=15.418556
         1788188955.404  5872  5900 I AebsFrameSubscriber: onMessagesAvailable callback
         1788188955.404  5872  5900 I AebsFrameSubscriber: readNextMessages count=1
         1788188955.404  5872  5900 I MainActivity: onGatewayFrame: frame seq=2398 egoSpeed=6.940973 pts=24 intervention=false warning=false braking=true lifecycle=released_verified_stop range=0.07490248 bearing=0.0 rss=15.418556
         1788188955.504  5872  5900 I AebsFrameSubscriber: onMessagesAvailable callback
         1788188955.504  5872  5900 I AebsFrameSubscriber: readNextMessages count=1
         1788188955.504  5872  5900 I MainActivity: onGatewayFrame: frame seq=2399 egoSpeed=6.940973 pts=24 intervention=false warning=false braking=true lifecycle=released_verified_stop range=0.07490248 bearing=0.0 rss=15.418556
         1788188955.604  5872  5900 I AebsFrameSubscriber: onMessagesAvailable callback
         1788188955.604  5872  5900 I AebsFrameSubscriber: readNextMessages count=1
         1788188955.604  5872  5900 I MainActivity: onGatewayFrame: frame seq=2400 egoSpeed=6.940973 pts=24 intervention=false warning=false braking=true lifecycle=released_verified_stop range=0.07490248 bearing=0.0 rss=15.418556
         1788188955.704  5872  5900 I AebsFrameSubscriber: onMessagesAvailable callback
         1788188955.704  5872  5900 I AebsFrameSubscriber: readNextMessages count=1
         1788188955.704  5872  5900 I MainActivity: onGatewayFrame: frame seq=2401 egoSpeed=6.940973 pts=24 intervention=false warning=false braking=true lifecycle=released_verified_stop range=0.07490248 bearing=0.0 rss=15.418556
         1788188955.804  5872  5900 I AebsFrameSubscriber: onMessagesAvailable callback
         1788188955.804  5872  5900 I AebsFrameSubscriber: readNextMessages count=1
         1788188955.804  5872  5900 I MainActivity: onGatewayFrame: frame seq=2402 egoSpeed=6.940973 pts=24 intervention=false warning=false braking=true lifecycle=released_verified_stop range=0.07490248 bearing=0.0 rss=15.418556
         1788188955.904  5872  5900 I AebsFrameSubscriber: onMessagesAvailable callback
         1788188955.904  5872  5900 I AebsFrameSubscriber: readNextMessages count=1
         1788188955.904  5872  5900 I MainActivity: onGatewayFrame: frame seq=2403 egoSpeed=6.940973 pts=24 intervention=false warning=false braking=true lifecycle=released_verified_stop range=0.07490248 bearing=0.0 rss=15.418556
         1788188956.004  5872  5900 I AebsFrameSubscriber: onMessagesAvailable callback
         1788188956.004  5872  5900 I AebsFrameSubscriber: readNextMessages count=1
         1788188956.004  5872  5900 I MainActivity: onGatewayFrame: frame seq=2404 egoSpeed=6.940973 pts=24 intervention=false warning=false braking=true lifecycle=released_verified_stop range=0.07490248 bearing=0.0 rss=15.418556
         1788188956.104  5872  5900 I AebsFrameSubscriber: onMessagesAvailable callback
         1788188956.104  5872  5900 I AebsFrameSubscriber: readNextMessages count=1
         1788188956.104  5872  5900 I MainActivity: onGatewayFrame: frame seq=2405 egoSpeed=6.940973 pts=24 intervention=false warning=false braking=true lifecycle=released_verified_stop range=0.07490248 bearing=0.0 rss=15.418556
         1788188956.204  5872  5900 I AebsFrameSubscriber: onMessagesAvailable callback
         1788188956.204  5872  5900 I AebsFrameSubscriber: readNextMessages count=1
         1788188956.204  5872  5900 I MainActivity: onGatewayFrame: frame seq=2406 egoSpeed=6.940973 pts=24 intervention=false warning=false braking=true lifecycle=released_verified_stop range=0.07490248 bearing=0.0 rss=15.418556
         1788188956.304  5872  5900 I AebsFrameSubscriber: onMessagesAvailable callback
         1788188956.304  5872  5900 I AebsFrameSubscriber: readNextMessages count=1
         1788188956.304  5872  5900 I MainActivity: onGatewayFrame: frame seq=2407 egoSpeed=6.940973 pts=24 intervention=false warning=false braking=true lifecycle=released_verified_stop range=0.07490248 bearing=0.0 rss=15.418556
         1788188956.404  5872  5900 I AebsFrameSubscriber: onMessagesAvailable callback
         1788188956.404  5872  5900 I AebsFrameSubscriber: readNextMessages count=1
         1788188956.404  5872  5900 I MainActivity: onGatewayFrame: frame seq=2408 egoSpeed=6.940973 pts=24 intervention=false warning=false braking=true lifecycle=released_verified_stop range=0.07490248 bearing=0.0 rss=15.418556
         1788188956.504  5872  5900 I AebsFrameSubscriber: onMessagesAvailable callback
         1788188956.504  5872  5900 I AebsFrameSubscriber: readNextMessages count=1
         1788188956.504  5872  5900 I MainActivity: onGatewayFrame: frame seq=2409 egoSpeed=6.940973 pts=24 intervention=false warning=false braking=true lifecycle=released_verified_stop range=0.07490248 bearing=0.0 rss=15.418556
         1788188956.603  5872  5900 I AebsFrameSubscriber: onMessagesAvailable callback
         1788188956.604  5872  5900 I AebsFrameSubscriber: readNextMessages count=1
         1788188956.604  5872  5900 I MainActivity: onGatewayFrame: frame seq=2410 egoSpeed=6.940973 pts=24 intervention=false warning=false braking=true lifecycle=released_verified_stop range=0.07490248 bearing=0.0 rss=15.418556
         1788188956.704  5872  5900 I AebsFrameSubscriber: onMessagesAvailable callback
         1788188956.704  5872  5900 I AebsFrameSubscriber: readNextMessages count=1
         1788188956.704  5872  5900 I MainActivity: onGatewayFrame: frame seq=2411 egoSpeed=6.940973 pts=24 intervention=false warning=false braking=true lifecycle=released_verified_stop range=0.07490248 bearing=0.0 rss=15.418556
         1788188956.803  5872  5900 I AebsFrameSubscriber: onMessagesAvailable callback
         1788188956.804  5872  5900 I AebsFrameSubscriber: readNextMessages count=1
         1788188956.804  5872  5900 I MainActivity: onGatewayFrame: frame seq=2412 egoSpeed=6.940973 pts=24 intervention=false warning=false braking=true lifecycle=released_verified_stop range=0.07490248 bearing=0.0 rss=15.418556
         1788188956.904  5872  5900 I AebsFrameSubscriber: onMessagesAvailable callback
         1788188956.904  5872  5900 I AebsFrameSubscriber: readNextMessages count=1
         1788188956.904  5872  5900 I MainActivity: onGatewayFrame: frame seq=2413 egoSpeed=6.940973 pts=24 intervention=false warning=false braking=true lifecycle=released_verified_stop range=0.07490248 bearing=0.0 rss=15.418556
         1788188957.003  5872  5900 I AebsFrameSubscriber: onMessagesAvailable callback
         1788188957.004  5872  5900 I AebsFrameSubscriber: readNextMessages count=1
         1788188957.004  5872  5900 I MainActivity: onGatewayFrame: frame seq=2414 egoSpeed=6.940973 pts=24 intervention=false warning=false braking=true lifecycle=released_verified_stop range=0.07490248 bearing=0.0 rss=15.418556
         1788188957.103  5872  5900 I AebsFrameSubscriber: onMessagesAvailable callback
         1788188957.104  5872  5900 I AebsFrameSubscriber: readNextMessages count=1
         1788188957.104  5872  5900 I MainActivity: onGatewayFrame: frame seq=2415 egoSpeed=6.940973 pts=24 intervention=false warning=false braking=true lifecycle=released_verified_stop range=0.07490248 bearing=0.0 rss=15.418556
         1788188957.204  5872  5900 I AebsFrameSubscriber: onMessagesAvailable callback
         1788188957.204  5872  5900 I AebsFrameSubscriber: readNextMessages count=1
         1788188957.205  5872  5900 I MainActivity: onGatewayFrame: frame seq=2416 egoSpeed=6.940973 pts=24 intervention=false warning=false braking=true lifecycle=released_verified_stop range=0.07490248 bearing=0.0 rss=15.418556
         1788188957.304  5872  5900 I AebsFrameSubscriber: onMessagesAvailable callback
         1788188957.304  5872  5900 I AebsFrameSubscriber: readNextMessages count=1
         1788188957.304  5872  5900 I MainActivity: onGatewayFrame: frame seq=2417 egoSpeed=6.940973 pts=24 intervention=false warning=false braking=true lifecycle=released_verified_stop range=0.07490248 bearing=0.0 rss=15.418556
         1788188957.403  5872  5900 I AebsFrameSubscriber: onMessagesAvailable callback
         1788188957.404  5872  5900 I AebsFrameSubscriber: readNextMessages count=1
         1788188957.404  5872  5900 I MainActivity: onGatewayFrame: frame seq=2418 egoSpeed=6.940973 pts=24 intervention=false warning=false braking=true lifecycle=released_verified_stop range=0.07490248 bearing=0.0 rss=15.418556
         1788188957.503  5872  5900 I AebsFrameSubscriber: onMessagesAvailable callback
         1788188957.504  5872  5900 I AebsFrameSubscriber: readNextMessages count=1
         1788188957.504  5872  5900 I MainActivity: onGatewayFrame: frame seq=2419 egoSpeed=6.940973 pts=24 intervention=false warning=false braking=true lifecycle=released_verified_stop range=0.07490248 bearing=0.0 rss=15.418556
         1788188957.604  5872  5900 I AebsFrameSubscriber: onMessagesAvailable callback
         1788188957.604  5872  5900 I AebsFrameSubscriber: readNextMessages count=1
         1788188957.604  5872  5900 I MainActivity: onGatewayFrame: frame seq=2420 egoSpeed=6.940973 pts=24 intervention=false warning=false braking=true lifecycle=released_verified_stop range=0.07490248 bearing=0.0 rss=15.418556
         1788188957.704  5872  5900 I AebsFrameSubscriber: onMessagesAvailable callback
         1788188957.704  5872  5900 I AebsFrameSubscriber: readNextMessages count=1
         1788188957.705  5872  5900 I MainActivity: onGatewayFrame: frame seq=2421 egoSpeed=6.940973 pts=24 intervention=false warning=false braking=true lifecycle=released_verified_stop range=0.07490248 bearing=0.0 rss=15.418556
         1788188957.803  5872  5900 I AebsFrameSubscriber: onMessagesAvailable callback
         1788188957.804  5872  5900 I AebsFrameSubscriber: readNextMessages count=1
         1788188957.804  5872  5900 I MainActivity: onGatewayFrame: frame seq=2422 egoSpeed=6.940973 pts=24 intervention=false warning=false braking=true lifecycle=released_verified_stop range=0.07490248 bearing=0.0 rss=15.418556
         1788188957.903  5872  5900 I AebsFrameSubscriber: onMessagesAvailable callback
         1788188957.904  5872  5900 I AebsFrameSubscriber: readNextMessages count=1
         1788188957.904  5872  5900 I MainActivity: onGatewayFrame: frame seq=2423 egoSpeed=6.940973 pts=24 intervention=false warning=false braking=true lifecycle=released_verified_stop range=0.07490248 bearing=0.0 rss=15.418556
         1788188958.003  5872  5900 I AebsFrameSubscriber: onMessagesAvailable callback
         1788188958.004  5872  5900 I AebsFrameSubscriber: readNextMessages count=1
         1788188958.004  5872  5900 I MainActivity: onGatewayFrame: frame seq=2424 egoSpeed=6.940973 pts=24 intervention=false warning=false braking=true lifecycle=released_verified_stop range=0.07490248 bearing=0.0 rss=15.418556
         1788188958.104  5872  5900 I AebsFrameSubscriber: onMessagesAvailable callback
         1788188958.104  5872  5900 I AebsFrameSubscriber: readNextMessages count=1
         1788188958.104  5872  5900 I MainActivity: onGatewayFrame: frame seq=2425 egoSpeed=6.940973 pts=24 intervention=false warning=false braking=true lifecycle=released_verified_stop range=0.07490248 bearing=0.0 rss=15.418556
         1788188958.204  5872  5900 I AebsFrameSubscriber: onMessagesAvailable callback
         1788188958.204  5872  5900 I AebsFrameSubscriber: readNextMessages count=1
         1788188958.204  5872  5900 I MainActivity: onGatewayFrame: frame seq=2426 egoSpeed=6.940973 pts=24 intervention=false warning=false braking=true lifecycle=released_verified_stop range=0.07490248 bearing=0.0 rss=15.418556
         1788188958.303  5872  5900 I AebsFrameSubscriber: onMessagesAvailable callback
         1788188958.304  5872  5900 I AebsFrameSubscriber: readNextMessages count=1
         1788188958.304  5872  5900 I MainActivity: onGatewayFrame: frame seq=2427 egoSpeed=6.940973 pts=24 intervention=false warning=false braking=true lifecycle=released_verified_stop range=0.07490248 bearing=0.0 rss=15.418556
         1788188958.403  5872  5900 I AebsFrameSubscriber: onMessagesAvailable callback
         1788188958.404  5872  5900 I AebsFrameSubscriber: readNextMessages count=1
         1788188958.404  5872  5900 I MainActivity: onGatewayFrame: frame seq=2428 egoSpeed=6.940973 pts=24 intervention=false warning=false braking=true lifecycle=released_verified_stop range=0.07490248 bearing=0.0 rss=15.418556
         1788188958.504  5872  5900 I AebsFrameSubscriber: onMessagesAvailable callback
         1788188958.504  5872  5900 I AebsFrameSubscriber: readNextMessages count=1
         1788188958.504  5872  5900 I MainActivity: onGatewayFrame: frame seq=2429 egoSpeed=6.940973 pts=24 intervention=false warning=false braking=true lifecycle=released_verified_stop range=0.07490248 bearing=0.0 rss=15.418556
         1788188958.667  5872  5900 I AebsFrameSubscriber: readNextMessages count=1
         1788188958.667  5872  5900 I MainActivity: onGatewayFrame: frame seq=2430 egoSpeed=6.940973 pts=24 intervention=false warning=false braking=true lifecycle=released_verified_stop range=0.07490248 bearing=0.0 rss=15.418556
         1788188958.667  5872  5900 I AebsFrameSubscriber: onMessagesAvailable callback
         1788188958.703  5872  5900 I AebsFrameSubscriber: onMessagesAvailable callback
         1788188958.704  5872  5900 I AebsFrameSubscriber: readNextMessages count=1
         1788188958.704  5872  5900 I MainActivity: onGatewayFrame: frame seq=2431 egoSpeed=6.940973 pts=24 intervention=false warning=false braking=true lifecycle=released_verified_stop range=0.07490248 bearing=0.0 rss=15.418556
         1788188958.803  5872  5900 I AebsFrameSubscriber: onMessagesAvailable callback
         1788188958.804  5872  5900 I AebsFrameSubscriber: readNextMessages count=1
         1788188958.804  5872  5900 I MainActivity: onGatewayFrame: frame seq=2432 egoSpeed=6.940973 pts=24 intervention=false warning=false braking=true lifecycle=released_verified_stop range=0.07490248 bearing=0.0 rss=15.418556
         1788188958.903  5872  5900 I AebsFrameSubscriber: onMessagesAvailable callback
         1788188958.904  5872  5900 I AebsFrameSubscriber: readNextMessages count=1
         1788188958.904  5872  5900 I MainActivity: onGatewayFrame: frame seq=2433 egoSpeed=6.940973 pts=24 intervention=false warning=false braking=true lifecycle=released_verified_stop range=0.07490248 bearing=0.0 rss=15.418556
         1788188959.003  5872  5900 I AebsFrameSubscriber: onMessagesAvailable callback
         1788188959.004  5872  5900 I AebsFrameSubscriber: readNextMessages count=1
         1788188959.004  5872  5900 I MainActivity: onGatewayFrame: frame seq=2434 egoSpeed=6.940973 pts=24 intervention=false warning=false braking=true lifecycle=released_verified_stop range=0.07490248 bearing=0.0 rss=15.418556
         1788188959.103  5872  5900 I AebsFrameSubscriber: onMessagesAvailable callback
         1788188959.104  5872  5900 I AebsFrameSubscriber: readNextMessages count=1
         1788188959.105  5872  5900 I MainActivity: onGatewayFrame: frame seq=2435 egoSpeed=6.940973 pts=24 intervention=false warning=false braking=true lifecycle=released_verified_stop range=0.07490248 bearing=0.0 rss=15.418556
         1788188959.204  5872  5900 I AebsFrameSubscriber: onMessagesAvailable callback
         1788188959.204  5872  5900 I AebsFrameSubscriber: readNextMessages count=1
         1788188959.204  5872  5900 I MainActivity: onGatewayFrame: frame seq=2436 egoSpeed=6.940973 pts=24 intervention=false warning=false braking=true lifecycle=released_verified_stop range=0.07490248 bearing=0.0 rss=15.418556
         1788188959.304  5872  5900 I AebsFrameSubscriber: onMessagesAvailable callback
         1788188959.304  5872  5900 I AebsFrameSubscriber: readNextMessages count=1
         1788188959.304  5872  5900 I MainActivity: onGatewayFrame: frame seq=2437 egoSpeed=6.940973 pts=24 intervention=false warning=false braking=true lifecycle=released_verified_stop range=0.07490248 bearing=0.0 rss=15.418556
         1788188959.403  5872  5900 I AebsFrameSubscriber: onMessagesAvailable callback
         1788188959.404  5872  5900 I AebsFrameSubscriber: readNextMessages count=1
         1788188959.404  5872  5900 I MainActivity: onGatewayFrame: frame seq=2438 egoSpeed=6.940973 pts=24 intervention=false warning=false braking=true lifecycle=released_verified_stop range=0.07490248 bearing=0.0 rss=15.418556
         1788188959.503  5872  5900 I AebsFrameSubscriber: onMessagesAvailable callback
         1788188959.504  5872  5900 I AebsFrameSubscriber: readNextMessages count=1
         1788188959.504  5872  5900 I MainActivity: onGatewayFrame: frame seq=2439 egoSpeed=6.940973 pts=24 intervention=false warning=false braking=true lifecycle=released_verified_stop range=0.07490248 bearing=0.0 rss=15.418556
         1788188959.603  5872  5900 I AebsFrameSubscriber: onMessagesAvailable callback
         1788188959.604  5872  5900 I AebsFrameSubscriber: readNextMessages count=1
         1788188959.604  5872  5900 I MainActivity: onGatewayFrame: frame seq=2440 egoSpeed=6.940973 pts=24 intervention=false warning=false braking=true lifecycle=released_verified_stop range=0.07490248 bearing=0.0 rss=15.418556
         1788188959.704  5872  5900 I AebsFrameSubscriber: onMessagesAvailable callback
         1788188959.704  5872  5900 I AebsFrameSubscriber: readNextMessages count=1
         1788188959.704  5872  5900 I MainActivity: onGatewayFrame: frame seq=2441 egoSpeed=6.940973 pts=24 intervention=false warning=false braking=true lifecycle=released_verified_stop range=0.07490248 bearing=0.0 rss=15.418556
         1788188959.804  5872  5900 I AebsFrameSubscriber: onMessagesAvailable callback
         1788188959.804  5872  5900 I AebsFrameSubscriber: readNextMessages count=1
         1788188959.804  5872  5900 I MainActivity: onGatewayFrame: frame seq=2442 egoSpeed=6.940973 pts=24 intervention=false warning=false braking=true lifecycle=released_verified_stop range=0.07490248 bearing=0.0 rss=15.418556
         1788188959.904  5872  5900 I AebsFrameSubscriber: onMessagesAvailable callback
         1788188959.904  5872  5900 I AebsFrameSubscriber: readNextMessages count=1
         1788188959.904  5872  5900 I MainActivity: onGatewayFrame: frame seq=2443 egoSpeed=6.940973 pts=24 intervention=false warning=false braking=true lifecycle=released_verified_stop range=0.07490248 bearing=0.0 rss=15.418556
         1788188960.003  5872  5900 I AebsFrameSubscriber: onMessagesAvailable callback
         1788188960.004  5872  5900 I AebsFrameSubscriber: readNextMessages count=1
         1788188960.004  5872  5900 I MainActivity: onGatewayFrame: frame seq=2444 egoSpeed=6.940973 pts=24 intervention=false warning=false braking=true lifecycle=released_verified_stop range=0.07490248 bearing=0.0 rss=15.418556
         1788188960.104  5872  5900 I AebsFrameSubscriber: onMessagesAvailable callback
         1788188960.104  5872  5900 I AebsFrameSubscriber: readNextMessages count=1
         1788188960.108  5872  5900 I MainActivity: onGatewayFrame: frame seq=2445 egoSpeed=6.940973 pts=24 intervention=false warning=false braking=true lifecycle=released_verified_stop range=0.07490248 bearing=0.0 rss=15.418556
         1788188960.203  5872  5900 I AebsFrameSubscriber: onMessagesAvailable callback
         1788188960.204  5872  5900 I AebsFrameSubscriber: readNextMessages count=1
         1788188960.204  5872  5900 I MainActivity: onGatewayFrame: frame seq=2446 egoSpeed=6.940973 pts=24 intervention=false warning=false braking=true lifecycle=released_verified_stop range=0.07490248 bearing=0.0 rss=15.418556
         1788188960.304  5872  5900 I AebsFrameSubscriber: onMessagesAvailable callback
         1788188960.309  5872  5900 I AebsFrameSubscriber: readNextMessages count=1
         1788188960.309  5872  5900 I MainActivity: onGatewayFrame: frame seq=2447 egoSpeed=6.940973 pts=24 intervention=false warning=false braking=true lifecycle=released_verified_stop range=0.07490248 bearing=0.0 rss=15.418556
         1788188960.404  5872  5900 I AebsFrameSubscriber: onMessagesAvailable callback
         1788188960.404  5872  5900 I AebsFrameSubscriber: readNextMessages count=1
         1788188960.404  5872  5900 I MainActivity: onGatewayFrame: frame seq=2448 egoSpeed=6.940973 pts=24 intervention=false warning=false braking=true lifecycle=released_verified_stop range=0.07490248 bearing=0.0 rss=15.418556
         1788188960.503  5872  5900 I AebsFrameSubscriber: onMessagesAvailable callback
         1788188960.504  5872  5900 I AebsFrameSubscriber: readNextMessages count=1
         1788188960.504  5872  5900 I MainActivity: onGatewayFrame: frame seq=2449 egoSpeed=6.940973 pts=24 intervention=false warning=false braking=true lifecycle=released_verified_stop range=0.07490248 bearing=0.0 rss=15.418556
         1788188960.604  5872  5900 I AebsFrameSubscriber: onMessagesAvailable callback
         1788188960.604  5872  5900 I AebsFrameSubscriber: readNextMessages count=1
         1788188960.604  5872  5900 I MainActivity: onGatewayFrame: frame seq=2450 egoSpeed=6.940973 pts=24 intervention=false warning=false braking=true lifecycle=released_verified_stop range=0.07490248 bearing=0.0 rss=15.418556
         1788188960.703  5872  5900 I AebsFrameSubscriber: onMessagesAvailable callback
         1788188960.704  5872  5900 I AebsFrameSubscriber: readNextMessages count=1
         1788188960.709  5872  5900 I MainActivity: onGatewayFrame: frame seq=2451 egoSpeed=6.940973 pts=24 intervention=false warning=false braking=true lifecycle=released_verified_stop range=0.07490248 bearing=0.0 rss=15.418556
         1788188960.803  5872  5900 I AebsFrameSubscriber: onMessagesAvailable callback
         1788188960.804  5872  5900 I AebsFrameSubscriber: readNextMessages count=1
         1788188960.804  5872  5900 I MainActivity: onGatewayFrame: frame seq=2452 egoSpeed=6.940973 pts=24 intervention=false warning=false braking=true lifecycle=released_verified_stop range=0.07490248 bearing=0.0 rss=15.418556
         1788188960.903  5872  5900 I AebsFrameSubscriber: onMessagesAvailable callback
         1788188960.904  5872  5900 I AebsFrameSubscriber: readNextMessages count=1
         1788188960.904  5872  5900 I MainActivity: onGatewayFrame: frame seq=2453 egoSpeed=6.940973 pts=24 intervention=false warning=false braking=true lifecycle=released_verified_stop range=0.07490248 bearing=0.0 rss=15.418556
         1788188961.003  5872  5900 I AebsFrameSubscriber: onMessagesAvailable callback
         1788188961.004  5872  5900 I AebsFrameSubscriber: readNextMessages count=1
         1788188961.004  5872  5900 I MainActivity: onGatewayFrame: frame seq=2454 egoSpeed=6.940973 pts=24 intervention=false warning=false braking=true lifecycle=released_verified_stop range=0.07490248 bearing=0.0 rss=15.418556
         1788188961.104  5872  5900 I AebsFrameSubscriber: onMessagesAvailable callback
         1788188961.108  5872  5900 I AebsFrameSubscriber: readNextMessages count=1
         1788188961.108  5872  5900 I MainActivity: onGatewayFrame: frame seq=2455 egoSpeed=6.940973 pts=24 intervention=false warning=false braking=true lifecycle=released_verified_stop range=0.07490248 bearing=0.0 rss=15.418556
         1788188961.203  5872  5900 I AebsFrameSubscriber: onMessagesAvailable callback
         1788188961.204  5872  5900 I AebsFrameSubscriber: readNextMessages count=1
         1788188961.204  5872  5900 I MainActivity: onGatewayFrame: frame seq=2456 egoSpeed=6.940973 pts=24 intervention=false warning=false braking=true lifecycle=released_verified_stop range=0.07490248 bearing=0.0 rss=15.418556
         1788188961.304  5872  5900 I AebsFrameSubscriber: onMessagesAvailable callback
         1788188961.304  5872  5900 I AebsFrameSubscriber: readNextMessages count=1
         1788188961.304  5872  5900 I MainActivity: onGatewayFrame: frame seq=2457 egoSpeed=6.940973 pts=24 intervention=false warning=false braking=true lifecycle=released_verified_stop range=0.07490248 bearing=0.0 rss=15.418556
         1788188961.403  5872  5900 I AebsFrameSubscriber: onMessagesAvailable callback
         1788188961.404  5872  5900 I AebsFrameSubscriber: readNextMessages count=1
         1788188961.404  5872  5900 I MainActivity: onGatewayFrame: frame seq=2458 egoSpeed=6.940973 pts=24 intervention=false warning=false braking=true lifecycle=released_verified_stop range=0.07490248 bearing=0.0 rss=15.418556
         1788188961.504  5872  5900 I AebsFrameSubscriber: onMessagesAvailable callback
         1788188961.505  5872  5900 I AebsFrameSubscriber: readNextMessages count=1
         1788188961.509  5872  5900 I MainActivity: onGatewayFrame: frame seq=2459 egoSpeed=6.940973 pts=24 intervention=false warning=false braking=true lifecycle=released_verified_stop range=0.07490248 bearing=0.0 rss=15.418556
         1788188961.604  5872  5900 I AebsFrameSubscriber: onMessagesAvailable callback
         1788188961.604  5872  5900 I AebsFrameSubscriber: readNextMessages count=1
         1788188961.604  5872  5900 I MainActivity: onGatewayFrame: frame seq=2460 egoSpeed=6.940973 pts=24 intervention=false warning=false braking=true lifecycle=released_verified_stop range=0.07490248 bearing=0.0 rss=15.418556
         1788188961.704  5872  5900 I AebsFrameSubscriber: onMessagesAvailable callback
         1788188961.704  5872  5900 I AebsFrameSubscriber: readNextMessages count=1
         1788188961.704  5872  5900 I MainActivity: onGatewayFrame: frame seq=2461 egoSpeed=6.940973 pts=24 intervention=false warning=false braking=true lifecycle=released_verified_stop range=0.07490248 bearing=0.0 rss=15.418556
         1788188961.804  5872  5900 I AebsFrameSubscriber: onMessagesAvailable callback
         1788188961.804  5872  5900 I AebsFrameSubscriber: readNextMessages count=1
         1788188961.805  5872  5900 I MainActivity: onGatewayFrame: frame seq=2462 egoSpeed=6.940973 pts=24 intervention=false warning=false braking=true lifecycle=released_verified_stop range=0.07490248 bearing=0.0 rss=15.418556
         1788188961.903  5872  5900 I AebsFrameSubscriber: onMessagesAvailable callback
         1788188961.904  5872  5900 I AebsFrameSubscriber: readNextMessages count=1
         1788188961.904  5872  5900 I MainActivity: onGatewayFrame: frame seq=2463 egoSpeed=6.940973 pts=24 intervention=false warning=false braking=true lifecycle=released_verified_stop range=0.07490248 bearing=0.0 rss=15.418556
         1788188962.003  5872  5900 I AebsFrameSubscriber: onMessagesAvailable callback
         1788188962.004  5872  5900 I AebsFrameSubscriber: readNextMessages count=1
         1788188962.004  5872  5900 I MainActivity: onGatewayFrame: frame seq=2464 egoSpeed=6.940973 pts=24 intervention=false warning=false braking=true lifecycle=released_verified_stop range=0.07490248 bearing=0.0 rss=15.418556
         1788188962.104  5872  5900 I AebsFrameSubscriber: onMessagesAvailable callback
         1788188962.104  5872  5900 I AebsFrameSubscriber: readNextMessages count=1
         1788188962.105  5872  5900 I MainActivity: onGatewayFrame: frame seq=2465 egoSpeed=6.940973 pts=24 intervention=false warning=false braking=true lifecycle=released_verified_stop range=0.07490248 bearing=0.0 rss=15.418556
         1788188962.277  5872  5900 I AebsFrameSubscriber: onMessagesAvailable callback
         1788188962.278  5872  5900 I AebsFrameSubscriber: readNextMessages count=1
         1788188962.278  5872  5900 I MainActivity: onGatewayFrame: frame seq=2466 egoSpeed=6.940973 pts=24 intervention=false warning=false braking=true lifecycle=released_verified_stop range=0.07490248 bearing=0.0 rss=15.418556
         1788188962.304  5872  5900 I AebsFrameSubscriber: onMessagesAvailable callback
         1788188962.305  5872  5900 I AebsFrameSubscriber: readNextMessages count=1
         1788188962.309  5872  5900 I MainActivity: onGatewayFrame: frame seq=2467 egoSpeed=6.940973 pts=24 intervention=false warning=false braking=true lifecycle=released_verified_stop range=0.07490248 bearing=0.0 rss=15.418556
         1788188962.403  5872  5900 I AebsFrameSubscriber: onMessagesAvailable callback
         1788188962.404  5872  5900 I AebsFrameSubscriber: readNextMessages count=1
         1788188962.404  5872  5900 I MainActivity: onGatewayFrame: frame seq=2468 egoSpeed=6.940973 pts=24 intervention=false warning=false braking=true lifecycle=released_verified_stop range=0.07490248 bearing=0.0 rss=15.418556
         1788188962.504  5872  5900 I AebsFrameSubscriber: onMessagesAvailable callback
         1788188962.504  5872  5900 I AebsFrameSubscriber: readNextMessages count=1
         1788188962.509  5872  5900 I MainActivity: onGatewayFrame: frame seq=2469 egoSpeed=6.940973 pts=24 intervention=false warning=false braking=true lifecycle=released_verified_stop range=0.07490248 bearing=0.0 rss=15.418556
         1788188962.603  5872  5900 I AebsFrameSubscriber: onMessagesAvailable callback
         1788188962.604  5872  5900 I AebsFrameSubscriber: readNextMessages count=1
         1788188962.604  5872  5900 I MainActivity: onGatewayFrame: frame seq=2470 egoSpeed=6.940973 pts=24 intervention=false warning=false braking=true lifecycle=released_verified_stop range=0.07490248 bearing=0.0 rss=15.418556
         1788188962.704  5872  5900 I AebsFrameSubscriber: onMessagesAvailable callback
         1788188962.704  5872  5900 I AebsFrameSubscriber: readNextMessages count=1
         1788188962.705  5872  5900 I MainActivity: onGatewayFrame: frame seq=2471 egoSpeed=6.940973 pts=24 intervention=false warning=false braking=true lifecycle=released_verified_stop range=0.07490248 bearing=0.0 rss=15.418556
         1788188962.803  5872  5900 I AebsFrameSubscriber: onMessagesAvailable callback
         1788188962.804  5872  5900 I AebsFrameSubscriber: readNextMessages count=1
         1788188962.804  5872  5900 I MainActivity: onGatewayFrame: frame seq=2472 egoSpeed=6.940973 pts=24 intervention=false warning=false braking=true lifecycle=released_verified_stop range=0.07490248 bearing=0.0 rss=15.418556
         1788188962.903  5872  5900 I AebsFrameSubscriber: onMessagesAvailable callback
         1788188962.904  5872  5900 I AebsFrameSubscriber: readNextMessages count=1
         1788188962.904  5872  5900 I MainActivity: onGatewayFrame: frame seq=2473 egoSpeed=6.940973 pts=24 intervention=false warning=false braking=true lifecycle=released_verified_stop range=0.07490248 bearing=0.0 rss=15.418556
         1788188963.003  5872  5900 I AebsFrameSubscriber: onMessagesAvailable callback
         1788188963.004  5872  5900 I AebsFrameSubscriber: readNextMessages count=1
         1788188963.004  5872  5900 I MainActivity: onGatewayFrame: frame seq=2474 egoSpeed=6.940973 pts=24 intervention=false warning=false braking=true lifecycle=released_verified_stop range=0.07490248 bearing=0.0 rss=15.418556
         1788188963.103  5872  5900 I AebsFrameSubscriber: onMessagesAvailable callback
         1788188963.108  5872  5900 I AebsFrameSubscriber: readNextMessages count=1
         1788188963.109  5872  5900 I MainActivity: onGatewayFrame: frame seq=2475 egoSpeed=6.940973 pts=24 intervention=false warning=false braking=true lifecycle=released_verified_stop range=0.07490248 bearing=0.0 rss=15.418556
         1788188963.204  5872  5900 I AebsFrameSubscriber: onMessagesAvailable callback
         1788188963.204  5872  5900 I AebsFrameSubscriber: readNextMessages count=1
         1788188963.204  5872  5900 I MainActivity: onGatewayFrame: frame seq=2476 egoSpeed=6.940973 pts=24 intervention=false warning=false braking=true lifecycle=released_verified_stop range=0.07490248 bearing=0.0 rss=15.418556
         1788188963.304  5872  5900 I AebsFrameSubscriber: onMessagesAvailable callback
         1788188963.309  5872  5900 I AebsFrameSubscriber: readNextMessages count=1
         1788188963.309  5872  5900 I MainActivity: onGatewayFrame: frame seq=2477 egoSpeed=6.940973 pts=24 intervention=false warning=false braking=true lifecycle=released_verified_stop range=0.07490248 bearing=0.0 rss=15.418556
         1788188963.404  5872  5900 I AebsFrameSubscriber: onMessagesAvailable callback
         1788188963.404  5872  5900 I AebsFrameSubscriber: readNextMessages count=1
         1788188963.404  5872  5900 I MainActivity: onGatewayFrame: frame seq=2478 egoSpeed=6.940973 pts=24 intervention=false warning=false braking=true lifecycle=released_verified_stop range=0.07490248 bearing=0.0 rss=15.418556
         1788188963.504  5872  5900 I AebsFrameSubscriber: onMessagesAvailable callback
         1788188963.509  5872  5900 I AebsFrameSubscriber: readNextMessages count=1
         1788188963.509  5872  5900 I MainActivity: onGatewayFrame: frame seq=2479 egoSpeed=6.940973 pts=24 intervention=false warning=false braking=true lifecycle=released_verified_stop range=0.07490248 bearing=0.0 rss=15.418556
         1788188963.604  5872  5900 I AebsFrameSubscriber: onMessagesAvailable callback
         1788188963.604  5872  5900 I AebsFrameSubscriber: readNextMessages count=1
         1788188963.604  5872  5900 I MainActivity: onGatewayFrame: frame seq=2480 egoSpeed=6.940973 pts=24 intervention=false warning=false braking=true lifecycle=released_verified_stop range=0.07490248 bearing=0.0 rss=15.418556
         1788188963.704  5872  5900 I AebsFrameSubscriber: onMessagesAvailable callback
         1788188963.705  5872  5900 I AebsFrameSubscriber: readNextMessages count=1
         1788188963.705  5872  5900 I MainActivity: onGatewayFrame: frame seq=2481 egoSpeed=6.940973 pts=24 intervention=false warning=false braking=true lifecycle=released_verified_stop range=0.07490248 bearing=0.0 rss=15.418556
         1788188963.803  5872  5900 I AebsFrameSubscriber: onMessagesAvailable callback
         1788188963.804  5872  5900 I AebsFrameSubscriber: readNextMessages count=1
         1788188963.804  5872  5900 I MainActivity: onGatewayFrame: frame seq=2482 egoSpeed=6.940973 pts=24 intervention=false warning=false braking=true lifecycle=released_verified_stop range=0.07490248 bearing=0.0 rss=15.418556
         1788188963.904  5872  5900 I AebsFrameSubscriber: onMessagesAvailable callback
         1788188963.905  5872  5900 I AebsFrameSubscriber: readNextMessages count=1
         1788188963.909  5872  5900 I MainActivity: onGatewayFrame: frame seq=2483 egoSpeed=6.940973 pts=24 intervention=false warning=false braking=true lifecycle=released_verified_stop range=0.07490248 bearing=0.0 rss=15.418556
         1788188964.003  5872  5900 I AebsFrameSubscriber: onMessagesAvailable callback
         1788188964.004  5872  5900 I AebsFrameSubscriber: readNextMessages count=1
         1788188964.004  5872  5900 I MainActivity: onGatewayFrame: frame seq=2484 egoSpeed=6.940973 pts=24 intervention=false warning=false braking=true lifecycle=released_verified_stop range=0.07490248 bearing=0.0 rss=15.418556
         1788188964.104  5872  5900 I AebsFrameSubscriber: onMessagesAvailable callback
         1788188964.104  5872  5900 I AebsFrameSubscriber: readNextMessages count=1
         1788188964.104  5872  5900 I MainActivity: onGatewayFrame: frame seq=2485 egoSpeed=6.940973 pts=24 intervention=false warning=false braking=true lifecycle=released_verified_stop range=0.07490248 bearing=0.0 rss=15.418556
         1788188964.204  5872  5900 I AebsFrameSubscriber: onMessagesAvailable callback
         1788188964.204  5872  5900 I AebsFrameSubscriber: readNextMessages count=1
         1788188964.204  5872  5900 I MainActivity: onGatewayFrame: frame seq=2486 egoSpeed=6.940973 pts=24 intervention=false warning=false braking=true lifecycle=released_verified_stop range=0.07490248 bearing=0.0 rss=15.418556
         1788188964.303  5872  5900 I AebsFrameSubscriber: onMessagesAvailable callback
         1788188964.304  5872  5900 I AebsFrameSubscriber: readNextMessages count=1
         1788188964.304  5872  5900 I MainActivity: onGatewayFrame: frame seq=2487 egoSpeed=6.940973 pts=24 intervention=false warning=false braking=true lifecycle=released_verified_stop range=0.07490248 bearing=0.0 rss=15.418556
         1788188964.403  5872  5900 I AebsFrameSubscriber: onMessagesAvailable callback
         1788188964.404  5872  5900 I AebsFrameSubscriber: readNextMessages count=1
         1788188964.404  5872  5900 I MainActivity: onGatewayFrame: frame seq=2488 egoSpeed=6.940973 pts=24 intervention=false warning=false braking=true lifecycle=released_verified_stop range=0.07490248 bearing=0.0 rss=15.418556
         1788188964.504  5872  5900 I AebsFrameSubscriber: onMessagesAvailable callback
         1788188964.504  5872  5900 I AebsFrameSubscriber: readNextMessages count=1
         1788188964.509  5872  5900 I MainActivity: onGatewayFrame: frame seq=2489 egoSpeed=6.940973 pts=24 intervention=false warning=false braking=true lifecycle=released_verified_stop range=0.07490248 bearing=0.0 rss=15.418556
         1788188964.603  5872  5900 I AebsFrameSubscriber: onMessagesAvailable callback
         1788188964.604  5872  5900 I AebsFrameSubscriber: readNextMessages count=1
         1788188964.604  5872  5900 I MainActivity: onGatewayFrame: frame seq=2490 egoSpeed=6.940973 pts=24 intervention=false warning=false braking=true lifecycle=released_verified_stop range=0.07490248 bearing=0.0 rss=15.418556
         1788188964.704  5872  5900 I AebsFrameSubscriber: onMessagesAvailable callback
         1788188964.704  5872  5900 I AebsFrameSubscriber: readNextMessages count=1
         1788188964.704  5872  5900 I MainActivity: onGatewayFrame: frame seq=2491 egoSpeed=6.940973 pts=24 intervention=false warning=false braking=true lifecycle=released_verified_stop range=0.07490248 bearing=0.0 rss=15.418556
         1788188964.804  5872  5900 I AebsFrameSubscriber: onMessagesAvailable callback
         1788188964.804  5872  5900 I AebsFrameSubscriber: readNextMessages count=1
         1788188964.804  5872  5900 I MainActivity: onGatewayFrame: frame seq=2492 egoSpeed=6.940973 pts=24 intervention=false warning=false braking=true lifecycle=released_verified_stop range=0.07490248 bearing=0.0 rss=15.418556
         1788188964.903  5872  5900 I AebsFrameSubscriber: onMessagesAvailable callback
         1788188964.904  5872  5900 I AebsFrameSubscriber: readNextMessages count=1
         1788188964.904  5872  5900 I MainActivity: onGatewayFrame: frame seq=2493 egoSpeed=6.940973 pts=24 intervention=false warning=false braking=true lifecycle=released_verified_stop range=0.07490248 bearing=0.0 rss=15.418556
         1788188965.003  5872  5900 I AebsFrameSubscriber: onMessagesAvailable callback
         1788188965.004  5872  5900 I AebsFrameSubscriber: readNextMessages count=1
         1788188965.004  5872  5900 I MainActivity: onGatewayFrame: frame seq=2494 egoSpeed=6.940973 pts=24 intervention=false warning=false braking=true lifecycle=released_verified_stop range=0.07490248 bearing=0.0 rss=15.418556
         1788188965.103  5872  5900 I AebsFrameSubscriber: onMessagesAvailable callback
         1788188965.104  5872  5900 I AebsFrameSubscriber: readNextMessages count=1
         1788188965.104  5872  5900 I MainActivity: onGatewayFrame: frame seq=2495 egoSpeed=6.940973 pts=24 intervention=false warning=false braking=true lifecycle=released_verified_stop range=0.07490248 bearing=0.0 rss=15.418556
         1788188965.204  5872  5900 I AebsFrameSubscriber: onMessagesAvailable callback
         1788188965.204  5872  5900 I AebsFrameSubscriber: readNextMessages count=1
         1788188965.204  5872  5900 I MainActivity: onGatewayFrame: frame seq=2496 egoSpeed=6.940973 pts=24 intervention=false warning=false braking=true lifecycle=released_verified_stop range=0.07490248 bearing=0.0 rss=15.418556
         1788188965.304  5872  5900 I AebsFrameSubscriber: onMessagesAvailable callback
         1788188965.309  5872  5900 I AebsFrameSubscriber: readNextMessages count=1
         1788188965.309  5872  5900 I MainActivity: onGatewayFrame: frame seq=2497 egoSpeed=6.940973 pts=24 intervention=false warning=false braking=true lifecycle=released_verified_stop range=0.07490248 bearing=0.0 rss=15.418556
         1788188965.404  5872  5900 I AebsFrameSubscriber: onMessagesAvailable callback
         1788188965.405  5872  5900 I AebsFrameSubscriber: readNextMessages count=1
         1788188965.405  5872  5900 I MainActivity: onGatewayFrame: frame seq=2498 egoSpeed=6.940973 pts=24 intervention=false warning=false braking=true lifecycle=released_verified_stop range=0.07490248 bearing=0.0 rss=15.418556
         1788188965.508  5872  5900 I AebsFrameSubscriber: onMessagesAvailable callback
         1788188965.509  5872  5900 I AebsFrameSubscriber: readNextMessages count=1
         1788188965.509  5872  5900 I MainActivity: onGatewayFrame: frame seq=2499 egoSpeed=6.940973 pts=24 intervention=false warning=false braking=true lifecycle=released_verified_stop range=0.07490248 bearing=0.0 rss=15.418556
         1788188965.604  5872  5900 I AebsFrameSubscriber: onMessagesAvailable callback
         1788188965.604  5872  5900 I AebsFrameSubscriber: readNextMessages count=1
         1788188965.604  5872  5900 I MainActivity: onGatewayFrame: frame seq=2500 egoSpeed=6.940973 pts=24 intervention=false warning=false braking=true lifecycle=released_verified_stop range=0.07490248 bearing=0.0 rss=15.418556
         1788188965.704  5872  5900 I AebsFrameSubscriber: onMessagesAvailable callback
         1788188965.704  5872  5900 I AebsFrameSubscriber: readNextMessages count=1
         1788188965.708  5872  5900 I MainActivity: onGatewayFrame: frame seq=2501 egoSpeed=6.940973 pts=24 intervention=false warning=false braking=true lifecycle=released_verified_stop range=0.07490248 bearing=0.0 rss=15.418556
         1788188965.804  5872  5900 I AebsFrameSubscriber: onMessagesAvailable callback
         1788188965.804  5872  5900 I AebsFrameSubscriber: readNextMessages count=1
         1788188965.804  5872  5900 I MainActivity: onGatewayFrame: frame seq=2502 egoSpeed=6.940973 pts=24 intervention=false warning=false braking=true lifecycle=released_verified_stop range=0.07490248 bearing=0.0 rss=15.418556
         1788188965.971  5872  5900 I AebsFrameSubscriber: readNextMessages count=1
         1788188965.971  5872  5900 I MainActivity: onGatewayFrame: frame seq=2503 egoSpeed=6.940973 pts=24 intervention=false warning=false braking=true lifecycle=released_verified_stop range=0.07490248 bearing=0.0 rss=15.418556
         1788188965.971  5872  5900 I AebsFrameSubscriber: onMessagesAvailable callback
         1788188966.004  5872  5900 I AebsFrameSubscriber: onMessagesAvailable callback
         1788188966.004  5872  5900 I AebsFrameSubscriber: readNextMessages count=1
         1788188966.004  5872  5900 I MainActivity: onGatewayFrame: frame seq=2504 egoSpeed=6.940973 pts=24 intervention=false warning=false braking=true lifecycle=released_verified_stop range=0.07490248 bearing=0.0 rss=15.418556
         1788188966.103  5872  5900 I AebsFrameSubscriber: onMessagesAvailable callback
         1788188966.104  5872  5900 I AebsFrameSubscriber: readNextMessages count=1
         1788188966.104  5872  5900 I MainActivity: onGatewayFrame: frame seq=2505 egoSpeed=6.940973 pts=24 intervention=false warning=false braking=true lifecycle=released_verified_stop range=0.07490248 bearing=0.0 rss=15.418556
         1788188966.204  5872  5900 I AebsFrameSubscriber: onMessagesAvailable callback
         1788188966.204  5872  5900 I AebsFrameSubscriber: readNextMessages count=1
         1788188966.209  5872  5900 I MainActivity: onGatewayFrame: frame seq=2506 egoSpeed=6.940973 pts=24 intervention=false warning=false braking=true lifecycle=released_verified_stop range=0.07490248 bearing=0.0 rss=15.418556
         1788188966.304  5872  5900 I AebsFrameSubscriber: onMessagesAvailable callback
         1788188966.304  5872  5900 I AebsFrameSubscriber: readNextMessages count=1
         1788188966.304  5872  5900 I MainActivity: onGatewayFrame: frame seq=2507 egoSpeed=6.940973 pts=24 intervention=false warning=false braking=true lifecycle=released_verified_stop range=0.07490248 bearing=0.0 rss=15.418556
         1788188966.404  5872  5900 I AebsFrameSubscriber: onMessagesAvailable callback
         1788188966.409  5872  5900 I AebsFrameSubscriber: readNextMessages count=1
         1788188966.409  5872  5900 I MainActivity: onGatewayFrame: frame seq=2508 egoSpeed=6.940973 pts=24 intervention=false warning=false braking=true lifecycle=released_verified_stop range=0.07490248 bearing=0.0 rss=15.418556
         1788188966.503  5872  5900 I AebsFrameSubscriber: onMessagesAvailable callback
         1788188966.504  5872  5900 I AebsFrameSubscriber: readNextMessages count=1
         1788188966.504  5872  5900 I MainActivity: onGatewayFrame: frame seq=2509 egoSpeed=6.940973 pts=24 intervention=false warning=false braking=true lifecycle=released_verified_stop range=0.07490248 bearing=0.0 rss=15.418556
         1788188966.604  5872  5900 I AebsFrameSubscriber: onMessagesAvailable callback
         1788188966.604  5872  5900 I AebsFrameSubscriber: readNextMessages count=1
         1788188966.604  5872  5900 I MainActivity: onGatewayFrame: frame seq=2510 egoSpeed=6.940973 pts=24 intervention=false warning=false braking=true lifecycle=released_verified_stop range=0.07490248 bearing=0.0 rss=15.418556
         1788188966.704  5872  5900 I AebsFrameSubscriber: onMessagesAvailable callback
         1788188966.704  5872  5900 I AebsFrameSubscriber: readNextMessages count=1
         1788188966.704  5872  5900 I MainActivity: onGatewayFrame: frame seq=2511 egoSpeed=6.940973 pts=24 intervention=false warning=false braking=true lifecycle=released_verified_stop range=0.07490248 bearing=0.0 rss=15.418556
         1788188966.804  5872  5900 I AebsFrameSubscriber: onMessagesAvailable callback
         1788188966.804  5872  5900 I AebsFrameSubscriber: readNextMessages count=1
         1788188966.804  5872  5900 I MainActivity: onGatewayFrame: frame seq=2512 egoSpeed=6.940973 pts=24 intervention=false warning=false braking=true lifecycle=released_verified_stop range=0.07490248 bearing=0.0 rss=15.418556
         1788188966.904  5872  5900 I AebsFrameSubscriber: onMessagesAvailable callback
         1788188966.904  5872  5900 I AebsFrameSubscriber: readNextMessages count=1
         1788188966.904  5872  5900 I MainActivity: onGatewayFrame: frame seq=2513 egoSpeed=6.940973 pts=24 intervention=false warning=false braking=true lifecycle=released_verified_stop range=0.07490248 bearing=0.0 rss=15.418556
         1788188967.004  5872  5900 I AebsFrameSubscriber: onMessagesAvailable callback
         1788188967.004  5872  5900 I AebsFrameSubscriber: readNextMessages count=1
         1788188967.004  5872  5900 I MainActivity: onGatewayFrame: frame seq=2514 egoSpeed=6.940973 pts=24 intervention=false warning=false braking=true lifecycle=released_verified_stop range=0.07490248 bearing=0.0 rss=15.418556
         1788188967.103  5872  5900 I AebsFrameSubscriber: onMessagesAvailable callback
         1788188967.104  5872  5900 I AebsFrameSubscriber: readNextMessages count=1
         1788188967.104  5872  5900 I MainActivity: onGatewayFrame: frame seq=2515 egoSpeed=6.940973 pts=24 intervention=false warning=false braking=true lifecycle=released_verified_stop range=0.07490248 bearing=0.0 rss=15.418556
         1788188967.204  5872  5900 I AebsFrameSubscriber: onMessagesAvailable callback
         1788188967.204  5872  5900 I AebsFrameSubscriber: readNextMessages count=1
         1788188967.208  5872  5900 I MainActivity: onGatewayFrame: frame seq=2516 egoSpeed=6.940973 pts=24 intervention=false warning=false braking=true lifecycle=released_verified_stop range=0.07490248 bearing=0.0 rss=15.418556
         1788188967.304  5872  5900 I AebsFrameSubscriber: onMessagesAvailable callback
         1788188967.304  5872  5900 I AebsFrameSubscriber: readNextMessages count=1
         1788188967.304  5872  5900 I MainActivity: onGatewayFrame: frame seq=2517 egoSpeed=6.940973 pts=24 intervention=false warning=false braking=true lifecycle=released_verified_stop range=0.07490248 bearing=0.0 rss=15.418556
         1788188967.404  5872  5900 I AebsFrameSubscriber: onMessagesAvailable callback
         1788188967.409  5872  5900 I AebsFrameSubscriber: readNextMessages count=1
         1788188967.409  5872  5900 I MainActivity: onGatewayFrame: frame seq=2518 egoSpeed=6.940973 pts=24 intervention=false warning=false braking=true lifecycle=released_verified_stop range=0.07490248 bearing=0.0 rss=15.418556
         1788188967.503  5872  5900 I AebsFrameSubscriber: onMessagesAvailable callback
         1788188967.504  5872  5900 I AebsFrameSubscriber: readNextMessages count=1
         1788188967.504  5872  5900 I MainActivity: onGatewayFrame: frame seq=2519 egoSpeed=6.940973 pts=24 intervention=false warning=false braking=true lifecycle=released_verified_stop range=0.07490248 bearing=0.0 rss=15.418556
         1788188967.604  5872  5900 I AebsFrameSubscriber: onMessagesAvailable callback
         1788188967.604  5872  5900 I AebsFrameSubscriber: readNextMessages count=1
         1788188967.604  5872  5900 I MainActivity: onGatewayFrame: frame seq=2520 egoSpeed=6.940973 pts=24 intervention=false warning=false braking=true lifecycle=released_verified_stop range=0.07490248 bearing=0.0 rss=15.418556
         1788188967.704  5872  5900 I AebsFrameSubscriber: onMessagesAvailable callback
         1788188967.704  5872  5900 I AebsFrameSubscriber: readNextMessages count=1
         1788188967.704  5872  5900 I MainActivity: onGatewayFrame: frame seq=2521 egoSpeed=6.940973 pts=24 intervention=false warning=false braking=true lifecycle=released_verified_stop range=0.07490248 bearing=0.0 rss=15.418556
         1788188967.805  5872  5900 I AebsFrameSubscriber: onMessagesAvailable callback
         1788188967.809  5872  5900 I AebsFrameSubscriber: readNextMessages count=1
         1788188967.809  5872  5900 I MainActivity: onGatewayFrame: frame seq=2522 egoSpeed=6.940973 pts=24 intervention=false warning=false braking=true lifecycle=released_verified_stop range=0.07490248 bearing=0.0 rss=15.418556
         1788188967.903  5872  5900 I AebsFrameSubscriber: onMessagesAvailable callback
         1788188967.904  5872  5900 I AebsFrameSubscriber: readNextMessages count=1
         1788188967.904  5872  5900 I MainActivity: onGatewayFrame: frame seq=2523 egoSpeed=6.940973 pts=24 intervention=false warning=false braking=true lifecycle=released_verified_stop range=0.07490248 bearing=0.0 rss=15.418556
         1788188968.003  5872  5900 I AebsFrameSubscriber: onMessagesAvailable callback
         1788188968.004  5872  5900 I AebsFrameSubscriber: readNextMessages count=1
         1788188968.004  5872  5900 I MainActivity: onGatewayFrame: frame seq=2524 egoSpeed=6.940973 pts=24 intervention=false warning=false braking=true lifecycle=released_verified_stop range=0.07490248 bearing=0.0 rss=15.418556
         1788188968.103  5872  5900 I AebsFrameSubscriber: onMessagesAvailable callback
         1788188968.104  5872  5900 I AebsFrameSubscriber: readNextMessages count=1
         1788188968.104  5872  5900 I MainActivity: onGatewayFrame: frame seq=2525 egoSpeed=6.940973 pts=24 intervention=false warning=false braking=true lifecycle=released_verified_stop range=0.07490248 bearing=0.0 rss=15.418556
         1788188968.204  5872  5900 I AebsFrameSubscriber: onMessagesAvailable callback
         1788188968.209  5872  5900 I AebsFrameSubscriber: readNextMessages count=1
         1788188968.209  5872  5900 I MainActivity: onGatewayFrame: frame seq=2526 egoSpeed=6.940973 pts=24 intervention=false warning=false braking=true lifecycle=released_verified_stop range=0.07490248 bearing=0.0 rss=15.418556
         1788188968.304  5872  5900 I AebsFrameSubscriber: onMessagesAvailable callback
         1788188968.304  5872  5900 I AebsFrameSubscriber: readNextMessages count=1
         1788188968.304  5872  5900 I MainActivity: onGatewayFrame: frame seq=2527 egoSpeed=6.940973 pts=24 intervention=false warning=false braking=true lifecycle=released_verified_stop range=0.07490248 bearing=0.0 rss=15.418556
         1788188968.403  5872  5900 I AebsFrameSubscriber: onMessagesAvailable callback
         1788188968.404  5872  5900 I AebsFrameSubscriber: readNextMessages count=1
         1788188968.408  5872  5900 I MainActivity: onGatewayFrame: frame seq=2528 egoSpeed=6.940973 pts=24 intervention=false warning=false braking=true lifecycle=released_verified_stop range=0.07490248 bearing=0.0 rss=15.418556
         1788188968.503  5872  5900 I AebsFrameSubscriber: onMessagesAvailable callback
         1788188968.504  5872  5900 I AebsFrameSubscriber: readNextMessages count=1
         1788188968.504  5872  5900 I MainActivity: onGatewayFrame: frame seq=2529 egoSpeed=6.940973 pts=24 intervention=false warning=false braking=true lifecycle=released_verified_stop range=0.07490248 bearing=0.0 rss=15.418556
         1788188968.603  5872  5900 I AebsFrameSubscriber: onMessagesAvailable callback
         1788188968.604  5872  5900 I AebsFrameSubscriber: readNextMessages count=1
         1788188968.608  5872  5900 I MainActivity: onGatewayFrame: frame seq=2530 egoSpeed=6.940973 pts=24 intervention=false warning=false braking=true lifecycle=released_verified_stop range=0.07490248 bearing=0.0 rss=15.418556
         1788188968.703  5872  5900 I AebsFrameSubscriber: onMessagesAvailable callback
         1788188968.704  5872  5900 I AebsFrameSubscriber: readNextMessages count=1
         1788188968.704  5872  5900 I MainActivity: onGatewayFrame: frame seq=2531 egoSpeed=6.940973 pts=24 intervention=false warning=false braking=true lifecycle=released_verified_stop range=0.07490248 bearing=0.0 rss=15.418556
         1788188968.804  5872  5900 I AebsFrameSubscriber: onMessagesAvailable callback
         1788188968.804  5872  5900 I AebsFrameSubscriber: readNextMessages count=1
         1788188968.805  5872  5900 I MainActivity: onGatewayFrame: frame seq=2532 egoSpeed=6.940973 pts=24 intervention=false warning=false braking=true lifecycle=released_verified_stop range=0.07490248 bearing=0.0 rss=15.418556
         1788188968.904  5872  5900 I AebsFrameSubscriber: onMessagesAvailable callback
         1788188968.904  5872  5900 I AebsFrameSubscriber: readNextMessages count=1
         1788188968.904  5872  5900 I MainActivity: onGatewayFrame: frame seq=2533 egoSpeed=6.940973 pts=24 intervention=false warning=false braking=true lifecycle=released_verified_stop range=0.07490248 bearing=0.0 rss=15.418556
         1788188969.003  5872  5900 I AebsFrameSubscriber: onMessagesAvailable callback
         1788188969.004  5872  5900 I AebsFrameSubscriber: readNextMessages count=1
         1788188969.004  5872  5900 I MainActivity: onGatewayFrame: frame seq=2534 egoSpeed=6.940973 pts=24 intervention=false warning=false braking=true lifecycle=released_verified_stop range=0.07490248 bearing=0.0 rss=15.418556
         1788188969.103  5872  5900 I AebsFrameSubscriber: onMessagesAvailable callback
         1788188969.104  5872  5900 I AebsFrameSubscriber: readNextMessages count=1
         1788188969.104  5872  5900 I MainActivity: onGatewayFrame: frame seq=2535 egoSpeed=6.940973 pts=24 intervention=false warning=false braking=true lifecycle=released_verified_stop range=0.07490248 bearing=0.0 rss=15.418556
         1788188969.204  5872  5900 I AebsFrameSubscriber: onMessagesAvailable callback
         1788188969.205  5872  5900 I AebsFrameSubscriber: readNextMessages count=1
         1788188969.209  5872  5900 I MainActivity: onGatewayFrame: frame seq=2536 egoSpeed=6.940973 pts=24 intervention=false warning=false braking=true lifecycle=released_verified_stop range=0.07490248 bearing=0.0 rss=15.418556
         1788188969.372  5872  5900 I AebsFrameSubscriber: onMessagesAvailable callback
         1788188969.372  5872  5900 I AebsFrameSubscriber: readNextMessages count=1
         1788188969.372  5872  5900 I MainActivity: onGatewayFrame: frame seq=2537 egoSpeed=6.940973 pts=24 intervention=false warning=false braking=true lifecycle=released_verified_stop range=0.07490248 bearing=0.0 rss=15.418556
         1788188969.404  5872  5900 I AebsFrameSubscriber: onMessagesAvailable callback
         1788188969.409  5872  5900 I AebsFrameSubscriber: readNextMessages count=1
         1788188969.409  5872  5900 I MainActivity: onGatewayFrame: frame seq=2538 egoSpeed=6.940973 pts=24 intervention=false warning=false braking=true lifecycle=released_verified_stop range=0.07490248 bearing=0.0 rss=15.418556
         1788188969.503  5872  5900 I AebsFrameSubscriber: onMessagesAvailable callback
         1788188969.504  5872  5900 I AebsFrameSubscriber: readNextMessages count=1
         1788188969.504  5872  5900 I MainActivity: onGatewayFrame: frame seq=2539 egoSpeed=6.940973 pts=24 intervention=false warning=false braking=true lifecycle=released_verified_stop range=0.07490248 bearing=0.0 rss=15.418556
         1788188969.603  5872  5900 I AebsFrameSubscriber: onMessagesAvailable callback
         1788188969.609  5872  5900 I AebsFrameSubscriber: readNextMessages count=1
         1788188969.609  5872  5900 I MainActivity: onGatewayFrame: frame seq=2540 egoSpeed=6.940973 pts=24 intervention=false warning=false braking=true lifecycle=released_verified_stop range=0.07490248 bearing=0.0 rss=15.418556
         1788188969.703  5872  5900 I AebsFrameSubscriber: onMessagesAvailable callback
         1788188969.704  5872  5900 I AebsFrameSubscriber: readNextMessages count=1
         1788188969.704  5872  5900 I MainActivity: onGatewayFrame: frame seq=2541 egoSpeed=6.940973 pts=24 intervention=false warning=false braking=true lifecycle=released_verified_stop range=0.07490248 bearing=0.0 rss=15.418556
         1788188969.803  5872  5900 I AebsFrameSubscriber: onMessagesAvailable callback
         1788188969.804  5872  5900 I AebsFrameSubscriber: readNextMessages count=1
         1788188969.805  5872  5900 I MainActivity: onGatewayFrame: frame seq=2542 egoSpeed=6.940973 pts=24 intervention=false warning=false braking=true lifecycle=released_verified_stop range=0.07490248 bearing=0.0 rss=15.418556
         1788188969.903  5872  5900 I AebsFrameSubscriber: onMessagesAvailable callback
         1788188969.904  5872  5900 I AebsFrameSubscriber: readNextMessages count=1
         1788188969.904  5872  5900 I MainActivity: onGatewayFrame: frame seq=2543 egoSpeed=6.940973 pts=24 intervention=false warning=false braking=true lifecycle=released_verified_stop range=0.07490248 bearing=0.0 rss=15.418556
         1788188970.003  5872  5900 I AebsFrameSubscriber: onMessagesAvailable callback
         1788188970.004  5872  5900 I AebsFrameSubscriber: readNextMessages count=1
         1788188970.004  5872  5900 I MainActivity: onGatewayFrame: frame seq=2544 egoSpeed=6.940973 pts=24 intervention=false warning=false braking=true lifecycle=released_verified_stop range=0.07490248 bearing=0.0 rss=15.418556
         1788188970.103  5872  5900 I AebsFrameSubscriber: onMessagesAvailable callback
         1788188970.104  5872  5900 I AebsFrameSubscriber: readNextMessages count=1
         1788188970.104  5872  5900 I MainActivity: onGatewayFrame: frame seq=2545 egoSpeed=6.940973 pts=24 intervention=false warning=false braking=true lifecycle=released_verified_stop range=0.07490248 bearing=0.0 rss=15.418556
         1788188970.204  5872  5900 I AebsFrameSubscriber: onMessagesAvailable callback
         1788188970.204  5872  5900 I AebsFrameSubscriber: readNextMessages count=1
         1788188970.208  5872  5900 I MainActivity: onGatewayFrame: frame seq=2546 egoSpeed=6.940973 pts=24 intervention=false warning=false braking=true lifecycle=released_verified_stop range=0.07490248 bearing=0.0 rss=15.418556
         1788188970.303  5872  5900 I AebsFrameSubscriber: onMessagesAvailable callback
         1788188970.304  5872  5900 I AebsFrameSubscriber: readNextMessages count=1
         1788188970.304  5872  5900 I MainActivity: onGatewayFrame: frame seq=2547 egoSpeed=6.940973 pts=24 intervention=false warning=false braking=true lifecycle=released_verified_stop range=0.07490248 bearing=0.0 rss=15.418556
         1788188970.404  5872  5900 I AebsFrameSubscriber: onMessagesAvailable callback
         1788188970.404  5872  5900 I AebsFrameSubscriber: readNextMessages count=1
         1788188970.404  5872  5900 I MainActivity: onGatewayFrame: frame seq=2548 egoSpeed=6.940973 pts=24 intervention=false warning=false braking=true lifecycle=released_verified_stop range=0.07490248 bearing=0.0 rss=15.418556
         1788188970.503  5872  5900 I AebsFrameSubscriber: onMessagesAvailable callback
         1788188970.504  5872  5900 I AebsFrameSubscriber: readNextMessages count=1
         1788188970.504  5872  5900 I MainActivity: onGatewayFrame: frame seq=2549 egoSpeed=6.940973 pts=24 intervention=false warning=false braking=true lifecycle=released_verified_stop range=0.07490248 bearing=0.0 rss=15.418556
         1788188970.604  5872  5900 I AebsFrameSubscriber: onMessagesAvailable callback
         1788188970.604  5872  5900 I AebsFrameSubscriber: readNextMessages count=1
         1788188970.604  5872  5900 I MainActivity: onGatewayFrame: frame seq=2550 egoSpeed=6.940973 pts=24 intervention=false warning=false braking=true lifecycle=released_verified_stop range=0.07490248 bearing=0.0 rss=15.418556
         1788188970.703  5872  5900 I AebsFrameSubscriber: onMessagesAvailable callback
         1788188970.704  5872  5900 I AebsFrameSubscriber: readNextMessages count=1
         1788188970.704  5872  5900 I MainActivity: onGatewayFrame: frame seq=2551 egoSpeed=6.940973 pts=24 intervention=false warning=false braking=true lifecycle=released_verified_stop range=0.07490248 bearing=0.0 rss=15.418556
         1788188970.803  5872  5900 I AebsFrameSubscriber: onMessagesAvailable callback
         1788188970.804  5872  5900 I AebsFrameSubscriber: readNextMessages count=1
         1788188970.804  5872  5900 I MainActivity: onGatewayFrame: frame seq=2552 egoSpeed=6.940973 pts=24 intervention=false warning=false braking=true lifecycle=released_verified_stop range=0.07490248 bearing=0.0 rss=15.418556
         1788188970.903  5872  5900 I AebsFrameSubscriber: onMessagesAvailable callback
         1788188970.904  5872  5900 I AebsFrameSubscriber: readNextMessages count=1
         1788188970.904  5872  5900 I MainActivity: onGatewayFrame: frame seq=2553 egoSpeed=6.940973 pts=24 intervention=false warning=false braking=true lifecycle=released_verified_stop range=0.07490248 bearing=0.0 rss=15.418556
         1788188971.003  5872  5900 I AebsFrameSubscriber: onMessagesAvailable callback
         1788188971.004  5872  5900 I AebsFrameSubscriber: readNextMessages count=1
         1788188971.004  5872  5900 I MainActivity: onGatewayFrame: frame seq=2554 egoSpeed=6.940973 pts=24 intervention=false warning=false braking=true lifecycle=released_verified_stop range=0.07490248 bearing=0.0 rss=15.418556
         1788188971.104  5872  5900 I AebsFrameSubscriber: onMessagesAvailable callback
         1788188971.104  5872  5900 I AebsFrameSubscriber: readNextMessages count=1
         1788188971.104  5872  5900 I MainActivity: onGatewayFrame: frame seq=2555 egoSpeed=6.940973 pts=24 intervention=false warning=false braking=true lifecycle=released_verified_stop range=0.07490248 bearing=0.0 rss=15.418556
         1788188971.204  5872  5900 I AebsFrameSubscriber: onMessagesAvailable callback
         1788188971.204  5872  5900 I AebsFrameSubscriber: readNextMessages count=1
         1788188971.204  5872  5900 I MainActivity: onGatewayFrame: frame seq=2556 egoSpeed=6.940973 pts=24 intervention=false warning=false braking=true lifecycle=released_verified_stop range=0.07490248 bearing=0.0 rss=15.418556
         1788188971.303  5872  5900 I AebsFrameSubscriber: onMessagesAvailable callback
         1788188971.304  5872  5900 I AebsFrameSubscriber: readNextMessages count=1
         1788188971.304  5872  5900 I MainActivity: onGatewayFrame: frame seq=2557 egoSpeed=6.940973 pts=24 intervention=false warning=false braking=true lifecycle=released_verified_stop range=0.07490248 bearing=0.0 rss=15.418556
         1788188971.403  5872  5900 I AebsFrameSubscriber: onMessagesAvailable callback
         1788188971.404  5872  5900 I AebsFrameSubscriber: readNextMessages count=1
         1788188971.405  5872  5900 I MainActivity: onGatewayFrame: frame seq=2558 egoSpeed=6.940973 pts=24 intervention=false warning=false braking=true lifecycle=released_verified_stop range=0.07490248 bearing=0.0 rss=15.418556
         1788188971.503  5872  5900 I AebsFrameSubscriber: onMessagesAvailable callback
         1788188971.504  5872  5900 I AebsFrameSubscriber: readNextMessages count=1
         1788188971.504  5872  5900 I MainActivity: onGatewayFrame: frame seq=2559 egoSpeed=6.940973 pts=24 intervention=false warning=false braking=true lifecycle=released_verified_stop range=0.07490248 bearing=0.0 rss=15.418556
         1788188971.603  5872  5900 I AebsFrameSubscriber: onMessagesAvailable callback
         1788188971.604  5872  5900 I AebsFrameSubscriber: readNextMessages count=1
         1788188971.604  5872  5900 I MainActivity: onGatewayFrame: frame seq=2560 egoSpeed=6.940973 pts=24 intervention=false warning=false braking=true lifecycle=released_verified_stop range=0.07490248 bearing=0.0 rss=15.418556
         1788188971.704  5872  5900 I AebsFrameSubscriber: onMessagesAvailable callback
         1788188971.704  5872  5900 I AebsFrameSubscriber: readNextMessages count=1
         1788188971.704  5872  5900 I MainActivity: onGatewayFrame: frame seq=2561 egoSpeed=6.940973 pts=24 intervention=false warning=false braking=true lifecycle=released_verified_stop range=0.07490248 bearing=0.0 rss=15.418556
         1788188971.804  5872  5900 I AebsFrameSubscriber: onMessagesAvailable callback
         1788188971.804  5872  5900 I AebsFrameSubscriber: readNextMessages count=1
         1788188971.808  5872  5900 I MainActivity: onGatewayFrame: frame seq=2562 egoSpeed=6.940973 pts=24 intervention=false warning=false braking=true lifecycle=released_verified_stop range=0.07490248 bearing=0.0 rss=15.418556
         1788188971.904  5872  5900 I AebsFrameSubscriber: onMessagesAvailable callback
         1788188971.904  5872  5900 I AebsFrameSubscriber: readNextMessages count=1
         1788188971.904  5872  5900 I MainActivity: onGatewayFrame: frame seq=2563 egoSpeed=6.940973 pts=24 intervention=false warning=false braking=true lifecycle=released_verified_stop range=0.07490248 bearing=0.0 rss=15.418556
         1788188972.003  5872  5900 I AebsFrameSubscriber: onMessagesAvailable callback
         1788188972.004  5872  5900 I AebsFrameSubscriber: readNextMessages count=1
         1788188972.004  5872  5900 I MainActivity: onGatewayFrame: frame seq=2564 egoSpeed=6.940973 pts=24 intervention=false warning=false braking=true lifecycle=released_verified_stop range=0.07490248 bearing=0.0 rss=15.418556
         1788188972.103  5872  5900 I AebsFrameSubscriber: onMessagesAvailable callback
         1788188972.104  5872  5900 I AebsFrameSubscriber: readNextMessages count=1
         1788188972.104  5872  5900 I MainActivity: onGatewayFrame: frame seq=2565 egoSpeed=6.940973 pts=24 intervention=false warning=false braking=true lifecycle=released_verified_stop range=0.07490248 bearing=0.0 rss=15.418556
         1788188972.204  5872  5900 I AebsFrameSubscriber: onMessagesAvailable callback
         1788188972.204  5872  5900 I AebsFrameSubscriber: readNextMessages count=1
         1788188972.204  5872  5900 I MainActivity: onGatewayFrame: frame seq=2566 egoSpeed=6.940973 pts=24 intervention=false warning=false braking=true lifecycle=released_verified_stop range=0.07490248 bearing=0.0 rss=15.418556
         1788188972.303  5872  5900 I AebsFrameSubscriber: onMessagesAvailable callback
         1788188972.304  5872  5900 I AebsFrameSubscriber: readNextMessages count=1
         1788188972.304  5872  5900 I MainActivity: onGatewayFrame: frame seq=2567 egoSpeed=6.940973 pts=24 intervention=false warning=false braking=true lifecycle=released_verified_stop range=0.07490248 bearing=0.0 rss=15.418556
         1788188972.404  5872  5900 I AebsFrameSubscriber: onMessagesAvailable callback
         1788188972.404  5872  5900 I AebsFrameSubscriber: readNextMessages count=1
         1788188972.404  5872  5900 I MainActivity: onGatewayFrame: frame seq=2568 egoSpeed=6.940973 pts=24 intervention=false warning=false braking=true lifecycle=released_verified_stop range=0.07490248 bearing=0.0 rss=15.418556
         1788188972.503  5872  5900 I AebsFrameSubscriber: onMessagesAvailable callback
         1788188972.504  5872  5900 I AebsFrameSubscriber: readNextMessages count=1
         1788188972.504  5872  5900 I MainActivity: onGatewayFrame: frame seq=2569 egoSpeed=6.940973 pts=24 intervention=false warning=false braking=true lifecycle=released_verified_stop range=0.07490248 bearing=0.0 rss=15.418556
         1788188972.608  5872  5900 I AebsFrameSubscriber: onMessagesAvailable callback
         1788188972.609  5872  5900 I AebsFrameSubscriber: readNextMessages count=1
         1788188972.609  5872  5900 I MainActivity: onGatewayFrame: frame seq=2570 egoSpeed=6.940973 pts=24 intervention=false warning=false braking=true lifecycle=released_verified_stop range=0.07490248 bearing=0.0 rss=15.418556
         1788188972.770  5872  5900 I AebsFrameSubscriber: readNextMessages count=1
         1788188972.770  5872  5900 I MainActivity: onGatewayFrame: frame seq=2571 egoSpeed=6.940973 pts=24 intervention=false warning=false braking=true lifecycle=released_verified_stop range=0.07490248 bearing=0.0 rss=15.418556
         1788188972.771  5872  5900 I AebsFrameSubscriber: onMessagesAvailable callback
         1788188972.803  5872  5900 I AebsFrameSubscriber: onMessagesAvailable callback
         1788188972.804  5872  5900 I AebsFrameSubscriber: readNextMessages count=1
         1788188972.804  5872  5900 I MainActivity: onGatewayFrame: frame seq=2572 egoSpeed=6.940973 pts=24 intervention=false warning=false braking=true lifecycle=released_verified_stop range=0.07490248 bearing=0.0 rss=15.418556
         1788188972.903  5872  5900 I AebsFrameSubscriber: onMessagesAvailable callback
         1788188972.904  5872  5900 I AebsFrameSubscriber: readNextMessages count=1
         1788188972.904  5872  5900 I MainActivity: onGatewayFrame: frame seq=2573 egoSpeed=6.940973 pts=24 intervention=false warning=false braking=true lifecycle=released_verified_stop range=0.07490248 bearing=0.0 rss=15.418556
         1788188973.003  5872  5900 I AebsFrameSubscriber: onMessagesAvailable callback
         1788188973.004  5872  5900 I AebsFrameSubscriber: readNextMessages count=1
         1788188973.004  5872  5900 I MainActivity: onGatewayFrame: frame seq=2574 egoSpeed=6.940973 pts=24 intervention=false warning=false braking=true lifecycle=released_verified_stop range=0.07490248 bearing=0.0 rss=15.418556
         1788188973.103  5872  5900 I AebsFrameSubscriber: onMessagesAvailable callback
         1788188973.104  5872  5900 I AebsFrameSubscriber: readNextMessages count=1
         1788188973.104  5872  5900 I MainActivity: onGatewayFrame: frame seq=2575 egoSpeed=6.940973 pts=24 intervention=false warning=false braking=true lifecycle=released_verified_stop range=0.07490248 bearing=0.0 rss=15.418556
         1788188973.203  5872  5900 I AebsFrameSubscriber: onMessagesAvailable callback
         1788188973.204  5872  5900 I AebsFrameSubscriber: readNextMessages count=1
         1788188973.204  5872  5900 I MainActivity: onGatewayFrame: frame seq=2576 egoSpeed=6.940973 pts=24 intervention=false warning=false braking=true lifecycle=released_verified_stop range=0.07490248 bearing=0.0 rss=15.418556
         1788188973.303  5872  5900 I AebsFrameSubscriber: onMessagesAvailable callback
         1788188973.304  5872  5900 I AebsFrameSubscriber: readNextMessages count=1
         1788188973.304  5872  5900 I MainActivity: onGatewayFrame: frame seq=2577 egoSpeed=6.940973 pts=24 intervention=false warning=false braking=true lifecycle=released_verified_stop range=0.07490248 bearing=0.0 rss=15.418556
         1788188973.403  5872  5900 I AebsFrameSubscriber: onMessagesAvailable callback
         1788188973.404  5872  5900 I AebsFrameSubscriber: readNextMessages count=1
         1788188973.404  5872  5900 I MainActivity: onGatewayFrame: frame seq=2578 egoSpeed=6.940973 pts=24 intervention=false warning=false braking=true lifecycle=released_verified_stop range=0.07490248 bearing=0.0 rss=15.418556
         1788188973.503  5872  5900 I AebsFrameSubscriber: onMessagesAvailable callback
         1788188973.504  5872  5900 I AebsFrameSubscriber: readNextMessages count=1
         1788188973.504  5872  5900 I MainActivity: onGatewayFrame: frame seq=2579 egoSpeed=6.940973 pts=24 intervention=false warning=false braking=true lifecycle=released_verified_stop range=0.07490248 bearing=0.0 rss=15.418556
         1788188973.603  5872  5900 I AebsFrameSubscriber: onMessagesAvailable callback
         1788188973.604  5872  5900 I AebsFrameSubscriber: readNextMessages count=1
         1788188973.604  5872  5900 I MainActivity: onGatewayFrame: frame seq=2580 egoSpeed=6.940973 pts=24 intervention=false warning=false braking=true lifecycle=released_verified_stop range=0.07490248 bearing=0.0 rss=15.418556
         1788188973.703  5872  5900 I AebsFrameSubscriber: onMessagesAvailable callback
         1788188973.704  5872  5900 I AebsFrameSubscriber: readNextMessages count=1
         1788188973.704  5872  5900 I MainActivity: onGatewayFrame: frame seq=2581 egoSpeed=6.940973 pts=24 intervention=false warning=false braking=true lifecycle=released_verified_stop range=0.07490248 bearing=0.0 rss=15.418556
         1788188973.806  5872  5900 I AebsFrameSubscriber: onMessagesAvailable callback
         1788188973.806  5872  5900 I AebsFrameSubscriber: readNextMessages count=1
         1788188973.807  5872  5900 I MainActivity: onGatewayFrame: frame seq=2582 egoSpeed=6.940973 pts=24 intervention=false warning=false braking=true lifecycle=released_verified_stop range=0.07490248 bearing=0.0 rss=15.418556
         1788188973.904  5872  5900 I AebsFrameSubscriber: onMessagesAvailable callback
         1788188973.904  5872  5900 I AebsFrameSubscriber: readNextMessages count=1
         1788188973.904  5872  5900 I MainActivity: onGatewayFrame: frame seq=2583 egoSpeed=6.940973 pts=24 intervention=false warning=false braking=true lifecycle=released_verified_stop range=0.07490248 bearing=0.0 rss=15.418556
         1788188974.003  5872  5900 I AebsFrameSubscriber: onMessagesAvailable callback
         1788188974.004  5872  5900 I AebsFrameSubscriber: readNextMessages count=1
         1788188974.004  5872  5900 I MainActivity: onGatewayFrame: frame seq=2584 egoSpeed=6.940973 pts=24 intervention=false warning=false braking=true lifecycle=released_verified_stop range=0.07490248 bearing=0.0 rss=15.418556
         1788188974.103  5872  5900 I AebsFrameSubscriber: onMessagesAvailable callback
         1788188974.104  5872  5900 I AebsFrameSubscriber: readNextMessages count=1
         1788188974.104  5872  5900 I MainActivity: onGatewayFrame: frame seq=2585 egoSpeed=6.940973 pts=24 intervention=false warning=false braking=true lifecycle=released_verified_stop range=0.07490248 bearing=0.0 rss=15.418556
         1788188974.204  5872  5900 I AebsFrameSubscriber: onMessagesAvailable callback
         1788188974.204  5872  5900 I AebsFrameSubscriber: readNextMessages count=1
         1788188974.204  5872  5900 I MainActivity: onGatewayFrame: frame seq=2586 egoSpeed=6.940973 pts=24 intervention=false warning=false braking=true lifecycle=released_verified_stop range=0.07490248 bearing=0.0 rss=15.418556
         1788188974.304  5872  5900 I AebsFrameSubscriber: onMessagesAvailable callback
         1788188974.304  5872  5900 I AebsFrameSubscriber: readNextMessages count=1
         1788188974.304  5872  5900 I MainActivity: onGatewayFrame: frame seq=2587 egoSpeed=6.940973 pts=24 intervention=false warning=false braking=true lifecycle=released_verified_stop range=0.07490248 bearing=0.0 rss=15.418556
         1788188974.404  5872  5900 I AebsFrameSubscriber: onMessagesAvailable callback
         1788188974.404  5872  5900 I AebsFrameSubscriber: readNextMessages count=1
         1788188974.404  5872  5900 I MainActivity: onGatewayFrame: frame seq=2588 egoSpeed=6.940973 pts=24 intervention=false warning=false braking=true lifecycle=released_verified_stop range=0.07490248 bearing=0.0 rss=15.418556
         1788188974.504  5872  5900 I AebsFrameSubscriber: onMessagesAvailable callback
         1788188974.504  5872  5900 I AebsFrameSubscriber: readNextMessages count=1
         1788188974.504  5872  5900 I MainActivity: onGatewayFrame: frame seq=2589 egoSpeed=6.940973 pts=24 intervention=false warning=false braking=true lifecycle=released_verified_stop range=0.07490248 bearing=0.0 rss=15.418556
         1788188974.603  5872  5900 I AebsFrameSubscriber: onMessagesAvailable callback
         1788188974.604  5872  5900 I AebsFrameSubscriber: readNextMessages count=1
         1788188974.604  5872  5900 I MainActivity: onGatewayFrame: frame seq=2590 egoSpeed=6.940973 pts=24 intervention=false warning=false braking=true lifecycle=released_verified_stop range=0.07490248 bearing=0.0 rss=15.418556
         1788188974.704  5872  5900 I AebsFrameSubscriber: onMessagesAvailable callback
         1788188974.704  5872  5900 I AebsFrameSubscriber: readNextMessages count=1
         1788188974.704  5872  5900 I MainActivity: onGatewayFrame: frame seq=2591 egoSpeed=6.940973 pts=24 intervention=false warning=false braking=true lifecycle=released_verified_stop range=0.07490248 bearing=0.0 rss=15.418556
         1788188974.803  5872  5900 I AebsFrameSubscriber: onMessagesAvailable callback
         1788188974.804  5872  5900 I AebsFrameSubscriber: readNextMessages count=1
         1788188974.804  5872  5900 I MainActivity: onGatewayFrame: frame seq=2592 egoSpeed=6.940973 pts=24 intervention=false warning=false braking=true lifecycle=released_verified_stop range=0.07490248 bearing=0.0 rss=15.418556
         1788188974.903  5872  5900 I AebsFrameSubscriber: onMessagesAvailable callback
         1788188974.904  5872  5900 I AebsFrameSubscriber: readNextMessages count=1
         1788188974.904  5872  5900 I MainActivity: onGatewayFrame: frame seq=2593 egoSpeed=6.940973 pts=24 intervention=false warning=false braking=true lifecycle=released_verified_stop range=0.07490248 bearing=0.0 rss=15.418556
         1788188975.004  5872  5900 I AebsFrameSubscriber: onMessagesAvailable callback
         1788188975.004  5872  5900 I AebsFrameSubscriber: readNextMessages count=1
         1788188975.004  5872  5900 I MainActivity: onGatewayFrame: frame seq=2594 egoSpeed=6.940973 pts=24 intervention=false warning=false braking=true lifecycle=released_verified_stop range=0.07490248 bearing=0.0 rss=15.418556
         1788188975.104  5872  5900 I AebsFrameSubscriber: onMessagesAvailable callback
         1788188975.104  5872  5900 I AebsFrameSubscriber: readNextMessages count=1
         1788188975.104  5872  5900 I MainActivity: onGatewayFrame: frame seq=2595 egoSpeed=6.940973 pts=24 intervention=false warning=false braking=true lifecycle=released_verified_stop range=0.07490248 bearing=0.0 rss=15.418556
         1788188975.203  5872  5900 I AebsFrameSubscriber: onMessagesAvailable callback
         1788188975.204  5872  5900 I AebsFrameSubscriber: readNextMessages count=1
         1788188975.204  5872  5900 I MainActivity: onGatewayFrame: frame seq=2596 egoSpeed=6.940973 pts=24 intervention=false warning=false braking=true lifecycle=released_verified_stop range=0.07490248 bearing=0.0 rss=15.418556
         1788188975.304  5872  5900 I AebsFrameSubscriber: onMessagesAvailable callback
         1788188975.304  5872  5900 I AebsFrameSubscriber: readNextMessages count=1
         1788188975.304  5872  5900 I MainActivity: onGatewayFrame: frame seq=2597 egoSpeed=6.940973 pts=24 intervention=false warning=false braking=true lifecycle=released_verified_stop range=0.07490248 bearing=0.0 rss=15.418556
         1788188975.403  5872  5900 I AebsFrameSubscriber: onMessagesAvailable callback
         1788188975.404  5872  5900 I AebsFrameSubscriber: readNextMessages count=1
         1788188975.404  5872  5900 I MainActivity: onGatewayFrame: frame seq=2598 egoSpeed=6.940973 pts=24 intervention=false warning=false braking=true lifecycle=released_verified_stop range=0.07490248 bearing=0.0 rss=15.418556
         1788188975.503  5872  5900 I AebsFrameSubscriber: onMessagesAvailable callback
         1788188975.504  5872  5900 I AebsFrameSubscriber: readNextMessages count=1
         1788188975.504  5872  5900 I MainActivity: onGatewayFrame: frame seq=2599 egoSpeed=6.940973 pts=24 intervention=false warning=false braking=true lifecycle=released_verified_stop range=0.07490248 bearing=0.0 rss=15.418556
         1788188975.603  5872  5900 I AebsFrameSubscriber: onMessagesAvailable callback
         1788188975.604  5872  5900 I AebsFrameSubscriber: readNextMessages count=1
         1788188975.604  5872  5900 I MainActivity: onGatewayFrame: frame seq=2600 egoSpeed=6.940973 pts=24 intervention=false warning=false braking=true lifecycle=released_verified_stop range=0.07490248 bearing=0.0 rss=15.418556
         1788188975.704  5872  5900 I AebsFrameSubscriber: onMessagesAvailable callback
         1788188975.704  5872  5900 I AebsFrameSubscriber: readNextMessages count=1
         1788188975.704  5872  5900 I MainActivity: onGatewayFrame: frame seq=2601 egoSpeed=6.940973 pts=24 intervention=false warning=false braking=true lifecycle=released_verified_stop range=0.07490248 bearing=0.0 rss=15.418556
         1788188975.803  5872  5900 I AebsFrameSubscriber: onMessagesAvailable callback
         1788188975.804  5872  5900 I AebsFrameSubscriber: readNextMessages count=1
         1788188975.804  5872  5900 I MainActivity: onGatewayFrame: frame seq=2602 egoSpeed=6.940973 pts=24 intervention=false warning=false braking=true lifecycle=released_verified_stop range=0.07490248 bearing=0.0 rss=15.418556
         1788188975.904  5872  5900 I AebsFrameSubscriber: onMessagesAvailable callback
         1788188975.904  5872  5900 I AebsFrameSubscriber: readNextMessages count=1
         1788188975.904  5872  5900 I MainActivity: onGatewayFrame: frame seq=2603 egoSpeed=6.940973 pts=24 intervention=false warning=false braking=true lifecycle=released_verified_stop range=0.07490248 bearing=0.0 rss=15.418556
         1788188976.003  5872  5900 I AebsFrameSubscriber: onMessagesAvailable callback
         1788188976.004  5872  5900 I AebsFrameSubscriber: readNextMessages count=1
         1788188976.004  5872  5900 I MainActivity: onGatewayFrame: frame seq=2604 egoSpeed=6.940973 pts=24 intervention=false warning=false braking=true lifecycle=released_verified_stop range=0.07490248 bearing=0.0 rss=15.418556
         1788188976.172  5872  5900 I AebsFrameSubscriber: onMessagesAvailable callback
         1788188976.172  5872  5900 I AebsFrameSubscriber: readNextMessages count=1
         1788188976.172  5872  5900 I MainActivity: onGatewayFrame: frame seq=2605 egoSpeed=6.940973 pts=24 intervention=false warning=false braking=true lifecycle=released_verified_stop range=0.07490248 bearing=0.0 rss=15.418556
         1788188976.203  5872  5900 I AebsFrameSubscriber: onMessagesAvailable callback
         1788188976.209  5872  5900 I AebsFrameSubscriber: readNextMessages count=1
         1788188976.209  5872  5900 I MainActivity: onGatewayFrame: frame seq=2606 egoSpeed=6.940973 pts=24 intervention=false warning=false braking=true lifecycle=released_verified_stop range=0.07490248 bearing=0.0 rss=15.418556
         1788188976.303  5872  5900 I AebsFrameSubscriber: onMessagesAvailable callback
         1788188976.304  5872  5900 I AebsFrameSubscriber: readNextMessages count=1
         1788188976.304  5872  5900 I MainActivity: onGatewayFrame: frame seq=2607 egoSpeed=6.940973 pts=24 intervention=false warning=false braking=true lifecycle=released_verified_stop range=0.07490248 bearing=0.0 rss=15.418556
         1788188976.403  5872  5900 I AebsFrameSubscriber: onMessagesAvailable callback
         1788188976.404  5872  5900 I AebsFrameSubscriber: readNextMessages count=1
         1788188976.404  5872  5900 I MainActivity: onGatewayFrame: frame seq=2608 egoSpeed=6.940973 pts=24 intervention=false warning=false braking=true lifecycle=released_verified_stop range=0.07490248 bearing=0.0 rss=15.418556
         1788188976.503  5872  5900 I AebsFrameSubscriber: onMessagesAvailable callback
         1788188976.504  5872  5900 I AebsFrameSubscriber: readNextMessages count=1
         1788188976.504  5872  5900 I MainActivity: onGatewayFrame: frame seq=2609 egoSpeed=6.940973 pts=24 intervention=false warning=false braking=true lifecycle=released_verified_stop range=0.07490248 bearing=0.0 rss=15.418556
         1788188976.603  5872  5900 I AebsFrameSubscriber: onMessagesAvailable callback
         1788188976.604  5872  5900 I AebsFrameSubscriber: readNextMessages count=1
         1788188976.604  5872  5900 I MainActivity: onGatewayFrame: frame seq=2610 egoSpeed=6.940973 pts=24 intervention=false warning=false braking=true lifecycle=released_verified_stop range=0.07490248 bearing=0.0 rss=15.418556
         1788188976.703  5872  5900 I AebsFrameSubscriber: onMessagesAvailable callback
         1788188976.704  5872  5900 I AebsFrameSubscriber: readNextMessages count=1
         1788188976.704  5872  5900 I MainActivity: onGatewayFrame: frame seq=2611 egoSpeed=6.940973 pts=24 intervention=false warning=false braking=true lifecycle=released_verified_stop range=0.07490248 bearing=0.0 rss=15.418556
         1788188976.803  5872  5900 I AebsFrameSubscriber: onMessagesAvailable callback
         1788188976.804  5872  5900 I AebsFrameSubscriber: readNextMessages count=1
         1788188976.804  5872  5900 I MainActivity: onGatewayFrame: frame seq=2612 egoSpeed=6.940973 pts=24 intervention=false warning=false braking=true lifecycle=released_verified_stop range=0.07490248 bearing=0.0 rss=15.418556
         1788188976.903  5872  5900 I AebsFrameSubscriber: onMessagesAvailable callback
         1788188976.904  5872  5900 I AebsFrameSubscriber: readNextMessages count=1
         1788188976.904  5872  5900 I MainActivity: onGatewayFrame: frame seq=2613 egoSpeed=6.940973 pts=24 intervention=false warning=false braking=true lifecycle=released_verified_stop range=0.07490248 bearing=0.0 rss=15.418556
         1788188977.003  5872  5900 I AebsFrameSubscriber: onMessagesAvailable callback
         1788188977.004  5872  5900 I AebsFrameSubscriber: readNextMessages count=1
         1788188977.004  5872  5900 I MainActivity: onGatewayFrame: frame seq=2614 egoSpeed=6.940973 pts=24 intervention=false warning=false braking=true lifecycle=released_verified_stop range=0.07490248 bearing=0.0 rss=15.418556
         1788188977.103  5872  5900 I AebsFrameSubscriber: onMessagesAvailable callback
         1788188977.104  5872  5900 I AebsFrameSubscriber: readNextMessages count=1
         1788188977.104  5872  5900 I MainActivity: onGatewayFrame: frame seq=2615 egoSpeed=6.940973 pts=24 intervention=false warning=false braking=true lifecycle=released_verified_stop range=0.07490248 bearing=0.0 rss=15.418556
         1788188977.203  5872  5900 I AebsFrameSubscriber: onMessagesAvailable callback
         1788188977.204  5872  5900 I AebsFrameSubscriber: readNextMessages count=1
         1788188977.204  5872  5900 I MainActivity: onGatewayFrame: frame seq=2616 egoSpeed=6.940973 pts=24 intervention=false warning=false braking=true lifecycle=released_verified_stop range=0.07490248 bearing=0.0 rss=15.418556
         1788188977.304  5872  5900 I AebsFrameSubscriber: onMessagesAvailable callback
         1788188977.304  5872  5900 I AebsFrameSubscriber: readNextMessages count=1
         1788188977.304  5872  5900 I MainActivity: onGatewayFrame: frame seq=2617 egoSpeed=6.940973 pts=24 intervention=false warning=false braking=true lifecycle=released_verified_stop range=0.07490248 bearing=0.0 rss=15.418556
         1788188977.403  5872  5900 I AebsFrameSubscriber: onMessagesAvailable callback
         1788188977.404  5872  5900 I AebsFrameSubscriber: readNextMessages count=1
         1788188977.404  5872  5900 I MainActivity: onGatewayFrame: frame seq=2618 egoSpeed=6.940973 pts=24 intervention=false warning=false braking=true lifecycle=released_verified_stop range=0.07490248 bearing=0.0 rss=15.418556
         1788188977.503  5872  5900 I AebsFrameSubscriber: onMessagesAvailable callback
         1788188977.504  5872  5900 I AebsFrameSubscriber: readNextMessages count=1
         1788188977.504  5872  5900 I MainActivity: onGatewayFrame: frame seq=2619 egoSpeed=6.940973 pts=24 intervention=false warning=false braking=true lifecycle=released_verified_stop range=0.07490248 bearing=0.0 rss=15.418556
         1788188977.603  5872  5900 I AebsFrameSubscriber: onMessagesAvailable callback
         1788188977.604  5872  5900 I AebsFrameSubscriber: readNextMessages count=1
         1788188977.604  5872  5900 I MainActivity: onGatewayFrame: frame seq=2620 egoSpeed=6.940973 pts=24 intervention=false warning=false braking=true lifecycle=released_verified_stop range=0.07490248 bearing=0.0 rss=15.418556
         1788188977.703  5872  5900 I AebsFrameSubscriber: onMessagesAvailable callback
         1788188977.704  5872  5900 I AebsFrameSubscriber: readNextMessages count=1
         1788188977.704  5872  5900 I MainActivity: onGatewayFrame: frame seq=2621 egoSpeed=6.940973 pts=24 intervention=false warning=false braking=true lifecycle=released_verified_stop range=0.07490248 bearing=0.0 rss=15.418556
         1788188977.803  5872  5900 I AebsFrameSubscriber: onMessagesAvailable callback
         1788188977.804  5872  5900 I AebsFrameSubscriber: readNextMessages count=1
         1788188977.804  5872  5900 I MainActivity: onGatewayFrame: frame seq=2622 egoSpeed=6.940973 pts=24 intervention=false warning=false braking=true lifecycle=released_verified_stop range=0.07490248 bearing=0.0 rss=15.418556
         1788188977.903  5872  5900 I AebsFrameSubscriber: onMessagesAvailable callback
         1788188977.904  5872  5900 I AebsFrameSubscriber: readNextMessages count=1
         1788188977.904  5872  5900 I MainActivity: onGatewayFrame: frame seq=2623 egoSpeed=6.940973 pts=24 intervention=false warning=false braking=true lifecycle=released_verified_stop range=0.07490248 bearing=0.0 rss=15.418556
         1788188978.003  5872  5900 I AebsFrameSubscriber: onMessagesAvailable callback
         1788188978.004  5872  5900 I AebsFrameSubscriber: readNextMessages count=1
         1788188978.004  5872  5900 I MainActivity: onGatewayFrame: frame seq=2624 egoSpeed=6.940973 pts=24 intervention=false warning=false braking=true lifecycle=released_verified_stop range=0.07490248 bearing=0.0 rss=15.418556
         1788188978.103  5872  5900 I AebsFrameSubscriber: onMessagesAvailable callback
         1788188978.104  5872  5900 I AebsFrameSubscriber: readNextMessages count=1
         1788188978.104  5872  5900 I MainActivity: onGatewayFrame: frame seq=2625 egoSpeed=6.940973 pts=24 intervention=false warning=false braking=true lifecycle=released_verified_stop range=0.07490248 bearing=0.0 rss=15.418556
         1788188978.203  5872  5900 I AebsFrameSubscriber: onMessagesAvailable callback
         1788188978.204  5872  5900 I AebsFrameSubscriber: readNextMessages count=1
         1788188978.204  5872  5900 I MainActivity: onGatewayFrame: frame seq=2626 egoSpeed=6.940973 pts=24 intervention=false warning=false braking=true lifecycle=released_verified_stop range=0.07490248 bearing=0.0 rss=15.418556
         1788188978.303  5872  5900 I AebsFrameSubscriber: onMessagesAvailable callback
         1788188978.304  5872  5900 I AebsFrameSubscriber: readNextMessages count=1
         1788188978.304  5872  5900 I MainActivity: onGatewayFrame: frame seq=2627 egoSpeed=6.940973 pts=24 intervention=false warning=false braking=true lifecycle=released_verified_stop range=0.07490248 bearing=0.0 rss=15.418556
         1788188978.403  5872  5900 I AebsFrameSubscriber: onMessagesAvailable callback
         1788188978.404  5872  5900 I AebsFrameSubscriber: readNextMessages count=1
         1788188978.404  5872  5900 I MainActivity: onGatewayFrame: frame seq=2628 egoSpeed=6.940973 pts=24 intervention=false warning=false braking=true lifecycle=released_verified_stop range=0.07490248 bearing=0.0 rss=15.418556
         1788188978.503  5872  5900 I AebsFrameSubscriber: onMessagesAvailable callback
         1788188978.504  5872  5900 I AebsFrameSubscriber: readNextMessages count=1
         1788188978.504  5872  5900 I MainActivity: onGatewayFrame: frame seq=2629 egoSpeed=6.940973 pts=24 intervention=false warning=false braking=true lifecycle=released_verified_stop range=0.07490248 bearing=0.0 rss=15.418556
         1788188978.603  5872  5900 I AebsFrameSubscriber: onMessagesAvailable callback
         1788188978.603  5872  5900 I AebsFrameSubscriber: readNextMessages count=1
         1788188978.604  5872  5900 I MainActivity: onGatewayFrame: frame seq=2630 egoSpeed=6.940973 pts=24 intervention=false warning=false braking=true lifecycle=released_verified_stop range=0.07490248 bearing=0.0 rss=15.418556
         1788188978.703  5872  5900 I AebsFrameSubscriber: onMessagesAvailable callback
         1788188978.704  5872  5900 I AebsFrameSubscriber: readNextMessages count=1
         1788188978.704  5872  5900 I MainActivity: onGatewayFrame: frame seq=2631 egoSpeed=6.940973 pts=24 intervention=false warning=false braking=true lifecycle=released_verified_stop range=0.07490248 bearing=0.0 rss=15.418556
         1788188978.803  5872  5900 I AebsFrameSubscriber: onMessagesAvailable callback
         1788188978.804  5872  5900 I AebsFrameSubscriber: readNextMessages count=1
         1788188978.804  5872  5900 I MainActivity: onGatewayFrame: frame seq=2632 egoSpeed=6.940973 pts=24 intervention=false warning=false braking=true lifecycle=released_verified_stop range=0.07490248 bearing=0.0 rss=15.418556
         1788188978.903  5872  5900 I AebsFrameSubscriber: onMessagesAvailable callback
         1788188978.904  5872  5900 I AebsFrameSubscriber: readNextMessages count=1
         1788188978.904  5872  5900 I MainActivity: onGatewayFrame: frame seq=2633 egoSpeed=6.940973 pts=24 intervention=false warning=false braking=true lifecycle=released_verified_stop range=0.07490248 bearing=0.0 rss=15.418556
         1788188979.003  5872  5900 I AebsFrameSubscriber: onMessagesAvailable callback
         1788188979.004  5872  5900 I AebsFrameSubscriber: readNextMessages count=1
         1788188979.004  5872  5900 I MainActivity: onGatewayFrame: frame seq=2634 egoSpeed=6.940973 pts=24 intervention=false warning=false braking=true lifecycle=released_verified_stop range=0.07490248 bearing=0.0 rss=15.418556
         1788188979.103  5872  5900 I AebsFrameSubscriber: onMessagesAvailable callback
         1788188979.104  5872  5900 I AebsFrameSubscriber: readNextMessages count=1
         1788188979.104  5872  5900 I MainActivity: onGatewayFrame: frame seq=2635 egoSpeed=6.940973 pts=24 intervention=false warning=false braking=true lifecycle=released_verified_stop range=0.07490248 bearing=0.0 rss=15.418556
         1788188979.203  5872  5900 I AebsFrameSubscriber: onMessagesAvailable callback
         1788188979.204  5872  5900 I AebsFrameSubscriber: readNextMessages count=1
         1788188979.204  5872  5900 I MainActivity: onGatewayFrame: frame seq=2636 egoSpeed=6.940973 pts=24 intervention=false warning=false braking=true lifecycle=released_verified_stop range=0.07490248 bearing=0.0 rss=15.418556
         1788188979.303  5872  5900 I AebsFrameSubscriber: onMessagesAvailable callback
         1788188979.304  5872  5900 I AebsFrameSubscriber: readNextMessages count=1
         1788188979.304  5872  5900 I MainActivity: onGatewayFrame: frame seq=2637 egoSpeed=6.940973 pts=24 intervention=false warning=false braking=true lifecycle=released_verified_stop range=0.07490248 bearing=0.0 rss=15.418556
         1788188979.403  5872  5900 I AebsFrameSubscriber: onMessagesAvailable callback
         1788188979.404  5872  5900 I AebsFrameSubscriber: readNextMessages count=1
         1788188979.404  5872  5900 I MainActivity: onGatewayFrame: frame seq=2638 egoSpeed=6.940973 pts=24 intervention=false warning=false braking=true lifecycle=released_verified_stop range=0.07490248 bearing=0.0 rss=15.418556
         1788188979.576  5872  5900 I AebsFrameSubscriber: readNextMessages count=1
         1788188979.576  5872  5900 I MainActivity: onGatewayFrame: frame seq=2639 egoSpeed=6.940973 pts=24 intervention=false warning=false braking=true lifecycle=released_verified_stop range=0.07490248 bearing=0.0 rss=15.418556
         1788188979.577  5872  5900 I AebsFrameSubscriber: onMessagesAvailable callback
         1788188979.604  5872  5900 I AebsFrameSubscriber: onMessagesAvailable callback
         1788188979.609  5872  5900 I AebsFrameSubscriber: readNextMessages count=1
         1788188979.609  5872  5900 I MainActivity: onGatewayFrame: frame seq=2640 egoSpeed=6.940973 pts=24 intervention=false warning=false braking=true lifecycle=released_verified_stop range=0.07490248 bearing=0.0 rss=15.418556
         1788188979.704  5872  5900 I AebsFrameSubscriber: onMessagesAvailable callback
         1788188979.704  5872  5900 I AebsFrameSubscriber: readNextMessages count=1
         1788188979.704  5872  5900 I MainActivity: onGatewayFrame: frame seq=2641 egoSpeed=6.940973 pts=24 intervention=false warning=false braking=true lifecycle=released_verified_stop range=0.07490248 bearing=0.0 rss=15.418556
         1788188979.803  5872  5900 I AebsFrameSubscriber: onMessagesAvailable callback
         1788188979.804  5872  5900 I AebsFrameSubscriber: readNextMessages count=1
         1788188979.804  5872  5900 I MainActivity: onGatewayFrame: frame seq=2642 egoSpeed=6.940973 pts=24 intervention=false warning=false braking=true lifecycle=released_verified_stop range=0.07490248 bearing=0.0 rss=15.418556
         1788188979.903  5872  5900 I AebsFrameSubscriber: onMessagesAvailable callback
         1788188979.904  5872  5900 I AebsFrameSubscriber: readNextMessages count=1
         1788188979.904  5872  5900 I MainActivity: onGatewayFrame: frame seq=2643 egoSpeed=6.940973 pts=24 intervention=false warning=false braking=true lifecycle=released_verified_stop range=0.07490248 bearing=0.0 rss=15.418556
         1788188980.003  5872  5900 I AebsFrameSubscriber: onMessagesAvailable callback
         1788188980.004  5872  5900 I AebsFrameSubscriber: readNextMessages count=1
         1788188980.004  5872  5900 I MainActivity: onGatewayFrame: frame seq=2644 egoSpeed=6.940973 pts=24 intervention=false warning=false braking=true lifecycle=released_verified_stop range=0.07490248 bearing=0.0 rss=15.418556
         1788188980.103  5872  5900 I AebsFrameSubscriber: onMessagesAvailable callback
         1788188980.104  5872  5900 I AebsFrameSubscriber: readNextMessages count=1
         1788188980.104  5872  5900 I MainActivity: onGatewayFrame: frame seq=2645 egoSpeed=6.940973 pts=24 intervention=false warning=false braking=true lifecycle=released_verified_stop range=0.07490248 bearing=0.0 rss=15.418556
         1788188980.203  5872  5900 I AebsFrameSubscriber: onMessagesAvailable callback
         1788188980.204  5872  5900 I AebsFrameSubscriber: readNextMessages count=1
         1788188980.204  5872  5900 I MainActivity: onGatewayFrame: frame seq=2646 egoSpeed=6.940973 pts=24 intervention=false warning=false braking=true lifecycle=released_verified_stop range=0.07490248 bearing=0.0 rss=15.418556
         1788188980.304  5872  5900 I AebsFrameSubscriber: onMessagesAvailable callback
         1788188980.304  5872  5900 I AebsFrameSubscriber: readNextMessages count=1
         1788188980.304  5872  5900 I MainActivity: onGatewayFrame: frame seq=2647 egoSpeed=6.940973 pts=24 intervention=false warning=false braking=true lifecycle=released_verified_stop range=0.07490248 bearing=0.0 rss=15.418556
         1788188980.403  5872  5900 I AebsFrameSubscriber: onMessagesAvailable callback
         1788188980.404  5872  5900 I AebsFrameSubscriber: readNextMessages count=1
         1788188980.404  5872  5900 I MainActivity: onGatewayFrame: frame seq=2648 egoSpeed=6.940973 pts=24 intervention=false warning=false braking=true lifecycle=released_verified_stop range=0.07490248 bearing=0.0 rss=15.418556
         1788188980.503  5872  5900 I AebsFrameSubscriber: onMessagesAvailable callback
         1788188980.504  5872  5900 I AebsFrameSubscriber: readNextMessages count=1
         1788188980.504  5872  5900 I MainActivity: onGatewayFrame: frame seq=2649 egoSpeed=6.940973 pts=24 intervention=false warning=false braking=true lifecycle=released_verified_stop range=0.07490248 bearing=0.0 rss=15.418556
         1788188980.604  5872  5900 I AebsFrameSubscriber: onMessagesAvailable callback
         1788188980.604  5872  5900 I AebsFrameSubscriber: readNextMessages count=1
         1788188980.604  5872  5900 I MainActivity: onGatewayFrame: frame seq=2650 egoSpeed=6.940973 pts=24 intervention=false warning=false braking=true lifecycle=released_verified_stop range=0.07490248 bearing=0.0 rss=15.418556
         1788188980.703  5872  5900 I AebsFrameSubscriber: onMessagesAvailable callback
         1788188980.704  5872  5900 I AebsFrameSubscriber: readNextMessages count=1
         1788188980.704  5872  5900 I MainActivity: onGatewayFrame: frame seq=2651 egoSpeed=6.940973 pts=24 intervention=false warning=false braking=true lifecycle=released_verified_stop range=0.07490248 bearing=0.0 rss=15.418556
         1788188980.803  5872  5900 I AebsFrameSubscriber: onMessagesAvailable callback
         1788188980.804  5872  5900 I AebsFrameSubscriber: readNextMessages count=1
         1788188980.804  5872  5900 I MainActivity: onGatewayFrame: frame seq=2652 egoSpeed=6.940973 pts=24 intervention=false warning=false braking=true lifecycle=released_verified_stop range=0.07490248 bearing=0.0 rss=15.418556
         1788188980.903  5872  5900 I AebsFrameSubscriber: onMessagesAvailable callback
         1788188980.904  5872  5900 I AebsFrameSubscriber: readNextMessages count=1
         1788188980.904  5872  5900 I MainActivity: onGatewayFrame: frame seq=2653 egoSpeed=6.940973 pts=24 intervention=false warning=false braking=true lifecycle=released_verified_stop range=0.07490248 bearing=0.0 rss=15.418556
         1788188981.003  5872  5900 I AebsFrameSubscriber: onMessagesAvailable callback
         1788188981.003  5872  5900 I AebsFrameSubscriber: readNextMessages count=1
         1788188981.004  5872  5900 I MainActivity: onGatewayFrame: frame seq=2654 egoSpeed=6.940973 pts=24 intervention=false warning=false braking=true lifecycle=released_verified_stop range=0.07490248 bearing=0.0 rss=15.418556
         1788188981.104  5872  5900 I AebsFrameSubscriber: onMessagesAvailable callback
         1788188981.104  5872  5900 I AebsFrameSubscriber: readNextMessages count=1
         1788188981.104  5872  5900 I MainActivity: onGatewayFrame: frame seq=2655 egoSpeed=6.940973 pts=24 intervention=false warning=false braking=true lifecycle=released_verified_stop range=0.07490248 bearing=0.0 rss=15.418556
         1788188981.203  5872  5900 I AebsFrameSubscriber: onMessagesAvailable callback
         1788188981.204  5872  5900 I AebsFrameSubscriber: readNextMessages count=1
         1788188981.204  5872  5900 I MainActivity: onGatewayFrame: frame seq=2656 egoSpeed=6.940973 pts=24 intervention=false warning=false braking=true lifecycle=released_verified_stop range=0.07490248 bearing=0.0 rss=15.418556
         1788188981.303  5872  5900 I AebsFrameSubscriber: onMessagesAvailable callback
         1788188981.304  5872  5900 I AebsFrameSubscriber: readNextMessages count=1
         1788188981.304  5872  5900 I MainActivity: onGatewayFrame: frame seq=2657 egoSpeed=6.940973 pts=24 intervention=false warning=false braking=true lifecycle=released_verified_stop range=0.07490248 bearing=0.0 rss=15.418556
         1788188981.403  5872  5900 I AebsFrameSubscriber: onMessagesAvailable callback
         1788188981.404  5872  5900 I AebsFrameSubscriber: readNextMessages count=1
         1788188981.404  5872  5900 I MainActivity: onGatewayFrame: frame seq=2658 egoSpeed=6.940973 pts=24 intervention=false warning=false braking=true lifecycle=released_verified_stop range=0.07490248 bearing=0.0 rss=15.418556
         1788188981.503  5872  5900 I AebsFrameSubscriber: onMessagesAvailable callback
         1788188981.504  5872  5900 I AebsFrameSubscriber: readNextMessages count=1
         1788188981.504  5872  5900 I MainActivity: onGatewayFrame: frame seq=2659 egoSpeed=6.940973 pts=24 intervention=false warning=false braking=true lifecycle=released_verified_stop range=0.07490248 bearing=0.0 rss=15.418556
         1788188981.604  5872  5900 I AebsFrameSubscriber: onMessagesAvailable callback
         1788188981.604  5872  5900 I AebsFrameSubscriber: readNextMessages count=1
         1788188981.604  5872  5900 I MainActivity: onGatewayFrame: frame seq=2660 egoSpeed=6.940973 pts=24 intervention=false warning=false braking=true lifecycle=released_verified_stop range=0.07490248 bearing=0.0 rss=15.418556
         1788188981.704  5872  5900 I AebsFrameSubscriber: onMessagesAvailable callback
         1788188981.704  5872  5900 I AebsFrameSubscriber: readNextMessages count=1
         1788188981.704  5872  5900 I MainActivity: onGatewayFrame: frame seq=2661 egoSpeed=6.940973 pts=24 intervention=false warning=false braking=true lifecycle=released_verified_stop range=0.07490248 bearing=0.0 rss=15.418556
         1788188981.804  5872  5900 I AebsFrameSubscriber: onMessagesAvailable callback
         1788188981.804  5872  5900 I AebsFrameSubscriber: readNextMessages count=1
         1788188981.804  5872  5900 I MainActivity: onGatewayFrame: frame seq=2662 egoSpeed=6.940973 pts=24 intervention=false warning=false braking=true lifecycle=released_verified_stop range=0.07490248 bearing=0.0 rss=15.418556
         1788188981.904  5872  5900 I AebsFrameSubscriber: onMessagesAvailable callback
         1788188981.904  5872  5900 I AebsFrameSubscriber: readNextMessages count=1
         1788188981.904  5872  5900 I MainActivity: onGatewayFrame: frame seq=2663 egoSpeed=6.940973 pts=24 intervention=false warning=false braking=true lifecycle=released_verified_stop range=0.07490248 bearing=0.0 rss=15.418556
         1788188982.003  5872  5900 I AebsFrameSubscriber: onMessagesAvailable callback
         1788188982.004  5872  5900 I AebsFrameSubscriber: readNextMessages count=1
         1788188982.004  5872  5900 I MainActivity: onGatewayFrame: frame seq=2664 egoSpeed=6.940973 pts=24 intervention=false warning=false braking=true lifecycle=released_verified_stop range=0.07490248 bearing=0.0 rss=15.418556
         1788188982.104  5872  5900 I AebsFrameSubscriber: onMessagesAvailable callback
         1788188982.104  5872  5900 I AebsFrameSubscriber: readNextMessages count=1
         1788188982.104  5872  5900 I MainActivity: onGatewayFrame: frame seq=2665 egoSpeed=6.940973 pts=24 intervention=false warning=false braking=true lifecycle=released_verified_stop range=0.07490248 bearing=0.0 rss=15.418556
         1788188982.204  5872  5900 I AebsFrameSubscriber: onMessagesAvailable callback
         1788188982.204  5872  5900 I AebsFrameSubscriber: readNextMessages count=1
         1788188982.204  5872  5900 I MainActivity: onGatewayFrame: frame seq=2666 egoSpeed=6.940973 pts=24 intervention=false warning=false braking=true lifecycle=released_verified_stop range=0.07490248 bearing=0.0 rss=15.418556
         1788188982.304  5872  5900 I AebsFrameSubscriber: onMessagesAvailable callback
         1788188982.304  5872  5900 I AebsFrameSubscriber: readNextMessages count=1
         1788188982.304  5872  5900 I MainActivity: onGatewayFrame: frame seq=2667 egoSpeed=6.940973 pts=24 intervention=false warning=false braking=true lifecycle=released_verified_stop range=0.07490248 bearing=0.0 rss=15.418556
         1788188982.404  5872  5900 I AebsFrameSubscriber: onMessagesAvailable callback
         1788188982.404  5872  5900 I AebsFrameSubscriber: readNextMessages count=1
         1788188982.404  5872  5900 I MainActivity: onGatewayFrame: frame seq=2668 egoSpeed=6.940973 pts=24 intervention=false warning=false braking=true lifecycle=released_verified_stop range=0.07490248 bearing=0.0 rss=15.418556
         1788188982.503  5872  5900 I AebsFrameSubscriber: onMessagesAvailable callback
         1788188982.504  5872  5900 I AebsFrameSubscriber: readNextMessages count=1
         1788188982.504  5872  5900 I MainActivity: onGatewayFrame: frame seq=2669 egoSpeed=6.940973 pts=24 intervention=false warning=false braking=true lifecycle=released_verified_stop range=0.07490248 bearing=0.0 rss=15.418556
         1788188982.603  5872  5900 I AebsFrameSubscriber: onMessagesAvailable callback
         1788188982.604  5872  5900 I AebsFrameSubscriber: readNextMessages count=1
         1788188982.604  5872  5900 I MainActivity: onGatewayFrame: frame seq=2670 egoSpeed=6.940973 pts=24 intervention=false warning=false braking=true lifecycle=released_verified_stop range=0.07490248 bearing=0.0 rss=15.418556
         1788188982.703  5872  5900 I AebsFrameSubscriber: onMessagesAvailable callback
         1788188982.704  5872  5900 I AebsFrameSubscriber: readNextMessages count=1
         1788188982.704  5872  5900 I MainActivity: onGatewayFrame: frame seq=2671 egoSpeed=6.940973 pts=24 intervention=false warning=false braking=true lifecycle=released_verified_stop range=0.07490248 bearing=0.0 rss=15.418556
         1788188982.804  5872  5900 I AebsFrameSubscriber: onMessagesAvailable callback
         1788188982.804  5872  5900 I AebsFrameSubscriber: readNextMessages count=1
         1788188982.804  5872  5900 I MainActivity: onGatewayFrame: frame seq=2672 egoSpeed=6.940973 pts=24 intervention=false warning=false braking=true lifecycle=released_verified_stop range=0.07490248 bearing=0.0 rss=15.418556
         1788188982.992  5872  5900 I AebsFrameSubscriber: readNextMessages count=1
         1788188982.993  5872  5900 I MainActivity: onGatewayFrame: frame seq=2673 egoSpeed=6.940973 pts=24 intervention=false warning=false braking=true lifecycle=released_verified_stop range=0.07490248 bearing=0.0 rss=15.418556
         1788188982.993  5872  5900 I AebsFrameSubscriber: onMessagesAvailable callback
         1788188983.003  5872  5900 I AebsFrameSubscriber: onMessagesAvailable callback
         1788188983.004  5872  5900 I AebsFrameSubscriber: readNextMessages count=1
         1788188983.004  5872  5900 I MainActivity: onGatewayFrame: frame seq=2674 egoSpeed=6.940973 pts=24 intervention=false warning=false braking=true lifecycle=released_verified_stop range=0.07490248 bearing=0.0 rss=15.418556
         1788188983.104  5872  5900 I AebsFrameSubscriber: onMessagesAvailable callback
         1788188983.104  5872  5900 I AebsFrameSubscriber: readNextMessages count=1
         1788188983.104  5872  5900 I MainActivity: onGatewayFrame: frame seq=2675 egoSpeed=6.940973 pts=24 intervention=false warning=false braking=true lifecycle=released_verified_stop range=0.07490248 bearing=0.0 rss=15.418556
         1788188983.204  5872  5900 I AebsFrameSubscriber: onMessagesAvailable callback
         1788188983.204  5872  5900 I AebsFrameSubscriber: readNextMessages count=1
         1788188983.204  5872  5900 I MainActivity: onGatewayFrame: frame seq=2676 egoSpeed=6.940973 pts=24 intervention=false warning=false braking=true lifecycle=released_verified_stop range=0.07490248 bearing=0.0 rss=15.418556
         1788188983.304  5872  5900 I AebsFrameSubscriber: onMessagesAvailable callback
         1788188983.304  5872  5900 I AebsFrameSubscriber: readNextMessages count=1
         1788188983.304  5872  5900 I MainActivity: onGatewayFrame: frame seq=2677 egoSpeed=6.940973 pts=24 intervention=false warning=false braking=true lifecycle=released_verified_stop range=0.07490248 bearing=0.0 rss=15.418556
         1788188983.404  5872  5900 I AebsFrameSubscriber: onMessagesAvailable callback
         1788188983.404  5872  5900 I AebsFrameSubscriber: readNextMessages count=1
         1788188983.404  5872  5900 I MainActivity: onGatewayFrame: frame seq=2678 egoSpeed=6.940973 pts=24 intervention=false warning=false braking=true lifecycle=released_verified_stop range=0.07490248 bearing=0.0 rss=15.418556
         1788188983.503  5872  5900 I AebsFrameSubscriber: onMessagesAvailable callback
         1788188983.504  5872  5900 I AebsFrameSubscriber: readNextMessages count=1
         1788188983.504  5872  5900 I MainActivity: onGatewayFrame: frame seq=2679 egoSpeed=6.940973 pts=24 intervention=false warning=false braking=true lifecycle=released_verified_stop range=0.07490248 bearing=0.0 rss=15.418556
         1788188983.603  5872  5900 I AebsFrameSubscriber: onMessagesAvailable callback
         1788188983.604  5872  5900 I AebsFrameSubscriber: readNextMessages count=1
         1788188983.604  5872  5900 I MainActivity: onGatewayFrame: frame seq=2680 egoSpeed=6.940973 pts=24 intervention=false warning=false braking=true lifecycle=released_verified_stop range=0.07490248 bearing=0.0 rss=15.418556
         1788188983.704  5872  5900 I AebsFrameSubscriber: onMessagesAvailable callback
         1788188983.704  5872  5900 I AebsFrameSubscriber: readNextMessages count=1
         1788188983.704  5872  5900 I MainActivity: onGatewayFrame: frame seq=2681 egoSpeed=6.940973 pts=24 intervention=false warning=false braking=true lifecycle=released_verified_stop range=0.07490248 bearing=0.0 rss=15.418556
         1788188983.804  5872  5900 I AebsFrameSubscriber: onMessagesAvailable callback
         1788188983.804  5872  5900 I AebsFrameSubscriber: readNextMessages count=1
         1788188983.804  5872  5900 I MainActivity: onGatewayFrame: frame seq=2682 egoSpeed=6.940973 pts=24 intervention=false warning=false braking=true lifecycle=released_verified_stop range=0.07490248 bearing=0.0 rss=15.418556
         1788188983.904  5872  5900 I AebsFrameSubscriber: onMessagesAvailable callback
         1788188983.904  5872  5900 I AebsFrameSubscriber: readNextMessages count=1
         1788188983.905  5872  5900 I MainActivity: onGatewayFrame: frame seq=2683 egoSpeed=6.940973 pts=24 intervention=false warning=false braking=true lifecycle=released_verified_stop range=0.07490248 bearing=0.0 rss=15.418556
         1788188984.003  5872  5900 I AebsFrameSubscriber: onMessagesAvailable callback
         1788188984.004  5872  5900 I AebsFrameSubscriber: readNextMessages count=1
         1788188984.004  5872  5900 I MainActivity: onGatewayFrame: frame seq=2684 egoSpeed=6.940973 pts=24 intervention=false warning=false braking=true lifecycle=released_verified_stop range=0.07490248 bearing=0.0 rss=15.418556
         1788188984.104  5872  5900 I AebsFrameSubscriber: onMessagesAvailable callback
         1788188984.104  5872  5900 I AebsFrameSubscriber: readNextMessages count=1
         1788188984.104  5872  5900 I MainActivity: onGatewayFrame: frame seq=2685 egoSpeed=6.940973 pts=24 intervention=false warning=false braking=true lifecycle=released_verified_stop range=0.07490248 bearing=0.0 rss=15.418556
         1788188984.203  5872  5900 I AebsFrameSubscriber: onMessagesAvailable callback
         1788188984.204  5872  5900 I AebsFrameSubscriber: readNextMessages count=1
         1788188984.204  5872  5900 I MainActivity: onGatewayFrame: frame seq=2686 egoSpeed=6.940973 pts=24 intervention=false warning=false braking=true lifecycle=released_verified_stop range=0.07490248 bearing=0.0 rss=15.418556
         1788188984.304  5872  5900 I AebsFrameSubscriber: onMessagesAvailable callback
         1788188984.304  5872  5900 I AebsFrameSubscriber: readNextMessages count=1
         1788188984.304  5872  5900 I MainActivity: onGatewayFrame: frame seq=2687 egoSpeed=6.940973 pts=24 intervention=false warning=false braking=true lifecycle=released_verified_stop range=0.07490248 bearing=0.0 rss=15.418556
         1788188984.403  5872  5900 I AebsFrameSubscriber: onMessagesAvailable callback
         1788188984.404  5872  5900 I AebsFrameSubscriber: readNextMessages count=1
         1788188984.404  5872  5900 I MainActivity: onGatewayFrame: frame seq=2688 egoSpeed=6.940973 pts=24 intervention=false warning=false braking=true lifecycle=released_verified_stop range=0.07490248 bearing=0.0 rss=15.418556
         1788188984.504  5872  5900 I AebsFrameSubscriber: onMessagesAvailable callback
         1788188984.504  5872  5900 I AebsFrameSubscriber: readNextMessages count=1
         1788188984.504  5872  5900 I MainActivity: onGatewayFrame: frame seq=2689 egoSpeed=6.940973 pts=24 intervention=false warning=false braking=true lifecycle=released_verified_stop range=0.07490248 bearing=0.0 rss=15.418556
         1788188984.604  5872  5900 I AebsFrameSubscriber: onMessagesAvailable callback
         1788188984.604  5872  5900 I AebsFrameSubscriber: readNextMessages count=1
         1788188984.604  5872  5900 I MainActivity: onGatewayFrame: frame seq=2690 egoSpeed=6.940973 pts=24 intervention=false warning=false braking=true lifecycle=released_verified_stop range=0.07490248 bearing=0.0 rss=15.418556
         1788188984.704  5872  5900 I AebsFrameSubscriber: onMessagesAvailable callback
         1788188984.704  5872  5900 I AebsFrameSubscriber: readNextMessages count=1
         1788188984.704  5872  5900 I MainActivity: onGatewayFrame: frame seq=2691 egoSpeed=6.940973 pts=24 intervention=false warning=false braking=true lifecycle=released_verified_stop range=0.07490248 bearing=0.0 rss=15.418556
         1788188984.804  5872  5900 I AebsFrameSubscriber: onMessagesAvailable callback
         1788188984.804  5872  5900 I AebsFrameSubscriber: readNextMessages count=1
         1788188984.804  5872  5900 I MainActivity: onGatewayFrame: frame seq=2692 egoSpeed=6.940973 pts=24 intervention=false warning=false braking=true lifecycle=released_verified_stop range=0.07490248 bearing=0.0 rss=15.418556
         1788188984.904  5872  5900 I AebsFrameSubscriber: onMessagesAvailable callback
         1788188984.904  5872  5900 I AebsFrameSubscriber: readNextMessages count=1
         1788188984.904  5872  5900 I MainActivity: onGatewayFrame: frame seq=2693 egoSpeed=6.940973 pts=24 intervention=false warning=false braking=true lifecycle=released_verified_stop range=0.07490248 bearing=0.0 rss=15.418556
         1788188985.004  5872  5900 I AebsFrameSubscriber: onMessagesAvailable callback
         1788188985.004  5872  5900 I AebsFrameSubscriber: readNextMessages count=1
         1788188985.004  5872  5900 I MainActivity: onGatewayFrame: frame seq=2694 egoSpeed=6.940973 pts=24 intervention=false warning=false braking=true lifecycle=released_verified_stop range=0.07490248 bearing=0.0 rss=15.418556
         1788188985.104  5872  5900 I AebsFrameSubscriber: onMessagesAvailable callback
         1788188985.104  5872  5900 I AebsFrameSubscriber: readNextMessages count=1
         1788188985.104  5872  5900 I MainActivity: onGatewayFrame: frame seq=2695 egoSpeed=6.940973 pts=24 intervention=false warning=false braking=true lifecycle=released_verified_stop range=0.07490248 bearing=0.0 rss=15.418556
         1788188985.204  5872  5900 I AebsFrameSubscriber: onMessagesAvailable callback
         1788188985.204  5872  5900 I AebsFrameSubscriber: readNextMessages count=1
         1788188985.204  5872  5900 I MainActivity: onGatewayFrame: frame seq=2696 egoSpeed=6.940973 pts=24 intervention=false warning=false braking=true lifecycle=released_verified_stop range=0.07490248 bearing=0.0 rss=15.418556
         1788188985.304  5872  5900 I AebsFrameSubscriber: onMessagesAvailable callback
         1788188985.304  5872  5900 I AebsFrameSubscriber: readNextMessages count=1
         1788188985.304  5872  5900 I MainActivity: onGatewayFrame: frame seq=2697 egoSpeed=6.940973 pts=24 intervention=false warning=false braking=true lifecycle=released_verified_stop range=0.07490248 bearing=0.0 rss=15.418556
         1788188985.404  5872  5900 I AebsFrameSubscriber: onMessagesAvailable callback
         1788188985.404  5872  5900 I AebsFrameSubscriber: readNextMessages count=1
         1788188985.404  5872  5900 I MainActivity: onGatewayFrame: frame seq=2698 egoSpeed=6.940973 pts=24 intervention=false warning=false braking=true lifecycle=released_verified_stop range=0.07490248 bearing=0.0 rss=15.418556
         1788188985.503  5872  5900 I AebsFrameSubscriber: onMessagesAvailable callback
         1788188985.504  5872  5900 I AebsFrameSubscriber: readNextMessages count=1
         1788188985.504  5872  5900 I MainActivity: onGatewayFrame: frame seq=2699 egoSpeed=6.940973 pts=24 intervention=false warning=false braking=true lifecycle=released_verified_stop range=0.07490248 bearing=0.0 rss=15.418556
         1788188985.603  5872  5900 I AebsFrameSubscriber: onMessagesAvailable callback
         1788188985.604  5872  5900 I AebsFrameSubscriber: readNextMessages count=1
         1788188985.604  5872  5900 I MainActivity: onGatewayFrame: frame seq=2700 egoSpeed=6.940973 pts=24 intervention=false warning=false braking=true lifecycle=released_verified_stop range=0.07490248 bearing=0.0 rss=15.418556
         1788188985.704  5872  5900 I AebsFrameSubscriber: onMessagesAvailable callback
         1788188985.704  5872  5900 I AebsFrameSubscriber: readNextMessages count=1
         1788188985.704  5872  5900 I MainActivity: onGatewayFrame: frame seq=2701 egoSpeed=6.940973 pts=24 intervention=false warning=false braking=true lifecycle=released_verified_stop range=0.07490248 bearing=0.0 rss=15.418556
         1788188985.803  5872  5900 I AebsFrameSubscriber: onMessagesAvailable callback
         1788188985.804  5872  5900 I AebsFrameSubscriber: readNextMessages count=1
         1788188985.804  5872  5900 I MainActivity: onGatewayFrame: frame seq=2702 egoSpeed=6.940973 pts=24 intervention=false warning=false braking=true lifecycle=released_verified_stop range=0.07490248 bearing=0.0 rss=15.418556
         1788188985.904  5872  5900 I AebsFrameSubscriber: onMessagesAvailable callback
         1788188985.904  5872  5900 I AebsFrameSubscriber: readNextMessages count=1
         1788188985.904  5872  5900 I MainActivity: onGatewayFrame: frame seq=2703 egoSpeed=6.940973 pts=24 intervention=false warning=false braking=true lifecycle=released_verified_stop range=0.07490248 bearing=0.0 rss=15.418556
         1788188986.003  5872  5900 I AebsFrameSubscriber: onMessagesAvailable callback
         1788188986.004  5872  5900 I AebsFrameSubscriber: readNextMessages count=1
         1788188986.004  5872  5900 I MainActivity: onGatewayFrame: frame seq=2704 egoSpeed=6.940973 pts=24 intervention=false warning=false braking=true lifecycle=released_verified_stop range=0.07490248 bearing=0.0 rss=15.418556
         1788188986.104  5872  5900 I AebsFrameSubscriber: onMessagesAvailable callback
         1788188986.104  5872  5900 I AebsFrameSubscriber: readNextMessages count=1
         1788188986.104  5872  5900 I MainActivity: onGatewayFrame: frame seq=2705 egoSpeed=6.940973 pts=24 intervention=false warning=false braking=true lifecycle=released_verified_stop range=0.07490248 bearing=0.0 rss=15.418556
         1788188986.204  5872  5900 I AebsFrameSubscriber: onMessagesAvailable callback
         1788188986.204  5872  5900 I AebsFrameSubscriber: readNextMessages count=1
         1788188986.204  5872  5900 I MainActivity: onGatewayFrame: frame seq=2706 egoSpeed=6.940973 pts=24 intervention=false warning=false braking=true lifecycle=released_verified_stop range=0.07490248 bearing=0.0 rss=15.418556
         1788188986.304  5872  5900 I AebsFrameSubscriber: onMessagesAvailable callback
         1788188986.304  5872  5900 I AebsFrameSubscriber: readNextMessages count=1
         1788188986.304  5872  5900 I MainActivity: onGatewayFrame: frame seq=2707 egoSpeed=6.940973 pts=24 intervention=false warning=false braking=true lifecycle=released_verified_stop range=0.07490248 bearing=0.0 rss=15.418556
         1788188986.478  5872  5900 I AebsFrameSubscriber: readNextMessages count=1
         1788188986.478  5872  5900 I MainActivity: onGatewayFrame: frame seq=2708 egoSpeed=6.940973 pts=24 intervention=false warning=false braking=true lifecycle=released_verified_stop range=0.07490248 bearing=0.0 rss=15.418556
         1788188986.478  5872  5900 I AebsFrameSubscriber: onMessagesAvailable callback
         1788188986.504  5872  5900 I AebsFrameSubscriber: onMessagesAvailable callback
         1788188986.509  5872  5900 I AebsFrameSubscriber: readNextMessages count=1
         1788188986.509  5872  5900 I MainActivity: onGatewayFrame: frame seq=2709 egoSpeed=6.940973 pts=24 intervention=false warning=false braking=true lifecycle=released_verified_stop range=0.07490248 bearing=0.0 rss=15.418556
         1788188986.604  5872  5900 I AebsFrameSubscriber: onMessagesAvailable callback
         1788188986.604  5872  5900 I AebsFrameSubscriber: readNextMessages count=1
         1788188986.604  5872  5900 I MainActivity: onGatewayFrame: frame seq=2710 egoSpeed=6.940973 pts=24 intervention=false warning=false braking=true lifecycle=released_verified_stop range=0.07490248 bearing=0.0 rss=15.418556
         1788188986.704  5872  5900 I AebsFrameSubscriber: onMessagesAvailable callback
         1788188986.704  5872  5900 I AebsFrameSubscriber: readNextMessages count=1
         1788188986.704  5872  5900 I MainActivity: onGatewayFrame: frame seq=2711 egoSpeed=6.940973 pts=24 intervention=false warning=false braking=true lifecycle=released_verified_stop range=0.07490248 bearing=0.0 rss=15.418556
         1788188986.804  5872  5900 I AebsFrameSubscriber: onMessagesAvailable callback
         1788188986.804  5872  5900 I AebsFrameSubscriber: readNextMessages count=1
         1788188986.804  5872  5900 I MainActivity: onGatewayFrame: frame seq=2712 egoSpeed=6.940973 pts=24 intervention=false warning=false braking=true lifecycle=released_verified_stop range=0.07490248 bearing=0.0 rss=15.418556
         1788188986.903  5872  5900 I AebsFrameSubscriber: onMessagesAvailable callback
         1788188986.904  5872  5900 I AebsFrameSubscriber: readNextMessages count=1
         1788188986.904  5872  5900 I MainActivity: onGatewayFrame: frame seq=2713 egoSpeed=6.940973 pts=24 intervention=false warning=false braking=true lifecycle=released_verified_stop range=0.07490248 bearing=0.0 rss=15.418556
         1788188987.004  5872  5900 I AebsFrameSubscriber: onMessagesAvailable callback
         1788188987.004  5872  5900 I AebsFrameSubscriber: readNextMessages count=1
         1788188987.004  5872  5900 I MainActivity: onGatewayFrame: frame seq=2714 egoSpeed=6.940973 pts=24 intervention=false warning=false braking=true lifecycle=released_verified_stop range=0.07490248 bearing=0.0 rss=15.418556
         1788188987.103  5872  5900 I AebsFrameSubscriber: onMessagesAvailable callback
         1788188987.104  5872  5900 I AebsFrameSubscriber: readNextMessages count=1
         1788188987.108  5872  5900 I MainActivity: onGatewayFrame: frame seq=2715 egoSpeed=6.940973 pts=24 intervention=false warning=false braking=true lifecycle=released_verified_stop range=0.07490248 bearing=0.0 rss=15.418556
         1788188987.204  5872  5900 I AebsFrameSubscriber: onMessagesAvailable callback
         1788188987.204  5872  5900 I AebsFrameSubscriber: readNextMessages count=1
         1788188987.204  5872  5900 I MainActivity: onGatewayFrame: frame seq=2716 egoSpeed=6.940973 pts=24 intervention=false warning=false braking=true lifecycle=released_verified_stop range=0.07490248 bearing=0.0 rss=15.418556
         1788188987.304  5872  5900 I AebsFrameSubscriber: onMessagesAvailable callback
         1788188987.305  5872  5900 I AebsFrameSubscriber: readNextMessages count=1
         1788188987.305  5872  5900 I MainActivity: onGatewayFrame: frame seq=2717 egoSpeed=6.940973 pts=24 intervention=false warning=false braking=true lifecycle=released_verified_stop range=0.07490248 bearing=0.0 rss=15.418556
         1788188987.404  5872  5900 I AebsFrameSubscriber: onMessagesAvailable callback
         1788188987.404  5872  5900 I AebsFrameSubscriber: readNextMessages count=1
         1788188987.404  5872  5900 I MainActivity: onGatewayFrame: frame seq=2718 egoSpeed=6.940973 pts=24 intervention=false warning=false braking=true lifecycle=released_verified_stop range=0.07490248 bearing=0.0 rss=15.418556
         1788188987.509  5872  5900 I AebsFrameSubscriber: onMessagesAvailable callback
         1788188987.509  5872  5900 I AebsFrameSubscriber: readNextMessages count=1
         1788188987.509  5872  5900 I MainActivity: onGatewayFrame: frame seq=2719 egoSpeed=6.940973 pts=24 intervention=false warning=false braking=true lifecycle=released_verified_stop range=0.07490248 bearing=0.0 rss=15.418556
         1788188987.603  5872  5900 I AebsFrameSubscriber: onMessagesAvailable callback
         1788188987.604  5872  5900 I AebsFrameSubscriber: readNextMessages count=1
         1788188987.604  5872  5900 I MainActivity: onGatewayFrame: frame seq=2720 egoSpeed=6.940973 pts=24 intervention=false warning=false braking=true lifecycle=released_verified_stop range=0.07490248 bearing=0.0 rss=15.418556
         1788188987.704  5872  5900 I AebsFrameSubscriber: onMessagesAvailable callback
         1788188987.709  5872  5900 I AebsFrameSubscriber: readNextMessages count=1
         1788188987.709  5872  5900 I MainActivity: onGatewayFrame: frame seq=2721 egoSpeed=6.940973 pts=24 intervention=false warning=false braking=true lifecycle=released_verified_stop range=0.07490248 bearing=0.0 rss=15.418556
         1788188987.803  5872  5900 I AebsFrameSubscriber: onMessagesAvailable callback
         1788188987.804  5872  5900 I AebsFrameSubscriber: readNextMessages count=1
         1788188987.804  5872  5900 I MainActivity: onGatewayFrame: frame seq=2722 egoSpeed=6.940973 pts=24 intervention=false warning=false braking=true lifecycle=released_verified_stop range=0.07490248 bearing=0.0 rss=15.418556
         1788188987.903  5872  5900 I AebsFrameSubscriber: onMessagesAvailable callback
         1788188987.904  5872  5900 I AebsFrameSubscriber: readNextMessages count=1
         1788188987.904  5872  5900 I MainActivity: onGatewayFrame: frame seq=2723 egoSpeed=6.940973 pts=24 intervention=false warning=false braking=true lifecycle=released_verified_stop range=0.07490248 bearing=0.0 rss=15.418556
         1788188988.003  5872  5900 I AebsFrameSubscriber: onMessagesAvailable callback
         1788188988.004  5872  5900 I AebsFrameSubscriber: readNextMessages count=1
         1788188988.004  5872  5900 I MainActivity: onGatewayFrame: frame seq=2724 egoSpeed=6.940973 pts=24 intervention=false warning=false braking=true lifecycle=released_verified_stop range=0.07490248 bearing=0.0 rss=15.418556
         1788188988.103  5872  5900 I AebsFrameSubscriber: onMessagesAvailable callback
         1788188988.104  5872  5900 I AebsFrameSubscriber: readNextMessages count=1
         1788188988.104  5872  5900 I MainActivity: onGatewayFrame: frame seq=2725 egoSpeed=6.940973 pts=24 intervention=false warning=false braking=true lifecycle=released_verified_stop range=0.07490248 bearing=0.0 rss=15.418556
         1788188988.204  5872  5900 I AebsFrameSubscriber: onMessagesAvailable callback
         1788188988.204  5872  5900 I AebsFrameSubscriber: readNextMessages count=1
         1788188988.204  5872  5900 I MainActivity: onGatewayFrame: frame seq=2726 egoSpeed=6.940973 pts=24 intervention=false warning=false braking=true lifecycle=released_verified_stop range=0.07490248 bearing=0.0 rss=15.418556
         1788188988.304  5872  5900 I AebsFrameSubscriber: onMessagesAvailable callback
         1788188988.309  5872  5900 I AebsFrameSubscriber: readNextMessages count=1
         1788188988.309  5872  5900 I MainActivity: onGatewayFrame: frame seq=2727 egoSpeed=6.940973 pts=24 intervention=false warning=false braking=true lifecycle=released_verified_stop range=0.07490248 bearing=0.0 rss=15.418556
         1788188988.403  5872  5900 I AebsFrameSubscriber: onMessagesAvailable callback
         1788188988.404  5872  5900 I AebsFrameSubscriber: readNextMessages count=1
         1788188988.404  5872  5900 I MainActivity: onGatewayFrame: frame seq=2728 egoSpeed=6.940973 pts=24 intervention=false warning=false braking=true lifecycle=released_verified_stop range=0.07490248 bearing=0.0 rss=15.418556
         1788188988.505  5872  5900 I AebsFrameSubscriber: onMessagesAvailable callback
         1788188988.505  5872  5900 I AebsFrameSubscriber: readNextMessages count=1
         1788188988.505  5872  5900 I MainActivity: onGatewayFrame: frame seq=2729 egoSpeed=6.940973 pts=24 intervention=false warning=false braking=true lifecycle=released_verified_stop range=0.07490248 bearing=0.0 rss=15.418556
         1788188988.605  5872  5900 I AebsFrameSubscriber: onMessagesAvailable callback
         1788188988.606  5872  5900 I AebsFrameSubscriber: readNextMessages count=1
         1788188988.606  5872  5900 I MainActivity: onGatewayFrame: frame seq=2730 egoSpeed=6.940973 pts=24 intervention=false warning=false braking=true lifecycle=released_verified_stop range=0.07490248 bearing=0.0 rss=15.418556
         1788188988.704  5872  5900 I AebsFrameSubscriber: onMessagesAvailable callback
         1788188988.704  5872  5900 I AebsFrameSubscriber: readNextMessages count=1
         1788188988.704  5872  5900 I MainActivity: onGatewayFrame: frame seq=2731 egoSpeed=6.940973 pts=24 intervention=false warning=false braking=true lifecycle=released_verified_stop range=0.07490248 bearing=0.0 rss=15.418556
