--------- beginning of main
09-01 15:11:49.624  3381  3397 I AebsFrameSubscriber: onMessagesAvailable callback
09-01 15:11:49.625  3381  3397 I AebsFrameSubscriber: readNextMessages count=1
09-01 15:11:49.625  3381  3397 I MainActivity: onGatewayFrame: frame seq=22891 egoSpeed=6.5623803 pts=0 intervention=false warning=false braking=false lifecycle=armed range=null bearing=null rss=null
09-01 15:11:49.625  3426  3426 I de4sdv_aebs_ingress: frame accepted and published sequence=22891
09-01 15:11:49.724  3426  3426 I de4sdv_aebs_ingress: frame accepted and published sequence=22892
09-01 15:11:49.725  3381  3397 I AebsFrameSubscriber: onMessagesAvailable callback
09-01 15:11:49.725  3381  3397 I AebsFrameSubscriber: readNextMessages count=1
09-01 15:11:49.725  3381  3397 I MainActivity: onGatewayFrame: frame seq=22892 egoSpeed=6.5623803 pts=0 intervention=false warning=false braking=false lifecycle=armed range=null bearing=null rss=null
09-01 15:11:49.737  3347  3347 I adbd    : adbd service requested 'shell,v2,raw:screenrecord --time-limit 70 --bit-rate 8000000 /data/local/tmp/aebs010-final-corrected-raw.mp4'
09-01 15:11:49.813  3539  3539 D MediaCodecList: codecHandlesFormat: no format, so no extra checks
09-01 15:11:49.813  3539  3539 I MediaCodec: Retry enabled for HDCP failure
09-01 15:11:49.824  3426  3426 I de4sdv_aebs_ingress: frame accepted and published sequence=22893
09-01 15:11:49.825  3381  3397 I AebsFrameSubscriber: onMessagesAvailable callback
09-01 15:11:49.825  3381  3397 I AebsFrameSubscriber: readNextMessages count=1
09-01 15:11:49.825  3381  3397 I MainActivity: onGatewayFrame: frame seq=22893 egoSpeed=6.5623803 pts=0 intervention=false warning=false braking=false lifecycle=armed range=null bearing=null rss=null
09-01 15:11:49.828  3539  3539 I ApexCodecsLazy: ApexCodecs loaded
09-01 15:11:49.828  3539  3539 I Codec2Client: Available Codec2 services: "software" "__ApexCodecs__"
09-01 15:11:49.828  3539  3539 W screenrecord: Failed to create client from default component store!
09-01 15:11:49.830  3539  3543 D CCodec  : allocate(c2.android.avc.encoder)
09-01 15:11:49.834   905  2438 I mediaswcodec: missing struct descriptor #Param::CoreIndex(--004) for field values of struct #Param::CoreIndex(F-12004)
09-01 15:11:49.834   905  2438 I mediaswcodec: missing struct descriptor #Param::CoreIndex(--1812) for field values of struct #Param::CoreIndex(F-11812)
09-01 15:11:49.835   905  2438 I mediaswcodec: missing struct descriptor #Param::CoreIndex(--004) for field values of struct #Param::CoreIndex(F-12004)
09-01 15:11:49.835   905  2438 I mediaswcodec: missing struct descriptor #Param::CoreIndex(--1812) for field values of struct #Param::CoreIndex(F-11812)
--------- beginning of kernel
09-01 15:11:49.932     0     0 I servicemanager: Caller(pid=3539,uid=0,sid=u:r:su:s0) Found android.hardware.media.c2.IComponentStore/software in framework VINTF manifest.
09-01 15:11:49.836  3539  3543 I CCodec  : Created component [c2.android.avc.encoder] for [c2.android.avc.encoder]
09-01 15:11:49.836  3539  3543 D CCodecConfig: read media type: video/avc
09-01 15:11:49.838  3539  3543 D ReflectedParamUpdater: extent() != 1 for single value type: algo.buffers.max-count.values
09-01 15:11:49.838  3539  3543 D ReflectedParamUpdater: extent() != 1 for single value type: output.subscribed-indices.values
09-01 15:11:49.838  3539  3543 D ReflectedParamUpdater: extent() != 1 for single value type: input.buffers.allocator-ids.values
09-01 15:11:49.838  3539  3543 D ReflectedParamUpdater: extent() != 1 for single value type: output.buffers.allocator-ids.values
09-01 15:11:49.839  3539  3543 D ReflectedParamUpdater: extent() != 1 for single value type: algo.buffers.allocator-ids.values
09-01 15:11:49.839  3539  3543 D ReflectedParamUpdater: extent() != 1 for single value type: output.buffers.pool-ids.values
09-01 15:11:49.839  3539  3543 D ReflectedParamUpdater: extent() != 1 for single value type: algo.buffers.pool-ids.values
09-01 15:11:49.840  3539  3543 D ReflectedParamUpdater: ignored struct field coding.gop.values
09-01 15:11:49.840  3539  3543 D ReflectedParamUpdater: ignored struct field coding.qp.values
09-01 15:11:49.840  3539  3543 D CCodecConfig: ignoring local param raw.color (0xc2001809) as it is already supported
09-01 15:11:49.841  3539  3543 I CCodecConfig: query failed after returning 13 values (BAD_INDEX)
09-01 15:11:49.841  3539  3543 D CCodecConfig: c2 config diff is Dict {
09-01 15:11:49.841  3539  3543 D CCodecConfig:   c2::u32 algo.bitrate-mode.value = 3
09-01 15:11:49.841  3539  3543 D CCodecConfig:   c2::i32 coded.average-qp.value = 0
09-01 15:11:49.841  3539  3543 D CCodecConfig:   c2::u32 coded.bitrate.value = 64000
09-01 15:11:49.841  3539  3543 D CCodecConfig:   c2::float coded.frame-rate.value = 1
09-01 15:11:49.841  3539  3543 D CCodecConfig:   c2::u32 coded.layer-index.value = 0
09-01 15:11:49.841  3539  3543 D CCodecConfig:   c2::u32 coded.picture-type.value = 0
09-01 15:11:49.841  3539  3543 D CCodecConfig:   c2::u32 coded.pl.level = 20492
09-01 15:11:49.841  3539  3543 D CCodecConfig:   c2::u32 coded.pl.profile = 20481
09-01 15:11:49.841  3539  3543 D CCodecConfig:   c2::u32 coded.vui.color.matrix = 0
09-01 15:11:49.841  3539  3543 D CCodecConfig:   c2::u32 coded.vui.color.primaries = 0
09-01 15:11:49.841  3539  3543 D CCodecConfig:   c2::u32 coded.vui.color.range = 0
09-01 15:11:49.841  3539  3543 D CCodecConfig:   c2::u32 coded.vui.color.transfer = 0
09-01 15:11:49.841  3539  3543 D CCodecConfig:   c2::u32 coding.intra-refresh.mode = 0
09-01 15:11:49.841  3539  3543 D CCodecConfig:   c2::float coding.intra-refresh.period = 0
09-01 15:11:49.841  3539  3543 D CCodecConfig:   c2::u32 coding.request-sync-frame.value = 0
09-01 15:11:49.841  3539  3543 D CCodecConfig:   c2::i64 coding.sync-frame-interval.value = 1000000
09-01 15:11:49.841  3539  3543 D CCodecConfig:   c2::u32 input.delay.value = 0
09-01 15:11:49.841  3539  3543 D CCodecConfig:   string input.media-type.value = "video/raw"
09-01 15:11:49.841  3539  3543 D CCodecConfig:   string output.media-type.value = "video/avc"
09-01 15:11:49.841  3539  3543 D CCodecConfig:   c2::u32 raw.color.matrix = 0
09-01 15:11:49.841  3539  3543 D CCodecConfig:   c2::u32 raw.color.primaries = 0
09-01 15:11:49.841  3539  3543 D CCodecConfig:   c2::u32 raw.color.range = 0
09-01 15:11:49.841  3539  3543 D CCodecConfig:   c2::u32 raw.color.transfer = 0
09-01 15:11:49.841  3539  3543 D CCodecConfig:   c2::u32 raw.size.height = 16
09-01 15:11:49.841  3539  3543 D CCodecConfig:   c2::u32 raw.size.width = 16
09-01 15:11:49.841  3539  3543 D CCodecConfig: }
09-01 15:11:49.841  3539  3543 W ColorUtils: expected specified color aspects (0:0:0:0)
09-01 15:11:49.845  3539  3539 I MediaCodec: media_quality service unavailable, skipping updatePictureProfile
09-01 15:11:49.850  3539  3539 D CodecSeeding: Seed: codec c2.android.avc.encoder, mediatype video/avc, overrideable 1
09-01 15:11:49.850  3539  3539 D CodecProperties: setTuningValue(vq-target-bpp,0)
09-01 15:11:49.850  3539  3539 D CodecProperties: setTuningValue(vq-target-bpp-1080p,1.90)
09-01 15:11:49.850  3539  3539 D CodecProperties: setTuningValue(vq-target-bpp-720p,2.25)
09-01 15:11:49.850  3539  3539 D CodecProperties: setTuningValue(vq-target-bpp-540p,2.65)
09-01 15:11:49.850  3539  3539 D CodecProperties: setTuningValue(vq-target-bpp-480p,3.00)
09-01 15:11:49.850  3539  3539 D CodecProperties: setTuningValue(vq-target-bpp-320x240,0)
09-01 15:11:49.850  3539  3539 D CodecProperties: setTuningValue(vq-target-qpmax,-1)
09-01 15:11:49.850  3539  3539 D CodecProperties: setTuningValue(vq-target-qpmax-1080p,45)
09-01 15:11:49.850  3539  3539 D CodecProperties: setTuningValue(vq-target-qpmax-720p,43)
09-01 15:11:49.850  3539  3539 D CodecProperties: setTuningValue(vq-target-qpmax-540p,42)
09-01 15:11:49.850  3539  3539 D CodecProperties: setTuningValue(vq-target-qpmax-480p,38)
09-01 15:11:49.850  3539  3539 D CodecProperties: setTuningValue(vq-bitrate-phaseout,1.75)
09-01 15:11:49.851  3539  3539 D CodecProperties: setTuningValue(vq-boost-missing-qp,0.20)
09-01 15:11:49.851  3539  3539 D CodecProperties: setFeatureValue(intra-refresh,0)
09-01 15:11:49.851  3539  3539 D CodecProperties: setFeatureValue(qp-bounds,0)
09-01 15:11:49.851  3539  3539 D CodecSeeding: Seed: codec c2.android.avc.encoder, mediatype video/avc, overrideable 0
09-01 15:11:49.851  3539  3539 D VQApply : minquality: not an eligible device class
09-01 15:11:49.851  3539  3539 D MediaCodec: shapeMediaFormat: deltas(0): AMessage(what = 0x00000000) = {
09-01 15:11:49.851  3539  3539 D MediaCodec:   }
09-01 15:11:49.851  3539  3543 D CCodec  : [c2.android.avc.encoder] buffers are bound to CCodec for this session
09-01 15:11:49.852  3539  3543 D CCodecConfig: no c2 equivalents for color-format
09-01 15:11:49.852  3539  3543 D CCodecConfig: no c2 equivalents for max-bframes
09-01 15:11:49.853  3539  3543 D CCodecConfig: no c2 equivalents for flags
09-01 15:11:49.853  3539  3543 D CCodecConfig: no c2 equivalents for encoder
09-01 15:11:49.854  3539  3543 D CCodecConfig: c2 config diff is   c2::u32 coded.bitrate.value = 8000000
09-01 15:11:49.854  3539  3543 D CCodecConfig:   c2::float coded.frame-rate.value = 60
09-01 15:11:49.854  3539  3543 D CCodecConfig:   c2::i64 coding.sync-frame-interval.value = 2000000
09-01 15:11:49.854  3539  3543 D CCodecConfig:   c2::u32 raw.size.height = 600
09-01 15:11:49.854  3539  3543 D CCodecConfig:   c2::u32 raw.size.width = 1080
09-01 15:11:49.854  3539  3543 W ColorUtils: expected specified color aspects (0:0:0:0)
09-01 15:11:49.855  3539  3543 D CCodec  : encoding statistics level = 0
09-01 15:11:49.855  3539  3543 D CCodec  : setup formats input: AMessage(what = 0x00000000) = {
09-01 15:11:49.855  3539  3543 D CCodec  :   Rect crop(0, 0, 1079, 599)
09-01 15:11:49.855  3539  3543 D CCodec  :   int32_t color-standard = 0
09-01 15:11:49.855  3539  3543 D CCodec  :   int32_t color-range = 0
09-01 15:11:49.855  3539  3543 D CCodec  :   int32_t color-transfer = 0
09-01 15:11:49.855  3539  3543 D CCodec  :   int32_t frame-rate = 60
09-01 15:11:49.855  3539  3543 D CCodec  :   int32_t height = 600
09-01 15:11:49.855  3539  3543 D CCodec  :   int32_t intra-refresh-period = 0
09-01 15:11:49.855  3539  3543 D CCodec  :   string mime = "video/raw"
09-01 15:11:49.855  3539  3543 D CCodec  :   int32_t video-qp-average = 0
09-01 15:11:49.855  3539  3543 D CCodec  :   int32_t width = 1080
09-01 15:11:49.855  3539  3543 D CCodec  :   int32_t android._dataspace = 0
09-01 15:11:49.855  3539  3543 D CCodec  :   int32_t using-sw-read-often = 1
09-01 15:11:49.855  3539  3543 D CCodec  :   int64_t android._C2MemoryUsage = 1
09-01 15:11:49.855  3539  3543 D CCodec  :   int32_t color-format = 2130708361
09-01 15:11:49.855  3539  3543 D CCodec  :   int32_t android._color-format = 2130708361
09-01 15:11:49.855  3539  3543 D CCodec  : }
09-01 15:11:49.855  3539  3543 D CCodec  : setup formats output: AMessage(what = 0x00000000) = {
09-01 15:11:49.855  3539  3543 D CCodec  :   int32_t bitrate = 8000000
09-01 15:11:49.855  3539  3543 D CCodec  :   int32_t bitrate-mode = 1
09-01 15:11:49.855  3539  3543 D CCodec  :   Rect crop(0, 0, 1079, 599)
09-01 15:11:49.855  3539  3543 D CCodec  :   int32_t color-standard = 0
09-01 15:11:49.855  3539  3543 D CCodec  :   int32_t color-range = 0
09-01 15:11:49.855  3539  3543 D CCodec  :   int32_t color-transfer = 0
09-01 15:11:49.855  3539  3543 D CCodec  :   int32_t frame-rate = 60
09-01 15:11:49.855  3539  3543 D CCodec  :   int32_t height = 600
09-01 15:11:49.855  3539  3543 D CCodec  :   int32_t intra-refresh-period = 0
09-01 15:11:49.855  3539  3543 D CCodec  :   int32_t level = 4096
09-01 15:11:49.855  3539  3543 D CCodec  :   int32_t max-bitrate = 8000000
09-01 15:11:49.855  3539  3543 D CCodec  :   string mime = "video/avc"
09-01 15:11:49.855  3539  3543 D CCodec  :   int32_t profile = 65536
09-01 15:11:49.855  3539  3543 D CCodec  :   int32_t temporal-layer-id = 0
09-01 15:11:49.855  3539  3543 D CCodec  :   int32_t video-qp-average = 0
09-01 15:11:49.855  3539  3543 D CCodec  :   int32_t width = 1080
09-01 15:11:49.855  3539  3543 D CCodec  : }
09-01 15:11:49.855  3539  3543 I CCodecConfig: query failed after returning 14 values (BAD_INDEX)
09-01 15:11:49.856  3539  3543 E screenrecord: Failed to query component interface for required system resources: 6
09-01 15:11:49.857  3539  3543 D CCodec  : aidl based PersistentSurface created
09-01 15:11:49.860  3539  3543 D CCodec  : input format changed to AMessage(what = 0x00000000) = {
09-01 15:11:49.860  3539  3543 D CCodec  :   Rect crop(0, 0, 1079, 599)
09-01 15:11:49.860  3539  3543 D CCodec  :   int32_t color-standard = 1
09-01 15:11:49.860  3539  3543 D CCodec  :   int32_t color-range = 2
09-01 15:11:49.860  3539  3543 D CCodec  :   int32_t color-transfer = 3
09-01 15:11:49.860  3539  3543 D CCodec  :   int32_t frame-rate = 60
09-01 15:11:49.860  3539  3543 D CCodec  :   int32_t height = 600
09-01 15:11:49.860  3539  3543 D CCodec  :   int32_t intra-refresh-period = 0
09-01 15:11:49.860  3539  3543 D CCodec  :   string mime = "video/raw"
09-01 15:11:49.860  3539  3543 D CCodec  :   int32_t video-qp-average = 0
09-01 15:11:49.860  3539  3543 D CCodec  :   int32_t width = 1080
09-01 15:11:49.860  3539  3543 D CCodec  :   int32_t android._dataspace = 260
09-01 15:11:49.860  3539  3543 D CCodec  :   int32_t using-sw-read-often = 1
09-01 15:11:49.860  3539  3543 D CCodec  :   int64_t android._C2MemoryUsage = 1
09-01 15:11:49.860  3539  3543 D CCodec  :   int32_t color-format = 2130708361
09-01 15:11:49.860  3539  3543 D CCodec  :   int32_t android._color-format = 2130708361
09-01 15:11:49.860  3539  3543 D CCodec  : }
09-01 15:11:49.861  3539  3543 D GraphicBufferSource: setting dataspace: 0x10c10000, acquired=0
09-01 15:11:49.861  3539  3543 D CCodec  : ISConfig not changed
09-01 15:11:49.863  3539  3543 D CCodecBufferChannel: [c2.android.avc.encoder#603] Using basic input block pool with poolID 1 => got 1 - OK (0)
09-01 15:11:49.863  3539  3543 D C2Store : debug.c2.use_dmabufheaps set, forcing DMABUF Heaps
09-01 15:11:49.863  3539  3543 D C2Store : Using DMABUF Heaps
09-01 15:11:49.864   905  2438 I libbinder.BpBinder: onLastStrongRef automatically unlinking death recipients for binder (0x7a9bc6a09240) with descriptor: 'android.hardware.media.bufferpool2.IAccessor'
09-01 15:11:49.864   905  2438 I libbinder.BpBinder: onLastStrongRef automatically unlinking death recipients for binder (0x7a9bc6a08530) with descriptor: 'android.hardware.media.bufferpool2.IAccessor'
09-01 15:11:49.864   905  2438 I libbinder.BpBinder: onLastStrongRef automatically unlinking death recipients for binder (0x7a9bc6a0a000) with descriptor: 'android.hardware.media.bufferpool2.IAccessor'
09-01 15:11:49.864   905  2438 I libbinder.BpBinder: onLastStrongRef automatically unlinking death recipients for binder (0x7a9bc6a087f0) with descriptor: 'android.hardware.media.bufferpool2.IAccessor'
09-01 15:11:49.864   905  2438 I libbinder.BpBinder: onLastStrongRef automatically unlinking death recipients for binder (0x7a9bc6a08a00) with descriptor: 'android.hardware.media.bufferpool2.IAccessor'
09-01 15:11:49.864   905  2438 I libbinder.BpBinder: onLastStrongRef automatically unlinking death recipients for binder (0x7a9bc6a0d7b0) with descriptor: 'android.hardware.media.bufferpool2.IAccessor'
09-01 15:11:49.864   905  2438 I libbinder.BpBinder: onLastStrongRef automatically unlinking death recipients for binder (0x7a9bc6a0cd60) with descriptor: 'android.hardware.media.bufferpool2.IAccessor'
09-01 15:11:49.864   905  2438 I libbinder.BpBinder: onLastStrongRef automatically unlinking death recipients for binder (0x7a9bc6a0c9f0) with descriptor: 'android.hardware.media.bufferpool2.IAccessor'
09-01 15:11:49.865   905  2438 I libbinder.BpBinder: onLastStrongRef automatically unlinking death recipients for binder (0x7a9bc6a0a420) with descriptor: 'android.hardware.media.bufferpool2.IAccessor'
09-01 15:11:49.865  1486  2037 D AidlBufferPool: bufferpool2 0x7aaf2e433b08 : 0(0 size) total buffers - 0(0 size) used buffers - 1/7 (recycle/alloc) - 6/36 (fetch/transfer)
09-01 15:11:49.865  3539  3543 I CCodecBufferChannel: [c2.android.avc.encoder#603] Created output block pool with allocatorID 16 => poolID 35 - OK
09-01 15:11:49.865  1017  1032 D AidlBufferPool: bufferpool2 0x7aaf2e4726a8 : 0(0 size) total buffers - 0(0 size) used buffers - 1/7 (recycle/alloc) - 13/34 (fetch/transfer)
09-01 15:11:49.865  1486  2037 D AidlBufferPool: Destruction - bufferpool2 0x7aaf2e433b08 cached: 0/0M, 0/0% in use; allocs: 7, 14% recycled; transfers: 36, 83% unfetched
09-01 15:11:49.865  1486  1718 D AidlBufferPool: bufferpool2 0x7aaf2e431f48 : 0(0 size) total buffers - 0(0 size) used buffers - 0/7 (recycle/alloc) - 6/38 (fetch/transfer)
09-01 15:11:49.865  1486  1718 D AidlBufferPool: Destruction - bufferpool2 0x7aaf2e431f48 cached: 0/0M, 0/0% in use; allocs: 7, 0% recycled; transfers: 38, 84% unfetched
09-01 15:11:49.865  1017  1032 D AidlBufferPool: Destruction - bufferpool2 0x7aaf2e4726a8 cached: 0/0M, 0/0% in use; allocs: 7, 14% recycled; transfers: 34, 62% unfetched
09-01 15:11:49.865  1017  1064 D AidlBufferPool: bufferpool2 0x7aaf2e459fd8 : 0(0 size) total buffers - 0(0 size) used buffers - 1/7 (recycle/alloc) - 8/26 (fetch/transfer)
09-01 15:11:49.865  1017  1064 D AidlBufferPool: Destruction - bufferpool2 0x7aaf2e459fd8 cached: 0/0M, 0/0% in use; allocs: 7, 14% recycled; transfers: 26, 69% unfetched
09-01 15:11:49.865  3539  3543 D CCodecBufferChannel: [c2.android.avc.encoder#603] Configured output block pool ids 35 => OK
09-01 15:11:49.866  1486  1500 D AidlBufferPool: bufferpool2 0x7aaf2e42dc38 : 0(0 size) total buffers - 0(0 size) used buffers - 2/7 (recycle/alloc) - 5/18 (fetch/transfer)
09-01 15:11:49.866  1486  1500 D AidlBufferPool: Destruction - bufferpool2 0x7aaf2e42dc38 cached: 0/0M, 0/0% in use; allocs: 7, 29% recycled; transfers: 18, 72% unfetched
09-01 15:11:49.866  1017  1502 D AidlBufferPool: bufferpool2 0x7aaf2e45b4a8 : 0(0 size) total buffers - 0(0 size) used buffers - 2/7 (recycle/alloc) - 5/34 (fetch/transfer)
09-01 15:11:49.866  1017  1502 D AidlBufferPool: Destruction - bufferpool2 0x7aaf2e45b4a8 cached: 0/0M, 0/0% in use; allocs: 7, 29% recycled; transfers: 34, 85% unfetched
09-01 15:11:49.866  1017  1563 D AidlBufferPool: bufferpool2 0x7aaf2e461378 : 0(0 size) total buffers - 0(0 size) used buffers - 1/7 (recycle/alloc) - 6/18 (fetch/transfer)
09-01 15:11:49.866  1017  1563 D AidlBufferPool: Destruction - bufferpool2 0x7aaf2e461378 cached: 0/0M, 0/0% in use; allocs: 7, 14% recycled; transfers: 18, 67% unfetched
09-01 15:11:49.866   897   897 W ResourceManagerServiceUtils: Ignoring request to add new resource entry with value <= 0
09-01 15:11:49.866  1017  1123 D AidlBufferPool: bufferpool2 0x7aaf2e4648a8 : 0(0 size) total buffers - 0(0 size) used buffers - 2/7 (recycle/alloc) - 5/24 (fetch/transfer)
09-01 15:11:49.866  1017  1123 D AidlBufferPool: Destruction - bufferpool2 0x7aaf2e4648a8 cached: 0/0M, 0/0% in use; allocs: 7, 29% recycled; transfers: 24, 79% unfetched
09-01 15:11:49.867  1017  1489 D AidlBufferPool: bufferpool2 0x7aaf2e457888 : 0(0 size) total buffers - 0(0 size) used buffers - 2/7 (recycle/alloc) - 7/24 (fetch/transfer)
09-01 15:11:49.867  1017  1489 D AidlBufferPool: Destruction - bufferpool2 0x7aaf2e457888 cached: 0/0M, 0/0% in use; allocs: 7, 29% recycled; transfers: 24, 71% unfetched
09-01 15:11:49.867  3539  3539 I Surface : Creating surface for consumer GraphicBufferSource with slotExpansion=0 for 64 slots
09-01 15:11:49.867   801   826 D SurfaceFlinger: Creating virtual display: ScreenRecorder
09-01 15:11:49.869  3539  3539 D MPEG4Writer: PreAllocation enabled
09-01 15:11:49.874   801   801 I Surface : Creating surface for consumer GraphicBufferSource with slotExpansion=0 for 64 slots
09-01 15:11:49.875   801   801 I Surface : Creating surface for consumer unnamed-801-3 with slotExpansion=1 for 64 slots
09-01 15:11:49.876   801   801 E Surface : Failed to get surface config from BQ. Error: -38
09-01 15:11:49.877   801   801 E SurfaceFlinger: [ScreenRecorder] getUniqueId: Invalid operation on virtual display
09-01 15:11:49.877   801   801 D SurfaceFlinger: processDisplayAdded: Optimizing thread scheduling: optimizeForPerformance
09-01 15:11:49.981     0     0 I servicemanager: Caller(pid=3539,uid=0,sid=u:r:su:s0) Found android.hardware.graphics.allocator.IAllocator/default in device VINTF manifest.
09-01 15:11:49.983     0     0 I servicemanager: Caller(pid=3539,uid=0,sid=u:r:su:s0) Found android.hardware.graphics.allocator.IAllocator/default in device VINTF manifest.
09-01 15:11:49.984     0     0 I servicemanager: Caller(pid=3539,uid=0,sid=u:r:su:s0) Found mapper/minigbm in device VINTF manifest.
09-01 15:11:49.890  3539  3549 I [minigbm:virtgpu_init(51)]: virtgpu backend not enabling VIRTGPU_PARAM_RESOURCE_SYNC
09-01 15:11:49.890  3539  3549 I [minigbm:virtgpu_init(51)]: virtgpu backend not enabling VIRTGPU_PARAM_GUEST_VRAM
09-01 15:11:49.899  3539  3549 D GraphicBufferSource: got buffer with new dataSpace 0x10c10000
09-01 15:11:49.899  3539  3549 D C2NodeImpl: dataspace changed to 0x10c10000 pixel format: 0x1
09-01 15:11:49.900   905  3547 D SimpleC2Component: Using output block pool with poolID 35 => got 35 - 0
09-01 15:11:49.900   905  3547 D SimpleC2Component: applied 2 configUpdates => BAD_INDEX (6)
09-01 15:11:49.900   905  3547 D C2SoftAvcEnc: Params width 1080 height 600 level 41 colorFormat 0 bframes 0
09-01 15:11:50.012     0     0 I servicemanager: Caller(pid=905,uid=1046,sid=u:r:mediaswcodec:s0) Found android.hardware.graphics.allocator.IAllocator/default in device VINTF manifest.
09-01 15:11:50.013     0     0 I servicemanager: Caller(pid=905,uid=1046,sid=u:r:mediaswcodec:s0) Found android.hardware.graphics.allocator.IAllocator/default in device VINTF manifest.
09-01 15:11:50.015     0     0 I servicemanager: Caller(pid=905,uid=1046,sid=u:r:mediaswcodec:s0) Found mapper/minigbm in device VINTF manifest.
09-01 15:11:49.924  3426  3426 I de4sdv_aebs_ingress: frame accepted and published sequence=22894
09-01 15:11:49.924  3381  3397 I AebsFrameSubscriber: onMessagesAvailable callback
09-01 15:11:49.925  3381  3397 I AebsFrameSubscriber: readNextMessages count=1
09-01 15:11:49.925  3381  3397 I MainActivity: onGatewayFrame: frame seq=22894 egoSpeed=6.5623803 pts=0 intervention=false warning=false braking=false lifecycle=armed range=null bearing=null rss=null
09-01 15:11:49.927   905  3547 W mediaswcodec: AIBinder_linkToDeath is being called with a non-null cookie and no onUnlink callback set. Use AIBinder_DeathRecipient_setOnUnlinked to manage the lifetime of the cookie. This will become an abort.
09-01 15:11:49.928  3539  3543 D CCodecConfig: c2 config diff is   Buffer coded.init-data.value = {
09-01 15:11:49.928  3539  3543 D CCodecConfig:     00000000:  00 00 00 01 67 42 c0 29  8d 68 04 40 4d e5 96 42  ....gB.).h.@M..B
09-01 15:11:49.928  3539  3543 D CCodecConfig:     00000010:  02 02 02 0f 08 84 6a 00  00 00 01 68 ce 01 a8 35  ......j....h...5
09-01 15:11:49.928  3539  3543 D CCodecConfig:     00000020:  c8                                                .
09-01 15:11:49.928  3539  3543 D CCodecConfig:   }
09-01 15:11:49.929  3539  3539 D MPEG4Writer: fpathconf _PC_FILESIZEBITS:64
09-01 15:11:49.929  3539  3539 D MPEG4Writer: File size limit set to 4503599627370495 bytes implicitly
09-01 15:11:49.930  3539  3539 D MPEG4Writer: MP4WtrCtrlHlpLooper Started
09-01 15:11:49.930  3539  3539 I MPEG4Writer: limits: 4503599627370495/0 bytes/us, bit rate: -1 bps and the estimated moov size 3192 bytes
09-01 15:11:49.935  3539  3556 I MPEG4Writer: setStartTimestampUs: 304671333
09-01 15:11:49.935  3539  3556 I MPEG4Writer: Earliest track starting time: 304671333
09-01 15:11:50.024  3426  3426 I de4sdv_aebs_ingress: frame accepted and published sequence=22895
09-01 15:11:50.025  3381  3397 I AebsFrameSubscriber: onMessagesAvailable callback
09-01 15:11:50.025  3381  3397 I AebsFrameSubscriber: readNextMessages count=1
09-01 15:11:50.025  3381  3397 I MainActivity: onGatewayFrame: frame seq=22895 egoSpeed=6.5623803 pts=0 intervention=false warning=false braking=false lifecycle=armed range=null bearing=null rss=null
09-01 15:11:50.124  3426  3426 I de4sdv_aebs_ingress: frame accepted and published sequence=22896
09-01 15:11:50.125  3381  3397 I AebsFrameSubscriber: onMessagesAvailable callback
09-01 15:11:50.126  3381  3397 I AebsFrameSubscriber: readNextMessages count=1
09-01 15:11:50.126  3381  3397 I MainActivity: onGatewayFrame: frame seq=22896 egoSpeed=6.5623803 pts=0 intervention=false warning=false braking=false lifecycle=armed range=null bearing=null rss=null
09-01 15:11:50.224  3426  3426 I de4sdv_aebs_ingress: frame accepted and published sequence=22897
09-01 15:11:50.224  3381  3397 I AebsFrameSubscriber: onMessagesAvailable callback
09-01 15:11:50.225  3381  3397 I AebsFrameSubscriber: readNextMessages count=1
09-01 15:11:50.225  3381  3397 I MainActivity: onGatewayFrame: frame seq=22897 egoSpeed=6.5623803 pts=0 intervention=false warning=false braking=false lifecycle=armed range=null bearing=null rss=null
09-01 15:11:50.324  3426  3426 I de4sdv_aebs_ingress: frame accepted and published sequence=22898
09-01 15:11:50.325  3381  3397 I AebsFrameSubscriber: onMessagesAvailable callback
09-01 15:11:50.325  3381  3397 I AebsFrameSubscriber: readNextMessages count=1
09-01 15:11:50.325  3381  3397 I MainActivity: onGatewayFrame: frame seq=22898 egoSpeed=6.5623803 pts=0 intervention=false warning=false braking=false lifecycle=armed range=null bearing=null rss=null
09-01 15:11:50.424  3426  3426 I de4sdv_aebs_ingress: frame accepted and published sequence=22899
09-01 15:11:50.425  3381  3397 I AebsFrameSubscriber: onMessagesAvailable callback
09-01 15:11:50.425  3381  3397 I AebsFrameSubscriber: readNextMessages count=1
09-01 15:11:50.425  3381  3397 I MainActivity: onGatewayFrame: frame seq=22899 egoSpeed=6.5623803 pts=0 intervention=false warning=false braking=false lifecycle=armed range=null bearing=null rss=null
09-01 15:11:50.524  3426  3426 I de4sdv_aebs_ingress: frame accepted and published sequence=22900
09-01 15:11:50.525  3381  3397 I AebsFrameSubscriber: onMessagesAvailable callback
09-01 15:11:50.525  3381  3397 I AebsFrameSubscriber: readNextMessages count=1
09-01 15:11:50.525  3381  3397 I MainActivity: onGatewayFrame: frame seq=22900 egoSpeed=6.5623803 pts=0 intervention=false warning=false braking=false lifecycle=armed range=null bearing=null rss=null
09-01 15:11:50.624  3426  3426 I de4sdv_aebs_ingress: frame accepted and published sequence=22901
09-01 15:11:50.624  3381  3397 I AebsFrameSubscriber: onMessagesAvailable callback
09-01 15:11:50.625  3381  3397 I AebsFrameSubscriber: readNextMessages count=1
09-01 15:11:50.625  3381  3397 I MainActivity: onGatewayFrame: frame seq=22901 egoSpeed=6.5623803 pts=0 intervention=false warning=false braking=false lifecycle=armed range=null bearing=null rss=null
09-01 15:11:50.724  3426  3426 I de4sdv_aebs_ingress: frame accepted and published sequence=22902
09-01 15:11:50.725  3381  3397 I AebsFrameSubscriber: onMessagesAvailable callback
09-01 15:11:50.725  3381  3397 I AebsFrameSubscriber: readNextMessages count=1
09-01 15:11:50.725  3381  3397 I MainActivity: onGatewayFrame: frame seq=22902 egoSpeed=6.5623803 pts=0 intervention=false warning=false braking=false lifecycle=armed range=null bearing=null rss=null
09-01 15:11:50.824  3426  3426 I de4sdv_aebs_ingress: frame accepted and published sequence=22903
09-01 15:11:50.825  3381  3397 I AebsFrameSubscriber: onMessagesAvailable callback
09-01 15:11:50.825  3381  3397 I AebsFrameSubscriber: readNextMessages count=1
09-01 15:11:50.825  3381  3397 I MainActivity: onGatewayFrame: frame seq=22903 egoSpeed=6.5623803 pts=0 intervention=false warning=false braking=false lifecycle=armed range=null bearing=null rss=null
09-01 15:11:50.924  3426  3426 I de4sdv_aebs_ingress: frame accepted and published sequence=22904
09-01 15:11:50.924  3381  3397 I AebsFrameSubscriber: onMessagesAvailable callback
09-01 15:11:50.925  3381  3397 I AebsFrameSubscriber: readNextMessages count=1
09-01 15:11:50.925  3381  3397 I MainActivity: onGatewayFrame: frame seq=22904 egoSpeed=6.5623803 pts=0 intervention=false warning=false braking=false lifecycle=armed range=null bearing=null rss=null
09-01 15:11:51.024  3426  3426 I de4sdv_aebs_ingress: frame accepted and published sequence=22905
09-01 15:11:51.024  3381  3397 I AebsFrameSubscriber: onMessagesAvailable callback
09-01 15:11:51.024  3381  3397 I AebsFrameSubscriber: readNextMessages count=1
09-01 15:11:51.025  3381  3397 I MainActivity: onGatewayFrame: frame seq=22905 egoSpeed=6.5623803 pts=0 intervention=false warning=false braking=false lifecycle=armed range=null bearing=null rss=null
09-01 15:11:51.124  3426  3426 I de4sdv_aebs_ingress: frame accepted and published sequence=22906
09-01 15:11:51.124  3381  3397 I AebsFrameSubscriber: onMessagesAvailable callback
09-01 15:11:51.125  3381  3397 I AebsFrameSubscriber: readNextMessages count=1
09-01 15:11:51.125  3381  3397 I MainActivity: onGatewayFrame: frame seq=22906 egoSpeed=6.5623803 pts=0 intervention=false warning=false braking=false lifecycle=armed range=null bearing=null rss=null
09-01 15:11:51.224  3426  3426 I de4sdv_aebs_ingress: frame accepted and published sequence=22907
09-01 15:11:51.225  3381  3397 I AebsFrameSubscriber: onMessagesAvailable callback
09-01 15:11:51.225  3381  3397 I AebsFrameSubscriber: readNextMessages count=1
09-01 15:11:51.225  3381  3397 I MainActivity: onGatewayFrame: frame seq=22907 egoSpeed=6.5623803 pts=0 intervention=false warning=false braking=false lifecycle=armed range=null bearing=null rss=null
09-01 15:11:51.324  3426  3426 I de4sdv_aebs_ingress: frame accepted and published sequence=22908
09-01 15:11:51.325  3381  3397 I AebsFrameSubscriber: onMessagesAvailable callback
09-01 15:11:51.325  3381  3397 I AebsFrameSubscriber: readNextMessages count=1
09-01 15:11:51.325  3381  3397 I MainActivity: onGatewayFrame: frame seq=22908 egoSpeed=6.5623803 pts=0 intervention=false warning=false braking=false lifecycle=armed range=null bearing=null rss=null
09-01 15:11:51.424  3426  3426 I de4sdv_aebs_ingress: frame accepted and published sequence=22909
09-01 15:11:51.424  3381  3397 I AebsFrameSubscriber: onMessagesAvailable callback
09-01 15:11:51.425  3381  3397 I AebsFrameSubscriber: readNextMessages count=1
09-01 15:11:51.425  3381  3397 I MainActivity: onGatewayFrame: frame seq=22909 egoSpeed=6.5623803 pts=0 intervention=false warning=false braking=false lifecycle=armed range=null bearing=null rss=null
09-01 15:11:51.524  3426  3426 I de4sdv_aebs_ingress: frame accepted and published sequence=22910
09-01 15:11:51.524  3381  3397 I AebsFrameSubscriber: onMessagesAvailable callback
09-01 15:11:51.525  3381  3397 I AebsFrameSubscriber: readNextMessages count=1
09-01 15:11:51.525  3381  3397 I MainActivity: onGatewayFrame: frame seq=22910 egoSpeed=6.5623803 pts=0 intervention=false warning=false braking=false lifecycle=armed range=null bearing=null rss=null
09-01 15:11:51.624  3426  3426 I de4sdv_aebs_ingress: frame accepted and published sequence=22911
09-01 15:11:51.624  3381  3397 I AebsFrameSubscriber: onMessagesAvailable callback
09-01 15:11:51.625  3381  3397 I AebsFrameSubscriber: readNextMessages count=1
09-01 15:11:51.625  3381  3397 I MainActivity: onGatewayFrame: frame seq=22911 egoSpeed=6.5623803 pts=0 intervention=false warning=false braking=false lifecycle=armed range=null bearing=null rss=null
09-01 15:11:51.724  3426  3426 I de4sdv_aebs_ingress: frame accepted and published sequence=22912
09-01 15:11:51.724  3381  3397 I AebsFrameSubscriber: onMessagesAvailable callback
09-01 15:11:51.724   876   876 D EmulatedVehicleHardware: Set value for property ID: 290459441
09-01 15:11:51.725  3381  3397 I AebsFrameSubscriber: readNextMessages count=1
09-01 15:11:51.725  3381  3397 I MainActivity: onGatewayFrame: frame seq=22912 egoSpeed=6.5623803 pts=0 intervention=false warning=false braking=false lifecycle=armed range=null bearing=null rss=null
09-01 15:11:51.725   876  1883 E VhalProxy: Publisher with id: 290459441 does not exist in vhal proxy
09-01 15:11:51.824  3426  3426 I de4sdv_aebs_ingress: frame accepted and published sequence=22913
09-01 15:11:51.825  3381  3397 I AebsFrameSubscriber: onMessagesAvailable callback
09-01 15:11:51.825  3381  3397 I AebsFrameSubscriber: readNextMessages count=1
09-01 15:11:51.825  3381  3397 I MainActivity: onGatewayFrame: frame seq=22913 egoSpeed=6.5623803 pts=0 intervention=false warning=false braking=false lifecycle=armed range=null bearing=null rss=null
09-01 15:11:51.924  3426  3426 I de4sdv_aebs_ingress: frame accepted and published sequence=22914
09-01 15:11:51.925  3381  3397 I AebsFrameSubscriber: onMessagesAvailable callback
09-01 15:11:51.925  3381  3397 I AebsFrameSubscriber: readNextMessages count=1
09-01 15:11:51.925  3381  3397 I MainActivity: onGatewayFrame: frame seq=22914 egoSpeed=6.5623803 pts=0 intervention=false warning=false braking=false lifecycle=armed range=null bearing=null rss=null
09-01 15:11:51.967  1017  1032 I WifiService: getConnectionInfo uid=1010110
09-01 15:11:52.024  3426  3426 I de4sdv_aebs_ingress: frame accepted and published sequence=22915
09-01 15:11:52.025  3381  3397 I AebsFrameSubscriber: onMessagesAvailable callback
09-01 15:11:52.025  3381  3397 I AebsFrameSubscriber: readNextMessages count=1
09-01 15:11:52.025  3381  3397 I MainActivity: onGatewayFrame: frame seq=22915 egoSpeed=6.5623803 pts=0 intervention=false warning=false braking=false lifecycle=armed range=null bearing=null rss=null
09-01 15:11:52.124  3426  3426 I de4sdv_aebs_ingress: frame accepted and published sequence=22916
09-01 15:11:52.125  3381  3397 I AebsFrameSubscriber: onMessagesAvailable callback
09-01 15:11:52.125  3381  3397 I AebsFrameSubscriber: readNextMessages count=1
09-01 15:11:52.125  3381  3397 I MainActivity: onGatewayFrame: frame seq=22916 egoSpeed=6.5623803 pts=0 intervention=false warning=false braking=false lifecycle=armed range=null bearing=null rss=null
09-01 15:11:52.224  3426  3426 I de4sdv_aebs_ingress: frame accepted and published sequence=22917
09-01 15:11:52.224  3381  3397 I AebsFrameSubscriber: onMessagesAvailable callback
09-01 15:11:52.224  3381  3397 I AebsFrameSubscriber: readNextMessages count=1
09-01 15:11:52.224  3381  3397 I MainActivity: onGatewayFrame: frame seq=22917 egoSpeed=6.5623803 pts=0 intervention=false warning=false braking=false lifecycle=armed range=null bearing=null rss=null
09-01 15:11:52.324  3426  3426 I de4sdv_aebs_ingress: frame accepted and published sequence=22918
09-01 15:11:52.324  3381  3397 I AebsFrameSubscriber: onMessagesAvailable callback
09-01 15:11:52.324  3381  3397 I AebsFrameSubscriber: readNextMessages count=1
09-01 15:11:52.324  3381  3397 I MainActivity: onGatewayFrame: frame seq=22918 egoSpeed=6.5623803 pts=0 intervention=false warning=false braking=false lifecycle=armed range=null bearing=null rss=null
09-01 15:11:52.399  3347  3347 I adbd    : adbd service requested 'shell,raw:cut -d. -f1 /proc/uptime'
09-01 15:11:52.424  3426  3426 I de4sdv_aebs_ingress: frame accepted and published sequence=22919
09-01 15:11:52.425  3381  3397 I AebsFrameSubscriber: onMessagesAvailable callback
09-01 15:11:52.425  3381  3397 I AebsFrameSubscriber: readNextMessages count=1
09-01 15:11:52.425  3381  3397 I MainActivity: onGatewayFrame: frame seq=22919 egoSpeed=6.5623803 pts=0 intervention=false warning=false braking=false lifecycle=armed range=null bearing=null rss=null
09-01 15:11:52.524  3426  3426 I de4sdv_aebs_ingress: frame accepted and published sequence=22920
09-01 15:11:52.525  3381  3397 I AebsFrameSubscriber: onMessagesAvailable callback
09-01 15:11:52.525  3381  3397 I AebsFrameSubscriber: readNextMessages count=1
09-01 15:11:52.525  3381  3397 I MainActivity: onGatewayFrame: frame seq=22920 egoSpeed=6.5623803 pts=0 intervention=false warning=false braking=false lifecycle=armed range=null bearing=null rss=null
09-01 15:11:52.624  3426  3426 I de4sdv_aebs_ingress: frame accepted and published sequence=22921
09-01 15:11:52.625  3381  3397 I AebsFrameSubscriber: onMessagesAvailable callback
09-01 15:11:52.625  3381  3397 I AebsFrameSubscriber: readNextMessages count=1
09-01 15:11:52.625  3381  3397 I MainActivity: onGatewayFrame: frame seq=22921 egoSpeed=6.5623803 pts=0 intervention=false warning=false braking=false lifecycle=armed range=null bearing=null rss=null
09-01 15:11:52.724  3426  3426 I de4sdv_aebs_ingress: frame accepted and published sequence=22922
09-01 15:11:52.724  3381  3397 I AebsFrameSubscriber: onMessagesAvailable callback
09-01 15:11:52.725  3381  3397 I AebsFrameSubscriber: readNextMessages count=1
09-01 15:11:52.725  3381  3397 I MainActivity: onGatewayFrame: frame seq=22922 egoSpeed=6.5623803 pts=0 intervention=false warning=false braking=false lifecycle=armed range=null bearing=null rss=null
09-01 15:11:52.824  3426  3426 I de4sdv_aebs_ingress: frame accepted and published sequence=22923
09-01 15:11:52.825  3381  3397 I AebsFrameSubscriber: onMessagesAvailable callback
09-01 15:11:52.825  3381  3397 I AebsFrameSubscriber: readNextMessages count=1
09-01 15:11:52.826  3381  3397 I MainActivity: onGatewayFrame: frame seq=22923 egoSpeed=6.5623803 pts=0 intervention=false warning=false braking=false lifecycle=armed range=null bearing=null rss=null
09-01 15:11:52.924  3426  3426 I de4sdv_aebs_ingress: frame accepted and published sequence=22924
09-01 15:11:52.924  3381  3397 I AebsFrameSubscriber: onMessagesAvailable callback
09-01 15:11:52.925  3381  3397 I AebsFrameSubscriber: readNextMessages count=1
09-01 15:11:52.925  3381  3397 I MainActivity: onGatewayFrame: frame seq=22924 egoSpeed=6.5623803 pts=0 intervention=false warning=false braking=false lifecycle=armed range=null bearing=null rss=null
09-01 15:11:53.024  3426  3426 I de4sdv_aebs_ingress: frame accepted and published sequence=22925
09-01 15:11:53.024  3381  3397 I AebsFrameSubscriber: onMessagesAvailable callback
09-01 15:11:53.025  3381  3397 I AebsFrameSubscriber: readNextMessages count=1
09-01 15:11:53.025  3381  3397 I MainActivity: onGatewayFrame: frame seq=22925 egoSpeed=6.5623803 pts=0 intervention=false warning=false braking=false lifecycle=armed range=null bearing=null rss=null
09-01 15:11:53.124  3426  3426 I de4sdv_aebs_ingress: frame accepted and published sequence=22926
09-01 15:11:53.125  3381  3397 I AebsFrameSubscriber: onMessagesAvailable callback
09-01 15:11:53.125  3381  3397 I AebsFrameSubscriber: readNextMessages count=1
09-01 15:11:53.125  3381  3397 I MainActivity: onGatewayFrame: frame seq=22926 egoSpeed=6.5623803 pts=0 intervention=false warning=false braking=false lifecycle=armed range=null bearing=null rss=null
09-01 15:11:53.224  3426  3426 I de4sdv_aebs_ingress: frame accepted and published sequence=22927
09-01 15:11:53.224  3381  3397 I AebsFrameSubscriber: onMessagesAvailable callback
09-01 15:11:53.225  3381  3397 I AebsFrameSubscriber: readNextMessages count=1
09-01 15:11:53.225  3381  3397 I MainActivity: onGatewayFrame: frame seq=22927 egoSpeed=6.5623803 pts=0 intervention=false warning=false braking=false lifecycle=armed range=null bearing=null rss=null
09-01 15:11:53.324  3426  3426 I de4sdv_aebs_ingress: frame accepted and published sequence=22928
09-01 15:11:53.325  3381  3397 I AebsFrameSubscriber: onMessagesAvailable callback
09-01 15:11:53.325  3381  3397 I AebsFrameSubscriber: readNextMessages count=1
09-01 15:11:53.325  3381  3397 I MainActivity: onGatewayFrame: frame seq=22928 egoSpeed=6.5623803 pts=0 intervention=false warning=false braking=false lifecycle=armed range=null bearing=null rss=null
09-01 15:11:53.424  3426  3426 I de4sdv_aebs_ingress: frame accepted and published sequence=22929
09-01 15:11:53.425  3381  3397 I AebsFrameSubscriber: onMessagesAvailable callback
09-01 15:11:53.425  3381  3397 I AebsFrameSubscriber: readNextMessages count=1
09-01 15:11:53.425  3381  3397 I MainActivity: onGatewayFrame: frame seq=22929 egoSpeed=6.5623803 pts=0 intervention=false warning=false braking=false lifecycle=armed range=null bearing=null rss=null
09-01 15:11:53.524  3426  3426 I de4sdv_aebs_ingress: frame accepted and published sequence=22930
09-01 15:11:53.525  3381  3397 I AebsFrameSubscriber: onMessagesAvailable callback
09-01 15:11:53.525  3381  3397 I AebsFrameSubscriber: readNextMessages count=1
09-01 15:11:53.525  3381  3397 I MainActivity: onGatewayFrame: frame seq=22930 egoSpeed=6.5623803 pts=0 intervention=false warning=false braking=false lifecycle=armed range=null bearing=null rss=null
09-01 15:11:53.624  3426  3426 I de4sdv_aebs_ingress: frame accepted and published sequence=22931
09-01 15:11:53.625  3381  3397 I AebsFrameSubscriber: onMessagesAvailable callback
09-01 15:11:53.625  3381  3397 I AebsFrameSubscriber: readNextMessages count=1
09-01 15:11:53.625  3381  3397 I MainActivity: onGatewayFrame: frame seq=22931 egoSpeed=6.5623803 pts=0 intervention=false warning=false braking=false lifecycle=armed range=null bearing=null rss=null
09-01 15:11:53.724  3426  3426 I de4sdv_aebs_ingress: frame accepted and published sequence=22932
09-01 15:11:53.725  3381  3397 I AebsFrameSubscriber: onMessagesAvailable callback
09-01 15:11:53.725  3381  3397 I AebsFrameSubscriber: readNextMessages count=1
09-01 15:11:53.725  3381  3397 I MainActivity: onGatewayFrame: frame seq=22932 egoSpeed=6.5623803 pts=0 intervention=false warning=false braking=false lifecycle=armed range=null bearing=null rss=null
09-01 15:11:53.824  3426  3426 I de4sdv_aebs_ingress: frame accepted and published sequence=22933
09-01 15:11:53.825  3381  3397 I AebsFrameSubscriber: onMessagesAvailable callback
09-01 15:11:53.825  3381  3397 I AebsFrameSubscriber: readNextMessages count=1
09-01 15:11:53.825  3381  3397 I MainActivity: onGatewayFrame: frame seq=22933 egoSpeed=6.5623803 pts=0 intervention=false warning=false braking=false lifecycle=armed range=null bearing=null rss=null
09-01 15:11:53.924  3426  3426 I de4sdv_aebs_ingress: frame accepted and published sequence=22934
09-01 15:11:53.924  3381  3397 I AebsFrameSubscriber: onMessagesAvailable callback
09-01 15:11:53.925  3381  3397 I AebsFrameSubscriber: readNextMessages count=1
09-01 15:11:53.925  3381  3397 I MainActivity: onGatewayFrame: frame seq=22934 egoSpeed=6.5623803 pts=0 intervention=false warning=false braking=false lifecycle=armed range=null bearing=null rss=null
09-01 15:11:54.024  3426  3426 I de4sdv_aebs_ingress: frame accepted and published sequence=22935
09-01 15:11:54.025  3381  3397 I AebsFrameSubscriber: onMessagesAvailable callback
09-01 15:11:54.025  3381  3397 I AebsFrameSubscriber: readNextMessages count=1
09-01 15:11:54.025  3381  3397 I MainActivity: onGatewayFrame: frame seq=22935 egoSpeed=6.5623803 pts=0 intervention=false warning=false braking=false lifecycle=armed range=null bearing=null rss=null
09-01 15:11:54.124  3426  3426 I de4sdv_aebs_ingress: frame accepted and published sequence=22936
09-01 15:11:54.125  3381  3397 I AebsFrameSubscriber: onMessagesAvailable callback
09-01 15:11:54.125  3381  3397 I AebsFrameSubscriber: readNextMessages count=1
09-01 15:11:54.125  3381  3397 I MainActivity: onGatewayFrame: frame seq=22936 egoSpeed=6.5623803 pts=0 intervention=false warning=false braking=false lifecycle=armed range=null bearing=null rss=null
09-01 15:11:54.224  3426  3426 I de4sdv_aebs_ingress: frame accepted and published sequence=22937
09-01 15:11:54.225  3381  3397 I AebsFrameSubscriber: onMessagesAvailable callback
09-01 15:11:54.225  3381  3397 I AebsFrameSubscriber: readNextMessages count=1
09-01 15:11:54.225  3381  3397 I MainActivity: onGatewayFrame: frame seq=22937 egoSpeed=6.5623803 pts=0 intervention=false warning=false braking=false lifecycle=armed range=null bearing=null rss=null
09-01 15:11:54.324  3426  3426 I de4sdv_aebs_ingress: frame accepted and published sequence=22938
09-01 15:11:54.324  3381  3397 I AebsFrameSubscriber: onMessagesAvailable callback
09-01 15:11:54.325  3381  3397 I AebsFrameSubscriber: readNextMessages count=1
09-01 15:11:54.325  3381  3397 I MainActivity: onGatewayFrame: frame seq=22938 egoSpeed=6.5623803 pts=0 intervention=false warning=false braking=false lifecycle=armed range=null bearing=null rss=null
09-01 15:11:54.424  3426  3426 I de4sdv_aebs_ingress: frame accepted and published sequence=22939
09-01 15:11:54.425  3381  3397 I AebsFrameSubscriber: onMessagesAvailable callback
09-01 15:11:54.425  3381  3397 I AebsFrameSubscriber: readNextMessages count=1
09-01 15:11:54.425  3381  3397 I MainActivity: onGatewayFrame: frame seq=22939 egoSpeed=6.5623803 pts=0 intervention=false warning=false braking=false lifecycle=armed range=null bearing=null rss=null
09-01 15:11:54.524  3426  3426 I de4sdv_aebs_ingress: frame accepted and published sequence=22940
09-01 15:11:54.524  3381  3397 I AebsFrameSubscriber: onMessagesAvailable callback
09-01 15:11:54.525  3381  3397 I AebsFrameSubscriber: readNextMessages count=1
09-01 15:11:54.525  3381  3397 I MainActivity: onGatewayFrame: frame seq=22940 egoSpeed=6.5623803 pts=0 intervention=false warning=false braking=false lifecycle=armed range=null bearing=null rss=null
09-01 15:11:54.624  3426  3426 I de4sdv_aebs_ingress: frame accepted and published sequence=22941
09-01 15:11:54.625  3381  3397 I AebsFrameSubscriber: onMessagesAvailable callback
09-01 15:11:54.625  3381  3397 I AebsFrameSubscriber: readNextMessages count=1
09-01 15:11:54.625  3381  3397 I MainActivity: onGatewayFrame: frame seq=22941 egoSpeed=6.5623803 pts=0 intervention=false warning=false braking=false lifecycle=armed range=null bearing=null rss=null
09-01 15:11:54.724  3426  3426 I de4sdv_aebs_ingress: frame accepted and published sequence=22942
09-01 15:11:54.725  3381  3397 I AebsFrameSubscriber: onMessagesAvailable callback
09-01 15:11:54.725  3381  3397 I AebsFrameSubscriber: readNextMessages count=1
09-01 15:11:54.725  3381  3397 I MainActivity: onGatewayFrame: frame seq=22942 egoSpeed=6.5623803 pts=0 intervention=false warning=false braking=false lifecycle=armed range=null bearing=null rss=null
09-01 15:11:54.729   876  1883 E VhalProxy: Publisher with id: 290459441 does not exist in vhal proxy
09-01 15:11:54.728   876   876 D EmulatedVehicleHardware: Set value for property ID: 290459441
09-01 15:11:54.824  3426  3426 I de4sdv_aebs_ingress: frame accepted and published sequence=22943
09-01 15:11:54.824  3381  3397 I AebsFrameSubscriber: onMessagesAvailable callback
09-01 15:11:54.825  3381  3397 I AebsFrameSubscriber: readNextMessages count=1
09-01 15:11:54.825  3381  3397 I MainActivity: onGatewayFrame: frame seq=22943 egoSpeed=6.5623803 pts=0 intervention=false warning=false braking=false lifecycle=armed range=null bearing=null rss=null
09-01 15:11:54.866  1486  2006 D AidlBufferPoolAcc: evictor expired: 3, evicted: 0
09-01 15:11:54.866  1017  1541 D AidlBufferPoolAcc: evictor expired: 4, evicted: 0
09-01 15:11:54.924  3426  3426 I de4sdv_aebs_ingress: frame accepted and published sequence=22944
09-01 15:11:54.924  3381  3397 I AebsFrameSubscriber: onMessagesAvailable callback
09-01 15:11:54.924  3381  3397 I AebsFrameSubscriber: readNextMessages count=1
09-01 15:11:54.925  3381  3397 I MainActivity: onGatewayFrame: frame seq=22944 egoSpeed=6.5623803 pts=0 intervention=false warning=false braking=false lifecycle=armed range=null bearing=null rss=null
09-01 15:11:54.958  1766  1789 D SdvServiceManagerServer: main::mesh::manager: Watcher task instance3 woken up by: Timeout
09-01 15:11:54.958  1766  1789 D SdvServiceManagerServer: main::mesh::custom_verifier: Created ExternalVerifier with address 0x7c6bc800bd30
09-01 15:11:54.958  1766  1789 I SdvServiceManagerServer: main::mesh::async_client: Connecting to instance3 at 192.168.99.5:2000 using secure TLS channel with DICE authentication
09-01 15:11:54.960  1766  1789 D SdvServiceManagerServer: main::mesh::manager: Watcher task instance2 woken up by: Timeout
09-01 15:11:54.960  1766  1789 D SdvServiceManagerServer: main::mesh::custom_verifier: Created ExternalVerifier with address 0x7c6bc800b2b0
09-01 15:11:54.960  1766  1789 I SdvServiceManagerServer: main::mesh::async_client: Connecting to instance2 at 192.168.99.4:2000 using secure TLS channel with DICE authentication
09-01 15:11:55.024  3426  3426 I de4sdv_aebs_ingress: frame accepted and published sequence=22945
09-01 15:11:55.024  3381  3397 I AebsFrameSubscriber: onMessagesAvailable callback
09-01 15:11:55.024  3381  3397 I AebsFrameSubscriber: readNextMessages count=1
09-01 15:11:55.025  3381  3397 I MainActivity: onGatewayFrame: frame seq=22945 egoSpeed=6.5623803 pts=0 intervention=false warning=false braking=false lifecycle=armed range=null bearing=null rss=null
09-01 15:11:55.071   905  3547 D AidlBufferPool: bufferpool2 0x7a9b46a0b798 : 1(972000 size) total buffers - 1(972000 size) used buffers - 79/80 (recycle/alloc) - 1/80 (fetch/transfer)
09-01 15:11:55.124  3426  3426 I de4sdv_aebs_ingress: frame accepted and published sequence=22946
09-01 15:11:55.124  3381  3397 I AebsFrameSubscriber: onMessagesAvailable callback
09-01 15:11:55.125  3381  3397 I AebsFrameSubscriber: readNextMessages count=1
09-01 15:11:55.125  3381  3397 I MainActivity: onGatewayFrame: frame seq=22946 egoSpeed=6.5623803 pts=0 intervention=false warning=false braking=false lifecycle=armed range=null bearing=null rss=null
09-01 15:11:55.224  3426  3426 I de4sdv_aebs_ingress: frame accepted and published sequence=22947
09-01 15:11:55.224  3381  3397 I AebsFrameSubscriber: onMessagesAvailable callback
09-01 15:11:55.225  3381  3397 I AebsFrameSubscriber: readNextMessages count=1
09-01 15:11:55.225  3381  3397 I MainActivity: onGatewayFrame: frame seq=22947 egoSpeed=6.5623803 pts=0 intervention=false warning=false braking=false lifecycle=armed range=null bearing=null rss=null
09-01 15:11:55.324  3426  3426 I de4sdv_aebs_ingress: frame accepted and published sequence=22948
09-01 15:11:55.325  3381  3397 I AebsFrameSubscriber: onMessagesAvailable callback
09-01 15:11:55.325  3381  3397 I AebsFrameSubscriber: readNextMessages count=1
09-01 15:11:55.325  3381  3397 I MainActivity: onGatewayFrame: frame seq=22948 egoSpeed=6.5623803 pts=0 intervention=false warning=false braking=false lifecycle=armed range=null bearing=null rss=null
09-01 15:11:55.424  3426  3426 I de4sdv_aebs_ingress: frame accepted and published sequence=22949
09-01 15:11:55.425  3381  3397 I AebsFrameSubscriber: onMessagesAvailable callback
09-01 15:11:55.425  3381  3397 I AebsFrameSubscriber: readNextMessages count=1
09-01 15:11:55.425  3381  3397 I MainActivity: onGatewayFrame: frame seq=22949 egoSpeed=6.5623803 pts=0 intervention=false warning=false braking=false lifecycle=armed range=null bearing=null rss=null
09-01 15:11:55.524  3426  3426 I de4sdv_aebs_ingress: frame accepted and published sequence=22950
09-01 15:11:55.525  3381  3397 I AebsFrameSubscriber: onMessagesAvailable callback
09-01 15:11:55.525  3381  3397 I AebsFrameSubscriber: readNextMessages count=1
09-01 15:11:55.525  3381  3397 I MainActivity: onGatewayFrame: frame seq=22950 egoSpeed=6.5623803 pts=0 intervention=false warning=false braking=false lifecycle=armed range=null bearing=null rss=null
09-01 15:11:55.624  3426  3426 I de4sdv_aebs_ingress: frame accepted and published sequence=22951
09-01 15:11:55.624  3381  3397 I AebsFrameSubscriber: onMessagesAvailable callback
09-01 15:11:55.624  3381  3397 I AebsFrameSubscriber: readNextMessages count=1
09-01 15:11:55.625  3381  3397 I MainActivity: onGatewayFrame: frame seq=22951 egoSpeed=6.5623803 pts=0 intervention=false warning=false braking=false lifecycle=armed range=null bearing=null rss=null
09-01 15:11:55.724  3426  3426 I de4sdv_aebs_ingress: frame accepted and published sequence=22952
09-01 15:11:55.724  3381  3397 I AebsFrameSubscriber: onMessagesAvailable callback
09-01 15:11:55.725  3381  3397 I AebsFrameSubscriber: readNextMessages count=1
09-01 15:11:55.725  3381  3397 I MainActivity: onGatewayFrame: frame seq=22952 egoSpeed=6.5623803 pts=0 intervention=false warning=false braking=false lifecycle=armed range=null bearing=null rss=null
09-01 15:11:55.824  3426  3426 I de4sdv_aebs_ingress: frame accepted and published sequence=22953
09-01 15:11:55.824  3381  3397 I AebsFrameSubscriber: onMessagesAvailable callback
09-01 15:11:55.825  3381  3397 I AebsFrameSubscriber: readNextMessages count=1
09-01 15:11:55.825  3381  3397 I MainActivity: onGatewayFrame: frame seq=22953 egoSpeed=6.5623803 pts=0 intervention=false warning=false braking=false lifecycle=armed range=null bearing=null rss=null
09-01 15:11:55.867  1017  1541 D AidlBufferPoolAcc: evictor expired: 2, evicted: 0
09-01 15:11:55.924  3426  3426 I de4sdv_aebs_ingress: frame accepted and published sequence=22954
09-01 15:11:55.925  3381  3397 I AebsFrameSubscriber: onMessagesAvailable callback
09-01 15:11:55.925  3381  3397 I AebsFrameSubscriber: readNextMessages count=1
09-01 15:11:55.925  3381  3397 I MainActivity: onGatewayFrame: frame seq=22954 egoSpeed=6.5623803 pts=0 intervention=false warning=false braking=false lifecycle=armed range=null bearing=null rss=null
09-01 15:11:55.961  1766  1790 W SdvServiceManagerServer: main::mesh::manager: Attempt to reconnect to instance3 failed: Unable to connect to mesh. Channel state: GRPC_CHANNEL_CONNECTING
09-01 15:11:55.964  1766  1827 D SdvServiceManagerServer: main::mesh::custom_verifier: Dropping ExternalVerifier with address 0x7c6bc800bd30
09-01 15:11:55.964  1766  1789 W SdvServiceManagerServer: main::mesh::manager: Attempt to reconnect to instance2 failed: Unable to connect to mesh. Channel state: GRPC_CHANNEL_CONNECTING
09-01 15:11:55.964  1766  1818 D SdvServiceManagerServer: main::mesh::custom_verifier: Dropping ExternalVerifier with address 0x7c6bc800b2b0
09-01 15:11:56.024  3426  3426 I de4sdv_aebs_ingress: frame accepted and published sequence=22955
09-01 15:11:56.024  3381  3397 I AebsFrameSubscriber: onMessagesAvailable callback
09-01 15:11:56.025  3381  3397 I AebsFrameSubscriber: readNextMessages count=1
09-01 15:11:56.025  3381  3397 I MainActivity: onGatewayFrame: frame seq=22955 egoSpeed=6.5623803 pts=0 intervention=false warning=false braking=false lifecycle=armed range=null bearing=null rss=null
09-01 15:11:56.124  3426  3426 I de4sdv_aebs_ingress: frame accepted and published sequence=22956
09-01 15:11:56.125  3381  3397 I AebsFrameSubscriber: onMessagesAvailable callback
09-01 15:11:56.125  3381  3397 I AebsFrameSubscriber: readNextMessages count=1
09-01 15:11:56.125  3381  3397 I MainActivity: onGatewayFrame: frame seq=22956 egoSpeed=6.5623803 pts=0 intervention=false warning=false braking=false lifecycle=armed range=null bearing=null rss=null
09-01 15:11:56.224  3426  3426 I de4sdv_aebs_ingress: frame accepted and published sequence=22957
09-01 15:11:56.224  3381  3397 I AebsFrameSubscriber: onMessagesAvailable callback
09-01 15:11:56.225  3381  3397 I AebsFrameSubscriber: readNextMessages count=1
09-01 15:11:56.225  3381  3397 I MainActivity: onGatewayFrame: frame seq=22957 egoSpeed=6.5623803 pts=0 intervention=false warning=false braking=false lifecycle=armed range=null bearing=null rss=null
09-01 15:11:56.324  3426  3426 I de4sdv_aebs_ingress: frame accepted and published sequence=22958
09-01 15:11:56.325  3381  3397 I AebsFrameSubscriber: onMessagesAvailable callback
09-01 15:11:56.325  3381  3397 I AebsFrameSubscriber: readNextMessages count=1
09-01 15:11:56.325  3381  3397 I MainActivity: onGatewayFrame: frame seq=22958 egoSpeed=6.5623803 pts=0 intervention=false warning=false braking=false lifecycle=armed range=null bearing=null rss=null
09-01 15:11:56.424  3426  3426 I de4sdv_aebs_ingress: frame accepted and published sequence=22959
09-01 15:11:56.424  3381  3397 I AebsFrameSubscriber: onMessagesAvailable callback
09-01 15:11:56.424  3381  3397 I AebsFrameSubscriber: readNextMessages count=1
09-01 15:11:56.425  3381  3397 I MainActivity: onGatewayFrame: frame seq=22959 egoSpeed=6.5623803 pts=0 intervention=false warning=false braking=false lifecycle=armed range=null bearing=null rss=null
09-01 15:11:56.524  3426  3426 I de4sdv_aebs_ingress: frame accepted and published sequence=22960
09-01 15:11:56.525  3381  3397 I AebsFrameSubscriber: onMessagesAvailable callback
09-01 15:11:56.525  3381  3397 I AebsFrameSubscriber: readNextMessages count=1
09-01 15:11:56.525  3381  3397 I MainActivity: onGatewayFrame: frame seq=22960 egoSpeed=6.5623803 pts=0 intervention=false warning=false braking=false lifecycle=armed range=null bearing=null rss=null
09-01 15:11:56.624  3426  3426 I de4sdv_aebs_ingress: frame accepted and published sequence=22961
09-01 15:11:56.624  3381  3397 I AebsFrameSubscriber: onMessagesAvailable callback
09-01 15:11:56.625  3381  3397 I AebsFrameSubscriber: readNextMessages count=1
09-01 15:11:56.625  3381  3397 I MainActivity: onGatewayFrame: frame seq=22961 egoSpeed=6.5623803 pts=0 intervention=false warning=false braking=false lifecycle=armed range=null bearing=null rss=null
09-01 15:11:56.724  3426  3426 I de4sdv_aebs_ingress: frame accepted and published sequence=22962
09-01 15:11:56.724  3381  3397 I AebsFrameSubscriber: onMessagesAvailable callback
09-01 15:11:56.725  3381  3397 I AebsFrameSubscriber: readNextMessages count=1
09-01 15:11:56.725  3381  3397 I MainActivity: onGatewayFrame: frame seq=22962 egoSpeed=6.5623803 pts=0 intervention=false warning=false braking=false lifecycle=armed range=null bearing=null rss=null
09-01 15:11:56.824  3426  3426 I de4sdv_aebs_ingress: frame accepted and published sequence=22963
09-01 15:11:56.825  3381  3397 I AebsFrameSubscriber: onMessagesAvailable callback
09-01 15:11:56.825  3381  3397 I AebsFrameSubscriber: readNextMessages count=1
09-01 15:11:56.825  3381  3397 I MainActivity: onGatewayFrame: frame seq=22963 egoSpeed=6.5623803 pts=0 intervention=false warning=false braking=false lifecycle=armed range=null bearing=null rss=null
09-01 15:11:56.924  3426  3426 I de4sdv_aebs_ingress: frame accepted and published sequence=22964
09-01 15:11:56.924  3381  3397 I AebsFrameSubscriber: onMessagesAvailable callback
09-01 15:11:56.924  3381  3397 I AebsFrameSubscriber: readNextMessages count=1
09-01 15:11:56.924  3381  3397 I MainActivity: onGatewayFrame: frame seq=22964 egoSpeed=6.5623803 pts=0 intervention=false warning=false braking=false lifecycle=armed range=null bearing=null rss=null
09-01 15:11:56.968  1017  1489 I WifiService: getConnectionInfo uid=1010110
09-01 15:11:57.025  3426  3426 I de4sdv_aebs_ingress: frame accepted and published sequence=22965
09-01 15:11:57.025  3381  3397 I AebsFrameSubscriber: onMessagesAvailable callback
09-01 15:11:57.026  3381  3397 I AebsFrameSubscriber: readNextMessages count=1
09-01 15:11:57.026  3381  3397 I MainActivity: onGatewayFrame: frame seq=22965 egoSpeed=6.5623803 pts=0 intervention=false warning=false braking=false lifecycle=armed range=null bearing=null rss=null
09-01 15:11:57.124  3426  3426 I de4sdv_aebs_ingress: frame accepted and published sequence=22966
09-01 15:11:57.124  3381  3397 I AebsFrameSubscriber: onMessagesAvailable callback
09-01 15:11:57.124  3381  3397 I AebsFrameSubscriber: readNextMessages count=1
09-01 15:11:57.124  3381  3397 I MainActivity: onGatewayFrame: frame seq=22966 egoSpeed=6.5623803 pts=0 intervention=false warning=false braking=false lifecycle=armed range=null bearing=null rss=null
09-01 15:11:57.224  3426  3426 I de4sdv_aebs_ingress: frame accepted and published sequence=22967
09-01 15:11:57.224  3381  3397 I AebsFrameSubscriber: onMessagesAvailable callback
09-01 15:11:57.224  3381  3397 I AebsFrameSubscriber: readNextMessages count=1
09-01 15:11:57.224  3381  3397 I MainActivity: onGatewayFrame: frame seq=22967 egoSpeed=6.5623803 pts=0 intervention=false warning=false braking=false lifecycle=armed range=null bearing=null rss=null
09-01 15:11:57.324  3426  3426 I de4sdv_aebs_ingress: frame accepted and published sequence=22968
09-01 15:11:57.324  3381  3397 I AebsFrameSubscriber: onMessagesAvailable callback
09-01 15:11:57.324  3381  3397 I AebsFrameSubscriber: readNextMessages count=1
09-01 15:11:57.324  3381  3397 I MainActivity: onGatewayFrame: frame seq=22968 egoSpeed=6.5623803 pts=0 intervention=false warning=false braking=false lifecycle=armed range=null bearing=null rss=null
09-01 15:11:57.421  3347  3347 I adbd    : adbd service requested 'shell,raw:cut -d. -f1 /proc/uptime'
09-01 15:11:57.424  3426  3426 I de4sdv_aebs_ingress: frame accepted and published sequence=22969
09-01 15:11:57.425  3381  3397 I AebsFrameSubscriber: onMessagesAvailable callback
09-01 15:11:57.425  3381  3397 I AebsFrameSubscriber: readNextMessages count=1
09-01 15:11:57.425  3381  3397 I MainActivity: onGatewayFrame: frame seq=22969 egoSpeed=6.5623803 pts=0 intervention=false warning=false braking=false lifecycle=armed range=null bearing=null rss=null
09-01 15:11:57.524  3426  3426 I de4sdv_aebs_ingress: frame accepted and published sequence=22970
09-01 15:11:57.524  3381  3397 I AebsFrameSubscriber: onMessagesAvailable callback
09-01 15:11:57.525  3381  3397 I AebsFrameSubscriber: readNextMessages count=1
09-01 15:11:57.525  3381  3397 I MainActivity: onGatewayFrame: frame seq=22970 egoSpeed=6.5623803 pts=0 intervention=false warning=false braking=false lifecycle=armed range=null bearing=null rss=null
09-01 15:11:57.623  3426  3426 I de4sdv_aebs_ingress: frame accepted and published sequence=22971
09-01 15:11:57.624  3381  3397 I AebsFrameSubscriber: onMessagesAvailable callback
09-01 15:11:57.625  3381  3397 I AebsFrameSubscriber: readNextMessages count=1
09-01 15:11:57.625  3381  3397 I MainActivity: onGatewayFrame: frame seq=22971 egoSpeed=6.5623803 pts=0 intervention=false warning=false braking=false lifecycle=armed range=null bearing=null rss=null
09-01 15:11:57.723  3426  3426 I de4sdv_aebs_ingress: frame accepted and published sequence=22972
09-01 15:11:57.724  3381  3397 I AebsFrameSubscriber: onMessagesAvailable callback
09-01 15:11:57.724  3381  3397 I AebsFrameSubscriber: readNextMessages count=1
09-01 15:11:57.724  3381  3397 I MainActivity: onGatewayFrame: frame seq=22972 egoSpeed=6.5623803 pts=0 intervention=false warning=false braking=false lifecycle=armed range=null bearing=null rss=null
09-01 15:11:57.733   876   876 D EmulatedVehicleHardware: Set value for property ID: 290459441
09-01 15:11:57.733   876  1883 E VhalProxy: Publisher with id: 290459441 does not exist in vhal proxy
09-01 15:11:57.824  3426  3426 I de4sdv_aebs_ingress: frame accepted and published sequence=22973
09-01 15:11:57.824  3381  3397 I AebsFrameSubscriber: onMessagesAvailable callback
09-01 15:11:57.825  3381  3397 I AebsFrameSubscriber: readNextMessages count=1
09-01 15:11:57.825  3381  3397 I MainActivity: onGatewayFrame: frame seq=22973 egoSpeed=6.5623803 pts=0 intervention=false warning=false braking=false lifecycle=armed range=null bearing=null rss=null
09-01 15:11:57.924  3426  3426 I de4sdv_aebs_ingress: frame accepted and published sequence=22974
09-01 15:11:57.924  3381  3397 I AebsFrameSubscriber: onMessagesAvailable callback
09-01 15:11:57.925  3381  3397 I AebsFrameSubscriber: readNextMessages count=1
09-01 15:11:57.925  3381  3397 I MainActivity: onGatewayFrame: frame seq=22974 egoSpeed=6.5623803 pts=0 intervention=false warning=false braking=false lifecycle=armed range=null bearing=null rss=null
09-01 15:11:58.023  3426  3426 I de4sdv_aebs_ingress: frame accepted and published sequence=22975
09-01 15:11:58.024  3381  3397 I AebsFrameSubscriber: onMessagesAvailable callback
09-01 15:11:58.024  3381  3397 I AebsFrameSubscriber: readNextMessages count=1
09-01 15:11:58.024  3381  3397 I MainActivity: onGatewayFrame: frame seq=22975 egoSpeed=6.5623803 pts=0 intervention=false warning=false braking=false lifecycle=armed range=null bearing=null rss=null
09-01 15:11:58.124  3426  3426 I de4sdv_aebs_ingress: frame accepted and published sequence=22976
09-01 15:11:58.124  3381  3397 I AebsFrameSubscriber: onMessagesAvailable callback
09-01 15:11:58.124  3381  3397 I AebsFrameSubscriber: readNextMessages count=1
09-01 15:11:58.124  3381  3397 I MainActivity: onGatewayFrame: frame seq=22976 egoSpeed=6.5623803 pts=0 intervention=false warning=false braking=false lifecycle=armed range=null bearing=null rss=null
09-01 15:11:58.223  3426  3426 I de4sdv_aebs_ingress: frame accepted and published sequence=22977
09-01 15:11:58.224  3381  3397 I AebsFrameSubscriber: onMessagesAvailable callback
09-01 15:11:58.224  3381  3397 I AebsFrameSubscriber: readNextMessages count=1
09-01 15:11:58.224  3381  3397 I MainActivity: onGatewayFrame: frame seq=22977 egoSpeed=6.5623803 pts=0 intervention=false warning=false braking=false lifecycle=armed range=null bearing=null rss=null
09-01 15:11:58.324  3426  3426 I de4sdv_aebs_ingress: frame accepted and published sequence=22978
09-01 15:11:58.324  3381  3397 I AebsFrameSubscriber: onMessagesAvailable callback
09-01 15:11:58.324  3381  3397 I AebsFrameSubscriber: readNextMessages count=1
09-01 15:11:58.324  3381  3397 I MainActivity: onGatewayFrame: frame seq=22978 egoSpeed=6.5623803 pts=0 intervention=false warning=false braking=false lifecycle=armed range=null bearing=null rss=null
09-01 15:11:58.424  3426  3426 I de4sdv_aebs_ingress: frame accepted and published sequence=22979
09-01 15:11:58.424  3381  3397 I AebsFrameSubscriber: onMessagesAvailable callback
09-01 15:11:58.424  3381  3397 I AebsFrameSubscriber: readNextMessages count=1
09-01 15:11:58.425  3381  3397 I MainActivity: onGatewayFrame: frame seq=22979 egoSpeed=6.5623803 pts=0 intervention=false warning=false braking=false lifecycle=armed range=null bearing=null rss=null
09-01 15:11:58.524  3426  3426 I de4sdv_aebs_ingress: frame accepted and published sequence=22980
09-01 15:11:58.524  3381  3397 I AebsFrameSubscriber: onMessagesAvailable callback
09-01 15:11:58.525  3381  3397 I AebsFrameSubscriber: readNextMessages count=1
09-01 15:11:58.525  3381  3397 I MainActivity: onGatewayFrame: frame seq=22980 egoSpeed=6.5623803 pts=0 intervention=false warning=false braking=false lifecycle=armed range=null bearing=null rss=null
09-01 15:11:58.623  3426  3426 I de4sdv_aebs_ingress: frame accepted and published sequence=22981
09-01 15:11:58.624  3381  3397 I AebsFrameSubscriber: onMessagesAvailable callback
09-01 15:11:58.624  3381  3397 I AebsFrameSubscriber: readNextMessages count=1
09-01 15:11:58.624  3381  3397 I MainActivity: onGatewayFrame: frame seq=22981 egoSpeed=6.5623803 pts=0 intervention=false warning=false braking=false lifecycle=armed range=null bearing=null rss=null
09-01 15:11:58.724  3426  3426 I de4sdv_aebs_ingress: frame accepted and published sequence=22982
09-01 15:11:58.724  3381  3397 I AebsFrameSubscriber: onMessagesAvailable callback
09-01 15:11:58.725  3381  3397 I AebsFrameSubscriber: readNextMessages count=1
09-01 15:11:58.725  3381  3397 I MainActivity: onGatewayFrame: frame seq=22982 egoSpeed=6.5623803 pts=0 intervention=false warning=false braking=false lifecycle=armed range=null bearing=null rss=null
09-01 15:11:58.823  3426  3426 I de4sdv_aebs_ingress: frame accepted and published sequence=22983
09-01 15:11:58.824  3381  3397 I AebsFrameSubscriber: onMessagesAvailable callback
09-01 15:11:58.824  3381  3397 I AebsFrameSubscriber: readNextMessages count=1
09-01 15:11:58.824  3381  3397 I MainActivity: onGatewayFrame: frame seq=22983 egoSpeed=6.5623803 pts=0 intervention=false warning=false braking=false lifecycle=armed range=null bearing=null rss=null
09-01 15:11:58.923  3426  3426 I de4sdv_aebs_ingress: frame accepted and published sequence=22984
09-01 15:11:58.924  3381  3397 I AebsFrameSubscriber: onMessagesAvailable callback
09-01 15:11:58.924  3381  3397 I AebsFrameSubscriber: readNextMessages count=1
09-01 15:11:58.924  3381  3397 I MainActivity: onGatewayFrame: frame seq=22984 egoSpeed=6.5623803 pts=0 intervention=false warning=false braking=false lifecycle=armed range=null bearing=null rss=null
09-01 15:11:59.023  3426  3426 I de4sdv_aebs_ingress: frame accepted and published sequence=22985
09-01 15:11:59.024  3381  3397 I AebsFrameSubscriber: onMessagesAvailable callback
09-01 15:11:59.024  3381  3397 I AebsFrameSubscriber: readNextMessages count=1
09-01 15:11:59.024  3381  3397 I MainActivity: onGatewayFrame: frame seq=22985 egoSpeed=6.5623803 pts=0 intervention=false warning=false braking=false lifecycle=armed range=null bearing=null rss=null
09-01 15:11:59.124  3426  3426 I de4sdv_aebs_ingress: frame accepted and published sequence=22986
09-01 15:11:59.124  3381  3397 I AebsFrameSubscriber: onMessagesAvailable callback
09-01 15:11:59.125  3381  3397 I AebsFrameSubscriber: readNextMessages count=1
09-01 15:11:59.125  3381  3397 I MainActivity: onGatewayFrame: frame seq=22986 egoSpeed=6.5623803 pts=0 intervention=false warning=false braking=false lifecycle=armed range=null bearing=null rss=null
09-01 15:11:59.223  3426  3426 I de4sdv_aebs_ingress: frame accepted and published sequence=22987
09-01 15:11:59.224  3381  3397 I AebsFrameSubscriber: onMessagesAvailable callback
09-01 15:11:59.224  3381  3397 I AebsFrameSubscriber: readNextMessages count=1
09-01 15:11:59.224  3381  3397 I MainActivity: onGatewayFrame: frame seq=22987 egoSpeed=6.5623803 pts=0 intervention=false warning=false braking=false lifecycle=armed range=null bearing=null rss=null
09-01 15:11:59.323  3426  3426 I de4sdv_aebs_ingress: frame accepted and published sequence=22988
09-01 15:11:59.324  3381  3397 I AebsFrameSubscriber: onMessagesAvailable callback
09-01 15:11:59.324  3381  3397 I AebsFrameSubscriber: readNextMessages count=1
09-01 15:11:59.324  3381  3397 I MainActivity: onGatewayFrame: frame seq=22988 egoSpeed=6.5623803 pts=0 intervention=false warning=false braking=false lifecycle=armed range=null bearing=null rss=null
09-01 15:11:59.424  3426  3426 I de4sdv_aebs_ingress: frame accepted and published sequence=22989
09-01 15:11:59.424  3381  3397 I AebsFrameSubscriber: onMessagesAvailable callback
09-01 15:11:59.424  3381  3397 I AebsFrameSubscriber: readNextMessages count=1
09-01 15:11:59.424  3381  3397 I MainActivity: onGatewayFrame: frame seq=22989 egoSpeed=6.5623803 pts=0 intervention=false warning=false braking=false lifecycle=armed range=null bearing=null rss=null
09-01 15:11:59.524  3426  3426 I de4sdv_aebs_ingress: frame accepted and published sequence=22990
09-01 15:11:59.524  3381  3397 I AebsFrameSubscriber: onMessagesAvailable callback
09-01 15:11:59.525  3381  3397 I AebsFrameSubscriber: readNextMessages count=1
09-01 15:11:59.525  3381  3397 I MainActivity: onGatewayFrame: frame seq=22990 egoSpeed=6.5623803 pts=0 intervention=false warning=false braking=false lifecycle=armed range=null bearing=null rss=null
09-01 15:11:59.623  3426  3426 I de4sdv_aebs_ingress: frame accepted and published sequence=22991
09-01 15:11:59.624  3381  3397 I AebsFrameSubscriber: onMessagesAvailable callback
09-01 15:11:59.625  3381  3397 I AebsFrameSubscriber: readNextMessages count=1
09-01 15:11:59.625  3381  3397 I MainActivity: onGatewayFrame: frame seq=22991 egoSpeed=6.5623803 pts=24 intervention=false warning=false braking=false lifecycle=armed range=25.007639 bearing=0.0 rss=0.0
09-01 15:11:59.724  3426  3426 I de4sdv_aebs_ingress: frame accepted and published sequence=22992
09-01 15:11:59.724  3381  3397 I AebsFrameSubscriber: onMessagesAvailable callback
09-01 15:11:59.724  3381  3397 I AebsFrameSubscriber: readNextMessages count=1
09-01 15:11:59.724  3381  3397 I MainActivity: onGatewayFrame: frame seq=22992 egoSpeed=6.5623803 pts=24 intervention=false warning=false braking=false lifecycle=armed range=23.79134 bearing=0.0 rss=13.701234
09-01 15:11:59.828  3426  3426 I de4sdv_aebs_ingress: frame accepted and published sequence=22993
09-01 15:11:59.829  3381  3397 I AebsFrameSubscriber: onMessagesAvailable callback
09-01 15:11:59.829  3381  3397 I AebsFrameSubscriber: readNextMessages count=1
09-01 15:11:59.830  3381  3397 I MainActivity: onGatewayFrame: frame seq=22993 egoSpeed=6.5623803 pts=24 intervention=false warning=false braking=false lifecycle=armed range=23.900854 bearing=0.0 rss=0.0
09-01 15:11:59.923  3426  3426 I de4sdv_aebs_ingress: frame accepted and published sequence=22994
09-01 15:11:59.924  3381  3397 I AebsFrameSubscriber: onMessagesAvailable callback
09-01 15:11:59.924  3381  3397 I AebsFrameSubscriber: readNextMessages count=1
09-01 15:11:59.924  3381  3397 I MainActivity: onGatewayFrame: frame seq=22994 egoSpeed=6.5623803 pts=24 intervention=false warning=true braking=false lifecycle=armed range=22.67614 bearing=0.0 rss=13.701234
09-01 15:12:00.030  3426  3426 I de4sdv_aebs_ingress: frame accepted and published sequence=22995
09-01 15:12:00.031  3381  3397 I AebsFrameSubscriber: onMessagesAvailable callback
09-01 15:12:00.031  3381  3397 I AebsFrameSubscriber: readNextMessages count=1
09-01 15:12:00.031  3381  3397 I MainActivity: onGatewayFrame: frame seq=22995 egoSpeed=6.5623803 pts=24 intervention=false warning=true braking=false lifecycle=armed range=22.774565 bearing=0.0 rss=0.0
09-01 15:12:00.124  3426  3426 I de4sdv_aebs_ingress: frame accepted and published sequence=22996
09-01 15:12:00.124  3381  3397 I AebsFrameSubscriber: onMessagesAvailable callback
09-01 15:12:00.124  3381  3397 I AebsFrameSubscriber: readNextMessages count=1
09-01 15:12:00.124  3381  3397 I MainActivity: onGatewayFrame: frame seq=22996 egoSpeed=6.5623803 pts=24 intervention=false warning=true braking=false lifecycle=armed range=21.568048 bearing=0.0 rss=13.739251
09-01 15:12:00.223  3426  3426 I de4sdv_aebs_ingress: frame accepted and published sequence=22997
09-01 15:12:00.224  3381  3397 I AebsFrameSubscriber: onMessagesAvailable callback
09-01 15:12:00.224  3381  3397 I AebsFrameSubscriber: readNextMessages count=1
09-01 15:12:00.225  3381  3397 I MainActivity: onGatewayFrame: frame seq=22997 egoSpeed=6.5623803 pts=24 intervention=false warning=true braking=false lifecycle=armed range=21.655497 bearing=0.0 rss=0.0
09-01 15:12:00.323  3426  3426 I de4sdv_aebs_ingress: frame accepted and published sequence=22998
09-01 15:12:00.324  3381  3397 I AebsFrameSubscriber: onMessagesAvailable callback
09-01 15:12:00.324  3381  3397 I AebsFrameSubscriber: readNextMessages count=1
09-01 15:12:00.324  3381  3397 I MainActivity: onGatewayFrame: frame seq=22998 egoSpeed=6.5623803 pts=24 intervention=false warning=true braking=false lifecycle=armed range=20.596575 bearing=0.0 rss=13.739251
09-01 15:12:00.424  3426  3426 I de4sdv_aebs_ingress: frame accepted and published sequence=22999
09-01 15:12:00.424  3381  3397 I AebsFrameSubscriber: onMessagesAvailable callback
09-01 15:12:00.424  3381  3397 I AebsFrameSubscriber: readNextMessages count=1
09-01 15:12:00.425  3381  3397 I MainActivity: onGatewayFrame: frame seq=22999 egoSpeed=6.5623803 pts=24 intervention=false warning=true braking=false lifecycle=armed range=20.693632 bearing=0.0 rss=0.0
09-01 15:12:00.527  3426  3426 I de4sdv_aebs_ingress: frame accepted and published sequence=23000
09-01 15:12:00.528  3381  3397 I AebsFrameSubscriber: onMessagesAvailable callback
09-01 15:12:00.528  3381  3397 I AebsFrameSubscriber: readNextMessages count=1
09-01 15:12:00.528  3381  3397 I MainActivity: onGatewayFrame: frame seq=23000 egoSpeed=6.5623803 pts=24 intervention=false warning=true braking=false lifecycle=armed range=19.331486 bearing=0.0 rss=13.829794
09-01 15:12:00.614   905  3547 D AidlBufferPool: bufferpool2 0x7a9b46a0b798 : 1(972000 size) total buffers - 1(972000 size) used buffers - 159/160 (recycle/alloc) - 1/159 (fetch/transfer)
09-01 15:12:00.630  3426  3426 I de4sdv_aebs_ingress: frame accepted and published sequence=23001
09-01 15:12:00.630  3381  3397 I AebsFrameSubscriber: onMessagesAvailable callback
09-01 15:12:00.631  3381  3397 I AebsFrameSubscriber: readNextMessages count=1
09-01 15:12:00.631  3381  3397 I MainActivity: onGatewayFrame: frame seq=23001 egoSpeed=6.5623803 pts=24 intervention=false warning=true braking=false lifecycle=armed range=19.431921 bearing=0.0 rss=0.0
09-01 15:12:00.724  3426  3426 I de4sdv_aebs_ingress: frame accepted and published sequence=23002
09-01 15:12:00.724  3381  3397 I AebsFrameSubscriber: onMessagesAvailable callback
09-01 15:12:00.725  3381  3397 I AebsFrameSubscriber: readNextMessages count=1
09-01 15:12:00.725  3381  3397 I MainActivity: onGatewayFrame: frame seq=23002 egoSpeed=6.5623803 pts=24 intervention=false warning=true braking=false lifecycle=armed range=18.222326 bearing=0.0 rss=13.13639
09-01 15:12:00.737   876   876 D EmulatedVehicleHardware: Set value for property ID: 290459441
09-01 15:12:00.737   876  1883 E VhalProxy: Publisher with id: 290459441 does not exist in vhal proxy
09-01 15:12:00.824  3426  3426 I de4sdv_aebs_ingress: frame accepted and published sequence=23003
09-01 15:12:00.824  3381  3397 I AebsFrameSubscriber: onMessagesAvailable callback
09-01 15:12:00.825  3381  3397 I AebsFrameSubscriber: readNextMessages count=1
09-01 15:12:00.825  3381  3397 I MainActivity: onGatewayFrame: frame seq=23003 egoSpeed=6.5623803 pts=24 intervention=false warning=true braking=false lifecycle=armed range=18.339361 bearing=0.0 rss=0.0
09-01 15:12:00.923  3426  3426 I de4sdv_aebs_ingress: frame accepted and published sequence=23004
09-01 15:12:00.924  3381  3397 I AebsFrameSubscriber: onMessagesAvailable callback
09-01 15:12:00.924  3381  3397 I AebsFrameSubscriber: readNextMessages count=1
09-01 15:12:00.924  3381  3397 I MainActivity: onGatewayFrame: frame seq=23004 egoSpeed=6.5623803 pts=24 intervention=false warning=true braking=false lifecycle=armed range=17.115345 bearing=0.0 rss=13.13639
09-01 15:12:01.024  3426  3426 I de4sdv_aebs_ingress: frame accepted and published sequence=23005
09-01 15:12:01.024  3381  3397 I AebsFrameSubscriber: onMessagesAvailable callback
09-01 15:12:01.024  3381  3397 I AebsFrameSubscriber: readNextMessages count=1
09-01 15:12:01.025  3381  3397 I MainActivity: onGatewayFrame: frame seq=23005 egoSpeed=6.5623803 pts=24 intervention=false warning=true braking=false lifecycle=armed range=17.206337 bearing=0.0 rss=0.0
09-01 15:12:01.123  3426  3426 I de4sdv_aebs_ingress: frame accepted and published sequence=23006
09-01 15:12:01.124  3381  3397 I AebsFrameSubscriber: onMessagesAvailable callback
09-01 15:12:01.124  3381  3397 I AebsFrameSubscriber: readNextMessages count=1
09-01 15:12:01.124  3381  3397 I MainActivity: onGatewayFrame: frame seq=23006 egoSpeed=6.5623803 pts=24 intervention=false warning=true braking=false lifecycle=armed range=16.148811 bearing=0.0 rss=11.750425
09-01 15:12:01.223  3426  3426 I de4sdv_aebs_ingress: frame accepted and published sequence=23007
09-01 15:12:01.224  3381  3397 I AebsFrameSubscriber: onMessagesAvailable callback
09-01 15:12:01.224  3381  3397 I AebsFrameSubscriber: readNextMessages count=1
09-01 15:12:01.224  3381  3397 I MainActivity: onGatewayFrame: frame seq=23007 egoSpeed=6.5623803 pts=24 intervention=false warning=true braking=false lifecycle=armed range=16.264389 bearing=0.0 rss=0.0
09-01 15:12:01.323  3426  3426 I de4sdv_aebs_ingress: frame accepted and published sequence=23008
09-01 15:12:01.324  3381  3397 I AebsFrameSubscriber: onMessagesAvailable callback
09-01 15:12:01.324  3381  3397 I AebsFrameSubscriber: readNextMessages count=1
09-01 15:12:01.324  3381  3397 I MainActivity: onGatewayFrame: frame seq=23008 egoSpeed=6.5623803 pts=24 intervention=false warning=true braking=false lifecycle=armed range=15.038867 bearing=0.0 rss=11.750425
09-01 15:12:01.428  3426  3426 I de4sdv_aebs_ingress: frame accepted and published sequence=23009
09-01 15:12:01.429  3381  3397 I AebsFrameSubscriber: onMessagesAvailable callback
09-01 15:12:01.429  3381  3397 I AebsFrameSubscriber: readNextMessages count=1
09-01 15:12:01.429  3381  3397 I MainActivity: onGatewayFrame: frame seq=23009 egoSpeed=6.5623803 pts=24 intervention=false warning=true braking=true lifecycle=braking_latched range=15.131165 bearing=0.0 rss=0.0
09-01 15:12:01.523  3426  3426 I de4sdv_aebs_ingress: frame accepted and published sequence=23010
09-01 15:12:01.524  3381  3397 I AebsFrameSubscriber: onMessagesAvailable callback
09-01 15:12:01.524  3381  3397 I AebsFrameSubscriber: readNextMessages count=1
09-01 15:12:01.524  3381  3397 I MainActivity: onGatewayFrame: frame seq=23010 egoSpeed=6.550502 pts=24 intervention=false warning=true braking=true lifecycle=braking_latched range=13.772059 bearing=0.0 rss=11.766105
09-01 15:12:01.629  3426  3426 I de4sdv_aebs_ingress: frame accepted and published sequence=23011
09-01 15:12:01.629  3381  3397 I AebsFrameSubscriber: onMessagesAvailable callback
09-01 15:12:01.629  3381  3397 I AebsFrameSubscriber: readNextMessages count=1
09-01 15:12:01.629  3381  3397 I MainActivity: onGatewayFrame: frame seq=23011 egoSpeed=6.5040193 pts=24 intervention=false warning=true braking=true lifecycle=braking_latched range=13.87406 bearing=0.0 rss=0.0
09-01 15:12:01.723  3426  3426 I de4sdv_aebs_ingress: frame accepted and published sequence=23012
09-01 15:12:01.724  3381  3397 I AebsFrameSubscriber: onMessagesAvailable callback
09-01 15:12:01.724  3381  3397 I AebsFrameSubscriber: readNextMessages count=1
09-01 15:12:01.725  3381  3397 I MainActivity: onGatewayFrame: frame seq=23012 egoSpeed=6.4133725 pts=24 intervention=false warning=true braking=true lifecycle=braking_latched range=12.66141 bearing=0.0 rss=11.332687
09-01 15:12:01.823  3426  3426 I de4sdv_aebs_ingress: frame accepted and published sequence=23013
09-01 15:12:01.824  3381  3397 I AebsFrameSubscriber: onMessagesAvailable callback
09-01 15:12:01.825  3381  3397 I AebsFrameSubscriber: readNextMessages count=1
09-01 15:12:01.825  3381  3397 I MainActivity: onGatewayFrame: frame seq=23013 egoSpeed=6.274792 pts=24 intervention=false warning=true braking=true lifecycle=braking_latched range=12.765347 bearing=0.0 rss=0.0
09-01 15:12:01.924  3426  3426 I de4sdv_aebs_ingress: frame accepted and published sequence=23014
09-01 15:12:01.924  3381  3397 I AebsFrameSubscriber: onMessagesAvailable callback
09-01 15:12:01.925  3381  3397 I AebsFrameSubscriber: readNextMessages count=1
09-01 15:12:01.925  3381  3397 I MainActivity: onGatewayFrame: frame seq=23014 egoSpeed=6.0886087 pts=24 intervention=false warning=true braking=true lifecycle=braking_latched range=11.58232 bearing=0.0 rss=10.4290905
09-01 15:12:01.971  1017  1032 I WifiService: getConnectionInfo uid=1010110
09-01 15:12:02.024  3426  3426 I de4sdv_aebs_ingress: frame accepted and published sequence=23015
09-01 15:12:02.024  3381  3397 I AebsFrameSubscriber: onMessagesAvailable callback
09-01 15:12:02.025  3381  3397 I AebsFrameSubscriber: readNextMessages count=1
09-01 15:12:02.025  3381  3397 I MainActivity: onGatewayFrame: frame seq=23015 egoSpeed=5.8536997 pts=24 intervention=false warning=true braking=true lifecycle=braking_latched range=11.679031 bearing=0.0 rss=0.0
09-01 15:12:02.124  3426  3426 I de4sdv_aebs_ingress: frame accepted and published sequence=23016
09-01 15:12:02.125  3381  3397 I AebsFrameSubscriber: onMessagesAvailable callback
09-01 15:12:02.125  3381  3397 I AebsFrameSubscriber: readNextMessages count=1
09-01 15:12:02.126  3381  3397 I MainActivity: onGatewayFrame: frame seq=23016 egoSpeed=5.5667295 pts=24 intervention=false warning=true braking=true lifecycle=braking_latched range=10.532966 bearing=0.0 rss=9.310408
09-01 15:12:02.223  3426  3426 I de4sdv_aebs_ingress: frame accepted and published sequence=23017
09-01 15:12:02.224  3381  3397 I AebsFrameSubscriber: onMessagesAvailable callback
09-01 15:12:02.224  3381  3397 I AebsFrameSubscriber: readNextMessages count=1
09-01 15:12:02.224  3381  3397 I MainActivity: onGatewayFrame: frame seq=23017 egoSpeed=5.230132 pts=24 intervention=false warning=true braking=true lifecycle=braking_latched range=10.645896 bearing=0.0 rss=0.0
09-01 15:12:02.323  3426  3426 I de4sdv_aebs_ingress: frame accepted and published sequence=23018
09-01 15:12:02.324  3381  3397 I AebsFrameSubscriber: onMessagesAvailable callback
09-01 15:12:02.325  3381  3397 I AebsFrameSubscriber: readNextMessages count=1
09-01 15:12:02.325  3381  3397 I MainActivity: onGatewayFrame: frame seq=23018 egoSpeed=4.8426595 pts=24 intervention=false warning=true braking=true lifecycle=braking_latched range=9.59466 bearing=0.0 rss=7.959368
09-01 15:12:02.425  3426  3426 I de4sdv_aebs_ingress: frame accepted and published sequence=23019
09-01 15:12:02.425  3381  3397 I AebsFrameSubscriber: onMessagesAvailable callback
09-01 15:12:02.426  3381  3397 I AebsFrameSubscriber: readNextMessages count=1
09-01 15:12:02.426  3381  3397 I MainActivity: onGatewayFrame: frame seq=23019 egoSpeed=4.405062 pts=24 intervention=false warning=true braking=true lifecycle=braking_latched range=9.690885 bearing=0.0 rss=0.0
09-01 15:12:02.465  3347  3347 I adbd    : adbd service requested 'shell,raw:cut -d. -f1 /proc/uptime'
09-01 15:12:02.523  3426  3426 I de4sdv_aebs_ingress: frame accepted and published sequence=23020
09-01 15:12:02.524  3381  3397 I AebsFrameSubscriber: onMessagesAvailable callback
09-01 15:12:02.524  3381  3397 I AebsFrameSubscriber: readNextMessages count=1
09-01 15:12:02.524  3381  3397 I MainActivity: onGatewayFrame: frame seq=23020 egoSpeed=3.9288785 pts=24 intervention=false warning=true braking=true lifecycle=braking_latched range=8.891574 bearing=0.0 rss=6.383446
09-01 15:12:02.625  3426  3426 I de4sdv_aebs_ingress: frame accepted and published sequence=23021
09-01 15:12:02.625  3381  3397 I AebsFrameSubscriber: onMessagesAvailable callback
09-01 15:12:02.626  3381  3397 I AebsFrameSubscriber: readNextMessages count=1
09-01 15:12:02.626  3381  3397 I MainActivity: onGatewayFrame: frame seq=23021 egoSpeed=3.438378 pts=24 intervention=false warning=true braking=true lifecycle=braking_latched range=9.00789 bearing=0.0 rss=5.804986
09-01 15:12:02.723  3426  3426 I de4sdv_aebs_ingress: frame accepted and published sequence=23022
09-01 15:12:02.724  3381  3397 I AebsFrameSubscriber: onMessagesAvailable callback
09-01 15:12:02.725  3381  3397 I AebsFrameSubscriber: readNextMessages count=1
09-01 15:12:02.725  3381  3397 I MainActivity: onGatewayFrame: frame seq=23022 egoSpeed=2.9417303 pts=24 intervention=false warning=true braking=true lifecycle=braking_latched range=8.150532 bearing=0.0 rss=4.780227
09-01 15:12:02.825  3426  3426 I de4sdv_aebs_ingress: frame accepted and published sequence=23023
09-01 15:12:02.826  3381  3397 I AebsFrameSubscriber: onMessagesAvailable callback
09-01 15:12:02.826  3381  3397 I AebsFrameSubscriber: readNextMessages count=1
09-01 15:12:02.826  3381  3397 I MainActivity: onGatewayFrame: frame seq=23023 egoSpeed=2.4434378 pts=24 intervention=false warning=true braking=true lifecycle=braking_latched range=8.245169 bearing=0.0 rss=4.3567696
09-01 15:12:02.923  3426  3426 I de4sdv_aebs_ingress: frame accepted and published sequence=23024
09-01 15:12:02.924  3381  3397 I AebsFrameSubscriber: onMessagesAvailable callback
09-01 15:12:02.924  3381  3397 I AebsFrameSubscriber: readNextMessages count=1
09-01 15:12:02.924  3381  3397 I MainActivity: onGatewayFrame: frame seq=23024 egoSpeed=1.9430015 pts=24 intervention=false warning=true braking=true lifecycle=braking_latched range=7.720311 bearing=0.0 rss=3.4904778
09-01 15:12:03.023  3426  3426 I de4sdv_aebs_ingress: frame accepted and published sequence=23025
09-01 15:12:03.024  3381  3397 I AebsFrameSubscriber: onMessagesAvailable callback
09-01 15:12:03.024  3381  3397 I AebsFrameSubscriber: readNextMessages count=1
09-01 15:12:03.024  3381  3397 I MainActivity: onGatewayFrame: frame seq=23025 egoSpeed=1.4429767 pts=24 intervention=false warning=true braking=true lifecycle=braking_latched range=7.8170714 bearing=0.0 rss=2.7891338
09-01 15:12:03.123  3426  3426 I de4sdv_aebs_ingress: frame accepted and published sequence=23026
09-01 15:12:03.124  3381  3397 I AebsFrameSubscriber: onMessagesAvailable callback
09-01 15:12:03.124  3381  3397 I AebsFrameSubscriber: readNextMessages count=1
09-01 15:12:03.124  3381  3397 I MainActivity: onGatewayFrame: frame seq=23026 egoSpeed=0.9435557 pts=24 intervention=false warning=true braking=true lifecycle=braking_latched range=7.5090857 bearing=0.0 rss=2.0910652
09-01 15:12:03.224  3426  3426 I de4sdv_aebs_ingress: frame accepted and published sequence=23027
09-01 15:12:03.225  3381  3397 I AebsFrameSubscriber: onMessagesAvailable callback
09-01 15:12:03.225  3381  3397 I AebsFrameSubscriber: readNextMessages count=1
09-01 15:12:03.225  3381  3397 I MainActivity: onGatewayFrame: frame seq=23027 egoSpeed=0.44332448 pts=24 intervention=false warning=true braking=true lifecycle=braking_latched range=7.598619 bearing=0.0 rss=1.7642629
09-01 15:12:03.323  3426  3426 I de4sdv_aebs_ingress: frame accepted and published sequence=23028
09-01 15:12:03.324  3381  3397 I AebsFrameSubscriber: onMessagesAvailable callback
09-01 15:12:03.324  3381  3397 I AebsFrameSubscriber: readNextMessages count=1
09-01 15:12:03.324  3381  3397 I MainActivity: onGatewayFrame: frame seq=23028 egoSpeed=0.0 pts=24 intervention=false warning=true braking=true lifecycle=braking_latched range=7.598619 bearing=0.0 rss=1.7642629
09-01 15:12:03.424  3426  3426 I de4sdv_aebs_ingress: frame accepted and published sequence=23029
09-01 15:12:03.424  3381  3397 I AebsFrameSubscriber: onMessagesAvailable callback
09-01 15:12:03.425  3381  3397 I AebsFrameSubscriber: readNextMessages count=1
09-01 15:12:03.425  3381  3397 I MainActivity: onGatewayFrame: frame seq=23029 egoSpeed=0.0 pts=24 intervention=false warning=true braking=true lifecycle=braking_latched range=7.598619 bearing=0.0 rss=1.7642629
09-01 15:12:03.523  3426  3426 I de4sdv_aebs_ingress: frame accepted and published sequence=23030
09-01 15:12:03.524  3381  3397 I AebsFrameSubscriber: onMessagesAvailable callback
09-01 15:12:03.524  3381  3397 I AebsFrameSubscriber: readNextMessages count=1
09-01 15:12:03.524  3381  3397 I MainActivity: onGatewayFrame: frame seq=23030 egoSpeed=0.0 pts=24 intervention=false warning=true braking=true lifecycle=braking_latched range=7.598619 bearing=0.0 rss=1.7642629
09-01 15:12:03.623  3426  3426 I de4sdv_aebs_ingress: frame accepted and published sequence=23031
09-01 15:12:03.624  3381  3397 I AebsFrameSubscriber: onMessagesAvailable callback
09-01 15:12:03.624  3381  3397 I AebsFrameSubscriber: readNextMessages count=1
09-01 15:12:03.624  3381  3397 I MainActivity: onGatewayFrame: frame seq=23031 egoSpeed=0.0 pts=24 intervention=false warning=true braking=true lifecycle=braking_latched range=7.598619 bearing=0.0 rss=1.7642629
09-01 15:12:03.723  3426  3426 I de4sdv_aebs_ingress: frame accepted and published sequence=23032
09-01 15:12:03.724  3381  3397 I AebsFrameSubscriber: onMessagesAvailable callback
09-01 15:12:03.724  3381  3397 I AebsFrameSubscriber: readNextMessages count=1
09-01 15:12:03.724  3381  3397 I MainActivity: onGatewayFrame: frame seq=23032 egoSpeed=0.0 pts=0 intervention=false warning=true braking=true lifecycle=braking_latched range=null bearing=null rss=1.7642629
09-01 15:12:03.741   876   876 D EmulatedVehicleHardware: Set value for property ID: 290459441
09-01 15:12:03.741   876  1883 E VhalProxy: Publisher with id: 290459441 does not exist in vhal proxy
09-01 15:12:03.823  3426  3426 I de4sdv_aebs_ingress: frame accepted and published sequence=23033
09-01 15:12:03.824  3381  3397 I AebsFrameSubscriber: onMessagesAvailable callback
09-01 15:12:03.824  3381  3397 I AebsFrameSubscriber: readNextMessages count=1
09-01 15:12:03.824  3381  3397 I MainActivity: onGatewayFrame: frame seq=23033 egoSpeed=0.0 pts=0 intervention=false warning=true braking=true lifecycle=braking_latched range=null bearing=null rss=1.7642629
09-01 15:12:03.923  3426  3426 I de4sdv_aebs_ingress: frame accepted and published sequence=23034
09-01 15:12:03.924  1017  1017 I ResourceTimer: GetResourceValue count=3372 pvalues=3000,15000,17000,59000
09-01 15:12:03.924  1017  1017 I ResourceTimer: RetrieveAttributes count=935 pvalues=1000,3000,4000,17000
09-01 15:12:03.924  3381  3397 I AebsFrameSubscriber: onMessagesAvailable callback
09-01 15:12:03.924  3381  3397 I AebsFrameSubscriber: readNextMessages count=1
09-01 15:12:03.924  3381  3397 I MainActivity: onGatewayFrame: frame seq=23034 egoSpeed=0.0 pts=0 intervention=false warning=false braking=true lifecycle=released_verified_stop range=null bearing=null rss=1.7642629
09-01 15:12:03.964  1766  1790 D SdvServiceManagerServer: main::mesh::manager: Watcher task instance3 woken up by: Timeout
09-01 15:12:03.964  1766  1790 D SdvServiceManagerServer: main::mesh::custom_verifier: Created ExternalVerifier with address 0x7c6bc800f1b0
09-01 15:12:03.964  1766  1790 I SdvServiceManagerServer: main::mesh::async_client: Connecting to instance3 at 192.168.99.5:2000 using secure TLS channel with DICE authentication
09-01 15:12:03.966  1766  1790 D SdvServiceManagerServer: main::mesh::manager: Watcher task instance2 woken up by: Timeout
09-01 15:12:03.966  1766  1790 D SdvServiceManagerServer: main::mesh::custom_verifier: Created ExternalVerifier with address 0x7c6bc800bfd0
09-01 15:12:03.966  1766  1790 I SdvServiceManagerServer: main::mesh::async_client: Connecting to instance2 at 192.168.99.4:2000 using secure TLS channel with DICE authentication
09-01 15:12:04.024  3426  3426 I de4sdv_aebs_ingress: frame accepted and published sequence=23035
09-01 15:12:04.024  3381  3397 I AebsFrameSubscriber: onMessagesAvailable callback
09-01 15:12:04.024  3381  3397 I AebsFrameSubscriber: readNextMessages count=1
09-01 15:12:04.024  3381  3397 I MainActivity: onGatewayFrame: frame seq=23035 egoSpeed=0.0 pts=0 intervention=false warning=false braking=true lifecycle=released_verified_stop range=null bearing=null rss=1.7642629
09-01 15:12:04.123  3426  3426 I de4sdv_aebs_ingress: frame accepted and published sequence=23036
09-01 15:12:04.124  3381  3397 I AebsFrameSubscriber: onMessagesAvailable callback
09-01 15:12:04.124  3381  3397 I AebsFrameSubscriber: readNextMessages count=1
09-01 15:12:04.125  3381  3397 I MainActivity: onGatewayFrame: frame seq=23036 egoSpeed=0.01606873 pts=0 intervention=false warning=false braking=true lifecycle=released_verified_stop range=null bearing=null rss=1.7642629
09-01 15:12:04.235  3426  3426 I de4sdv_aebs_ingress: frame accepted and published sequence=23037
09-01 15:12:04.235  3381  3397 I AebsFrameSubscriber: onMessagesAvailable callback
09-01 15:12:04.236  3381  3397 I AebsFrameSubscriber: readNextMessages count=1
09-01 15:12:04.236  3381  3397 I MainActivity: onGatewayFrame: frame seq=23037 egoSpeed=0.10861709 pts=24 intervention=false warning=false braking=true lifecycle=released_verified_stop range=8.330865 bearing=0.0 rss=0.49882182
09-01 15:12:04.330  3426  3426 I de4sdv_aebs_ingress: frame accepted and published sequence=23038
09-01 15:12:04.330  3381  3397 I AebsFrameSubscriber: onMessagesAvailable callback
09-01 15:12:04.331  3381  3397 I AebsFrameSubscriber: readNextMessages count=1
09-01 15:12:04.331  3381  3397 I MainActivity: onGatewayFrame: frame seq=23038 egoSpeed=0.23745419 pts=24 intervention=false warning=false braking=true lifecycle=released_verified_stop range=8.419331 bearing=0.0 rss=0.6113914
09-01 15:12:04.433  3426  3426 I de4sdv_aebs_ingress: frame accepted and published sequence=23039
09-01 15:12:04.434  3381  3397 I AebsFrameSubscriber: onMessagesAvailable callback
09-01 15:12:04.434  3381  3397 I AebsFrameSubscriber: readNextMessages count=1
09-01 15:12:04.434  3381  3397 I MainActivity: onGatewayFrame: frame seq=23039 egoSpeed=0.3795633 pts=24 intervention=false warning=false braking=true lifecycle=released_verified_stop range=8.50185 bearing=0.0 rss=0.7681145
09-01 15:12:04.529  3426  3426 I de4sdv_aebs_ingress: frame accepted and published sequence=23040
09-01 15:12:04.529  3381  3397 I AebsFrameSubscriber: onMessagesAvailable callback
09-01 15:12:04.530  3381  3397 I AebsFrameSubscriber: readNextMessages count=1
09-01 15:12:04.530  3381  3397 I MainActivity: onGatewayFrame: frame seq=23040 egoSpeed=0.5267315 pts=24 intervention=false warning=false braking=true lifecycle=released_verified_stop range=8.598379 bearing=0.0 rss=0.82186955
09-01 15:12:04.629  3426  3426 I de4sdv_aebs_ingress: frame accepted and published sequence=23041
09-01 15:12:04.629  3381  3397 I AebsFrameSubscriber: onMessagesAvailable callback
09-01 15:12:04.630  3381  3397 I AebsFrameSubscriber: readNextMessages count=1
09-01 15:12:04.631  3381  3397 I MainActivity: onGatewayFrame: frame seq=23041 egoSpeed=0.6757184 pts=24 intervention=false warning=false braking=true lifecycle=released_verified_stop range=8.646784 bearing=0.0 rss=1.0563186
09-01 15:12:04.723  3426  3426 I de4sdv_aebs_ingress: frame accepted and published sequence=23042
09-01 15:12:04.724  3381  3397 I AebsFrameSubscriber: onMessagesAvailable callback
09-01 15:12:04.724  3381  3397 I AebsFrameSubscriber: readNextMessages count=1
09-01 15:12:04.724  3381  3397 I MainActivity: onGatewayFrame: frame seq=23042 egoSpeed=0.82531756 pts=24 intervention=false warning=false braking=true lifecycle=released_verified_stop range=8.742804 bearing=0.0 rss=1.1877395
09-01 15:12:04.824  3426  3426 I de4sdv_aebs_ingress: frame accepted and published sequence=23043
09-01 15:12:04.824  3381  3397 I AebsFrameSubscriber: onMessagesAvailable callback
09-01 15:12:04.825  3381  3397 I AebsFrameSubscriber: readNextMessages count=1
09-01 15:12:04.825  3381  3397 I MainActivity: onGatewayFrame: frame seq=23043 egoSpeed=0.97513044 pts=24 intervention=false warning=false braking=true lifecycle=released_verified_stop range=8.711024 bearing=0.0 rss=1.4381113
09-01 15:12:04.923  3426  3426 I de4sdv_aebs_ingress: frame accepted and published sequence=23044
09-01 15:12:04.924  3381  3397 I AebsFrameSubscriber: onMessagesAvailable callback
09-01 15:12:04.924  3381  3397 I AebsFrameSubscriber: readNextMessages count=1
09-01 15:12:04.924  3381  3397 I MainActivity: onGatewayFrame: frame seq=23044 egoSpeed=1.1250254 pts=24 intervention=false warning=false braking=true lifecycle=released_verified_stop range=8.817741 bearing=0.0 rss=1.5848695
09-01 15:12:04.967  1766  1789 W SdvServiceManagerServer: main::mesh::manager: Attempt to reconnect to instance3 failed: Unable to connect to mesh. Channel state: GRPC_CHANNEL_CONNECTING
09-01 15:12:04.967  1766  1827 D SdvServiceManagerServer: main::mesh::custom_verifier: Dropping ExternalVerifier with address 0x7c6bc800f1b0
09-01 15:12:04.969  1766  1790 W SdvServiceManagerServer: main::mesh::manager: Attempt to reconnect to instance2 failed: Unable to connect to mesh. Channel state: GRPC_CHANNEL_CONNECTING
09-01 15:12:04.970  1766  1822 D SdvServiceManagerServer: main::mesh::custom_verifier: Dropping ExternalVerifier with address 0x7c6bc800bfd0
09-01 15:12:05.023  3426  3426 I de4sdv_aebs_ingress: frame accepted and published sequence=23045
09-01 15:12:05.024  3381  3397 I AebsFrameSubscriber: onMessagesAvailable callback
09-01 15:12:05.024  3381  3397 I AebsFrameSubscriber: readNextMessages count=1
09-01 15:12:05.024  3381  3397 I MainActivity: onGatewayFrame: frame seq=23045 egoSpeed=1.2750686 pts=24 intervention=false warning=false braking=true lifecycle=released_verified_stop range=8.727935 bearing=0.0 rss=1.8505363
09-01 15:12:05.123  3426  3426 I de4sdv_aebs_ingress: frame accepted and published sequence=23046
09-01 15:12:05.124  3381  3397 I AebsFrameSubscriber: onMessagesAvailable callback
09-01 15:12:05.124  3381  3397 I AebsFrameSubscriber: readNextMessages count=1
09-01 15:12:05.124  3381  3397 I MainActivity: onGatewayFrame: frame seq=23046 egoSpeed=1.4250059 pts=24 intervention=false warning=false braking=true lifecycle=released_verified_stop range=8.821651 bearing=0.0 rss=2.0123432
09-01 15:12:05.223  3426  3426 I de4sdv_aebs_ingress: frame accepted and published sequence=23047
09-01 15:12:05.224  3381  3397 I AebsFrameSubscriber: onMessagesAvailable callback
09-01 15:12:05.224  3381  3397 I AebsFrameSubscriber: readNextMessages count=1
09-01 15:12:05.224  3381  3397 I MainActivity: onGatewayFrame: frame seq=23047 egoSpeed=1.5750182 pts=24 intervention=false warning=false braking=true lifecycle=released_verified_stop range=8.673551 bearing=0.0 rss=2.2929661
09-01 15:12:05.323  3426  3426 I de4sdv_aebs_ingress: frame accepted and published sequence=23048
09-01 15:12:05.324  3381  3397 I AebsFrameSubscriber: onMessagesAvailable callback
09-01 15:12:05.324  3381  3397 I AebsFrameSubscriber: readNextMessages count=1
09-01 15:12:05.324  3381  3397 I MainActivity: onGatewayFrame: frame seq=23048 egoSpeed=1.725238 pts=24 intervention=false warning=false braking=true lifecycle=released_verified_stop range=8.784742 bearing=0.0 rss=2.4702094
09-01 15:12:05.425  3426  3426 I de4sdv_aebs_ingress: frame accepted and published sequence=23049
09-01 15:12:05.426  3381  3397 I AebsFrameSubscriber: onMessagesAvailable callback
09-01 15:12:05.426  3381  3397 I AebsFrameSubscriber: readNextMessages count=1
09-01 15:12:05.426  3381  3397 I MainActivity: onGatewayFrame: frame seq=23049 egoSpeed=1.8749788 pts=24 intervention=false warning=false braking=true lifecycle=released_verified_stop range=8.578122 bearing=0.0 rss=2.765404
09-01 15:12:05.523  3426  3426 I de4sdv_aebs_ingress: frame accepted and published sequence=23050
09-01 15:12:05.524  3381  3397 I AebsFrameSubscriber: onMessagesAvailable callback
09-01 15:12:05.524  3381  3397 I AebsFrameSubscriber: readNextMessages count=1
09-01 15:12:05.524  3381  3397 I MainActivity: onGatewayFrame: frame seq=23050 egoSpeed=2.0250611 pts=24 intervention=false warning=false braking=true lifecycle=released_verified_stop range=8.578122 bearing=0.0 rss=2.765404
09-01 15:12:05.623  3426  3426 I de4sdv_aebs_ingress: frame accepted and published sequence=23051
09-01 15:12:05.624  3381  3397 I AebsFrameSubscriber: onMessagesAvailable callback
09-01 15:12:05.625  3381  3397 I AebsFrameSubscriber: readNextMessages count=1
09-01 15:12:05.625  3381  3397 I MainActivity: onGatewayFrame: frame seq=23051 egoSpeed=2.175268 pts=24 intervention=false warning=false braking=true lifecycle=released_verified_stop range=8.669915 bearing=0.0 rss=3.240866
09-01 15:12:05.723  3426  3426 I de4sdv_aebs_ingress: frame accepted and published sequence=23052
09-01 15:12:05.723  3381  3397 I AebsFrameSubscriber: onMessagesAvailable callback
09-01 15:12:05.724  3381  3397 I AebsFrameSubscriber: readNextMessages count=1
09-01 15:12:05.724  3381  3397 I MainActivity: onGatewayFrame: frame seq=23052 egoSpeed=2.3251145 pts=24 intervention=false warning=false braking=true lifecycle=released_verified_stop range=8.464853 bearing=0.0 rss=3.4732432
09-01 15:12:05.823  3426  3426 I de4sdv_aebs_ingress: frame accepted and published sequence=23053
09-01 15:12:05.824  3381  3397 I AebsFrameSubscriber: onMessagesAvailable callback
09-01 15:12:05.824  3381  3397 I AebsFrameSubscriber: readNextMessages count=1
09-01 15:12:05.824  3381  3397 I MainActivity: onGatewayFrame: frame seq=23053 egoSpeed=2.4750562 pts=24 intervention=false warning=false braking=true lifecycle=released_verified_stop range=8.178797 bearing=0.0 rss=3.7730062
09-01 15:12:05.923  3426  3426 I de4sdv_aebs_ingress: frame accepted and published sequence=23054
09-01 15:12:05.924  3381  3397 I AebsFrameSubscriber: onMessagesAvailable callback
09-01 15:12:05.924  3381  3397 I AebsFrameSubscriber: readNextMessages count=1
09-01 15:12:05.924  3381  3397 I MainActivity: onGatewayFrame: frame seq=23054 egoSpeed=2.6252894 pts=24 intervention=false warning=false braking=true lifecycle=released_verified_stop range=8.266279 bearing=0.0 rss=4.021083
09-01 15:12:05.963   905  3547 D AidlBufferPool: bufferpool2 0x7a9b46a0b798 : 2(1944000 size) total buffers - 1(972000 size) used buffers - 240/242 (recycle/alloc) - 2/241 (fetch/transfer)
09-01 15:12:06.024  3426  3426 I de4sdv_aebs_ingress: frame accepted and published sequence=23055
09-01 15:12:06.024  3381  3397 I AebsFrameSubscriber: onMessagesAvailable callback
09-01 15:12:06.024  3381  3397 I AebsFrameSubscriber: readNextMessages count=1
09-01 15:12:06.025  3381  3397 I MainActivity: onGatewayFrame: frame seq=23055 egoSpeed=2.7754169 pts=24 intervention=false warning=false braking=true lifecycle=released_verified_stop range=7.896543 bearing=0.0 rss=4.308137
09-01 15:12:06.124  3426  3426 I de4sdv_aebs_ingress: frame accepted and published sequence=23056
09-01 15:12:06.124  3381  3397 I AebsFrameSubscriber: onMessagesAvailable callback
09-01 15:12:06.124  3381  3397 I AebsFrameSubscriber: readNextMessages count=1
09-01 15:12:06.124  3381  3397 I MainActivity: onGatewayFrame: frame seq=23056 egoSpeed=2.9251359 pts=24 intervention=false warning=false braking=true lifecycle=released_verified_stop range=7.9903145 bearing=0.0 rss=4.5983086
09-01 15:12:06.223  3426  3426 I de4sdv_aebs_ingress: frame accepted and published sequence=23057
09-01 15:12:06.223  3381  3397 I AebsFrameSubscriber: onMessagesAvailable callback
09-01 15:12:06.224  3381  3397 I AebsFrameSubscriber: readNextMessages count=1
09-01 15:12:06.224  3381  3397 I MainActivity: onGatewayFrame: frame seq=23057 egoSpeed=3.0751624 pts=24 intervention=false warning=false braking=true lifecycle=released_verified_stop range=7.9903145 bearing=0.0 rss=4.5983086
09-01 15:12:06.323  3426  3426 I de4sdv_aebs_ingress: frame accepted and published sequence=23058
09-01 15:12:06.324  3381  3397 I AebsFrameSubscriber: onMessagesAvailable callback
09-01 15:12:06.324  3381  3397 I AebsFrameSubscriber: readNextMessages count=1
09-01 15:12:06.324  3381  3397 I MainActivity: onGatewayFrame: frame seq=23058 egoSpeed=3.2250006 pts=24 intervention=false warning=false braking=true lifecycle=released_verified_stop range=7.654738 bearing=0.0 rss=5.205541
09-01 15:12:06.423  3426  3426 I de4sdv_aebs_ingress: frame accepted and published sequence=23059
09-01 15:12:06.423  3381  3397 I AebsFrameSubscriber: onMessagesAvailable callback
09-01 15:12:06.423  3381  3397 I AebsFrameSubscriber: readNextMessages count=1
09-01 15:12:06.424  3381  3397 I MainActivity: onGatewayFrame: frame seq=23059 egoSpeed=3.375377 pts=24 intervention=false warning=false braking=true lifecycle=released_verified_stop range=7.063371 bearing=0.0 rss=5.5231357
09-01 15:12:06.523  3426  3426 I de4sdv_aebs_ingress: frame accepted and published sequence=23060
09-01 15:12:06.524  3381  3397 I AebsFrameSubscriber: onMessagesAvailable callback
09-01 15:12:06.524  3381  3397 I AebsFrameSubscriber: readNextMessages count=1
09-01 15:12:06.524  3381  3397 I MainActivity: onGatewayFrame: frame seq=23060 egoSpeed=3.5250404 pts=24 intervention=false warning=false braking=true lifecycle=released_verified_stop range=7.155969 bearing=0.0 rss=5.8431277
09-01 15:12:06.623  3426  3426 I de4sdv_aebs_ingress: frame accepted and published sequence=23061
09-01 15:12:06.623  3381  3397 I AebsFrameSubscriber: readNextMessages count=1
09-01 15:12:06.624  3381  3397 I MainActivity: onGatewayFrame: frame seq=23061 egoSpeed=3.6749747 pts=24 intervention=false warning=false braking=true lifecycle=released_verified_stop range=7.155969 bearing=0.0 rss=5.8431277
09-01 15:12:06.624  3381  3397 I AebsFrameSubscriber: onMessagesAvailable callback
09-01 15:12:06.723  3426  3426 I de4sdv_aebs_ingress: frame accepted and published sequence=23062
09-01 15:12:06.723  3381  3397 I AebsFrameSubscriber: onMessagesAvailable callback
09-01 15:12:06.724  3381  3397 I AebsFrameSubscriber: readNextMessages count=1
09-01 15:12:06.724  3381  3397 I MainActivity: onGatewayFrame: frame seq=23062 egoSpeed=3.8252616 pts=24 intervention=false warning=false braking=true lifecycle=released_verified_stop range=6.7764707 bearing=0.0 rss=6.5093384
09-01 15:12:06.745   876   876 D EmulatedVehicleHardware: Set value for property ID: 290459441
09-01 15:12:06.746   876  1883 E VhalProxy: Publisher with id: 290459441 does not exist in vhal proxy
09-01 15:12:06.823  3426  3426 I de4sdv_aebs_ingress: frame accepted and published sequence=23063
09-01 15:12:06.826  3381  3397 I AebsFrameSubscriber: onMessagesAvailable callback
09-01 15:12:06.829  3381  3397 I AebsFrameSubscriber: readNextMessages count=1
09-01 15:12:06.829  3381  3397 I MainActivity: onGatewayFrame: frame seq=23063 egoSpeed=3.974994 pts=24 intervention=false warning=false braking=true lifecycle=released_verified_stop range=6.1447268 bearing=0.0 rss=6.855526
09-01 15:12:06.923  3426  3426 I de4sdv_aebs_ingress: frame accepted and published sequence=23064
09-01 15:12:06.924  3381  3397 I AebsFrameSubscriber: onMessagesAvailable callback
09-01 15:12:06.924  3381  3397 I AebsFrameSubscriber: readNextMessages count=1
09-01 15:12:06.924  3381  3397 I MainActivity: onGatewayFrame: frame seq=23064 egoSpeed=4.1250043 pts=24 intervention=false warning=false braking=true lifecycle=released_verified_stop range=6.2323337 bearing=0.0 rss=7.2062535
09-01 15:12:06.972  1017  1032 I WifiService: getConnectionInfo uid=1010110
09-01 15:12:07.023  3426  3426 I de4sdv_aebs_ingress: frame accepted and published sequence=23065
09-01 15:12:07.024  3381  3397 I AebsFrameSubscriber: onMessagesAvailable callback
09-01 15:12:07.024  3381  3397 I AebsFrameSubscriber: readNextMessages count=1
09-01 15:12:07.024  3381  3397 I MainActivity: onGatewayFrame: frame seq=23065 egoSpeed=4.2752557 pts=24 intervention=false warning=false braking=true lifecycle=released_verified_stop range=5.5517035 bearing=0.0 rss=7.5686603
09-01 15:12:07.123  3426  3426 I de4sdv_aebs_ingress: frame accepted and published sequence=23066
09-01 15:12:07.123  3381  3397 I AebsFrameSubscriber: onMessagesAvailable callback
09-01 15:12:07.124  3381  3397 I AebsFrameSubscriber: readNextMessages count=1
09-01 15:12:07.124  3381  3397 I MainActivity: onGatewayFrame: frame seq=23066 egoSpeed=4.4251194 pts=24 intervention=false warning=false braking=true lifecycle=released_verified_stop range=5.6377687 bearing=0.0 rss=7.9340386
09-01 15:12:07.223  3426  3426 I de4sdv_aebs_ingress: frame accepted and published sequence=23067
09-01 15:12:07.223  3381  3397 I AebsFrameSubscriber: onMessagesAvailable callback
09-01 15:12:07.224  3381  3397 I AebsFrameSubscriber: readNextMessages count=1
09-01 15:12:07.224  3381  3397 I MainActivity: onGatewayFrame: frame seq=23067 egoSpeed=4.575068 pts=24 intervention=false warning=false braking=true lifecycle=released_verified_stop range=4.9843993 bearing=0.0 rss=8.214663
09-01 15:12:07.323  3426  3426 I de4sdv_aebs_ingress: frame accepted and published sequence=23068
09-01 15:12:07.323  3381  3397 I AebsFrameSubscriber: onMessagesAvailable callback
09-01 15:12:07.324  3381  3397 I AebsFrameSubscriber: readNextMessages count=1
09-01 15:12:07.324  3381  3397 I MainActivity: onGatewayFrame: frame seq=23068 egoSpeed=4.7249174 pts=24 intervention=false warning=false braking=true lifecycle=released_verified_stop range=5.0716953 bearing=0.0 rss=8.535707
09-01 15:12:07.423  3426  3426 I de4sdv_aebs_ingress: frame accepted and published sequence=23069
09-01 15:12:07.424  3381  3397 I AebsFrameSubscriber: onMessagesAvailable callback
09-01 15:12:07.424  3381  3397 I AebsFrameSubscriber: readNextMessages count=1
09-01 15:12:07.424  3381  3397 I MainActivity: onGatewayFrame: frame seq=23069 egoSpeed=4.875102 pts=24 intervention=false warning=false braking=true lifecycle=released_verified_stop range=4.276479 bearing=0.0 rss=8.9261875
09-01 15:12:07.488  3347  3347 I adbd    : adbd service requested 'shell,raw:cut -d. -f1 /proc/uptime'
09-01 15:12:07.523  3426  3426 I de4sdv_aebs_ingress: frame accepted and published sequence=23070
09-01 15:12:07.523  3381  3397 I AebsFrameSubscriber: onMessagesAvailable callback
09-01 15:12:07.523  3381  3397 I AebsFrameSubscriber: readNextMessages count=1
09-01 15:12:07.524  3381  3397 I MainActivity: onGatewayFrame: frame seq=23070 egoSpeed=5.0252843 pts=24 intervention=false warning=false braking=true lifecycle=released_verified_stop range=4.362399 bearing=0.0 rss=8.915961
09-01 15:12:07.623  3426  3426 I de4sdv_aebs_ingress: frame accepted and published sequence=23071
09-01 15:12:07.624  3381  3397 I AebsFrameSubscriber: onMessagesAvailable callback
09-01 15:12:07.624  3381  3397 I AebsFrameSubscriber: readNextMessages count=1
09-01 15:12:07.624  3381  3397 I MainActivity: onGatewayFrame: frame seq=23071 egoSpeed=5.1750093 pts=24 intervention=false warning=false braking=true lifecycle=released_verified_stop range=3.615617 bearing=0.0 rss=9.320227
09-01 15:12:07.723  3426  3426 I de4sdv_aebs_ingress: frame accepted and published sequence=23072
09-01 15:12:07.723  3381  3397 I AebsFrameSubscriber: onMessagesAvailable callback
09-01 15:12:07.724  3381  3397 I AebsFrameSubscriber: readNextMessages count=1
09-01 15:12:07.724  3381  3397 I MainActivity: onGatewayFrame: frame seq=23072 egoSpeed=5.325005 pts=24 intervention=false warning=false braking=true lifecycle=released_verified_stop range=3.7308402 bearing=0.0 rss=9.732716
09-01 15:12:07.823  3426  3426 I de4sdv_aebs_ingress: frame accepted and published sequence=23073
09-01 15:12:07.823  3381  3397 I AebsFrameSubscriber: onMessagesAvailable callback
09-01 15:12:07.824  3381  3397 I AebsFrameSubscriber: readNextMessages count=1
09-01 15:12:07.824  3381  3397 I MainActivity: onGatewayFrame: frame seq=23073 egoSpeed=5.475056 pts=24 intervention=false warning=false braking=true lifecycle=released_verified_stop range=2.8144405 bearing=0.0 rss=10.15286
09-01 15:12:07.923  3426  3426 I de4sdv_aebs_ingress: frame accepted and published sequence=23074
09-01 15:12:07.923  3381  3397 I AebsFrameSubscriber: onMessagesAvailable callback
09-01 15:12:07.923  3381  3397 I AebsFrameSubscriber: readNextMessages count=1
09-01 15:12:07.924  3381  3397 I MainActivity: onGatewayFrame: frame seq=23074 egoSpeed=5.6251097 pts=24 intervention=false warning=false braking=true lifecycle=released_verified_stop range=2.9136019 bearing=0.0 rss=10.580517
09-01 15:12:08.023  3426  3426 I de4sdv_aebs_ingress: frame accepted and published sequence=23075
09-01 15:12:08.023  3381  3397 I AebsFrameSubscriber: onMessagesAvailable callback
09-01 15:12:08.023  3381  3397 I AebsFrameSubscriber: readNextMessages count=1
09-01 15:12:08.023  3381  3397 I MainActivity: onGatewayFrame: frame seq=23075 egoSpeed=5.775018 pts=24 intervention=false warning=false braking=true lifecycle=released_verified_stop range=1.939951 bearing=0.0 rss=11.015254
09-01 15:12:08.123  3426  3426 I de4sdv_aebs_ingress: frame accepted and published sequence=23076
09-01 15:12:08.124  3381  3397 I AebsFrameSubscriber: onMessagesAvailable callback
09-01 15:12:08.124  3381  3397 I AebsFrameSubscriber: readNextMessages count=1
09-01 15:12:08.124  3381  3397 I MainActivity: onGatewayFrame: frame seq=23076 egoSpeed=5.9252496 pts=24 intervention=false warning=false braking=true lifecycle=released_verified_stop range=2.06017 bearing=0.0 rss=11.458444
09-01 15:12:08.223  3426  3426 I de4sdv_aebs_ingress: frame accepted and published sequence=23077
09-01 15:12:08.223  3381  3397 I AebsFrameSubscriber: onMessagesAvailable callback
09-01 15:12:08.224  3381  3397 I AebsFrameSubscriber: readNextMessages count=1
09-01 15:12:08.224  3381  3397 I MainActivity: onGatewayFrame: frame seq=23077 egoSpeed=6.075065 pts=24 intervention=false warning=false braking=true lifecycle=released_verified_stop range=0.8786502 bearing=0.0 rss=11.139449
09-01 15:12:08.323  3426  3426 I de4sdv_aebs_ingress: frame accepted and published sequence=23078
09-01 15:12:08.323  3381  3397 I AebsFrameSubscriber: onMessagesAvailable callback
09-01 15:12:08.324  3381  3397 I AebsFrameSubscriber: readNextMessages count=1
09-01 15:12:08.324  3381  3397 I MainActivity: onGatewayFrame: frame seq=23078 egoSpeed=6.2252407 pts=24 intervention=false warning=false braking=true lifecycle=released_verified_stop range=0.97628134 bearing=0.0 rss=11.710577
09-01 15:12:08.423  3426  3426 I de4sdv_aebs_ingress: frame accepted and published sequence=23079
09-01 15:12:08.423  3381  3397 I AebsFrameSubscriber: onMessagesAvailable callback
09-01 15:12:08.424  3381  3397 I AebsFrameSubscriber: readNextMessages count=1
09-01 15:12:08.424  3381  3397 I MainActivity: onGatewayFrame: frame seq=23079 egoSpeed=6.3750763 pts=24 intervention=false warning=false braking=true lifecycle=released_verified_stop range=0.09292192 bearing=0.0 rss=12.175075
09-01 15:12:08.523  3426  3426 I de4sdv_aebs_ingress: frame accepted and published sequence=23080
09-01 15:12:08.523  3381  3397 I AebsFrameSubscriber: onMessagesAvailable callback
09-01 15:12:08.524  3381  3397 I AebsFrameSubscriber: readNextMessages count=1
09-01 15:12:08.524  3381  3397 I MainActivity: onGatewayFrame: frame seq=23080 egoSpeed=6.5250297 pts=24 intervention=false warning=false braking=true lifecycle=released_verified_stop range=0.09065835 bearing=0.0 rss=12.64743
09-01 15:12:08.623  3426  3426 I de4sdv_aebs_ingress: frame accepted and published sequence=23081
09-01 15:12:08.623  3381  3397 I AebsFrameSubscriber: onMessagesAvailable callback
09-01 15:12:08.624  3381  3397 I AebsFrameSubscriber: readNextMessages count=1
09-01 15:12:08.624  3381  3397 I MainActivity: onGatewayFrame: frame seq=23081 egoSpeed=6.664911 pts=24 intervention=false warning=false braking=true lifecycle=released_verified_stop range=0.02523233 bearing=0.0 rss=13.438972
09-01 15:12:08.723  3426  3426 I de4sdv_aebs_ingress: frame accepted and published sequence=23082
09-01 15:12:08.723  3381  3397 I AebsFrameSubscriber: onMessagesAvailable callback
09-01 15:12:08.724  3381  3397 I AebsFrameSubscriber: readNextMessages count=1
09-01 15:12:08.724  3381  3397 I MainActivity: onGatewayFrame: frame seq=23082 egoSpeed=6.771926 pts=24 intervention=false warning=false braking=true lifecycle=released_verified_stop range=0.012332546 bearing=0.0 rss=11.844544
09-01 15:12:08.823  3426  3426 I de4sdv_aebs_ingress: frame accepted and published sequence=23083
09-01 15:12:08.823  3381  3397 I AebsFrameSubscriber: onMessagesAvailable callback
09-01 15:12:08.823  3381  3397 I AebsFrameSubscriber: readNextMessages count=1
09-01 15:12:08.823  3381  3397 I MainActivity: onGatewayFrame: frame seq=23083 egoSpeed=6.8352103 pts=24 intervention=false warning=false braking=true lifecycle=released_verified_stop range=0.0038704532 bearing=0.0 rss=12.051349
09-01 15:12:08.923  3426  3426 I de4sdv_aebs_ingress: frame accepted and published sequence=23084
09-01 15:12:08.923  3381  3397 I AebsFrameSubscriber: onMessagesAvailable callback
09-01 15:12:08.924  3381  3397 I AebsFrameSubscriber: readNextMessages count=1
09-01 15:12:08.924  3381  3397 I MainActivity: onGatewayFrame: frame seq=23084 egoSpeed=6.8609886 pts=24 intervention=false warning=false braking=true lifecycle=released_verified_stop range=0.0017697302 bearing=0.0 rss=11.430662
09-01 15:12:09.023  3426  3426 I de4sdv_aebs_ingress: frame accepted and published sequence=23085
09-01 15:12:09.023  3381  3397 I AebsFrameSubscriber: onMessagesAvailable callback
09-01 15:12:09.024  3381  3397 I AebsFrameSubscriber: readNextMessages count=1
09-01 15:12:09.024  3381  3397 I MainActivity: onGatewayFrame: frame seq=23085 egoSpeed=6.870476 pts=24 intervention=false warning=false braking=true lifecycle=released_verified_stop range=0.037480067 bearing=0.0 rss=11.461861
09-01 15:12:09.123  3426  3426 I de4sdv_aebs_ingress: frame accepted and published sequence=23086
09-01 15:12:09.123  3381  3397 I AebsFrameSubscriber: onMessagesAvailable callback
09-01 15:12:09.123  3381  3397 I AebsFrameSubscriber: readNextMessages count=1
09-01 15:12:09.124  3381  3397 I MainActivity: onGatewayFrame: frame seq=23086 egoSpeed=6.873974 pts=24 intervention=false warning=false braking=true lifecycle=released_verified_stop range=0.06756062 bearing=0.0 rss=10.535003
09-01 15:12:09.223  3426  3426 I de4sdv_aebs_ingress: frame accepted and published sequence=23087
09-01 15:12:09.223  3381  3397 I AebsFrameSubscriber: onMessagesAvailable callback
09-01 15:12:09.224  3381  3397 I AebsFrameSubscriber: readNextMessages count=1
09-01 15:12:09.224  3381  3397 I MainActivity: onGatewayFrame: frame seq=23087 egoSpeed=6.8752584 pts=24 intervention=false warning=false braking=true lifecycle=released_verified_stop range=0.06756062 bearing=0.0 rss=10.535003
09-01 15:12:09.323  3426  3426 I de4sdv_aebs_ingress: frame accepted and published sequence=23088
09-01 15:12:09.324  3381  3397 I AebsFrameSubscriber: onMessagesAvailable callback
09-01 15:12:09.324  3381  3397 I AebsFrameSubscriber: readNextMessages count=1
09-01 15:12:09.324  3381  3397 I MainActivity: onGatewayFrame: frame seq=23088 egoSpeed=6.8757315 pts=24 intervention=false warning=false braking=true lifecycle=released_verified_stop range=0.06756062 bearing=0.0 rss=10.535003
09-01 15:12:09.423  3426  3426 I de4sdv_aebs_ingress: frame accepted and published sequence=23089
09-01 15:12:09.423  3381  3397 I AebsFrameSubscriber: onMessagesAvailable callback
09-01 15:12:09.424  3381  3397 I AebsFrameSubscriber: readNextMessages count=1
09-01 15:12:09.424  3381  3397 I MainActivity: onGatewayFrame: frame seq=23089 egoSpeed=6.875906 pts=24 intervention=false warning=false braking=true lifecycle=released_verified_stop range=0.06756062 bearing=0.0 rss=10.535003
09-01 15:12:09.523  3426  3426 I de4sdv_aebs_ingress: frame accepted and published sequence=23090
09-01 15:12:09.524  3381  3397 I AebsFrameSubscriber: onMessagesAvailable callback
09-01 15:12:09.524  3381  3397 I AebsFrameSubscriber: readNextMessages count=1
09-01 15:12:09.524  3381  3397 I MainActivity: onGatewayFrame: frame seq=23090 egoSpeed=6.87597 pts=24 intervention=false warning=false braking=true lifecycle=released_verified_stop range=0.06756062 bearing=0.0 rss=10.535003
09-01 15:12:09.623  3426  3426 I de4sdv_aebs_ingress: frame accepted and published sequence=23091
09-01 15:12:09.624  3381  3397 I AebsFrameSubscriber: onMessagesAvailable callback
09-01 15:12:09.624  3381  3397 I AebsFrameSubscriber: readNextMessages count=1
09-01 15:12:09.624  3381  3397 I MainActivity: onGatewayFrame: frame seq=23091 egoSpeed=6.8759933 pts=0 intervention=false warning=false braking=true lifecycle=released_verified_stop range=null bearing=null rss=10.535003
09-01 15:12:09.723  3426  3426 I de4sdv_aebs_ingress: frame accepted and published sequence=23092
09-01 15:12:09.723  3381  3397 I AebsFrameSubscriber: onMessagesAvailable callback
09-01 15:12:09.723  3381  3397 I AebsFrameSubscriber: readNextMessages count=1
09-01 15:12:09.723  3381  3397 I MainActivity: onGatewayFrame: frame seq=23092 egoSpeed=6.876002 pts=0 intervention=false warning=false braking=true lifecycle=released_verified_stop range=null bearing=null rss=10.535003
09-01 15:12:09.749   876   876 D EmulatedVehicleHardware: Set value for property ID: 290459441
09-01 15:12:09.750   876  1883 E VhalProxy: Publisher with id: 290459441 does not exist in vhal proxy
09-01 15:12:09.823  3426  3426 I de4sdv_aebs_ingress: frame accepted and published sequence=23093
09-01 15:12:09.823  3381  3397 I AebsFrameSubscriber: onMessagesAvailable callback
09-01 15:12:09.824  3381  3397 I AebsFrameSubscriber: readNextMessages count=1
09-01 15:12:09.824  3381  3397 I MainActivity: onGatewayFrame: frame seq=23093 egoSpeed=6.876005 pts=0 intervention=false warning=false braking=true lifecycle=released_verified_stop range=null bearing=null rss=10.535003
09-01 15:12:09.923  3426  3426 I de4sdv_aebs_ingress: frame accepted and published sequence=23094
09-01 15:12:09.924  3381  3397 I AebsFrameSubscriber: onMessagesAvailable callback
09-01 15:12:09.924  3381  3397 I AebsFrameSubscriber: readNextMessages count=1
09-01 15:12:09.924  3381  3397 I MainActivity: onGatewayFrame: frame seq=23094 egoSpeed=6.876006 pts=0 intervention=false warning=false braking=true lifecycle=released_verified_stop range=null bearing=null rss=10.535003
09-01 15:12:10.023  3426  3426 I de4sdv_aebs_ingress: frame accepted and published sequence=23095
09-01 15:12:10.024  3381  3397 I AebsFrameSubscriber: onMessagesAvailable callback
09-01 15:12:10.024  3381  3397 I AebsFrameSubscriber: readNextMessages count=1
09-01 15:12:10.024  3381  3397 I MainActivity: onGatewayFrame: frame seq=23095 egoSpeed=6.8760066 pts=0 intervention=false warning=false braking=true lifecycle=released_verified_stop range=null bearing=null rss=10.535003
09-01 15:12:10.123  3426  3426 I de4sdv_aebs_ingress: frame accepted and published sequence=23096
09-01 15:12:10.124  3381  3397 I AebsFrameSubscriber: onMessagesAvailable callback
09-01 15:12:10.124  3381  3397 I AebsFrameSubscriber: readNextMessages count=1
09-01 15:12:10.124  3381  3397 I MainActivity: onGatewayFrame: frame seq=23096 egoSpeed=6.876007 pts=0 intervention=false warning=false braking=true lifecycle=released_verified_stop range=null bearing=null rss=10.535003
09-01 15:12:10.223  3426  3426 I de4sdv_aebs_ingress: frame accepted and published sequence=23097
09-01 15:12:10.224  3381  3397 I AebsFrameSubscriber: onMessagesAvailable callback
09-01 15:12:10.224  3381  3397 I AebsFrameSubscriber: readNextMessages count=1
09-01 15:12:10.224  3381  3397 I MainActivity: onGatewayFrame: frame seq=23097 egoSpeed=6.876007 pts=0 intervention=false warning=false braking=true lifecycle=released_verified_stop range=null bearing=null rss=10.535003
09-01 15:12:10.323  3426  3426 I de4sdv_aebs_ingress: frame accepted and published sequence=23098
09-01 15:12:10.324  3381  3397 I AebsFrameSubscriber: onMessagesAvailable callback
09-01 15:12:10.324  3381  3397 I AebsFrameSubscriber: readNextMessages count=1
09-01 15:12:10.324  3381  3397 I MainActivity: onGatewayFrame: frame seq=23098 egoSpeed=6.876007 pts=0 intervention=false warning=false braking=true lifecycle=released_verified_stop range=null bearing=null rss=10.535003
09-01 15:12:10.423  3426  3426 I de4sdv_aebs_ingress: frame accepted and published sequence=23099
09-01 15:12:10.423  3381  3397 I AebsFrameSubscriber: onMessagesAvailable callback
09-01 15:12:10.424  3381  3397 I AebsFrameSubscriber: readNextMessages count=1
09-01 15:12:10.424  3381  3397 I MainActivity: onGatewayFrame: frame seq=23099 egoSpeed=6.876007 pts=0 intervention=false warning=false braking=true lifecycle=released_verified_stop range=null bearing=null rss=10.535003
09-01 15:12:10.522  3426  3426 I de4sdv_aebs_ingress: frame accepted and published sequence=23100
09-01 15:12:10.523  3381  3397 I AebsFrameSubscriber: onMessagesAvailable callback
09-01 15:12:10.523  3381  3397 I AebsFrameSubscriber: readNextMessages count=1
09-01 15:12:10.523  3381  3397 I MainActivity: onGatewayFrame: frame seq=23100 egoSpeed=6.876007 pts=0 intervention=false warning=false braking=true lifecycle=released_verified_stop range=null bearing=null rss=10.535003
09-01 15:12:10.622  3426  3426 I de4sdv_aebs_ingress: frame accepted and published sequence=23101
09-01 15:12:10.623  3381  3397 I AebsFrameSubscriber: onMessagesAvailable callback
09-01 15:12:10.624  3381  3397 I AebsFrameSubscriber: readNextMessages count=1
09-01 15:12:10.624  3381  3397 I MainActivity: onGatewayFrame: frame seq=23101 egoSpeed=6.876007 pts=0 intervention=false warning=false braking=true lifecycle=released_verified_stop range=null bearing=null rss=10.535003
09-01 15:12:10.723  3426  3426 I de4sdv_aebs_ingress: frame accepted and published sequence=23102
09-01 15:12:10.723  3381  3397 I AebsFrameSubscriber: onMessagesAvailable callback
09-01 15:12:10.723  3381  3397 I AebsFrameSubscriber: readNextMessages count=1
09-01 15:12:10.724  3381  3397 I MainActivity: onGatewayFrame: frame seq=23102 egoSpeed=6.876007 pts=0 intervention=false warning=false braking=true lifecycle=released_verified_stop range=null bearing=null rss=10.535003
09-01 15:12:10.822  3426  3426 I de4sdv_aebs_ingress: frame accepted and published sequence=23103
09-01 15:12:10.823  3381  3397 I AebsFrameSubscriber: onMessagesAvailable callback
09-01 15:12:10.824  3381  3397 I AebsFrameSubscriber: readNextMessages count=1
09-01 15:12:10.824  3381  3397 I MainActivity: onGatewayFrame: frame seq=23103 egoSpeed=6.876007 pts=0 intervention=false warning=false braking=true lifecycle=released_verified_stop range=null bearing=null rss=10.535003
09-01 15:12:10.923  3426  3426 I de4sdv_aebs_ingress: frame accepted and published sequence=23104
09-01 15:12:10.923  3381  3397 I AebsFrameSubscriber: onMessagesAvailable callback
09-01 15:12:10.924  3381  3397 I AebsFrameSubscriber: readNextMessages count=1
09-01 15:12:10.924  3381  3397 I MainActivity: onGatewayFrame: frame seq=23104 egoSpeed=6.876007 pts=0 intervention=false warning=false braking=true lifecycle=released_verified_stop range=null bearing=null rss=10.535003
09-01 15:12:11.023  3426  3426 I de4sdv_aebs_ingress: frame accepted and published sequence=23105
09-01 15:12:11.023  3381  3397 I AebsFrameSubscriber: onMessagesAvailable callback
09-01 15:12:11.024  3381  3397 I AebsFrameSubscriber: readNextMessages count=1
09-01 15:12:11.024  3381  3397 I MainActivity: onGatewayFrame: frame seq=23105 egoSpeed=6.876007 pts=0 intervention=false warning=false braking=true lifecycle=released_verified_stop range=null bearing=null rss=10.535003
09-01 15:12:11.123  3426  3426 I de4sdv_aebs_ingress: frame accepted and published sequence=23106
09-01 15:12:11.124  3381  3397 I AebsFrameSubscriber: onMessagesAvailable callback
09-01 15:12:11.124  3381  3397 I AebsFrameSubscriber: readNextMessages count=1
09-01 15:12:11.124  3381  3397 I MainActivity: onGatewayFrame: frame seq=23106 egoSpeed=6.876007 pts=0 intervention=false warning=false braking=true lifecycle=released_verified_stop range=null bearing=null rss=10.535003
09-01 15:12:11.222  3426  3426 I de4sdv_aebs_ingress: frame accepted and published sequence=23107
09-01 15:12:11.223  3381  3397 I AebsFrameSubscriber: onMessagesAvailable callback
09-01 15:12:11.223  3381  3397 I AebsFrameSubscriber: readNextMessages count=1
09-01 15:12:11.223  3381  3397 I MainActivity: onGatewayFrame: frame seq=23107 egoSpeed=6.876007 pts=0 intervention=false warning=false braking=true lifecycle=released_verified_stop range=null bearing=null rss=10.535003
09-01 15:12:11.323  3426  3426 I de4sdv_aebs_ingress: frame accepted and published sequence=23108
09-01 15:12:11.323  3381  3397 I AebsFrameSubscriber: onMessagesAvailable callback
09-01 15:12:11.324  3381  3397 I AebsFrameSubscriber: readNextMessages count=1
09-01 15:12:11.324  3381  3397 I MainActivity: onGatewayFrame: frame seq=23108 egoSpeed=6.876007 pts=0 intervention=false warning=false braking=true lifecycle=released_verified_stop range=null bearing=null rss=10.535003
--------- beginning of system
09-01 15:12:11.352  1017  1040 D AppOpHistoryDbHelper: getRecentlyUsedPackageNames sql: SELECT DISTINCT package_name FROM app_op_accesses WHERE access_time + (CASE WHEN access_duration = -1 THEN 0 ELSE access_duration END) >= ?  AND access_time <= ?  AND (op_flags & ? ) != 0 AND op_code IN  ( 0, 1, 25, 26, 27, 120, 136, 149, 150, 152, 170, 171, 172, 173 )
09-01 15:12:11.353  1017  1040 D AppOpHistoryQueryHelper: No binding for In operator
09-01 15:12:11.353  1017  1040 D AppOpHistoryDbHelper: Read 0 packages from app_op_history_short_interval.db
09-01 15:12:11.353  1017  1040 D AppOpHistoryDbHelper: getRecentlyUsedPackageNames sql: SELECT DISTINCT package_name FROM app_op_accesses WHERE access_time + (CASE WHEN access_duration = -1 THEN 0 ELSE access_duration END) >= ?  AND access_time <= ?  AND (op_flags & ? ) != 0 AND op_code IN  ( 4, 5, 6, 7, 8, 9, 11, 13, 14, 16, 18, 19, 20, 21, 23, 24, 43, 51, 52, 53, 54, 56, 57, 59, 60, 61, 62, 65, 66, 68, 69, 74, 75, 77, 79, 80, 81, 83, 85, 90, 92, 93, 95, 103, 105, 107, 110, 111, 112, 114, 116, 123, 127, 131, 133, 139, 151, 153, 163, 164, 169 )
09-01 15:12:11.358  1017  1040 D AppOpHistoryQueryHelper: No binding for In operator
09-01 15:12:11.359  1017  1040 D AppOpHistoryDbHelper: Read 0 packages from app_op_history_long_interval.db
09-01 15:12:11.363   905  3547 D AidlBufferPool: bufferpool2 0x7a9b46a0b798 : 2(1944000 size) total buffers - 1(972000 size) used buffers - 321/323 (recycle/alloc) - 2/322 (fetch/transfer)
09-01 15:12:11.423  3426  3426 I de4sdv_aebs_ingress: frame accepted and published sequence=23109
09-01 15:12:11.424  3381  3397 I AebsFrameSubscriber: onMessagesAvailable callback
09-01 15:12:11.424  3381  3397 I AebsFrameSubscriber: readNextMessages count=1
09-01 15:12:11.424  3381  3397 I MainActivity: onGatewayFrame: frame seq=23109 egoSpeed=6.876007 pts=0 intervention=false warning=false braking=true lifecycle=released_verified_stop range=null bearing=null rss=10.535003
09-01 15:12:11.523  3426  3426 I de4sdv_aebs_ingress: frame accepted and published sequence=23110
09-01 15:12:11.523  3381  3397 I AebsFrameSubscriber: onMessagesAvailable callback
09-01 15:12:11.524  3381  3397 I AebsFrameSubscriber: readNextMessages count=1
09-01 15:12:11.524  3381  3397 I MainActivity: onGatewayFrame: frame seq=23110 egoSpeed=6.876007 pts=0 intervention=false warning=false braking=true lifecycle=released_verified_stop range=null bearing=null rss=10.535003
09-01 15:12:11.623  3426  3426 I de4sdv_aebs_ingress: frame accepted and published sequence=23111
09-01 15:12:11.624  3381  3397 I AebsFrameSubscriber: onMessagesAvailable callback
09-01 15:12:11.624  3381  3397 I AebsFrameSubscriber: readNextMessages count=1
09-01 15:12:11.624  3381  3397 I MainActivity: onGatewayFrame: frame seq=23111 egoSpeed=6.876007 pts=0 intervention=false warning=false braking=true lifecycle=released_verified_stop range=null bearing=null rss=10.535003
09-01 15:12:11.722  3426  3426 I de4sdv_aebs_ingress: frame accepted and published sequence=23112
09-01 15:12:11.723  3381  3397 I AebsFrameSubscriber: onMessagesAvailable callback
09-01 15:12:11.724  3381  3397 I AebsFrameSubscriber: readNextMessages count=1
09-01 15:12:11.724  3381  3397 I MainActivity: onGatewayFrame: frame seq=23112 egoSpeed=6.876007 pts=0 intervention=false warning=false braking=true lifecycle=released_verified_stop range=null bearing=null rss=10.535003
09-01 15:12:11.823  3426  3426 I de4sdv_aebs_ingress: frame accepted and published sequence=23113
09-01 15:12:11.823  3381  3397 I AebsFrameSubscriber: onMessagesAvailable callback
09-01 15:12:11.824  3381  3397 I AebsFrameSubscriber: readNextMessages count=1
09-01 15:12:11.824  3381  3397 I MainActivity: onGatewayFrame: frame seq=23113 egoSpeed=6.876007 pts=0 intervention=false warning=false braking=true lifecycle=released_verified_stop range=null bearing=null rss=10.535003
09-01 15:12:11.923  3426  3426 I de4sdv_aebs_ingress: frame accepted and published sequence=23114
09-01 15:12:11.923  3381  3397 I AebsFrameSubscriber: onMessagesAvailable callback
09-01 15:12:11.924  3381  3397 I AebsFrameSubscriber: readNextMessages count=1
09-01 15:12:11.924  3381  3397 I MainActivity: onGatewayFrame: frame seq=23114 egoSpeed=6.876007 pts=0 intervention=false warning=false braking=true lifecycle=released_verified_stop range=null bearing=null rss=10.535003
09-01 15:12:11.974  1017  1489 I WifiService: getConnectionInfo uid=1010110
09-01 15:12:12.023  3426  3426 I de4sdv_aebs_ingress: frame accepted and published sequence=23115
09-01 15:12:12.023  3381  3397 I AebsFrameSubscriber: onMessagesAvailable callback
09-01 15:12:12.024  3381  3397 I AebsFrameSubscriber: readNextMessages count=1
09-01 15:12:12.024  3381  3397 I MainActivity: onGatewayFrame: frame seq=23115 egoSpeed=6.876007 pts=0 intervention=false warning=false braking=true lifecycle=released_verified_stop range=null bearing=null rss=10.535003
09-01 15:12:12.122  3426  3426 I de4sdv_aebs_ingress: frame accepted and published sequence=23116
09-01 15:12:12.123  3381  3397 I AebsFrameSubscriber: onMessagesAvailable callback
09-01 15:12:12.123  3381  3397 I AebsFrameSubscriber: readNextMessages count=1
09-01 15:12:12.123  3381  3397 I MainActivity: onGatewayFrame: frame seq=23116 egoSpeed=6.876007 pts=0 intervention=false warning=false braking=true lifecycle=released_verified_stop range=null bearing=null rss=10.535003
09-01 15:12:12.222  3426  3426 I de4sdv_aebs_ingress: frame accepted and published sequence=23117
09-01 15:12:12.223  3381  3397 I AebsFrameSubscriber: onMessagesAvailable callback
09-01 15:12:12.223  3381  3397 I AebsFrameSubscriber: readNextMessages count=1
09-01 15:12:12.223  3381  3397 I MainActivity: onGatewayFrame: frame seq=23117 egoSpeed=6.876007 pts=0 intervention=false warning=false braking=true lifecycle=released_verified_stop range=null bearing=null rss=10.535003
09-01 15:12:12.322  3426  3426 I de4sdv_aebs_ingress: frame accepted and published sequence=23118
09-01 15:12:12.323  3381  3397 I AebsFrameSubscriber: onMessagesAvailable callback
09-01 15:12:12.323  3381  3397 I AebsFrameSubscriber: readNextMessages count=1
09-01 15:12:12.323  3381  3397 I MainActivity: onGatewayFrame: frame seq=23118 egoSpeed=6.876007 pts=0 intervention=false warning=false braking=true lifecycle=released_verified_stop range=null bearing=null rss=10.535003
09-01 15:12:12.422  3426  3426 I de4sdv_aebs_ingress: frame accepted and published sequence=23119
09-01 15:12:12.423  3381  3397 I AebsFrameSubscriber: onMessagesAvailable callback
09-01 15:12:12.423  3381  3397 I AebsFrameSubscriber: readNextMessages count=1
09-01 15:12:12.423  3381  3397 I MainActivity: onGatewayFrame: frame seq=23119 egoSpeed=6.876007 pts=0 intervention=false warning=false braking=true lifecycle=released_verified_stop range=null bearing=null rss=10.535003
09-01 15:12:12.508  3347  3347 I adbd    : adbd service requested 'shell,raw:cut -d. -f1 /proc/uptime'
09-01 15:12:12.522  3426  3426 I de4sdv_aebs_ingress: frame accepted and published sequence=23120
09-01 15:12:12.523  3381  3397 I AebsFrameSubscriber: onMessagesAvailable callback
09-01 15:12:12.523  3381  3397 I AebsFrameSubscriber: readNextMessages count=1
09-01 15:12:12.523  3381  3397 I MainActivity: onGatewayFrame: frame seq=23120 egoSpeed=6.876007 pts=0 intervention=false warning=false braking=true lifecycle=released_verified_stop range=null bearing=null rss=10.535003
09-01 15:12:12.622  3426  3426 I de4sdv_aebs_ingress: frame accepted and published sequence=23121
09-01 15:12:12.623  3381  3397 I AebsFrameSubscriber: onMessagesAvailable callback
09-01 15:12:12.623  3381  3397 I AebsFrameSubscriber: readNextMessages count=1
09-01 15:12:12.623  3381  3397 I MainActivity: onGatewayFrame: frame seq=23121 egoSpeed=6.876007 pts=0 intervention=false warning=false braking=true lifecycle=released_verified_stop range=null bearing=null rss=10.535003
09-01 15:12:12.722  3426  3426 I de4sdv_aebs_ingress: frame accepted and published sequence=23122
09-01 15:12:12.723  3381  3397 I AebsFrameSubscriber: onMessagesAvailable callback
09-01 15:12:12.723  3381  3397 I AebsFrameSubscriber: readNextMessages count=1
09-01 15:12:12.723  3381  3397 I MainActivity: onGatewayFrame: frame seq=23122 egoSpeed=6.876007 pts=0 intervention=false warning=false braking=true lifecycle=released_verified_stop range=null bearing=null rss=10.535003
09-01 15:12:12.754   876   876 D EmulatedVehicleHardware: Set value for property ID: 290459441
09-01 15:12:12.754   876  1883 E VhalProxy: Publisher with id: 290459441 does not exist in vhal proxy
09-01 15:12:12.822  3426  3426 I de4sdv_aebs_ingress: frame accepted and published sequence=23123
09-01 15:12:12.823  3381  3397 I AebsFrameSubscriber: onMessagesAvailable callback
09-01 15:12:12.823  3381  3397 I AebsFrameSubscriber: readNextMessages count=1
09-01 15:12:12.823  3381  3397 I MainActivity: onGatewayFrame: frame seq=23123 egoSpeed=6.876007 pts=0 intervention=false warning=false braking=true lifecycle=released_verified_stop range=null bearing=null rss=10.535003
09-01 15:12:12.922  3426  3426 I de4sdv_aebs_ingress: frame accepted and published sequence=23124
09-01 15:12:12.923  3381  3397 I AebsFrameSubscriber: onMessagesAvailable callback
09-01 15:12:12.923  3381  3397 I AebsFrameSubscriber: readNextMessages count=1
09-01 15:12:12.923  3381  3397 I MainActivity: onGatewayFrame: frame seq=23124 egoSpeed=6.876007 pts=0 intervention=false warning=false braking=true lifecycle=released_verified_stop range=null bearing=null rss=10.535003
09-01 15:12:12.969  1766  1790 D SdvServiceManagerServer: main::mesh::manager: Watcher task instance3 woken up by: Timeout
09-01 15:12:12.969  1766  1790 D SdvServiceManagerServer: main::mesh::custom_verifier: Created ExternalVerifier with address 0x7c6bc800df50
09-01 15:12:12.969  1766  1790 I SdvServiceManagerServer: main::mesh::async_client: Connecting to instance3 at 192.168.99.5:2000 using secure TLS channel with DICE authentication
09-01 15:12:12.971  1766  1790 D SdvServiceManagerServer: main::mesh::manager: Watcher task instance2 woken up by: Timeout
09-01 15:12:12.972  1766  1790 D SdvServiceManagerServer: main::mesh::custom_verifier: Created ExternalVerifier with address 0x7c6bc800f1b0
09-01 15:12:12.972  1766  1790 I SdvServiceManagerServer: main::mesh::async_client: Connecting to instance2 at 192.168.99.4:2000 using secure TLS channel with DICE authentication
09-01 15:12:13.022  3426  3426 I de4sdv_aebs_ingress: frame accepted and published sequence=23125
09-01 15:12:13.023  3381  3397 I AebsFrameSubscriber: onMessagesAvailable callback
09-01 15:12:13.023  3381  3397 I AebsFrameSubscriber: readNextMessages count=1
09-01 15:12:13.023  3381  3397 I MainActivity: onGatewayFrame: frame seq=23125 egoSpeed=6.876007 pts=0 intervention=false warning=false braking=true lifecycle=released_verified_stop range=null bearing=null rss=10.535003
09-01 15:12:13.122  3426  3426 I de4sdv_aebs_ingress: frame accepted and published sequence=23126
09-01 15:12:13.123  3381  3397 I AebsFrameSubscriber: onMessagesAvailable callback
09-01 15:12:13.123  3381  3397 I AebsFrameSubscriber: readNextMessages count=1
09-01 15:12:13.123  3381  3397 I MainActivity: onGatewayFrame: frame seq=23126 egoSpeed=6.876007 pts=0 intervention=false warning=false braking=true lifecycle=released_verified_stop range=null bearing=null rss=10.535003
09-01 15:12:13.222  3426  3426 I de4sdv_aebs_ingress: frame accepted and published sequence=23127
09-01 15:12:13.223  3381  3397 I AebsFrameSubscriber: onMessagesAvailable callback
09-01 15:12:13.223  3381  3397 I AebsFrameSubscriber: readNextMessages count=1
09-01 15:12:13.223  3381  3397 I MainActivity: onGatewayFrame: frame seq=23127 egoSpeed=6.876007 pts=0 intervention=false warning=false braking=true lifecycle=released_verified_stop range=null bearing=null rss=10.535003
09-01 15:12:13.322  3426  3426 I de4sdv_aebs_ingress: frame accepted and published sequence=23128
09-01 15:12:13.323  3381  3397 I AebsFrameSubscriber: onMessagesAvailable callback
09-01 15:12:13.323  3381  3397 I AebsFrameSubscriber: readNextMessages count=1
09-01 15:12:13.323  3381  3397 I MainActivity: onGatewayFrame: frame seq=23128 egoSpeed=6.876007 pts=0 intervention=false warning=false braking=true lifecycle=released_verified_stop range=null bearing=null rss=10.535003
09-01 15:12:13.422  3426  3426 I de4sdv_aebs_ingress: frame accepted and published sequence=23129
09-01 15:12:13.423  3381  3397 I AebsFrameSubscriber: onMessagesAvailable callback
09-01 15:12:13.423  3381  3397 I AebsFrameSubscriber: readNextMessages count=1
09-01 15:12:13.423  3381  3397 I MainActivity: onGatewayFrame: frame seq=23129 egoSpeed=6.876007 pts=0 intervention=false warning=false braking=true lifecycle=released_verified_stop range=null bearing=null rss=10.535003
09-01 15:12:13.522  3426  3426 I de4sdv_aebs_ingress: frame accepted and published sequence=23130
09-01 15:12:13.523  3381  3397 I AebsFrameSubscriber: onMessagesAvailable callback
09-01 15:12:13.523  3381  3397 I AebsFrameSubscriber: readNextMessages count=1
09-01 15:12:13.523  3381  3397 I MainActivity: onGatewayFrame: frame seq=23130 egoSpeed=6.876007 pts=0 intervention=false warning=false braking=true lifecycle=released_verified_stop range=null bearing=null rss=10.535003
09-01 15:12:13.622  3426  3426 I de4sdv_aebs_ingress: frame accepted and published sequence=23131
09-01 15:12:13.623  3381  3397 I AebsFrameSubscriber: onMessagesAvailable callback
09-01 15:12:13.623  3381  3397 I AebsFrameSubscriber: readNextMessages count=1
09-01 15:12:13.623  3381  3397 I MainActivity: onGatewayFrame: frame seq=23131 egoSpeed=6.876007 pts=0 intervention=false warning=false braking=true lifecycle=released_verified_stop range=null bearing=null rss=10.535003
09-01 15:12:13.722  3426  3426 I de4sdv_aebs_ingress: frame accepted and published sequence=23132
09-01 15:12:13.723  3381  3397 I AebsFrameSubscriber: onMessagesAvailable callback
09-01 15:12:13.723  3381  3397 I AebsFrameSubscriber: readNextMessages count=1
09-01 15:12:13.723  3381  3397 I MainActivity: onGatewayFrame: frame seq=23132 egoSpeed=6.876007 pts=0 intervention=false warning=false braking=true lifecycle=released_verified_stop range=null bearing=null rss=10.535003
09-01 15:12:13.822  3426  3426 I de4sdv_aebs_ingress: frame accepted and published sequence=23133
09-01 15:12:13.823  3381  3397 I AebsFrameSubscriber: onMessagesAvailable callback
09-01 15:12:13.823  3381  3397 I AebsFrameSubscriber: readNextMessages count=1
09-01 15:12:13.823  3381  3397 I MainActivity: onGatewayFrame: frame seq=23133 egoSpeed=6.876007 pts=0 intervention=false warning=false braking=true lifecycle=released_verified_stop range=null bearing=null rss=10.535003
09-01 15:12:13.922  3426  3426 I de4sdv_aebs_ingress: frame accepted and published sequence=23134
09-01 15:12:13.923  3381  3397 I AebsFrameSubscriber: onMessagesAvailable callback
09-01 15:12:13.923  3381  3397 I AebsFrameSubscriber: readNextMessages count=1
09-01 15:12:13.923  3381  3397 I MainActivity: onGatewayFrame: frame seq=23134 egoSpeed=6.876007 pts=0 intervention=false warning=false braking=true lifecycle=released_verified_stop range=null bearing=null rss=10.535003
09-01 15:12:13.974  1766  1790 W SdvServiceManagerServer: main::mesh::manager: Attempt to reconnect to instance3 failed: Unable to connect to mesh. Channel state: GRPC_CHANNEL_CONNECTING
09-01 15:12:13.975  1766  1817 D SdvServiceManagerServer: main::mesh::custom_verifier: Dropping ExternalVerifier with address 0x7c6bc800df50
09-01 15:12:13.976  1766  1789 W SdvServiceManagerServer: main::mesh::manager: Attempt to reconnect to instance2 failed: Unable to connect to mesh. Channel state: GRPC_CHANNEL_CONNECTING
09-01 15:12:13.976  1766  1827 D SdvServiceManagerServer: main::mesh::custom_verifier: Dropping ExternalVerifier with address 0x7c6bc800f1b0
09-01 15:12:14.023  3426  3426 I de4sdv_aebs_ingress: frame accepted and published sequence=23135
09-01 15:12:14.023  3381  3397 I AebsFrameSubscriber: onMessagesAvailable callback
09-01 15:12:14.023  3381  3397 I AebsFrameSubscriber: readNextMessages count=1
09-01 15:12:14.023  3381  3397 I MainActivity: onGatewayFrame: frame seq=23135 egoSpeed=6.876007 pts=0 intervention=false warning=false braking=true lifecycle=released_verified_stop range=null bearing=null rss=10.535003
09-01 15:12:14.122  3426  3426 I de4sdv_aebs_ingress: frame accepted and published sequence=23136
09-01 15:12:14.123  3381  3397 I AebsFrameSubscriber: onMessagesAvailable callback
09-01 15:12:14.123  3381  3397 I AebsFrameSubscriber: readNextMessages count=1
09-01 15:12:14.123  3381  3397 I MainActivity: onGatewayFrame: frame seq=23136 egoSpeed=6.876007 pts=0 intervention=false warning=false braking=true lifecycle=released_verified_stop range=null bearing=null rss=10.535003
09-01 15:12:14.222  3426  3426 I de4sdv_aebs_ingress: frame accepted and published sequence=23137
09-01 15:12:14.223  3381  3397 I AebsFrameSubscriber: onMessagesAvailable callback
09-01 15:12:14.223  3381  3397 I AebsFrameSubscriber: readNextMessages count=1
09-01 15:12:14.223  3381  3397 I MainActivity: onGatewayFrame: frame seq=23137 egoSpeed=6.876007 pts=0 intervention=false warning=false braking=true lifecycle=released_verified_stop range=null bearing=null rss=10.535003
09-01 15:12:14.322  3426  3426 I de4sdv_aebs_ingress: frame accepted and published sequence=23138
09-01 15:12:14.323  3381  3397 I AebsFrameSubscriber: onMessagesAvailable callback
09-01 15:12:14.323  3381  3397 I AebsFrameSubscriber: readNextMessages count=1
09-01 15:12:14.323  3381  3397 I MainActivity: onGatewayFrame: frame seq=23138 egoSpeed=6.876007 pts=0 intervention=false warning=false braking=true lifecycle=released_verified_stop range=null bearing=null rss=10.535003
09-01 15:12:14.422  3426  3426 I de4sdv_aebs_ingress: frame accepted and published sequence=23139
09-01 15:12:14.423  3381  3397 I AebsFrameSubscriber: onMessagesAvailable callback
09-01 15:12:14.423  3381  3397 I AebsFrameSubscriber: readNextMessages count=1
09-01 15:12:14.423  3381  3397 I MainActivity: onGatewayFrame: frame seq=23139 egoSpeed=6.876007 pts=0 intervention=false warning=false braking=true lifecycle=released_verified_stop range=null bearing=null rss=10.535003
09-01 15:12:14.523  3426  3426 I de4sdv_aebs_ingress: frame accepted and published sequence=23140
09-01 15:12:14.523  3381  3397 I AebsFrameSubscriber: onMessagesAvailable callback
09-01 15:12:14.524  3381  3397 I AebsFrameSubscriber: readNextMessages count=1
09-01 15:12:14.524  3381  3397 I MainActivity: onGatewayFrame: frame seq=23140 egoSpeed=6.876007 pts=0 intervention=false warning=false braking=true lifecycle=released_verified_stop range=null bearing=null rss=10.535003
09-01 15:12:14.622  3426  3426 I de4sdv_aebs_ingress: frame accepted and published sequence=23141
09-01 15:12:14.623  3381  3397 I AebsFrameSubscriber: onMessagesAvailable callback
09-01 15:12:14.623  3381  3397 I AebsFrameSubscriber: readNextMessages count=1
09-01 15:12:14.623  3381  3397 I MainActivity: onGatewayFrame: frame seq=23141 egoSpeed=6.876007 pts=0 intervention=false warning=false braking=true lifecycle=released_verified_stop range=null bearing=null rss=10.535003
09-01 15:12:14.722  3426  3426 I de4sdv_aebs_ingress: frame accepted and published sequence=23142
09-01 15:12:14.723  3381  3397 I AebsFrameSubscriber: onMessagesAvailable callback
09-01 15:12:14.723  3381  3397 I AebsFrameSubscriber: readNextMessages count=1
09-01 15:12:14.723  3381  3397 I MainActivity: onGatewayFrame: frame seq=23142 egoSpeed=6.876007 pts=0 intervention=false warning=false braking=true lifecycle=released_verified_stop range=null bearing=null rss=10.535003
09-01 15:12:14.822  3426  3426 I de4sdv_aebs_ingress: frame accepted and published sequence=23143
09-01 15:12:14.823  3381  3397 I AebsFrameSubscriber: onMessagesAvailable callback
09-01 15:12:14.823  3381  3397 I AebsFrameSubscriber: readNextMessages count=1
09-01 15:12:14.823  3381  3397 I MainActivity: onGatewayFrame: frame seq=23143 egoSpeed=6.876007 pts=0 intervention=false warning=false braking=true lifecycle=released_verified_stop range=null bearing=null rss=10.535003
09-01 15:12:14.922  3426  3426 I de4sdv_aebs_ingress: frame accepted and published sequence=23144
09-01 15:12:14.923  3381  3397 I AebsFrameSubscriber: onMessagesAvailable callback
09-01 15:12:14.923  3381  3397 I AebsFrameSubscriber: readNextMessages count=1
09-01 15:12:14.923  3381  3397 I MainActivity: onGatewayFrame: frame seq=23144 egoSpeed=6.876007 pts=0 intervention=false warning=false braking=true lifecycle=released_verified_stop range=null bearing=null rss=10.535003
09-01 15:12:15.022  3426  3426 I de4sdv_aebs_ingress: frame accepted and published sequence=23145
09-01 15:12:15.023  3381  3397 I AebsFrameSubscriber: onMessagesAvailable callback
09-01 15:12:15.023  3381  3397 I AebsFrameSubscriber: readNextMessages count=1
09-01 15:12:15.023  3381  3397 I MainActivity: onGatewayFrame: frame seq=23145 egoSpeed=6.876007 pts=0 intervention=false warning=false braking=true lifecycle=released_verified_stop range=null bearing=null rss=10.535003
09-01 15:12:15.122  3426  3426 I de4sdv_aebs_ingress: frame accepted and published sequence=23146
09-01 15:12:15.123  3381  3397 I AebsFrameSubscriber: onMessagesAvailable callback
09-01 15:12:15.123  3381  3397 I AebsFrameSubscriber: readNextMessages count=1
09-01 15:12:15.123  3381  3397 I MainActivity: onGatewayFrame: frame seq=23146 egoSpeed=6.876007 pts=0 intervention=false warning=false braking=true lifecycle=released_verified_stop range=null bearing=null rss=10.535003
09-01 15:12:15.222  3426  3426 I de4sdv_aebs_ingress: frame accepted and published sequence=23147
09-01 15:12:15.223  3381  3397 I AebsFrameSubscriber: onMessagesAvailable callback
09-01 15:12:15.223  3381  3397 I AebsFrameSubscriber: readNextMessages count=1
09-01 15:12:15.223  3381  3397 I MainActivity: onGatewayFrame: frame seq=23147 egoSpeed=6.876007 pts=0 intervention=false warning=false braking=true lifecycle=released_verified_stop range=null bearing=null rss=10.535003
09-01 15:12:15.322  3426  3426 I de4sdv_aebs_ingress: frame accepted and published sequence=23148
09-01 15:12:15.323  3381  3397 I AebsFrameSubscriber: onMessagesAvailable callback
09-01 15:12:15.323  3381  3397 I AebsFrameSubscriber: readNextMessages count=1
09-01 15:12:15.323  3381  3397 I MainActivity: onGatewayFrame: frame seq=23148 egoSpeed=6.876007 pts=0 intervention=false warning=false braking=true lifecycle=released_verified_stop range=null bearing=null rss=10.535003
09-01 15:12:15.422  3426  3426 I de4sdv_aebs_ingress: frame accepted and published sequence=23149
09-01 15:12:15.423  3381  3397 I AebsFrameSubscriber: onMessagesAvailable callback
09-01 15:12:15.423  3381  3397 I AebsFrameSubscriber: readNextMessages count=1
09-01 15:12:15.423  3381  3397 I MainActivity: onGatewayFrame: frame seq=23149 egoSpeed=6.876007 pts=0 intervention=false warning=false braking=true lifecycle=released_verified_stop range=null bearing=null rss=10.535003
09-01 15:12:15.522  3426  3426 I de4sdv_aebs_ingress: frame accepted and published sequence=23150
09-01 15:12:15.523  3381  3397 I AebsFrameSubscriber: onMessagesAvailable callback
09-01 15:12:15.523  3381  3397 I AebsFrameSubscriber: readNextMessages count=1
09-01 15:12:15.523  3381  3397 I MainActivity: onGatewayFrame: frame seq=23150 egoSpeed=6.876007 pts=0 intervention=false warning=false braking=true lifecycle=released_verified_stop range=null bearing=null rss=10.535003
09-01 15:12:15.624  3426  3426 I de4sdv_aebs_ingress: frame accepted and published sequence=23151
09-01 15:12:15.625  3381  3397 I AebsFrameSubscriber: onMessagesAvailable callback
09-01 15:12:15.625  3381  3397 I AebsFrameSubscriber: readNextMessages count=1
09-01 15:12:15.625  3381  3397 I MainActivity: onGatewayFrame: frame seq=23151 egoSpeed=6.876007 pts=0 intervention=false warning=false braking=true lifecycle=released_verified_stop range=null bearing=null rss=10.535003
09-01 15:12:15.722  3426  3426 I de4sdv_aebs_ingress: frame accepted and published sequence=23152
09-01 15:12:15.722  3381  3397 I AebsFrameSubscriber: onMessagesAvailable callback
09-01 15:12:15.723  3381  3397 I AebsFrameSubscriber: readNextMessages count=1
09-01 15:12:15.723  3381  3397 I MainActivity: onGatewayFrame: frame seq=23152 egoSpeed=6.876007 pts=0 intervention=false warning=false braking=true lifecycle=released_verified_stop range=null bearing=null rss=10.535003
09-01 15:12:15.757   876   876 D EmulatedVehicleHardware: Set value for property ID: 290459441
09-01 15:12:15.758   876  1883 E VhalProxy: Publisher with id: 290459441 does not exist in vhal proxy
09-01 15:12:15.822  3426  3426 I de4sdv_aebs_ingress: frame accepted and published sequence=23153
09-01 15:12:15.822  3381  3397 I AebsFrameSubscriber: onMessagesAvailable callback
09-01 15:12:15.823  3381  3397 I AebsFrameSubscriber: readNextMessages count=1
09-01 15:12:15.823  3381  3397 I MainActivity: onGatewayFrame: frame seq=23153 egoSpeed=6.876007 pts=0 intervention=false warning=false braking=true lifecycle=released_verified_stop range=null bearing=null rss=10.535003
09-01 15:12:15.922  3426  3426 I de4sdv_aebs_ingress: frame accepted and published sequence=23154
09-01 15:12:15.923  3381  3397 I AebsFrameSubscriber: onMessagesAvailable callback
09-01 15:12:15.923  3381  3397 I AebsFrameSubscriber: readNextMessages count=1
09-01 15:12:15.923  3381  3397 I MainActivity: onGatewayFrame: frame seq=23154 egoSpeed=6.876007 pts=0 intervention=false warning=false braking=true lifecycle=released_verified_stop range=null bearing=null rss=10.535003
09-01 15:12:16.022  3426  3426 I de4sdv_aebs_ingress: frame accepted and published sequence=23155
09-01 15:12:16.023  3381  3397 I AebsFrameSubscriber: onMessagesAvailable callback
09-01 15:12:16.023  3381  3397 I AebsFrameSubscriber: readNextMessages count=1
09-01 15:12:16.023  3381  3397 I MainActivity: onGatewayFrame: frame seq=23155 egoSpeed=6.876007 pts=0 intervention=false warning=false braking=true lifecycle=released_verified_stop range=null bearing=null rss=10.535003
09-01 15:12:16.122  3426  3426 I de4sdv_aebs_ingress: frame accepted and published sequence=23156
09-01 15:12:16.123  3381  3397 I AebsFrameSubscriber: onMessagesAvailable callback
09-01 15:12:16.123  3381  3397 I AebsFrameSubscriber: readNextMessages count=1
09-01 15:12:16.123  3381  3397 I MainActivity: onGatewayFrame: frame seq=23156 egoSpeed=6.876007 pts=0 intervention=false warning=false braking=true lifecycle=released_verified_stop range=null bearing=null rss=10.535003
09-01 15:12:16.222  3426  3426 I de4sdv_aebs_ingress: frame accepted and published sequence=23157
09-01 15:12:16.223  3381  3397 I AebsFrameSubscriber: onMessagesAvailable callback
09-01 15:12:16.223  3381  3397 I AebsFrameSubscriber: readNextMessages count=1
09-01 15:12:16.223  3381  3397 I MainActivity: onGatewayFrame: frame seq=23157 egoSpeed=6.876007 pts=0 intervention=false warning=false braking=true lifecycle=released_verified_stop range=null bearing=null rss=10.535003
09-01 15:12:16.322  3426  3426 I de4sdv_aebs_ingress: frame accepted and published sequence=23158
09-01 15:12:16.323  3381  3397 I AebsFrameSubscriber: onMessagesAvailable callback
09-01 15:12:16.323  3381  3397 I AebsFrameSubscriber: readNextMessages count=1
09-01 15:12:16.323  3381  3397 I MainActivity: onGatewayFrame: frame seq=23158 egoSpeed=6.876007 pts=0 intervention=false warning=false braking=true lifecycle=released_verified_stop range=null bearing=null rss=10.535003
09-01 15:12:16.422  3426  3426 I de4sdv_aebs_ingress: frame accepted and published sequence=23159
09-01 15:12:16.423  3381  3397 I AebsFrameSubscriber: onMessagesAvailable callback
09-01 15:12:16.423  3381  3397 I AebsFrameSubscriber: readNextMessages count=1
09-01 15:12:16.423  3381  3397 I MainActivity: onGatewayFrame: frame seq=23159 egoSpeed=6.876007 pts=0 intervention=false warning=false braking=true lifecycle=released_verified_stop range=null bearing=null rss=10.535003
09-01 15:12:16.522  3426  3426 I de4sdv_aebs_ingress: frame accepted and published sequence=23160
09-01 15:12:16.523  3381  3397 I AebsFrameSubscriber: onMessagesAvailable callback
09-01 15:12:16.523  3381  3397 I AebsFrameSubscriber: readNextMessages count=1
09-01 15:12:16.523  3381  3397 I MainActivity: onGatewayFrame: frame seq=23160 egoSpeed=6.876007 pts=0 intervention=false warning=false braking=true lifecycle=released_verified_stop range=null bearing=null rss=10.535003
09-01 15:12:16.564   905  3547 D AidlBufferPool: bufferpool2 0x7a9b46a0b798 : 2(1944000 size) total buffers - 1(972000 size) used buffers - 399/401 (recycle/alloc) - 3/400 (fetch/transfer)
09-01 15:12:16.622  3426  3426 I de4sdv_aebs_ingress: frame accepted and published sequence=23161
09-01 15:12:16.623  3381  3397 I AebsFrameSubscriber: onMessagesAvailable callback
09-01 15:12:16.623  3381  3397 I AebsFrameSubscriber: readNextMessages count=1
09-01 15:12:16.623  3381  3397 I MainActivity: onGatewayFrame: frame seq=23161 egoSpeed=6.876007 pts=0 intervention=false warning=false braking=true lifecycle=released_verified_stop range=null bearing=null rss=10.535003
09-01 15:12:16.723  3426  3426 I de4sdv_aebs_ingress: frame accepted and published sequence=23162
09-01 15:12:16.723  3381  3397 I AebsFrameSubscriber: onMessagesAvailable callback
09-01 15:12:16.723  3381  3397 I AebsFrameSubscriber: readNextMessages count=1
09-01 15:12:16.724  3381  3397 I MainActivity: onGatewayFrame: frame seq=23162 egoSpeed=6.876007 pts=0 intervention=false warning=false braking=true lifecycle=released_verified_stop range=null bearing=null rss=10.535003
09-01 15:12:16.822  3426  3426 I de4sdv_aebs_ingress: frame accepted and published sequence=23163
09-01 15:12:16.822  3381  3397 I AebsFrameSubscriber: onMessagesAvailable callback
09-01 15:12:16.823  3381  3397 I AebsFrameSubscriber: readNextMessages count=1
09-01 15:12:16.823  3381  3397 I MainActivity: onGatewayFrame: frame seq=23163 egoSpeed=6.876007 pts=0 intervention=false warning=false braking=true lifecycle=released_verified_stop range=null bearing=null rss=10.535003
09-01 15:12:16.922  3426  3426 I de4sdv_aebs_ingress: frame accepted and published sequence=23164
09-01 15:12:16.922  3381  3397 I AebsFrameSubscriber: onMessagesAvailable callback
09-01 15:12:16.923  3381  3397 I AebsFrameSubscriber: readNextMessages count=1
09-01 15:12:16.923  3381  3397 I MainActivity: onGatewayFrame: frame seq=23164 egoSpeed=6.876007 pts=0 intervention=false warning=false braking=true lifecycle=released_verified_stop range=null bearing=null rss=10.535003
09-01 15:12:16.975  1017  1032 I WifiService: getConnectionInfo uid=1010110
09-01 15:12:17.022  3426  3426 I de4sdv_aebs_ingress: frame accepted and published sequence=23165
09-01 15:12:17.022  3381  3397 I AebsFrameSubscriber: onMessagesAvailable callback
09-01 15:12:17.023  3381  3397 I AebsFrameSubscriber: readNextMessages count=1
09-01 15:12:17.023  3381  3397 I MainActivity: onGatewayFrame: frame seq=23165 egoSpeed=6.876007 pts=0 intervention=false warning=false braking=true lifecycle=released_verified_stop range=null bearing=null rss=10.535003
09-01 15:12:17.122  3426  3426 I de4sdv_aebs_ingress: frame accepted and published sequence=23166
09-01 15:12:17.122  3381  3397 I AebsFrameSubscriber: onMessagesAvailable callback
09-01 15:12:17.123  3381  3397 I AebsFrameSubscriber: readNextMessages count=1
09-01 15:12:17.123  3381  3397 I MainActivity: onGatewayFrame: frame seq=23166 egoSpeed=6.876007 pts=0 intervention=false warning=false braking=true lifecycle=released_verified_stop range=null bearing=null rss=10.535003
09-01 15:12:17.222  3426  3426 I de4sdv_aebs_ingress: frame accepted and published sequence=23167
09-01 15:12:17.223  3381  3397 I AebsFrameSubscriber: onMessagesAvailable callback
09-01 15:12:17.223  3381  3397 I AebsFrameSubscriber: readNextMessages count=1
09-01 15:12:17.223  3381  3397 I MainActivity: onGatewayFrame: frame seq=23167 egoSpeed=6.876007 pts=0 intervention=false warning=false braking=true lifecycle=released_verified_stop range=null bearing=null rss=10.535003
09-01 15:12:17.322  3426  3426 I de4sdv_aebs_ingress: frame accepted and published sequence=23168
09-01 15:12:17.323  3381  3397 I AebsFrameSubscriber: onMessagesAvailable callback
09-01 15:12:17.323  3381  3397 I AebsFrameSubscriber: readNextMessages count=1
09-01 15:12:17.324  3381  3397 I MainActivity: onGatewayFrame: frame seq=23168 egoSpeed=6.876007 pts=0 intervention=false warning=false braking=true lifecycle=released_verified_stop range=null bearing=null rss=10.535003
09-01 15:12:17.422  3426  3426 I de4sdv_aebs_ingress: frame accepted and published sequence=23169
09-01 15:12:17.423  3381  3397 I AebsFrameSubscriber: onMessagesAvailable callback
09-01 15:12:17.423  3381  3397 I AebsFrameSubscriber: readNextMessages count=1
09-01 15:12:17.423  3381  3397 I MainActivity: onGatewayFrame: frame seq=23169 egoSpeed=6.876007 pts=0 intervention=false warning=false braking=true lifecycle=released_verified_stop range=null bearing=null rss=10.535003
09-01 15:12:17.522  3426  3426 I de4sdv_aebs_ingress: frame accepted and published sequence=23170
09-01 15:12:17.522  3381  3397 I AebsFrameSubscriber: onMessagesAvailable callback
09-01 15:12:17.523  3381  3397 I AebsFrameSubscriber: readNextMessages count=1
09-01 15:12:17.523  3381  3397 I MainActivity: onGatewayFrame: frame seq=23170 egoSpeed=6.876007 pts=0 intervention=false warning=false braking=true lifecycle=released_verified_stop range=null bearing=null rss=10.535003
09-01 15:12:17.531  3347  3347 I adbd    : adbd service requested 'shell,raw:cut -d. -f1 /proc/uptime'
09-01 15:12:17.622  3426  3426 I de4sdv_aebs_ingress: frame accepted and published sequence=23171
09-01 15:12:17.623  3381  3397 I AebsFrameSubscriber: onMessagesAvailable callback
09-01 15:12:17.623  3381  3397 I AebsFrameSubscriber: readNextMessages count=1
09-01 15:12:17.623  3381  3397 I MainActivity: onGatewayFrame: frame seq=23171 egoSpeed=6.876007 pts=0 intervention=false warning=false braking=true lifecycle=released_verified_stop range=null bearing=null rss=10.535003
09-01 15:12:17.722  3426  3426 I de4sdv_aebs_ingress: frame accepted and published sequence=23172
09-01 15:12:17.723  3381  3397 I AebsFrameSubscriber: onMessagesAvailable callback
09-01 15:12:17.723  3381  3397 I AebsFrameSubscriber: readNextMessages count=1
09-01 15:12:17.723  3381  3397 I MainActivity: onGatewayFrame: frame seq=23172 egoSpeed=6.876007 pts=0 intervention=false warning=false braking=true lifecycle=released_verified_stop range=null bearing=null rss=10.535003
09-01 15:12:17.822  3426  3426 I de4sdv_aebs_ingress: frame accepted and published sequence=23173
09-01 15:12:17.822  3381  3397 I AebsFrameSubscriber: onMessagesAvailable callback
09-01 15:12:17.823  3381  3397 I AebsFrameSubscriber: readNextMessages count=1
09-01 15:12:17.823  3381  3397 I MainActivity: onGatewayFrame: frame seq=23173 egoSpeed=6.876007 pts=0 intervention=false warning=false braking=true lifecycle=released_verified_stop range=null bearing=null rss=10.535003
09-01 15:12:17.922  3426  3426 I de4sdv_aebs_ingress: frame accepted and published sequence=23174
09-01 15:12:17.923  3381  3397 I AebsFrameSubscriber: onMessagesAvailable callback
09-01 15:12:17.923  3381  3397 I AebsFrameSubscriber: readNextMessages count=1
09-01 15:12:17.923  3381  3397 I MainActivity: onGatewayFrame: frame seq=23174 egoSpeed=6.876007 pts=0 intervention=false warning=false braking=true lifecycle=released_verified_stop range=null bearing=null rss=10.535003
09-01 15:12:18.022  3426  3426 I de4sdv_aebs_ingress: frame accepted and published sequence=23175
09-01 15:12:18.023  3381  3397 I AebsFrameSubscriber: onMessagesAvailable callback
09-01 15:12:18.023  3381  3397 I AebsFrameSubscriber: readNextMessages count=1
09-01 15:12:18.023  3381  3397 I MainActivity: onGatewayFrame: frame seq=23175 egoSpeed=6.876007 pts=0 intervention=false warning=false braking=true lifecycle=released_verified_stop range=null bearing=null rss=10.535003
09-01 15:12:18.122  3426  3426 I de4sdv_aebs_ingress: frame accepted and published sequence=23176
09-01 15:12:18.122  3381  3397 I AebsFrameSubscriber: onMessagesAvailable callback
09-01 15:12:18.123  3381  3397 I AebsFrameSubscriber: readNextMessages count=1
09-01 15:12:18.123  3381  3397 I MainActivity: onGatewayFrame: frame seq=23176 egoSpeed=6.876007 pts=0 intervention=false warning=false braking=true lifecycle=released_verified_stop range=null bearing=null rss=10.535003
09-01 15:12:18.222  3426  3426 I de4sdv_aebs_ingress: frame accepted and published sequence=23177
09-01 15:12:18.222  3381  3397 I AebsFrameSubscriber: onMessagesAvailable callback
09-01 15:12:18.223  3381  3397 I AebsFrameSubscriber: readNextMessages count=1
09-01 15:12:18.223  3381  3397 I MainActivity: onGatewayFrame: frame seq=23177 egoSpeed=6.876007 pts=0 intervention=false warning=false braking=true lifecycle=released_verified_stop range=null bearing=null rss=10.535003
09-01 15:12:18.322  3426  3426 I de4sdv_aebs_ingress: frame accepted and published sequence=23178
09-01 15:12:18.322  3381  3397 I AebsFrameSubscriber: onMessagesAvailable callback
09-01 15:12:18.323  3381  3397 I AebsFrameSubscriber: readNextMessages count=1
09-01 15:12:18.323  3381  3397 I MainActivity: onGatewayFrame: frame seq=23178 egoSpeed=6.876007 pts=0 intervention=false warning=false braking=true lifecycle=released_verified_stop range=null bearing=null rss=10.535003
09-01 15:12:18.422  3426  3426 I de4sdv_aebs_ingress: frame accepted and published sequence=23179
09-01 15:12:18.422  3381  3397 I AebsFrameSubscriber: onMessagesAvailable callback
09-01 15:12:18.422  3381  3397 I AebsFrameSubscriber: readNextMessages count=1
09-01 15:12:18.422  3381  3397 I MainActivity: onGatewayFrame: frame seq=23179 egoSpeed=6.876007 pts=0 intervention=false warning=false braking=true lifecycle=released_verified_stop range=null bearing=null rss=10.535003
09-01 15:12:18.522  3426  3426 I de4sdv_aebs_ingress: frame accepted and published sequence=23180
09-01 15:12:18.522  3381  3397 I AebsFrameSubscriber: onMessagesAvailable callback
09-01 15:12:18.523  3381  3397 I AebsFrameSubscriber: readNextMessages count=1
09-01 15:12:18.523  3381  3397 I MainActivity: onGatewayFrame: frame seq=23180 egoSpeed=6.876007 pts=0 intervention=false warning=false braking=true lifecycle=released_verified_stop range=null bearing=null rss=10.535003
09-01 15:12:18.622  3426  3426 I de4sdv_aebs_ingress: frame accepted and published sequence=23181
09-01 15:12:18.622  3381  3397 I AebsFrameSubscriber: onMessagesAvailable callback
09-01 15:12:18.622  3381  3397 I AebsFrameSubscriber: readNextMessages count=1
09-01 15:12:18.623  3381  3397 I MainActivity: onGatewayFrame: frame seq=23181 egoSpeed=6.876007 pts=0 intervention=false warning=false braking=true lifecycle=released_verified_stop range=null bearing=null rss=10.535003
09-01 15:12:18.722  3426  3426 I de4sdv_aebs_ingress: frame accepted and published sequence=23182
09-01 15:12:18.723  3381  3397 I AebsFrameSubscriber: onMessagesAvailable callback
09-01 15:12:18.723  3381  3397 I AebsFrameSubscriber: readNextMessages count=1
09-01 15:12:18.723  3381  3397 I MainActivity: onGatewayFrame: frame seq=23182 egoSpeed=6.876007 pts=0 intervention=false warning=false braking=true lifecycle=released_verified_stop range=null bearing=null rss=10.535003
09-01 15:12:18.762   876   876 D EmulatedVehicleHardware: Set value for property ID: 290459441
09-01 15:12:18.762   876  1883 E VhalProxy: Publisher with id: 290459441 does not exist in vhal proxy
09-01 15:12:18.822  3426  3426 I de4sdv_aebs_ingress: frame accepted and published sequence=23183
09-01 15:12:18.822  3381  3397 I AebsFrameSubscriber: onMessagesAvailable callback
09-01 15:12:18.822  3381  3397 I AebsFrameSubscriber: readNextMessages count=1
09-01 15:12:18.823  3381  3397 I MainActivity: onGatewayFrame: frame seq=23183 egoSpeed=6.876007 pts=0 intervention=false warning=false braking=true lifecycle=released_verified_stop range=null bearing=null rss=10.535003
09-01 15:12:18.922  3426  3426 I de4sdv_aebs_ingress: frame accepted and published sequence=23184
09-01 15:12:18.922  3381  3397 I AebsFrameSubscriber: onMessagesAvailable callback
09-01 15:12:18.923  3381  3397 I AebsFrameSubscriber: readNextMessages count=1
09-01 15:12:18.923  3381  3397 I MainActivity: onGatewayFrame: frame seq=23184 egoSpeed=6.876007 pts=0 intervention=false warning=false braking=true lifecycle=released_verified_stop range=null bearing=null rss=10.535003
09-01 15:12:19.022  3426  3426 I de4sdv_aebs_ingress: frame accepted and published sequence=23185
09-01 15:12:19.022  3381  3397 I AebsFrameSubscriber: onMessagesAvailable callback
09-01 15:12:19.023  3381  3397 I AebsFrameSubscriber: readNextMessages count=1
09-01 15:12:19.023  3381  3397 I MainActivity: onGatewayFrame: frame seq=23185 egoSpeed=6.876007 pts=0 intervention=false warning=false braking=true lifecycle=released_verified_stop range=null bearing=null rss=10.535003
09-01 15:12:19.122  3426  3426 I de4sdv_aebs_ingress: frame accepted and published sequence=23186
09-01 15:12:19.123  3381  3397 I AebsFrameSubscriber: onMessagesAvailable callback
09-01 15:12:19.123  3381  3397 I AebsFrameSubscriber: readNextMessages count=1
09-01 15:12:19.123  3381  3397 I MainActivity: onGatewayFrame: frame seq=23186 egoSpeed=6.876007 pts=0 intervention=false warning=false braking=true lifecycle=released_verified_stop range=null bearing=null rss=10.535003
09-01 15:12:19.222  3426  3426 I de4sdv_aebs_ingress: frame accepted and published sequence=23187
09-01 15:12:19.222  3381  3397 I AebsFrameSubscriber: onMessagesAvailable callback
09-01 15:12:19.223  3381  3397 I AebsFrameSubscriber: readNextMessages count=1
09-01 15:12:19.223  3381  3397 I MainActivity: onGatewayFrame: frame seq=23187 egoSpeed=6.876007 pts=0 intervention=false warning=false braking=true lifecycle=released_verified_stop range=null bearing=null rss=10.535003
09-01 15:12:19.322  3426  3426 I de4sdv_aebs_ingress: frame accepted and published sequence=23188
09-01 15:12:19.322  3381  3397 I AebsFrameSubscriber: onMessagesAvailable callback
09-01 15:12:19.322  3381  3397 I AebsFrameSubscriber: readNextMessages count=1
09-01 15:12:19.323  3381  3397 I MainActivity: onGatewayFrame: frame seq=23188 egoSpeed=6.876007 pts=0 intervention=false warning=false braking=true lifecycle=released_verified_stop range=null bearing=null rss=10.535003
09-01 15:12:19.422  3426  3426 I de4sdv_aebs_ingress: frame accepted and published sequence=23189
09-01 15:12:19.422  3381  3397 I AebsFrameSubscriber: onMessagesAvailable callback
09-01 15:12:19.423  3381  3397 I AebsFrameSubscriber: readNextMessages count=1
09-01 15:12:19.423  3381  3397 I MainActivity: onGatewayFrame: frame seq=23189 egoSpeed=6.876007 pts=0 intervention=false warning=false braking=true lifecycle=released_verified_stop range=null bearing=null rss=10.535003
09-01 15:12:19.523  3426  3426 I de4sdv_aebs_ingress: frame accepted and published sequence=23190
09-01 15:12:19.523  3381  3397 I AebsFrameSubscriber: onMessagesAvailable callback
09-01 15:12:19.524  3381  3397 I AebsFrameSubscriber: readNextMessages count=1
09-01 15:12:19.524  3381  3397 I MainActivity: onGatewayFrame: frame seq=23190 egoSpeed=6.876007 pts=0 intervention=false warning=false braking=true lifecycle=released_verified_stop range=null bearing=null rss=10.535003
09-01 15:12:19.622  3426  3426 I de4sdv_aebs_ingress: frame accepted and published sequence=23191
09-01 15:12:19.622  3381  3397 I AebsFrameSubscriber: onMessagesAvailable callback
09-01 15:12:19.623  3381  3397 I AebsFrameSubscriber: readNextMessages count=1
09-01 15:12:19.623  3381  3397 I MainActivity: onGatewayFrame: frame seq=23191 egoSpeed=6.876007 pts=0 intervention=false warning=false braking=true lifecycle=released_verified_stop range=null bearing=null rss=10.535003
09-01 15:12:19.722  3426  3426 I de4sdv_aebs_ingress: frame accepted and published sequence=23192
09-01 15:12:19.722  3381  3397 I AebsFrameSubscriber: onMessagesAvailable callback
09-01 15:12:19.722  3381  3397 I AebsFrameSubscriber: readNextMessages count=1
09-01 15:12:19.722  3381  3397 I MainActivity: onGatewayFrame: frame seq=23192 egoSpeed=6.876007 pts=0 intervention=false warning=false braking=true lifecycle=released_verified_stop range=null bearing=null rss=10.535003
09-01 15:12:19.822  3426  3426 I de4sdv_aebs_ingress: frame accepted and published sequence=23193
09-01 15:12:19.823  3381  3397 I AebsFrameSubscriber: onMessagesAvailable callback
09-01 15:12:19.823  3381  3397 I AebsFrameSubscriber: readNextMessages count=1
09-01 15:12:19.823  3381  3397 I MainActivity: onGatewayFrame: frame seq=23193 egoSpeed=6.876007 pts=0 intervention=false warning=false braking=true lifecycle=released_verified_stop range=null bearing=null rss=10.535003
09-01 15:12:19.922  3426  3426 I de4sdv_aebs_ingress: frame accepted and published sequence=23194
09-01 15:12:19.922  3381  3397 I AebsFrameSubscriber: onMessagesAvailable callback
09-01 15:12:19.923  3381  3397 I AebsFrameSubscriber: readNextMessages count=1
09-01 15:12:19.923  3381  3397 I MainActivity: onGatewayFrame: frame seq=23194 egoSpeed=6.876007 pts=0 intervention=false warning=false braking=true lifecycle=released_verified_stop range=null bearing=null rss=10.535003
09-01 15:12:20.022  3426  3426 I de4sdv_aebs_ingress: frame accepted and published sequence=23195
09-01 15:12:20.022  3381  3397 I AebsFrameSubscriber: onMessagesAvailable callback
09-01 15:12:20.023  3381  3397 I AebsFrameSubscriber: readNextMessages count=1
09-01 15:12:20.023  3381  3397 I MainActivity: onGatewayFrame: frame seq=23195 egoSpeed=6.876007 pts=0 intervention=false warning=false braking=true lifecycle=released_verified_stop range=null bearing=null rss=10.535003
09-01 15:12:20.122  3426  3426 I de4sdv_aebs_ingress: frame accepted and published sequence=23196
09-01 15:12:20.122  3381  3397 I AebsFrameSubscriber: onMessagesAvailable callback
09-01 15:12:20.123  3381  3397 I AebsFrameSubscriber: readNextMessages count=1
09-01 15:12:20.123  3381  3397 I MainActivity: onGatewayFrame: frame seq=23196 egoSpeed=6.876007 pts=0 intervention=false warning=false braking=true lifecycle=released_verified_stop range=null bearing=null rss=10.535003
09-01 15:12:20.222  3426  3426 I de4sdv_aebs_ingress: frame accepted and published sequence=23197
09-01 15:12:20.222  3381  3397 I AebsFrameSubscriber: onMessagesAvailable callback
09-01 15:12:20.223  3381  3397 I AebsFrameSubscriber: readNextMessages count=1
09-01 15:12:20.223  3381  3397 I MainActivity: onGatewayFrame: frame seq=23197 egoSpeed=6.876007 pts=0 intervention=false warning=false braking=true lifecycle=released_verified_stop range=null bearing=null rss=10.535003
09-01 15:12:20.322  3426  3426 I de4sdv_aebs_ingress: frame accepted and published sequence=23198
09-01 15:12:20.323  3381  3397 I AebsFrameSubscriber: onMessagesAvailable callback
09-01 15:12:20.323  3381  3397 I AebsFrameSubscriber: readNextMessages count=1
09-01 15:12:20.323  3381  3397 I MainActivity: onGatewayFrame: frame seq=23198 egoSpeed=6.876007 pts=0 intervention=false warning=false braking=true lifecycle=released_verified_stop range=null bearing=null rss=10.535003
09-01 15:12:20.422  3426  3426 I de4sdv_aebs_ingress: frame accepted and published sequence=23199
09-01 15:12:20.422  3381  3397 I AebsFrameSubscriber: onMessagesAvailable callback
09-01 15:12:20.423  3381  3397 I AebsFrameSubscriber: readNextMessages count=1
09-01 15:12:20.423  3381  3397 I MainActivity: onGatewayFrame: frame seq=23199 egoSpeed=6.876007 pts=0 intervention=false warning=false braking=true lifecycle=released_verified_stop range=null bearing=null rss=10.535003
09-01 15:12:20.522  3426  3426 I de4sdv_aebs_ingress: frame accepted and published sequence=23200
09-01 15:12:20.522  3381  3397 I AebsFrameSubscriber: onMessagesAvailable callback
09-01 15:12:20.522  3381  3397 I AebsFrameSubscriber: readNextMessages count=1
09-01 15:12:20.522  3381  3397 I MainActivity: onGatewayFrame: frame seq=23200 egoSpeed=6.876007 pts=0 intervention=false warning=false braking=true lifecycle=released_verified_stop range=null bearing=null rss=10.535003
09-01 15:12:20.622  3426  3426 I de4sdv_aebs_ingress: frame accepted and published sequence=23201
09-01 15:12:20.622  3381  3397 I AebsFrameSubscriber: onMessagesAvailable callback
09-01 15:12:20.620  3381  3381 I pool-3-thread-1: type=1400 audit(0.0:243): avc:  denied  { read } for  path="pipe:[31179]" dev="pipefs" ino=31179 scontext=u:r:platform_app:s0:c522,c768 tcontext=u:r:sdv_gateway:s0 tclass=fifo_file permissive=1
09-01 15:12:20.623  3381  3397 I AebsFrameSubscriber: readNextMessages count=1
09-01 15:12:20.623  3381  3397 I MainActivity: onGatewayFrame: frame seq=23201 egoSpeed=6.876007 pts=0 intervention=false warning=false braking=true lifecycle=released_verified_stop range=null bearing=null rss=10.535003
09-01 15:12:20.620  3381  3381 W pool-3-thread-1: type=1300 audit(0.0:243): arch=c000003e syscall=0 success=yes exit=16 a0=61 a1=7aac7fe76010 a2=10 a3=0 items=0 ppid=701 auid=4294967295 uid=1010111 gid=1010111 euid=1010111 suid=1010111 fsuid=1010111 egid=1010111 sgid=1010111 fsgid=1010111 tty=(none) ses=4294967295 exe="/system/bin/app_process64" subj=u:r:platform_app:s0:c522,c768 key=(null)
09-01 15:12:20.620   467   467 W auditd  : type=1327 audit(0.0:243): proctitle="org.de4sdv.aebsvisualization"
09-01 15:12:20.620   467   467 W auditd  : type=1320 audit(0.0:243): 
09-01 15:12:20.722  3426  3426 I de4sdv_aebs_ingress: frame accepted and published sequence=23202
09-01 15:12:20.722  3381  3397 I AebsFrameSubscriber: onMessagesAvailable callback
09-01 15:12:20.723  3381  3397 I AebsFrameSubscriber: readNextMessages count=1
09-01 15:12:20.723  3381  3397 I MainActivity: onGatewayFrame: frame seq=23202 egoSpeed=6.876007 pts=0 intervention=false warning=false braking=true lifecycle=released_verified_stop range=null bearing=null rss=10.535003
09-01 15:12:20.822  3426  3426 I de4sdv_aebs_ingress: frame accepted and published sequence=23203
09-01 15:12:20.822  3381  3397 I AebsFrameSubscriber: onMessagesAvailable callback
09-01 15:12:20.823  3381  3397 I AebsFrameSubscriber: readNextMessages count=1
09-01 15:12:20.823  3381  3397 I MainActivity: onGatewayFrame: frame seq=23203 egoSpeed=6.876007 pts=0 intervention=false warning=false braking=true lifecycle=released_verified_stop range=null bearing=null rss=10.535003
09-01 15:12:20.922  3426  3426 I de4sdv_aebs_ingress: frame accepted and published sequence=23204
09-01 15:12:20.922  3381  3397 I AebsFrameSubscriber: onMessagesAvailable callback
09-01 15:12:20.922  3381  3397 I AebsFrameSubscriber: readNextMessages count=1
09-01 15:12:20.922  3381  3397 I MainActivity: onGatewayFrame: frame seq=23204 egoSpeed=6.876007 pts=0 intervention=false warning=false braking=true lifecycle=released_verified_stop range=null bearing=null rss=10.535003
09-01 15:12:21.022  3426  3426 I de4sdv_aebs_ingress: frame accepted and published sequence=23205
09-01 15:12:21.022  3381  3397 I AebsFrameSubscriber: onMessagesAvailable callback
09-01 15:12:21.022  3381  3397 I AebsFrameSubscriber: readNextMessages count=1
09-01 15:12:21.023  3381  3397 I MainActivity: onGatewayFrame: frame seq=23205 egoSpeed=6.876007 pts=0 intervention=false warning=false braking=true lifecycle=released_verified_stop range=null bearing=null rss=10.535003
09-01 15:12:21.122  3426  3426 I de4sdv_aebs_ingress: frame accepted and published sequence=23206
09-01 15:12:21.122  3381  3397 I AebsFrameSubscriber: onMessagesAvailable callback
09-01 15:12:21.123  3381  3397 I AebsFrameSubscriber: readNextMessages count=1
09-01 15:12:21.123  3381  3397 I MainActivity: onGatewayFrame: frame seq=23206 egoSpeed=6.876007 pts=0 intervention=false warning=false braking=true lifecycle=released_verified_stop range=null bearing=null rss=10.535003
09-01 15:12:21.222  3426  3426 I de4sdv_aebs_ingress: frame accepted and published sequence=23207
09-01 15:12:21.223  3381  3397 I AebsFrameSubscriber: onMessagesAvailable callback
09-01 15:12:21.223  3381  3397 I AebsFrameSubscriber: readNextMessages count=1
09-01 15:12:21.223  3381  3397 I MainActivity: onGatewayFrame: frame seq=23207 egoSpeed=6.876007 pts=0 intervention=false warning=false braking=true lifecycle=released_verified_stop range=null bearing=null rss=10.535003
09-01 15:12:21.322  3426  3426 I de4sdv_aebs_ingress: frame accepted and published sequence=23208
09-01 15:12:21.322  3381  3397 I AebsFrameSubscriber: onMessagesAvailable callback
09-01 15:12:21.322  3381  3397 I AebsFrameSubscriber: readNextMessages count=1
09-01 15:12:21.322  3381  3397 I MainActivity: onGatewayFrame: frame seq=23208 egoSpeed=6.876007 pts=0 intervention=false warning=false braking=true lifecycle=released_verified_stop range=null bearing=null rss=10.535003
09-01 15:12:21.422  3426  3426 I de4sdv_aebs_ingress: frame accepted and published sequence=23209
09-01 15:12:21.423  3381  3397 I AebsFrameSubscriber: onMessagesAvailable callback
09-01 15:12:21.423  3381  3397 I AebsFrameSubscriber: readNextMessages count=1
09-01 15:12:21.423  3381  3397 I MainActivity: onGatewayFrame: frame seq=23209 egoSpeed=6.876007 pts=0 intervention=false warning=false braking=true lifecycle=released_verified_stop range=null bearing=null rss=10.535003
09-01 15:12:21.522  3426  3426 I de4sdv_aebs_ingress: frame accepted and published sequence=23210
09-01 15:12:21.522  3381  3397 I AebsFrameSubscriber: onMessagesAvailable callback
09-01 15:12:21.522  3381  3397 I AebsFrameSubscriber: readNextMessages count=1
09-01 15:12:21.522  3381  3397 I MainActivity: onGatewayFrame: frame seq=23210 egoSpeed=6.876007 pts=0 intervention=false warning=false braking=true lifecycle=released_verified_stop range=null bearing=null rss=10.535003
09-01 15:12:21.622  3426  3426 I de4sdv_aebs_ingress: frame accepted and published sequence=23211
09-01 15:12:21.622  3381  3397 I AebsFrameSubscriber: onMessagesAvailable callback
09-01 15:12:21.623  3381  3397 I AebsFrameSubscriber: readNextMessages count=1
09-01 15:12:21.623  3381  3397 I MainActivity: onGatewayFrame: frame seq=23211 egoSpeed=6.876007 pts=0 intervention=false warning=false braking=true lifecycle=released_verified_stop range=null bearing=null rss=10.535003
09-01 15:12:21.722  3426  3426 I de4sdv_aebs_ingress: frame accepted and published sequence=23212
09-01 15:12:21.723  3381  3397 I AebsFrameSubscriber: onMessagesAvailable callback
09-01 15:12:21.723  3381  3397 I AebsFrameSubscriber: readNextMessages count=1
09-01 15:12:21.724  3381  3397 I MainActivity: onGatewayFrame: frame seq=23212 egoSpeed=6.876007 pts=0 intervention=false warning=false braking=true lifecycle=released_verified_stop range=null bearing=null rss=10.535003
09-01 15:12:21.763   876   876 D EmulatedVehicleHardware: Set value for property ID: 290459441
09-01 15:12:21.764   876  1883 E VhalProxy: Publisher with id: 290459441 does not exist in vhal proxy
09-01 15:12:21.822  3426  3426 I de4sdv_aebs_ingress: frame accepted and published sequence=23213
09-01 15:12:21.822  3381  3397 I AebsFrameSubscriber: onMessagesAvailable callback
09-01 15:12:21.822  3381  3397 I AebsFrameSubscriber: readNextMessages count=1
09-01 15:12:21.822  3381  3397 I MainActivity: onGatewayFrame: frame seq=23213 egoSpeed=6.876007 pts=0 intervention=false warning=false braking=true lifecycle=released_verified_stop range=null bearing=null rss=10.535003
09-01 15:12:21.853   905  3547 D AidlBufferPool: bufferpool2 0x7a9b46a0b798 : 2(1944000 size) total buffers - 1(972000 size) used buffers - 477/479 (recycle/alloc) - 3/479 (fetch/transfer)
09-01 15:12:21.922  3426  3426 I de4sdv_aebs_ingress: frame accepted and published sequence=23214
09-01 15:12:21.922  3381  3397 I AebsFrameSubscriber: onMessagesAvailable callback
09-01 15:12:21.922  3381  3397 I AebsFrameSubscriber: readNextMessages count=1
09-01 15:12:21.922  3381  3397 I MainActivity: onGatewayFrame: frame seq=23214 egoSpeed=6.876007 pts=0 intervention=false warning=false braking=true lifecycle=released_verified_stop range=null bearing=null rss=10.535003
09-01 15:12:21.976  1766  1790 D SdvServiceManagerServer: main::mesh::manager: Watcher task instance3 woken up by: Timeout
09-01 15:12:21.976  1766  1790 D SdvServiceManagerServer: main::mesh::custom_verifier: Created ExternalVerifier with address 0x7c6bc800c430
09-01 15:12:21.976  1766  1790 I SdvServiceManagerServer: main::mesh::async_client: Connecting to instance3 at 192.168.99.5:2000 using secure TLS channel with DICE authentication
09-01 15:12:21.976  1766  1790 D SdvServiceManagerServer: main::mesh::manager: Watcher task instance2 woken up by: Timeout
09-01 15:12:21.976  1766  1790 D SdvServiceManagerServer: main::mesh::custom_verifier: Created ExternalVerifier with address 0x7c6bc800ec70
09-01 15:12:21.976  1766  1790 I SdvServiceManagerServer: main::mesh::async_client: Connecting to instance2 at 192.168.99.4:2000 using secure TLS channel with DICE authentication
09-01 15:12:21.978  1017  1123 I WifiService: getConnectionInfo uid=1010110
09-01 15:12:22.022  3426  3426 I de4sdv_aebs_ingress: frame accepted and published sequence=23215
09-01 15:12:22.022  3381  3397 I AebsFrameSubscriber: onMessagesAvailable callback
09-01 15:12:22.022  3381  3397 I AebsFrameSubscriber: readNextMessages count=1
09-01 15:12:22.023  3381  3397 I MainActivity: onGatewayFrame: frame seq=23215 egoSpeed=6.876007 pts=0 intervention=false warning=false braking=true lifecycle=released_verified_stop range=null bearing=null rss=10.535003
09-01 15:12:22.122  3426  3426 I de4sdv_aebs_ingress: frame accepted and published sequence=23216
09-01 15:12:22.122  3381  3397 I AebsFrameSubscriber: onMessagesAvailable callback
09-01 15:12:22.122  3381  3397 I AebsFrameSubscriber: readNextMessages count=1
09-01 15:12:22.122  3381  3397 I MainActivity: onGatewayFrame: frame seq=23216 egoSpeed=6.876007 pts=0 intervention=false warning=false braking=true lifecycle=released_verified_stop range=null bearing=null rss=10.535003
09-01 15:12:22.222  3426  3426 I de4sdv_aebs_ingress: frame accepted and published sequence=23217
09-01 15:12:22.222  3381  3397 I AebsFrameSubscriber: onMessagesAvailable callback
09-01 15:12:22.222  3381  3397 I AebsFrameSubscriber: readNextMessages count=1
09-01 15:12:22.222  3381  3397 I MainActivity: onGatewayFrame: frame seq=23217 egoSpeed=6.876007 pts=0 intervention=false warning=false braking=true lifecycle=released_verified_stop range=null bearing=null rss=10.535003
09-01 15:12:22.321  3426  3426 I de4sdv_aebs_ingress: frame accepted and published sequence=23218
09-01 15:12:22.322  3381  3397 I AebsFrameSubscriber: onMessagesAvailable callback
09-01 15:12:22.322  3381  3397 I AebsFrameSubscriber: readNextMessages count=1
09-01 15:12:22.323  3381  3397 I MainActivity: onGatewayFrame: frame seq=23218 egoSpeed=6.876007 pts=0 intervention=false warning=false braking=true lifecycle=released_verified_stop range=null bearing=null rss=10.535003
09-01 15:12:22.421  3426  3426 I de4sdv_aebs_ingress: frame accepted and published sequence=23219
09-01 15:12:22.422  3381  3397 I AebsFrameSubscriber: onMessagesAvailable callback
09-01 15:12:22.422  3381  3397 I AebsFrameSubscriber: readNextMessages count=1
09-01 15:12:22.422  3381  3397 I MainActivity: onGatewayFrame: frame seq=23219 egoSpeed=6.876007 pts=0 intervention=false warning=false braking=true lifecycle=released_verified_stop range=null bearing=null rss=10.535003
09-01 15:12:22.522  3426  3426 I de4sdv_aebs_ingress: frame accepted and published sequence=23220
09-01 15:12:22.522  3381  3397 I AebsFrameSubscriber: onMessagesAvailable callback
09-01 15:12:22.522  3381  3397 I AebsFrameSubscriber: readNextMessages count=1
09-01 15:12:22.522  3381  3397 I MainActivity: onGatewayFrame: frame seq=23220 egoSpeed=6.876007 pts=0 intervention=false warning=false braking=true lifecycle=released_verified_stop range=null bearing=null rss=10.535003
09-01 15:12:22.563  3347  3347 I adbd    : adbd service requested 'shell,raw:cut -d. -f1 /proc/uptime'
09-01 15:12:22.622  3426  3426 I de4sdv_aebs_ingress: frame accepted and published sequence=23221
09-01 15:12:22.622  3381  3397 I AebsFrameSubscriber: onMessagesAvailable callback
09-01 15:12:22.623  3381  3397 I AebsFrameSubscriber: readNextMessages count=1
09-01 15:12:22.623  3381  3397 I MainActivity: onGatewayFrame: frame seq=23221 egoSpeed=6.876007 pts=0 intervention=false warning=false braking=true lifecycle=released_verified_stop range=null bearing=null rss=10.535003
09-01 15:12:22.722  3426  3426 I de4sdv_aebs_ingress: frame accepted and published sequence=23222
09-01 15:12:22.722  3381  3397 I AebsFrameSubscriber: onMessagesAvailable callback
09-01 15:12:22.722  3381  3397 I AebsFrameSubscriber: readNextMessages count=1
09-01 15:12:22.722  3381  3397 I MainActivity: onGatewayFrame: frame seq=23222 egoSpeed=6.876007 pts=0 intervention=false warning=false braking=true lifecycle=released_verified_stop range=null bearing=null rss=10.535003
09-01 15:12:22.822  3426  3426 I de4sdv_aebs_ingress: frame accepted and published sequence=23223
09-01 15:12:22.822  3381  3397 I AebsFrameSubscriber: onMessagesAvailable callback
09-01 15:12:22.822  3381  3397 I AebsFrameSubscriber: readNextMessages count=1
09-01 15:12:22.822  3381  3397 I MainActivity: onGatewayFrame: frame seq=23223 egoSpeed=6.876007 pts=0 intervention=false warning=false braking=true lifecycle=released_verified_stop range=null bearing=null rss=10.535003
09-01 15:12:22.922  3426  3426 I de4sdv_aebs_ingress: frame accepted and published sequence=23224
09-01 15:12:22.922  3381  3397 I AebsFrameSubscriber: onMessagesAvailable callback
09-01 15:12:22.922  3381  3397 I AebsFrameSubscriber: readNextMessages count=1
09-01 15:12:22.923  3381  3397 I MainActivity: onGatewayFrame: frame seq=23224 egoSpeed=6.876007 pts=0 intervention=false warning=false braking=true lifecycle=released_verified_stop range=null bearing=null rss=10.535003
09-01 15:12:22.978  1766  1789 W SdvServiceManagerServer: main::mesh::manager: Attempt to reconnect to instance3 failed: Unable to connect to mesh. Channel state: GRPC_CHANNEL_CONNECTING
09-01 15:12:22.978  1766  1828 D SdvServiceManagerServer: main::mesh::custom_verifier: Dropping ExternalVerifier with address 0x7c6bc800c430
09-01 15:12:22.979  1766  1790 W SdvServiceManagerServer: main::mesh::manager: Attempt to reconnect to instance2 failed: Unable to connect to mesh. Channel state: GRPC_CHANNEL_CONNECTING
09-01 15:12:22.980  1766  1817 D SdvServiceManagerServer: main::mesh::custom_verifier: Dropping ExternalVerifier with address 0x7c6bc800ec70
09-01 15:12:23.022  3426  3426 I de4sdv_aebs_ingress: frame accepted and published sequence=23225
09-01 15:12:23.022  3381  3397 I AebsFrameSubscriber: onMessagesAvailable callback
09-01 15:12:23.022  3381  3397 I AebsFrameSubscriber: readNextMessages count=1
09-01 15:12:23.023  3381  3397 I MainActivity: onGatewayFrame: frame seq=23225 egoSpeed=6.876007 pts=0 intervention=false warning=false braking=true lifecycle=released_verified_stop range=null bearing=null rss=10.535003
09-01 15:12:23.122  3426  3426 I de4sdv_aebs_ingress: frame accepted and published sequence=23226
09-01 15:12:23.122  3381  3397 I AebsFrameSubscriber: onMessagesAvailable callback
09-01 15:12:23.123  3381  3397 I AebsFrameSubscriber: readNextMessages count=1
09-01 15:12:23.123  3381  3397 I MainActivity: onGatewayFrame: frame seq=23226 egoSpeed=6.876007 pts=0 intervention=false warning=false braking=true lifecycle=released_verified_stop range=null bearing=null rss=10.535003
09-01 15:12:23.222  3426  3426 I de4sdv_aebs_ingress: frame accepted and published sequence=23227
09-01 15:12:23.222  3381  3397 I AebsFrameSubscriber: onMessagesAvailable callback
09-01 15:12:23.223  3381  3397 I AebsFrameSubscriber: readNextMessages count=1
09-01 15:12:23.223  3381  3397 I MainActivity: onGatewayFrame: frame seq=23227 egoSpeed=6.876007 pts=0 intervention=false warning=false braking=true lifecycle=released_verified_stop range=null bearing=null rss=10.535003
09-01 15:12:23.322  3426  3426 I de4sdv_aebs_ingress: frame accepted and published sequence=23228
09-01 15:12:23.322  3381  3397 I AebsFrameSubscriber: onMessagesAvailable callback
09-01 15:12:23.323  3381  3397 I AebsFrameSubscriber: readNextMessages count=1
09-01 15:12:23.323  3381  3397 I MainActivity: onGatewayFrame: frame seq=23228 egoSpeed=6.876007 pts=0 intervention=false warning=false braking=true lifecycle=released_verified_stop range=null bearing=null rss=10.535003
09-01 15:12:23.422  3426  3426 I de4sdv_aebs_ingress: frame accepted and published sequence=23229
09-01 15:12:23.422  3381  3397 I AebsFrameSubscriber: onMessagesAvailable callback
09-01 15:12:23.423  3381  3397 I AebsFrameSubscriber: readNextMessages count=1
09-01 15:12:23.423  3381  3397 I MainActivity: onGatewayFrame: frame seq=23229 egoSpeed=6.876007 pts=0 intervention=false warning=false braking=true lifecycle=released_verified_stop range=null bearing=null rss=10.535003
09-01 15:12:23.521  3426  3426 I de4sdv_aebs_ingress: frame accepted and published sequence=23230
09-01 15:12:23.522  3381  3397 I AebsFrameSubscriber: onMessagesAvailable callback
09-01 15:12:23.523  3381  3397 I AebsFrameSubscriber: readNextMessages count=1
09-01 15:12:23.523  3381  3397 I MainActivity: onGatewayFrame: frame seq=23230 egoSpeed=6.876007 pts=0 intervention=false warning=false braking=true lifecycle=released_verified_stop range=null bearing=null rss=10.535003
09-01 15:12:23.621  3426  3426 I de4sdv_aebs_ingress: frame accepted and published sequence=23231
09-01 15:12:23.622  3381  3397 I AebsFrameSubscriber: onMessagesAvailable callback
09-01 15:12:23.622  3381  3397 I AebsFrameSubscriber: readNextMessages count=1
09-01 15:12:23.622  3381  3397 I MainActivity: onGatewayFrame: frame seq=23231 egoSpeed=6.876007 pts=0 intervention=false warning=false braking=true lifecycle=released_verified_stop range=null bearing=null rss=10.535003
09-01 15:12:23.722  3426  3426 I de4sdv_aebs_ingress: frame accepted and published sequence=23232
09-01 15:12:23.722  3381  3397 I AebsFrameSubscriber: onMessagesAvailable callback
09-01 15:12:23.722  3381  3397 I AebsFrameSubscriber: readNextMessages count=1
09-01 15:12:23.722  3381  3397 I MainActivity: onGatewayFrame: frame seq=23232 egoSpeed=6.876007 pts=0 intervention=false warning=false braking=true lifecycle=released_verified_stop range=null bearing=null rss=10.535003
09-01 15:12:23.821  3426  3426 I de4sdv_aebs_ingress: frame accepted and published sequence=23233
09-01 15:12:23.822  3381  3397 I AebsFrameSubscriber: onMessagesAvailable callback
09-01 15:12:23.822  3381  3397 I AebsFrameSubscriber: readNextMessages count=1
09-01 15:12:23.822  3381  3397 I MainActivity: onGatewayFrame: frame seq=23233 egoSpeed=6.876007 pts=0 intervention=false warning=false braking=true lifecycle=released_verified_stop range=null bearing=null rss=10.535003
09-01 15:12:23.921  3426  3426 I de4sdv_aebs_ingress: frame accepted and published sequence=23234
09-01 15:12:23.922  3381  3397 I AebsFrameSubscriber: onMessagesAvailable callback
09-01 15:12:23.922  3381  3397 I AebsFrameSubscriber: readNextMessages count=1
09-01 15:12:23.922  3381  3397 I MainActivity: onGatewayFrame: frame seq=23234 egoSpeed=6.876007 pts=0 intervention=false warning=false braking=true lifecycle=released_verified_stop range=null bearing=null rss=10.535003
09-01 15:12:24.021  3426  3426 I de4sdv_aebs_ingress: frame accepted and published sequence=23235
09-01 15:12:24.022  3381  3397 I AebsFrameSubscriber: onMessagesAvailable callback
09-01 15:12:24.022  3381  3397 I AebsFrameSubscriber: readNextMessages count=1
09-01 15:12:24.022  3381  3397 I MainActivity: onGatewayFrame: frame seq=23235 egoSpeed=6.876007 pts=0 intervention=false warning=false braking=true lifecycle=released_verified_stop range=null bearing=null rss=10.535003
09-01 15:12:24.122  3426  3426 I de4sdv_aebs_ingress: frame accepted and published sequence=23236
09-01 15:12:24.122  3381  3397 I AebsFrameSubscriber: onMessagesAvailable callback
09-01 15:12:24.122  3381  3397 I AebsFrameSubscriber: readNextMessages count=1
09-01 15:12:24.122  3381  3397 I MainActivity: onGatewayFrame: frame seq=23236 egoSpeed=6.876007 pts=0 intervention=false warning=false braking=true lifecycle=released_verified_stop range=null bearing=null rss=10.535003
09-01 15:12:24.222  3426  3426 I de4sdv_aebs_ingress: frame accepted and published sequence=23237
09-01 15:12:24.222  3381  3397 I AebsFrameSubscriber: onMessagesAvailable callback
09-01 15:12:24.222  3381  3397 I AebsFrameSubscriber: readNextMessages count=1
09-01 15:12:24.222  3381  3397 I MainActivity: onGatewayFrame: frame seq=23237 egoSpeed=6.876007 pts=0 intervention=false warning=false braking=true lifecycle=released_verified_stop range=null bearing=null rss=10.535003
09-01 15:12:24.322  3426  3426 I de4sdv_aebs_ingress: frame accepted and published sequence=23238
09-01 15:12:24.322  3381  3397 I AebsFrameSubscriber: onMessagesAvailable callback
09-01 15:12:24.322  3381  3397 I AebsFrameSubscriber: readNextMessages count=1
09-01 15:12:24.322  3381  3397 I MainActivity: onGatewayFrame: frame seq=23238 egoSpeed=6.876007 pts=0 intervention=false warning=false braking=true lifecycle=released_verified_stop range=null bearing=null rss=10.535003
09-01 15:12:24.423  3426  3426 I de4sdv_aebs_ingress: frame accepted and published sequence=23239
09-01 15:12:24.423  3381  3397 I AebsFrameSubscriber: onMessagesAvailable callback
09-01 15:12:24.423  3381  3397 I AebsFrameSubscriber: readNextMessages count=1
09-01 15:12:24.423  3381  3397 I MainActivity: onGatewayFrame: frame seq=23239 egoSpeed=6.876007 pts=0 intervention=false warning=false braking=true lifecycle=released_verified_stop range=null bearing=null rss=10.535003
09-01 15:12:24.521  3426  3426 I de4sdv_aebs_ingress: frame accepted and published sequence=23240
09-01 15:12:24.522  3381  3397 I AebsFrameSubscriber: onMessagesAvailable callback
09-01 15:12:24.522  3381  3397 I AebsFrameSubscriber: readNextMessages count=1
09-01 15:12:24.522  3381  3397 I MainActivity: onGatewayFrame: frame seq=23240 egoSpeed=6.876007 pts=0 intervention=false warning=false braking=true lifecycle=released_verified_stop range=null bearing=null rss=10.535003
09-01 15:12:24.621  3426  3426 I de4sdv_aebs_ingress: frame accepted and published sequence=23241
09-01 15:12:24.622  3381  3397 I AebsFrameSubscriber: onMessagesAvailable callback
09-01 15:12:24.622  3381  3397 I AebsFrameSubscriber: readNextMessages count=1
09-01 15:12:24.622  3381  3397 I MainActivity: onGatewayFrame: frame seq=23241 egoSpeed=6.876007 pts=0 intervention=false warning=false braking=true lifecycle=released_verified_stop range=null bearing=null rss=10.535003
09-01 15:12:24.721  3426  3426 I de4sdv_aebs_ingress: frame accepted and published sequence=23242
09-01 15:12:24.722  3381  3397 I AebsFrameSubscriber: onMessagesAvailable callback
09-01 15:12:24.722  3381  3397 I AebsFrameSubscriber: readNextMessages count=1
09-01 15:12:24.722  3381  3397 I MainActivity: onGatewayFrame: frame seq=23242 egoSpeed=6.876007 pts=0 intervention=false warning=false braking=true lifecycle=released_verified_stop range=null bearing=null rss=10.535003
09-01 15:12:24.767   876   876 D EmulatedVehicleHardware: Set value for property ID: 290459441
09-01 15:12:24.768   876  1883 E VhalProxy: Publisher with id: 290459441 does not exist in vhal proxy
09-01 15:12:24.822  3426  3426 I de4sdv_aebs_ingress: frame accepted and published sequence=23243
09-01 15:12:24.822  3381  3397 I AebsFrameSubscriber: onMessagesAvailable callback
09-01 15:12:24.822  3381  3397 I AebsFrameSubscriber: readNextMessages count=1
09-01 15:12:24.822  3381  3397 I MainActivity: onGatewayFrame: frame seq=23243 egoSpeed=6.876007 pts=0 intervention=false warning=false braking=true lifecycle=released_verified_stop range=null bearing=null rss=10.535003
09-01 15:12:24.922  3426  3426 I de4sdv_aebs_ingress: frame accepted and published sequence=23244
09-01 15:12:24.922  3381  3397 I AebsFrameSubscriber: onMessagesAvailable callback
09-01 15:12:24.922  3381  3397 I AebsFrameSubscriber: readNextMessages count=1
09-01 15:12:24.922  3381  3397 I MainActivity: onGatewayFrame: frame seq=23244 egoSpeed=6.876007 pts=0 intervention=false warning=false braking=true lifecycle=released_verified_stop range=null bearing=null rss=10.535003
09-01 15:12:25.022  3426  3426 I de4sdv_aebs_ingress: frame accepted and published sequence=23245
09-01 15:12:25.022  3381  3397 I AebsFrameSubscriber: onMessagesAvailable callback
09-01 15:12:25.023  3381  3397 I AebsFrameSubscriber: readNextMessages count=1
09-01 15:12:25.023  3381  3397 I MainActivity: onGatewayFrame: frame seq=23245 egoSpeed=6.876007 pts=0 intervention=false warning=false braking=true lifecycle=released_verified_stop range=null bearing=null rss=10.535003
09-01 15:12:25.122  3426  3426 I de4sdv_aebs_ingress: frame accepted and published sequence=23246
09-01 15:12:25.122  3381  3397 I AebsFrameSubscriber: onMessagesAvailable callback
09-01 15:12:25.122  3381  3397 I AebsFrameSubscriber: readNextMessages count=1
09-01 15:12:25.122  3381  3397 I MainActivity: onGatewayFrame: frame seq=23246 egoSpeed=6.876007 pts=0 intervention=false warning=false braking=true lifecycle=released_verified_stop range=null bearing=null rss=10.535003
09-01 15:12:25.222  3426  3426 I de4sdv_aebs_ingress: frame accepted and published sequence=23247
09-01 15:12:25.222  3381  3397 I AebsFrameSubscriber: onMessagesAvailable callback
09-01 15:12:25.222  3381  3397 I AebsFrameSubscriber: readNextMessages count=1
09-01 15:12:25.222  3381  3397 I MainActivity: onGatewayFrame: frame seq=23247 egoSpeed=6.876007 pts=0 intervention=false warning=false braking=true lifecycle=released_verified_stop range=null bearing=null rss=10.535003
09-01 15:12:25.322  3426  3426 I de4sdv_aebs_ingress: frame accepted and published sequence=23248
09-01 15:12:25.322  3381  3397 I AebsFrameSubscriber: onMessagesAvailable callback
09-01 15:12:25.322  3381  3397 I AebsFrameSubscriber: readNextMessages count=1
09-01 15:12:25.322  3381  3397 I MainActivity: onGatewayFrame: frame seq=23248 egoSpeed=6.876007 pts=0 intervention=false warning=false braking=true lifecycle=released_verified_stop range=null bearing=null rss=10.535003
09-01 15:12:25.421  3426  3426 I de4sdv_aebs_ingress: frame accepted and published sequence=23249
09-01 15:12:25.422  3381  3397 I AebsFrameSubscriber: onMessagesAvailable callback
09-01 15:12:25.422  3381  3397 I AebsFrameSubscriber: readNextMessages count=1
09-01 15:12:25.422  3381  3397 I MainActivity: onGatewayFrame: frame seq=23249 egoSpeed=6.876007 pts=0 intervention=false warning=false braking=true lifecycle=released_verified_stop range=null bearing=null rss=10.535003
09-01 15:12:25.521  3426  3426 I de4sdv_aebs_ingress: frame accepted and published sequence=23250
09-01 15:12:25.522  3381  3397 I AebsFrameSubscriber: onMessagesAvailable callback
09-01 15:12:25.522  3381  3397 I AebsFrameSubscriber: readNextMessages count=1
09-01 15:12:25.522  3381  3397 I MainActivity: onGatewayFrame: frame seq=23250 egoSpeed=6.876007 pts=0 intervention=false warning=false braking=true lifecycle=released_verified_stop range=null bearing=null rss=10.535003
09-01 15:12:25.621  3426  3426 I de4sdv_aebs_ingress: frame accepted and published sequence=23251
09-01 15:12:25.622  3381  3397 I AebsFrameSubscriber: onMessagesAvailable callback
09-01 15:12:25.622  3381  3397 I AebsFrameSubscriber: readNextMessages count=1
09-01 15:12:25.622  3381  3397 I MainActivity: onGatewayFrame: frame seq=23251 egoSpeed=6.876007 pts=0 intervention=false warning=false braking=true lifecycle=released_verified_stop range=null bearing=null rss=10.535003
09-01 15:12:25.721  3426  3426 I de4sdv_aebs_ingress: frame accepted and published sequence=23252
09-01 15:12:25.722  3381  3397 I AebsFrameSubscriber: onMessagesAvailable callback
09-01 15:12:25.722  3381  3397 I AebsFrameSubscriber: readNextMessages count=1
09-01 15:12:25.722  3381  3397 I MainActivity: onGatewayFrame: frame seq=23252 egoSpeed=6.876007 pts=0 intervention=false warning=false braking=true lifecycle=released_verified_stop range=null bearing=null rss=10.535003
09-01 15:12:25.822  3426  3426 I de4sdv_aebs_ingress: frame accepted and published sequence=23253
09-01 15:12:25.822  3381  3397 I AebsFrameSubscriber: onMessagesAvailable callback
09-01 15:12:25.822  3381  3397 I AebsFrameSubscriber: readNextMessages count=1
09-01 15:12:25.822  3381  3397 I MainActivity: onGatewayFrame: frame seq=23253 egoSpeed=6.876007 pts=0 intervention=false warning=false braking=true lifecycle=released_verified_stop range=null bearing=null rss=10.535003
09-01 15:12:25.921  3426  3426 I de4sdv_aebs_ingress: frame accepted and published sequence=23254
09-01 15:12:25.922  3381  3397 I AebsFrameSubscriber: onMessagesAvailable callback
09-01 15:12:25.922  3381  3397 I AebsFrameSubscriber: readNextMessages count=1
09-01 15:12:25.922  3381  3397 I MainActivity: onGatewayFrame: frame seq=23254 egoSpeed=6.876007 pts=0 intervention=false warning=false braking=true lifecycle=released_verified_stop range=null bearing=null rss=10.535003
09-01 15:12:26.021  3426  3426 I de4sdv_aebs_ingress: frame accepted and published sequence=23255
09-01 15:12:26.022  3381  3397 I AebsFrameSubscriber: onMessagesAvailable callback
09-01 15:12:26.022  3381  3397 I AebsFrameSubscriber: readNextMessages count=1
09-01 15:12:26.022  3381  3397 I MainActivity: onGatewayFrame: frame seq=23255 egoSpeed=6.876007 pts=0 intervention=false warning=false braking=true lifecycle=released_verified_stop range=null bearing=null rss=10.535003
09-01 15:12:26.121  3426  3426 I de4sdv_aebs_ingress: frame accepted and published sequence=23256
09-01 15:12:26.122  3381  3397 I AebsFrameSubscriber: onMessagesAvailable callback
09-01 15:12:26.122  3381  3397 I AebsFrameSubscriber: readNextMessages count=1
09-01 15:12:26.122  3381  3397 I MainActivity: onGatewayFrame: frame seq=23256 egoSpeed=6.876007 pts=0 intervention=false warning=false braking=true lifecycle=released_verified_stop range=null bearing=null rss=10.535003
09-01 15:12:26.222  3426  3426 I de4sdv_aebs_ingress: frame accepted and published sequence=23257
09-01 15:12:26.222  3381  3397 I AebsFrameSubscriber: onMessagesAvailable callback
09-01 15:12:26.222  3381  3397 I AebsFrameSubscriber: readNextMessages count=1
09-01 15:12:26.222  3381  3397 I MainActivity: onGatewayFrame: frame seq=23257 egoSpeed=6.876007 pts=0 intervention=false warning=false braking=true lifecycle=released_verified_stop range=null bearing=null rss=10.535003
09-01 15:12:26.321  3426  3426 I de4sdv_aebs_ingress: frame accepted and published sequence=23258
09-01 15:12:26.322  3381  3397 I AebsFrameSubscriber: onMessagesAvailable callback
09-01 15:12:26.322  3381  3397 I AebsFrameSubscriber: readNextMessages count=1
09-01 15:12:26.322  3381  3397 I MainActivity: onGatewayFrame: frame seq=23258 egoSpeed=6.876007 pts=0 intervention=false warning=false braking=true lifecycle=released_verified_stop range=null bearing=null rss=10.535003
09-01 15:12:26.421  3426  3426 I de4sdv_aebs_ingress: frame accepted and published sequence=23259
09-01 15:12:26.422  3381  3397 I AebsFrameSubscriber: onMessagesAvailable callback
09-01 15:12:26.422  3381  3397 I AebsFrameSubscriber: readNextMessages count=1
09-01 15:12:26.422  3381  3397 I MainActivity: onGatewayFrame: frame seq=23259 egoSpeed=6.876007 pts=0 intervention=false warning=false braking=true lifecycle=released_verified_stop range=null bearing=null rss=10.535003
09-01 15:12:26.521  3426  3426 I de4sdv_aebs_ingress: frame accepted and published sequence=23260
09-01 15:12:26.521  3381  3397 I AebsFrameSubscriber: onMessagesAvailable callback
09-01 15:12:26.522  3381  3397 I AebsFrameSubscriber: readNextMessages count=1
09-01 15:12:26.522  3381  3397 I MainActivity: onGatewayFrame: frame seq=23260 egoSpeed=6.876007 pts=0 intervention=false warning=false braking=true lifecycle=released_verified_stop range=null bearing=null rss=10.535003
09-01 15:12:26.621  3426  3426 I de4sdv_aebs_ingress: frame accepted and published sequence=23261
09-01 15:12:26.622  3381  3397 I AebsFrameSubscriber: onMessagesAvailable callback
09-01 15:12:26.622  3381  3397 I AebsFrameSubscriber: readNextMessages count=1
09-01 15:12:26.622  3381  3397 I MainActivity: onGatewayFrame: frame seq=23261 egoSpeed=6.876007 pts=0 intervention=false warning=false braking=true lifecycle=released_verified_stop range=null bearing=null rss=10.535003
09-01 15:12:26.721  3426  3426 I de4sdv_aebs_ingress: frame accepted and published sequence=23262
09-01 15:12:26.722  3381  3397 I AebsFrameSubscriber: onMessagesAvailable callback
09-01 15:12:26.722  3381  3397 I AebsFrameSubscriber: readNextMessages count=1
09-01 15:12:26.722  3381  3397 I MainActivity: onGatewayFrame: frame seq=23262 egoSpeed=6.876007 pts=0 intervention=false warning=false braking=true lifecycle=released_verified_stop range=null bearing=null rss=10.535003
09-01 15:12:26.821  3426  3426 I de4sdv_aebs_ingress: frame accepted and published sequence=23263
09-01 15:12:26.821  3381  3397 I AebsFrameSubscriber: onMessagesAvailable callback
09-01 15:12:26.822  3381  3397 I AebsFrameSubscriber: readNextMessages count=1
09-01 15:12:26.822  3381  3397 I MainActivity: onGatewayFrame: frame seq=23263 egoSpeed=6.876007 pts=0 intervention=false warning=false braking=true lifecycle=released_verified_stop range=null bearing=null rss=10.535003
09-01 15:12:26.922  3426  3426 I de4sdv_aebs_ingress: frame accepted and published sequence=23264
09-01 15:12:26.922  3381  3397 I AebsFrameSubscriber: onMessagesAvailable callback
09-01 15:12:26.922  3381  3397 I AebsFrameSubscriber: readNextMessages count=1
09-01 15:12:26.922  3381  3397 I MainActivity: onGatewayFrame: frame seq=23264 egoSpeed=6.876007 pts=0 intervention=false warning=false braking=true lifecycle=released_verified_stop range=null bearing=null rss=10.535003
09-01 15:12:26.979  1017  1032 I WifiService: getConnectionInfo uid=1010110
09-01 15:12:27.021  3426  3426 I de4sdv_aebs_ingress: frame accepted and published sequence=23265
09-01 15:12:27.022  3381  3397 I AebsFrameSubscriber: onMessagesAvailable callback
09-01 15:12:27.022  3381  3397 I AebsFrameSubscriber: readNextMessages count=1
09-01 15:12:27.022  3381  3397 I MainActivity: onGatewayFrame: frame seq=23265 egoSpeed=6.876007 pts=0 intervention=false warning=false braking=true lifecycle=released_verified_stop range=null bearing=null rss=10.535003
09-01 15:12:27.121  3426  3426 I de4sdv_aebs_ingress: frame accepted and published sequence=23266
09-01 15:12:27.122  3381  3397 I AebsFrameSubscriber: onMessagesAvailable callback
09-01 15:12:27.122  3381  3397 I AebsFrameSubscriber: readNextMessages count=1
09-01 15:12:27.122  3381  3397 I MainActivity: onGatewayFrame: frame seq=23266 egoSpeed=6.876007 pts=0 intervention=false warning=false braking=true lifecycle=released_verified_stop range=null bearing=null rss=10.535003
09-01 15:12:27.155   905  3547 D AidlBufferPool: bufferpool2 0x7a9b46a0b798 : 2(1944000 size) total buffers - 1(972000 size) used buffers - 557/559 (recycle/alloc) - 4/559 (fetch/transfer)
09-01 15:12:27.221  3426  3426 I de4sdv_aebs_ingress: frame accepted and published sequence=23267
09-01 15:12:27.222  3381  3397 I AebsFrameSubscriber: onMessagesAvailable callback
09-01 15:12:27.222  3381  3397 I AebsFrameSubscriber: readNextMessages count=1
09-01 15:12:27.222  3381  3397 I MainActivity: onGatewayFrame: frame seq=23267 egoSpeed=6.876007 pts=0 intervention=false warning=false braking=true lifecycle=released_verified_stop range=null bearing=null rss=10.535003
09-01 15:12:27.321  3426  3426 I de4sdv_aebs_ingress: frame accepted and published sequence=23268
09-01 15:12:27.322  3381  3397 I AebsFrameSubscriber: onMessagesAvailable callback
09-01 15:12:27.322  3381  3397 I AebsFrameSubscriber: readNextMessages count=1
09-01 15:12:27.322  3381  3397 I MainActivity: onGatewayFrame: frame seq=23268 egoSpeed=6.876007 pts=0 intervention=false warning=false braking=true lifecycle=released_verified_stop range=null bearing=null rss=10.535003
09-01 15:12:27.421  3426  3426 I de4sdv_aebs_ingress: frame accepted and published sequence=23269
09-01 15:12:27.422  3381  3397 I AebsFrameSubscriber: onMessagesAvailable callback
09-01 15:12:27.422  3381  3397 I AebsFrameSubscriber: readNextMessages count=1
09-01 15:12:27.422  3381  3397 I MainActivity: onGatewayFrame: frame seq=23269 egoSpeed=6.876007 pts=0 intervention=false warning=false braking=true lifecycle=released_verified_stop range=null bearing=null rss=10.535003
09-01 15:12:27.521  3426  3426 I de4sdv_aebs_ingress: frame accepted and published sequence=23270
09-01 15:12:27.521  3381  3397 I AebsFrameSubscriber: onMessagesAvailable callback
09-01 15:12:27.522  3381  3397 I AebsFrameSubscriber: readNextMessages count=1
09-01 15:12:27.522  3381  3397 I MainActivity: onGatewayFrame: frame seq=23270 egoSpeed=6.876007 pts=0 intervention=false warning=false braking=true lifecycle=released_verified_stop range=null bearing=null rss=10.535003
09-01 15:12:27.591  3347  3347 I adbd    : adbd service requested 'shell,raw:cut -d. -f1 /proc/uptime'
09-01 15:12:27.621  3426  3426 I de4sdv_aebs_ingress: frame accepted and published sequence=23271
09-01 15:12:27.622  3381  3397 I AebsFrameSubscriber: onMessagesAvailable callback
09-01 15:12:27.622  3381  3397 I AebsFrameSubscriber: readNextMessages count=1
09-01 15:12:27.622  3381  3397 I MainActivity: onGatewayFrame: frame seq=23271 egoSpeed=6.876007 pts=0 intervention=false warning=false braking=true lifecycle=released_verified_stop range=null bearing=null rss=10.535003
09-01 15:12:27.721  3426  3426 I de4sdv_aebs_ingress: frame accepted and published sequence=23272
09-01 15:12:27.722  3381  3397 I AebsFrameSubscriber: onMessagesAvailable callback
09-01 15:12:27.722  3381  3397 I AebsFrameSubscriber: readNextMessages count=1
09-01 15:12:27.722  3381  3397 I MainActivity: onGatewayFrame: frame seq=23272 egoSpeed=6.876007 pts=0 intervention=false warning=false braking=true lifecycle=released_verified_stop range=null bearing=null rss=10.535003
09-01 15:12:27.772   876   876 D EmulatedVehicleHardware: Set value for property ID: 290459441
09-01 15:12:27.772   876  1883 E VhalProxy: Publisher with id: 290459441 does not exist in vhal proxy
09-01 15:12:27.821  3426  3426 I de4sdv_aebs_ingress: frame accepted and published sequence=23273
09-01 15:12:27.821  3381  3397 I AebsFrameSubscriber: onMessagesAvailable callback
09-01 15:12:27.822  3381  3397 I AebsFrameSubscriber: readNextMessages count=1
09-01 15:12:27.822  3381  3397 I MainActivity: onGatewayFrame: frame seq=23273 egoSpeed=6.876007 pts=0 intervention=false warning=false braking=true lifecycle=released_verified_stop range=null bearing=null rss=10.535003
09-01 15:12:27.921  3381  3397 I AebsFrameSubscriber: onMessagesAvailable callback
09-01 15:12:27.922  3381  3397 I AebsFrameSubscriber: readNextMessages count=1
09-01 15:12:27.922  3381  3397 I MainActivity: onGatewayFrame: frame seq=23274 egoSpeed=6.876007 pts=0 intervention=false warning=false braking=true lifecycle=released_verified_stop range=null bearing=null rss=10.535003
09-01 15:12:27.922  3426  3426 I de4sdv_aebs_ingress: frame accepted and published sequence=23274
09-01 15:12:28.021  3426  3426 I de4sdv_aebs_ingress: frame accepted and published sequence=23275
09-01 15:12:28.021  3381  3397 I AebsFrameSubscriber: onMessagesAvailable callback
09-01 15:12:28.022  3381  3397 I AebsFrameSubscriber: readNextMessages count=1
09-01 15:12:28.022  3381  3397 I MainActivity: onGatewayFrame: frame seq=23275 egoSpeed=6.876007 pts=0 intervention=false warning=false braking=true lifecycle=released_verified_stop range=null bearing=null rss=10.535003
09-01 15:12:28.121  3426  3426 I de4sdv_aebs_ingress: frame accepted and published sequence=23276
09-01 15:12:28.122  3381  3397 I AebsFrameSubscriber: onMessagesAvailable callback
09-01 15:12:28.122  3381  3397 I AebsFrameSubscriber: readNextMessages count=1
09-01 15:12:28.122  3381  3397 I MainActivity: onGatewayFrame: frame seq=23276 egoSpeed=6.876007 pts=0 intervention=false warning=false braking=true lifecycle=released_verified_stop range=null bearing=null rss=10.535003
09-01 15:12:28.221  3426  3426 I de4sdv_aebs_ingress: frame accepted and published sequence=23277
09-01 15:12:28.222  3381  3397 I AebsFrameSubscriber: onMessagesAvailable callback
09-01 15:12:28.222  3381  3397 I AebsFrameSubscriber: readNextMessages count=1
09-01 15:12:28.222  3381  3397 I MainActivity: onGatewayFrame: frame seq=23277 egoSpeed=6.876007 pts=0 intervention=false warning=false braking=true lifecycle=released_verified_stop range=null bearing=null rss=10.535003
09-01 15:12:28.321  3426  3426 I de4sdv_aebs_ingress: frame accepted and published sequence=23278
09-01 15:12:28.322  3381  3397 I AebsFrameSubscriber: onMessagesAvailable callback
09-01 15:12:28.322  3381  3397 I AebsFrameSubscriber: readNextMessages count=1
09-01 15:12:28.322  3381  3397 I MainActivity: onGatewayFrame: frame seq=23278 egoSpeed=6.876007 pts=0 intervention=false warning=false braking=true lifecycle=released_verified_stop range=null bearing=null rss=10.535003
09-01 15:12:28.421  3426  3426 I de4sdv_aebs_ingress: frame accepted and published sequence=23279
09-01 15:12:28.421  3381  3397 I AebsFrameSubscriber: onMessagesAvailable callback
09-01 15:12:28.422  3381  3397 I AebsFrameSubscriber: readNextMessages count=1
09-01 15:12:28.422  3381  3397 I MainActivity: onGatewayFrame: frame seq=23279 egoSpeed=6.876007 pts=0 intervention=false warning=false braking=true lifecycle=released_verified_stop range=null bearing=null rss=10.535003
09-01 15:12:28.521  3426  3426 I de4sdv_aebs_ingress: frame accepted and published sequence=23280
09-01 15:12:28.522  3381  3397 I AebsFrameSubscriber: onMessagesAvailable callback
09-01 15:12:28.522  3381  3397 I AebsFrameSubscriber: readNextMessages count=1
09-01 15:12:28.522  3381  3397 I MainActivity: onGatewayFrame: frame seq=23280 egoSpeed=6.876007 pts=0 intervention=false warning=false braking=true lifecycle=released_verified_stop range=null bearing=null rss=10.535003
09-01 15:12:28.621  3426  3426 I de4sdv_aebs_ingress: frame accepted and published sequence=23281
09-01 15:12:28.622  3381  3397 I AebsFrameSubscriber: onMessagesAvailable callback
09-01 15:12:28.622  3381  3397 I AebsFrameSubscriber: readNextMessages count=1
09-01 15:12:28.622  3381  3397 I MainActivity: onGatewayFrame: frame seq=23281 egoSpeed=6.876007 pts=0 intervention=false warning=false braking=true lifecycle=released_verified_stop range=null bearing=null rss=10.535003
09-01 15:12:28.721  3426  3426 I de4sdv_aebs_ingress: frame accepted and published sequence=23282
09-01 15:12:28.722  3381  3397 I AebsFrameSubscriber: onMessagesAvailable callback
09-01 15:12:28.722  3381  3397 I AebsFrameSubscriber: readNextMessages count=1
09-01 15:12:28.722  3381  3397 I MainActivity: onGatewayFrame: frame seq=23282 egoSpeed=6.876007 pts=0 intervention=false warning=false braking=true lifecycle=released_verified_stop range=null bearing=null rss=10.535003
09-01 15:12:28.821  3426  3426 I de4sdv_aebs_ingress: frame accepted and published sequence=23283
09-01 15:12:28.822  3381  3397 I AebsFrameSubscriber: onMessagesAvailable callback
09-01 15:12:28.822  3381  3397 I AebsFrameSubscriber: readNextMessages count=1
09-01 15:12:28.822  3381  3397 I MainActivity: onGatewayFrame: frame seq=23283 egoSpeed=6.876007 pts=0 intervention=false warning=false braking=true lifecycle=released_verified_stop range=null bearing=null rss=10.535003
09-01 15:12:28.922  3426  3426 I de4sdv_aebs_ingress: frame accepted and published sequence=23284
09-01 15:12:28.922  3381  3397 I AebsFrameSubscriber: onMessagesAvailable callback
09-01 15:12:28.922  3381  3397 I AebsFrameSubscriber: readNextMessages count=1
09-01 15:12:28.922  3381  3397 I MainActivity: onGatewayFrame: frame seq=23284 egoSpeed=6.876007 pts=0 intervention=false warning=false braking=true lifecycle=released_verified_stop range=null bearing=null rss=10.535003
09-01 15:12:29.022  3426  3426 I de4sdv_aebs_ingress: frame accepted and published sequence=23285
09-01 15:12:29.022  3381  3397 I AebsFrameSubscriber: onMessagesAvailable callback
09-01 15:12:29.022  3381  3397 I AebsFrameSubscriber: readNextMessages count=1
09-01 15:12:29.022  3381  3397 I MainActivity: onGatewayFrame: frame seq=23285 egoSpeed=6.876007 pts=0 intervention=false warning=false braking=true lifecycle=released_verified_stop range=null bearing=null rss=10.535003
09-01 15:12:29.121  3426  3426 I de4sdv_aebs_ingress: frame accepted and published sequence=23286
09-01 15:12:29.122  3381  3397 I AebsFrameSubscriber: onMessagesAvailable callback
09-01 15:12:29.122  3381  3397 I AebsFrameSubscriber: readNextMessages count=1
09-01 15:12:29.122  3381  3397 I MainActivity: onGatewayFrame: frame seq=23286 egoSpeed=6.876007 pts=0 intervention=false warning=false braking=true lifecycle=released_verified_stop range=null bearing=null rss=10.535003
09-01 15:12:29.221  3426  3426 I de4sdv_aebs_ingress: frame accepted and published sequence=23287
09-01 15:12:29.222  3381  3397 I AebsFrameSubscriber: onMessagesAvailable callback
09-01 15:12:29.222  3381  3397 I AebsFrameSubscriber: readNextMessages count=1
09-01 15:12:29.222  3381  3397 I MainActivity: onGatewayFrame: frame seq=23287 egoSpeed=6.876007 pts=0 intervention=false warning=false braking=true lifecycle=released_verified_stop range=null bearing=null rss=10.535003
09-01 15:12:29.321  3426  3426 I de4sdv_aebs_ingress: frame accepted and published sequence=23288
09-01 15:12:29.322  3381  3397 I AebsFrameSubscriber: onMessagesAvailable callback
09-01 15:12:29.322  3381  3397 I AebsFrameSubscriber: readNextMessages count=1
09-01 15:12:29.322  3381  3397 I MainActivity: onGatewayFrame: frame seq=23288 egoSpeed=6.876007 pts=0 intervention=false warning=false braking=true lifecycle=released_verified_stop range=null bearing=null rss=10.535003
09-01 15:12:29.421  3426  3426 I de4sdv_aebs_ingress: frame accepted and published sequence=23289
09-01 15:12:29.422  3381  3397 I AebsFrameSubscriber: onMessagesAvailable callback
09-01 15:12:29.422  3381  3397 I AebsFrameSubscriber: readNextMessages count=1
09-01 15:12:29.422  3381  3397 I MainActivity: onGatewayFrame: frame seq=23289 egoSpeed=6.876007 pts=0 intervention=false warning=false braking=true lifecycle=released_verified_stop range=null bearing=null rss=10.535003
09-01 15:12:29.521  3426  3426 I de4sdv_aebs_ingress: frame accepted and published sequence=23290
09-01 15:12:29.521  3381  3397 I AebsFrameSubscriber: onMessagesAvailable callback
09-01 15:12:29.522  3381  3397 I AebsFrameSubscriber: readNextMessages count=1
09-01 15:12:29.522  3381  3397 I MainActivity: onGatewayFrame: frame seq=23290 egoSpeed=6.876007 pts=0 intervention=false warning=false braking=true lifecycle=released_verified_stop range=null bearing=null rss=10.535003
09-01 15:12:29.621  3426  3426 I de4sdv_aebs_ingress: frame accepted and published sequence=23291
09-01 15:12:29.622  3381  3397 I AebsFrameSubscriber: onMessagesAvailable callback
09-01 15:12:29.622  3381  3397 I AebsFrameSubscriber: readNextMessages count=1
09-01 15:12:29.622  3381  3397 I MainActivity: onGatewayFrame: frame seq=23291 egoSpeed=6.876007 pts=0 intervention=false warning=false braking=true lifecycle=released_verified_stop range=null bearing=null rss=10.535003
09-01 15:12:29.721  3426  3426 I de4sdv_aebs_ingress: frame accepted and published sequence=23292
09-01 15:12:29.722  3381  3397 I AebsFrameSubscriber: onMessagesAvailable callback
09-01 15:12:29.722  3381  3397 I AebsFrameSubscriber: readNextMessages count=1
09-01 15:12:29.722  3381  3397 I MainActivity: onGatewayFrame: frame seq=23292 egoSpeed=6.876007 pts=0 intervention=false warning=false braking=true lifecycle=released_verified_stop range=null bearing=null rss=10.535003
09-01 15:12:29.821  3426  3426 I de4sdv_aebs_ingress: frame accepted and published sequence=23293
09-01 15:12:29.822  3381  3397 I AebsFrameSubscriber: onMessagesAvailable callback
09-01 15:12:29.822  3381  3397 I AebsFrameSubscriber: readNextMessages count=1
09-01 15:12:29.822  3381  3397 I MainActivity: onGatewayFrame: frame seq=23293 egoSpeed=6.876007 pts=0 intervention=false warning=false braking=true lifecycle=released_verified_stop range=null bearing=null rss=10.535003
09-01 15:12:29.921  3426  3426 I de4sdv_aebs_ingress: frame accepted and published sequence=23294
09-01 15:12:29.921  3381  3397 I AebsFrameSubscriber: onMessagesAvailable callback
09-01 15:12:29.922  3381  3397 I AebsFrameSubscriber: readNextMessages count=1
09-01 15:12:29.922  3381  3397 I MainActivity: onGatewayFrame: frame seq=23294 egoSpeed=6.876007 pts=0 intervention=false warning=false braking=true lifecycle=released_verified_stop range=null bearing=null rss=10.535003
09-01 15:12:30.021  3426  3426 I de4sdv_aebs_ingress: frame accepted and published sequence=23295
09-01 15:12:30.022  3381  3397 I AebsFrameSubscriber: onMessagesAvailable callback
09-01 15:12:30.022  3381  3397 I AebsFrameSubscriber: readNextMessages count=1
09-01 15:12:30.022  3381  3397 I MainActivity: onGatewayFrame: frame seq=23295 egoSpeed=6.876007 pts=0 intervention=false warning=false braking=true lifecycle=released_verified_stop range=null bearing=null rss=10.535003
09-01 15:12:30.121  3426  3426 I de4sdv_aebs_ingress: frame accepted and published sequence=23296
09-01 15:12:30.121  3381  3397 I AebsFrameSubscriber: onMessagesAvailable callback
09-01 15:12:30.122  3381  3397 I AebsFrameSubscriber: readNextMessages count=1
09-01 15:12:30.122  3381  3397 I MainActivity: onGatewayFrame: frame seq=23296 egoSpeed=6.876007 pts=0 intervention=false warning=false braking=true lifecycle=released_verified_stop range=null bearing=null rss=10.535003
09-01 15:12:30.221  3426  3426 I de4sdv_aebs_ingress: frame accepted and published sequence=23297
09-01 15:12:30.221  3381  3397 I AebsFrameSubscriber: onMessagesAvailable callback
09-01 15:12:30.222  3381  3397 I AebsFrameSubscriber: readNextMessages count=1
09-01 15:12:30.222  3381  3397 I MainActivity: onGatewayFrame: frame seq=23297 egoSpeed=6.876007 pts=0 intervention=false warning=false braking=true lifecycle=released_verified_stop range=null bearing=null rss=10.535003
09-01 15:12:30.322  3426  3426 I de4sdv_aebs_ingress: frame accepted and published sequence=23298
09-01 15:12:30.322  3381  3397 I AebsFrameSubscriber: onMessagesAvailable callback
09-01 15:12:30.322  3381  3397 I AebsFrameSubscriber: readNextMessages count=1
09-01 15:12:30.322  3381  3397 I MainActivity: onGatewayFrame: frame seq=23298 egoSpeed=6.876007 pts=0 intervention=false warning=false braking=true lifecycle=released_verified_stop range=null bearing=null rss=10.535003
09-01 15:12:30.421  3426  3426 I de4sdv_aebs_ingress: frame accepted and published sequence=23299
09-01 15:12:30.421  3381  3397 I AebsFrameSubscriber: onMessagesAvailable callback
09-01 15:12:30.422  3381  3397 I AebsFrameSubscriber: readNextMessages count=1
09-01 15:12:30.422  3381  3397 I MainActivity: onGatewayFrame: frame seq=23299 egoSpeed=6.876007 pts=0 intervention=false warning=false braking=true lifecycle=released_verified_stop range=null bearing=null rss=10.535003
09-01 15:12:30.521  3426  3426 I de4sdv_aebs_ingress: frame accepted and published sequence=23300
09-01 15:12:30.521  3381  3397 I AebsFrameSubscriber: onMessagesAvailable callback
09-01 15:12:30.522  3381  3397 I AebsFrameSubscriber: readNextMessages count=1
09-01 15:12:30.522  3381  3397 I MainActivity: onGatewayFrame: frame seq=23300 egoSpeed=6.876007 pts=0 intervention=false warning=false braking=true lifecycle=released_verified_stop range=null bearing=null rss=10.535003
09-01 15:12:30.621  3426  3426 I de4sdv_aebs_ingress: frame accepted and published sequence=23301
09-01 15:12:30.622  3381  3397 I AebsFrameSubscriber: onMessagesAvailable callback
09-01 15:12:30.622  3381  3397 I AebsFrameSubscriber: readNextMessages count=1
09-01 15:12:30.622  3381  3397 I MainActivity: onGatewayFrame: frame seq=23301 egoSpeed=6.876007 pts=0 intervention=false warning=false braking=true lifecycle=released_verified_stop range=null bearing=null rss=10.535003
09-01 15:12:30.721  3426  3426 I de4sdv_aebs_ingress: frame accepted and published sequence=23302
09-01 15:12:30.721  3381  3397 I AebsFrameSubscriber: onMessagesAvailable callback
09-01 15:12:30.721  3381  3397 I AebsFrameSubscriber: readNextMessages count=1
09-01 15:12:30.722  3381  3397 I MainActivity: onGatewayFrame: frame seq=23302 egoSpeed=6.876007 pts=0 intervention=false warning=false braking=true lifecycle=released_verified_stop range=null bearing=null rss=10.535003
09-01 15:12:30.776   876   876 D EmulatedVehicleHardware: Set value for property ID: 290459441
09-01 15:12:30.776   876  1883 E VhalProxy: Publisher with id: 290459441 does not exist in vhal proxy
09-01 15:12:30.822  3426  3426 I de4sdv_aebs_ingress: frame accepted and published sequence=23303
09-01 15:12:30.822  3381  3397 I AebsFrameSubscriber: onMessagesAvailable callback
09-01 15:12:30.822  3381  3397 I AebsFrameSubscriber: readNextMessages count=1
09-01 15:12:30.822  3381  3397 I MainActivity: onGatewayFrame: frame seq=23303 egoSpeed=6.876007 pts=0 intervention=false warning=false braking=true lifecycle=released_verified_stop range=null bearing=null rss=10.535003
09-01 15:12:30.921  3426  3426 I de4sdv_aebs_ingress: frame accepted and published sequence=23304
09-01 15:12:30.922  3381  3397 I AebsFrameSubscriber: onMessagesAvailable callback
09-01 15:12:30.922  3381  3397 I AebsFrameSubscriber: readNextMessages count=1
09-01 15:12:30.922  3381  3397 I MainActivity: onGatewayFrame: frame seq=23304 egoSpeed=6.876007 pts=0 intervention=false warning=false braking=true lifecycle=released_verified_stop range=null bearing=null rss=10.535003
09-01 15:12:30.979  1766  1789 D SdvServiceManagerServer: main::mesh::manager: Watcher task instance3 woken up by: Timeout
09-01 15:12:30.980  1766  1789 D SdvServiceManagerServer: main::mesh::custom_verifier: Created ExternalVerifier with address 0x7c6bc800ba90
09-01 15:12:30.980  1766  1789 I SdvServiceManagerServer: main::mesh::async_client: Connecting to instance3 at 192.168.99.5:2000 using secure TLS channel with DICE authentication
09-01 15:12:30.980  1766  1789 D SdvServiceManagerServer: main::mesh::manager: Watcher task instance2 woken up by: Timeout
09-01 15:12:30.981  1766  1789 D SdvServiceManagerServer: main::mesh::custom_verifier: Created ExternalVerifier with address 0x7c6bc8010870
09-01 15:12:30.981  1766  1789 I SdvServiceManagerServer: main::mesh::async_client: Connecting to instance2 at 192.168.99.4:2000 using secure TLS channel with DICE authentication
09-01 15:12:31.021  3426  3426 I de4sdv_aebs_ingress: frame accepted and published sequence=23305
09-01 15:12:31.022  3381  3397 I AebsFrameSubscriber: onMessagesAvailable callback
09-01 15:12:31.022  3381  3397 I AebsFrameSubscriber: readNextMessages count=1
09-01 15:12:31.022  3381  3397 I MainActivity: onGatewayFrame: frame seq=23305 egoSpeed=6.876007 pts=0 intervention=false warning=false braking=true lifecycle=released_verified_stop range=null bearing=null rss=10.535003
09-01 15:12:31.121  3426  3426 I de4sdv_aebs_ingress: frame accepted and published sequence=23306
09-01 15:12:31.122  3381  3397 I AebsFrameSubscriber: onMessagesAvailable callback
09-01 15:12:31.122  3381  3397 I AebsFrameSubscriber: readNextMessages count=1
09-01 15:12:31.122  3381  3397 I MainActivity: onGatewayFrame: frame seq=23306 egoSpeed=6.876007 pts=0 intervention=false warning=false braking=true lifecycle=released_verified_stop range=null bearing=null rss=10.535003
09-01 15:12:31.221  3426  3426 I de4sdv_aebs_ingress: frame accepted and published sequence=23307
09-01 15:12:31.222  3381  3397 I AebsFrameSubscriber: onMessagesAvailable callback
09-01 15:12:31.222  3381  3397 I AebsFrameSubscriber: readNextMessages count=1
09-01 15:12:31.222  3381  3397 I MainActivity: onGatewayFrame: frame seq=23307 egoSpeed=6.876007 pts=0 intervention=false warning=false braking=true lifecycle=released_verified_stop range=null bearing=null rss=10.535003
09-01 15:12:31.321  3426  3426 I de4sdv_aebs_ingress: frame accepted and published sequence=23308
09-01 15:12:31.321  3381  3397 I AebsFrameSubscriber: onMessagesAvailable callback
09-01 15:12:31.322  3381  3397 I AebsFrameSubscriber: readNextMessages count=1
09-01 15:12:31.322  3381  3397 I MainActivity: onGatewayFrame: frame seq=23308 egoSpeed=6.876007 pts=0 intervention=false warning=false braking=true lifecycle=released_verified_stop range=null bearing=null rss=10.535003
09-01 15:12:31.421  3426  3426 I de4sdv_aebs_ingress: frame accepted and published sequence=23309
09-01 15:12:31.422  3381  3397 I AebsFrameSubscriber: onMessagesAvailable callback
09-01 15:12:31.422  3381  3397 I AebsFrameSubscriber: readNextMessages count=1
09-01 15:12:31.422  3381  3397 I MainActivity: onGatewayFrame: frame seq=23309 egoSpeed=6.876007 pts=0 intervention=false warning=false braking=true lifecycle=released_verified_stop range=null bearing=null rss=10.535003
09-01 15:12:31.521  3426  3426 I de4sdv_aebs_ingress: frame accepted and published sequence=23310
09-01 15:12:31.522  3381  3397 I AebsFrameSubscriber: onMessagesAvailable callback
09-01 15:12:31.522  3381  3397 I AebsFrameSubscriber: readNextMessages count=1
09-01 15:12:31.522  3381  3397 I MainActivity: onGatewayFrame: frame seq=23310 egoSpeed=6.876007 pts=0 intervention=false warning=false braking=true lifecycle=released_verified_stop range=null bearing=null rss=10.535003
09-01 15:12:31.621  3426  3426 I de4sdv_aebs_ingress: frame accepted and published sequence=23311
09-01 15:12:31.621  3381  3397 I AebsFrameSubscriber: onMessagesAvailable callback
09-01 15:12:31.622  3381  3397 I AebsFrameSubscriber: readNextMessages count=1
09-01 15:12:31.622  3381  3397 I MainActivity: onGatewayFrame: frame seq=23311 egoSpeed=6.876007 pts=0 intervention=false warning=false braking=true lifecycle=released_verified_stop range=null bearing=null rss=10.535003
09-01 15:12:31.721  3426  3426 I de4sdv_aebs_ingress: frame accepted and published sequence=23312
09-01 15:12:31.721  3381  3397 I AebsFrameSubscriber: onMessagesAvailable callback
09-01 15:12:31.722  3381  3397 I AebsFrameSubscriber: readNextMessages count=1
09-01 15:12:31.722  3381  3397 I MainActivity: onGatewayFrame: frame seq=23312 egoSpeed=6.876007 pts=0 intervention=false warning=false braking=true lifecycle=released_verified_stop range=null bearing=null rss=10.535003
09-01 15:12:31.821  3426  3426 I de4sdv_aebs_ingress: frame accepted and published sequence=23313
09-01 15:12:31.822  3381  3397 I AebsFrameSubscriber: onMessagesAvailable callback
09-01 15:12:31.822  3381  3397 I AebsFrameSubscriber: readNextMessages count=1
09-01 15:12:31.822  3381  3397 I MainActivity: onGatewayFrame: frame seq=23313 egoSpeed=6.876007 pts=0 intervention=false warning=false braking=true lifecycle=released_verified_stop range=null bearing=null rss=10.535003
09-01 15:12:31.921  3426  3426 I de4sdv_aebs_ingress: frame accepted and published sequence=23314
09-01 15:12:31.921  3381  3397 I AebsFrameSubscriber: onMessagesAvailable callback
09-01 15:12:31.921  3381  3397 I AebsFrameSubscriber: readNextMessages count=1
09-01 15:12:31.922  3381  3397 I MainActivity: onGatewayFrame: frame seq=23314 egoSpeed=6.876007 pts=0 intervention=false warning=false braking=true lifecycle=released_verified_stop range=null bearing=null rss=10.535003
09-01 15:12:31.980  1017  1489 I WifiService: getConnectionInfo uid=1010110
09-01 15:12:31.983  1766  1790 W SdvServiceManagerServer: main::mesh::manager: Attempt to reconnect to instance3 failed: Unable to connect to mesh. Channel state: GRPC_CHANNEL_CONNECTING
09-01 15:12:31.983  1766  1817 D SdvServiceManagerServer: main::mesh::custom_verifier: Dropping ExternalVerifier with address 0x7c6bc800ba90
09-01 15:12:31.984  1766  1789 W SdvServiceManagerServer: main::mesh::manager: Attempt to reconnect to instance2 failed: Unable to connect to mesh. Channel state: GRPC_CHANNEL_CONNECTING
09-01 15:12:31.984  1766  1818 D SdvServiceManagerServer: main::mesh::custom_verifier: Dropping ExternalVerifier with address 0x7c6bc8010870
09-01 15:12:32.021  3426  3426 I de4sdv_aebs_ingress: frame accepted and published sequence=23315
09-01 15:12:32.021  3381  3397 I AebsFrameSubscriber: onMessagesAvailable callback
09-01 15:12:32.022  3381  3397 I AebsFrameSubscriber: readNextMessages count=1
09-01 15:12:32.022  3381  3397 I MainActivity: onGatewayFrame: frame seq=23315 egoSpeed=6.876007 pts=0 intervention=false warning=false braking=true lifecycle=released_verified_stop range=null bearing=null rss=10.535003
09-01 15:12:32.121  3426  3426 I de4sdv_aebs_ingress: frame accepted and published sequence=23316
09-01 15:12:32.121  3381  3397 I AebsFrameSubscriber: onMessagesAvailable callback
09-01 15:12:32.121  3381  3397 I AebsFrameSubscriber: readNextMessages count=1
09-01 15:12:32.122  3381  3397 I MainActivity: onGatewayFrame: frame seq=23316 egoSpeed=6.876007 pts=0 intervention=false warning=false braking=true lifecycle=released_verified_stop range=null bearing=null rss=10.535003
09-01 15:12:32.221  3426  3426 I de4sdv_aebs_ingress: frame accepted and published sequence=23317
09-01 15:12:32.221  3381  3397 I AebsFrameSubscriber: onMessagesAvailable callback
09-01 15:12:32.222  3381  3397 I AebsFrameSubscriber: readNextMessages count=1
09-01 15:12:32.222  3381  3397 I MainActivity: onGatewayFrame: frame seq=23317 egoSpeed=6.876007 pts=0 intervention=false warning=false braking=true lifecycle=released_verified_stop range=null bearing=null rss=10.535003
09-01 15:12:32.321  3426  3426 I de4sdv_aebs_ingress: frame accepted and published sequence=23318
09-01 15:12:32.321  3381  3397 I AebsFrameSubscriber: readNextMessages count=1
09-01 15:12:32.321  3381  3397 I MainActivity: onGatewayFrame: frame seq=23318 egoSpeed=6.876007 pts=0 intervention=false warning=false braking=true lifecycle=released_verified_stop range=null bearing=null rss=10.535003
09-01 15:12:32.321  3381  3397 I AebsFrameSubscriber: onMessagesAvailable callback
09-01 15:12:32.421  3426  3426 I de4sdv_aebs_ingress: frame accepted and published sequence=23319
09-01 15:12:32.421  3381  3397 I AebsFrameSubscriber: onMessagesAvailable callback
09-01 15:12:32.422  3381  3397 I AebsFrameSubscriber: readNextMessages count=1
09-01 15:12:32.422  3381  3397 I MainActivity: onGatewayFrame: frame seq=23319 egoSpeed=6.876007 pts=0 intervention=false warning=false braking=true lifecycle=released_verified_stop range=null bearing=null rss=10.535003
09-01 15:12:32.456   905  3547 D AidlBufferPool: bufferpool2 0x7a9b46a0b798 : 2(1944000 size) total buffers - 1(972000 size) used buffers - 639/641 (recycle/alloc) - 4/641 (fetch/transfer)
09-01 15:12:32.521  3426  3426 I de4sdv_aebs_ingress: frame accepted and published sequence=23320
09-01 15:12:32.521  3381  3397 I AebsFrameSubscriber: onMessagesAvailable callback
09-01 15:12:32.521  3381  3397 I AebsFrameSubscriber: readNextMessages count=1
09-01 15:12:32.521  3381  3397 I MainActivity: onGatewayFrame: frame seq=23320 egoSpeed=6.876007 pts=0 intervention=false warning=false braking=true lifecycle=released_verified_stop range=null bearing=null rss=10.535003
09-01 15:12:32.613  3347  3347 I adbd    : adbd service requested 'shell,raw:cut -d. -f1 /proc/uptime'
09-01 15:12:32.621  3426  3426 I de4sdv_aebs_ingress: frame accepted and published sequence=23321
09-01 15:12:32.621  3381  3397 I AebsFrameSubscriber: onMessagesAvailable callback
09-01 15:12:32.621  3381  3397 I AebsFrameSubscriber: readNextMessages count=1
09-01 15:12:32.621  3381  3397 I MainActivity: onGatewayFrame: frame seq=23321 egoSpeed=6.876007 pts=0 intervention=false warning=false braking=true lifecycle=released_verified_stop range=null bearing=null rss=10.535003
09-01 15:12:32.721  3426  3426 I de4sdv_aebs_ingress: frame accepted and published sequence=23322
09-01 15:12:32.721  3381  3397 I AebsFrameSubscriber: onMessagesAvailable callback
09-01 15:12:32.721  3381  3397 I AebsFrameSubscriber: readNextMessages count=1
09-01 15:12:32.721  3381  3397 I MainActivity: onGatewayFrame: frame seq=23322 egoSpeed=6.876007 pts=0 intervention=false warning=false braking=true lifecycle=released_verified_stop range=null bearing=null rss=10.535003
09-01 15:12:32.821  3426  3426 I de4sdv_aebs_ingress: frame accepted and published sequence=23323
09-01 15:12:32.821  3381  3397 I AebsFrameSubscriber: onMessagesAvailable callback
09-01 15:12:32.821  3381  3397 I AebsFrameSubscriber: readNextMessages count=1
09-01 15:12:32.821  3381  3397 I MainActivity: onGatewayFrame: frame seq=23323 egoSpeed=6.876007 pts=0 intervention=false warning=false braking=true lifecycle=released_verified_stop range=null bearing=null rss=10.535003
09-01 15:12:32.921  3426  3426 I de4sdv_aebs_ingress: frame accepted and published sequence=23324
09-01 15:12:32.921  3381  3397 I AebsFrameSubscriber: onMessagesAvailable callback
09-01 15:12:32.921  3381  3397 I AebsFrameSubscriber: readNextMessages count=1
09-01 15:12:32.921  3381  3397 I MainActivity: onGatewayFrame: frame seq=23324 egoSpeed=6.876007 pts=0 intervention=false warning=false braking=true lifecycle=released_verified_stop range=null bearing=null rss=10.535003
09-01 15:12:33.021  3426  3426 I de4sdv_aebs_ingress: frame accepted and published sequence=23325
09-01 15:12:33.021  3381  3397 I AebsFrameSubscriber: onMessagesAvailable callback
09-01 15:12:33.021  3381  3397 I AebsFrameSubscriber: readNextMessages count=1
09-01 15:12:33.022  3381  3397 I MainActivity: onGatewayFrame: frame seq=23325 egoSpeed=6.876007 pts=0 intervention=false warning=false braking=true lifecycle=released_verified_stop range=null bearing=null rss=10.535003
09-01 15:12:33.121  3426  3426 I de4sdv_aebs_ingress: frame accepted and published sequence=23326
09-01 15:12:33.121  3381  3397 I AebsFrameSubscriber: onMessagesAvailable callback
09-01 15:12:33.122  3381  3397 I AebsFrameSubscriber: readNextMessages count=1
09-01 15:12:33.122  3381  3397 I MainActivity: onGatewayFrame: frame seq=23326 egoSpeed=6.876007 pts=0 intervention=false warning=false braking=true lifecycle=released_verified_stop range=null bearing=null rss=10.535003
09-01 15:12:33.221  3426  3426 I de4sdv_aebs_ingress: frame accepted and published sequence=23327
09-01 15:12:33.221  3381  3397 I AebsFrameSubscriber: onMessagesAvailable callback
09-01 15:12:33.221  3381  3397 I AebsFrameSubscriber: readNextMessages count=1
09-01 15:12:33.221  3381  3397 I MainActivity: onGatewayFrame: frame seq=23327 egoSpeed=6.876007 pts=0 intervention=false warning=false braking=true lifecycle=released_verified_stop range=null bearing=null rss=10.535003
09-01 15:12:33.321  3426  3426 I de4sdv_aebs_ingress: frame accepted and published sequence=23328
09-01 15:12:33.321  3381  3397 I AebsFrameSubscriber: onMessagesAvailable callback
09-01 15:12:33.322  3381  3397 I AebsFrameSubscriber: readNextMessages count=1
09-01 15:12:33.322  3381  3397 I MainActivity: onGatewayFrame: frame seq=23328 egoSpeed=6.876007 pts=0 intervention=false warning=false braking=true lifecycle=released_verified_stop range=null bearing=null rss=10.535003
09-01 15:12:33.421  3426  3426 I de4sdv_aebs_ingress: frame accepted and published sequence=23329
09-01 15:12:33.422  3381  3397 I AebsFrameSubscriber: onMessagesAvailable callback
09-01 15:12:33.422  3381  3397 I AebsFrameSubscriber: readNextMessages count=1
09-01 15:12:33.422  3381  3397 I MainActivity: onGatewayFrame: frame seq=23329 egoSpeed=6.876007 pts=0 intervention=false warning=false braking=true lifecycle=released_verified_stop range=null bearing=null rss=10.535003
09-01 15:12:33.521  3426  3426 I de4sdv_aebs_ingress: frame accepted and published sequence=23330
09-01 15:12:33.521  3381  3397 I AebsFrameSubscriber: onMessagesAvailable callback
09-01 15:12:33.522  3381  3397 I AebsFrameSubscriber: readNextMessages count=1
09-01 15:12:33.522  3381  3397 I MainActivity: onGatewayFrame: frame seq=23330 egoSpeed=6.876007 pts=0 intervention=false warning=false braking=true lifecycle=released_verified_stop range=null bearing=null rss=10.535003
09-01 15:12:33.621  3426  3426 I de4sdv_aebs_ingress: frame accepted and published sequence=23331
09-01 15:12:33.621  3381  3397 I AebsFrameSubscriber: onMessagesAvailable callback
09-01 15:12:33.621  3381  3397 I AebsFrameSubscriber: readNextMessages count=1
09-01 15:12:33.621  3381  3397 I MainActivity: onGatewayFrame: frame seq=23331 egoSpeed=6.876007 pts=0 intervention=false warning=false braking=true lifecycle=released_verified_stop range=null bearing=null rss=10.535003
09-01 15:12:33.721  3426  3426 I de4sdv_aebs_ingress: frame accepted and published sequence=23332
09-01 15:12:33.721  3381  3397 I AebsFrameSubscriber: onMessagesAvailable callback
09-01 15:12:33.721  3381  3397 I AebsFrameSubscriber: readNextMessages count=1
09-01 15:12:33.721  3381  3397 I MainActivity: onGatewayFrame: frame seq=23332 egoSpeed=6.876007 pts=0 intervention=false warning=false braking=true lifecycle=released_verified_stop range=null bearing=null rss=10.535003
09-01 15:12:33.780   876   876 D EmulatedVehicleHardware: Set value for property ID: 290459441
09-01 15:12:33.780   876  1883 E VhalProxy: Publisher with id: 290459441 does not exist in vhal proxy
09-01 15:12:33.821  3426  3426 I de4sdv_aebs_ingress: frame accepted and published sequence=23333
09-01 15:12:33.821  3381  3397 I AebsFrameSubscriber: onMessagesAvailable callback
09-01 15:12:33.821  3381  3397 I AebsFrameSubscriber: readNextMessages count=1
09-01 15:12:33.822  3381  3397 I MainActivity: onGatewayFrame: frame seq=23333 egoSpeed=6.876007 pts=0 intervention=false warning=false braking=true lifecycle=released_verified_stop range=null bearing=null rss=10.535003
09-01 15:12:33.921  3426  3426 I de4sdv_aebs_ingress: frame accepted and published sequence=23334
09-01 15:12:33.921  3381  3397 I AebsFrameSubscriber: onMessagesAvailable callback
09-01 15:12:33.921  3381  3397 I AebsFrameSubscriber: readNextMessages count=1
09-01 15:12:33.921  3381  3397 I MainActivity: onGatewayFrame: frame seq=23334 egoSpeed=6.876007 pts=0 intervention=false warning=false braking=true lifecycle=released_verified_stop range=null bearing=null rss=10.535003
09-01 15:12:34.021  3426  3426 I de4sdv_aebs_ingress: frame accepted and published sequence=23335
09-01 15:12:34.021  3381  3397 I AebsFrameSubscriber: onMessagesAvailable callback
09-01 15:12:34.021  3381  3397 I AebsFrameSubscriber: readNextMessages count=1
09-01 15:12:34.021  3381  3397 I MainActivity: onGatewayFrame: frame seq=23335 egoSpeed=6.876007 pts=0 intervention=false warning=false braking=true lifecycle=released_verified_stop range=null bearing=null rss=10.535003
09-01 15:12:34.121  3426  3426 I de4sdv_aebs_ingress: frame accepted and published sequence=23336
09-01 15:12:34.121  3381  3397 I AebsFrameSubscriber: onMessagesAvailable callback
09-01 15:12:34.121  3381  3397 I AebsFrameSubscriber: readNextMessages count=1
09-01 15:12:34.121  3381  3397 I MainActivity: onGatewayFrame: frame seq=23336 egoSpeed=6.876007 pts=0 intervention=false warning=false braking=true lifecycle=released_verified_stop range=null bearing=null rss=10.535003
09-01 15:12:34.221  3426  3426 I de4sdv_aebs_ingress: frame accepted and published sequence=23337
09-01 15:12:34.221  3381  3397 I AebsFrameSubscriber: onMessagesAvailable callback
09-01 15:12:34.221  3381  3397 I AebsFrameSubscriber: readNextMessages count=1
09-01 15:12:34.221  3381  3397 I MainActivity: onGatewayFrame: frame seq=23337 egoSpeed=6.876007 pts=0 intervention=false warning=false braking=true lifecycle=released_verified_stop range=null bearing=null rss=10.535003
09-01 15:12:34.321  3426  3426 I de4sdv_aebs_ingress: frame accepted and published sequence=23338
09-01 15:12:34.321  3381  3397 I AebsFrameSubscriber: onMessagesAvailable callback
09-01 15:12:34.322  3381  3397 I AebsFrameSubscriber: readNextMessages count=1
09-01 15:12:34.322  3381  3397 I MainActivity: onGatewayFrame: frame seq=23338 egoSpeed=6.876007 pts=0 intervention=false warning=false braking=true lifecycle=released_verified_stop range=null bearing=null rss=10.535003
09-01 15:12:34.421  3426  3426 I de4sdv_aebs_ingress: frame accepted and published sequence=23339
09-01 15:12:34.421  3381  3397 I AebsFrameSubscriber: onMessagesAvailable callback
09-01 15:12:34.421  3381  3397 I AebsFrameSubscriber: readNextMessages count=1
09-01 15:12:34.422  3381  3397 I MainActivity: onGatewayFrame: frame seq=23339 egoSpeed=6.876007 pts=0 intervention=false warning=false braking=true lifecycle=released_verified_stop range=null bearing=null rss=10.535003
09-01 15:12:34.521  3426  3426 I de4sdv_aebs_ingress: frame accepted and published sequence=23340
09-01 15:12:34.521  3381  3397 I AebsFrameSubscriber: onMessagesAvailable callback
09-01 15:12:34.522  3381  3397 I AebsFrameSubscriber: readNextMessages count=1
09-01 15:12:34.522  3381  3397 I MainActivity: onGatewayFrame: frame seq=23340 egoSpeed=6.876007 pts=0 intervention=false warning=false braking=true lifecycle=released_verified_stop range=null bearing=null rss=10.535003
09-01 15:12:34.621  3426  3426 I de4sdv_aebs_ingress: frame accepted and published sequence=23341
09-01 15:12:34.621  3381  3397 I AebsFrameSubscriber: onMessagesAvailable callback
09-01 15:12:34.622  3381  3397 I AebsFrameSubscriber: readNextMessages count=1
09-01 15:12:34.622  3381  3397 I MainActivity: onGatewayFrame: frame seq=23341 egoSpeed=6.876007 pts=0 intervention=false warning=false braking=true lifecycle=released_verified_stop range=null bearing=null rss=10.535003
09-01 15:12:34.721  3426  3426 I de4sdv_aebs_ingress: frame accepted and published sequence=23342
09-01 15:12:34.721  3381  3397 I AebsFrameSubscriber: onMessagesAvailable callback
09-01 15:12:34.721  3381  3397 I AebsFrameSubscriber: readNextMessages count=1
09-01 15:12:34.721  3381  3397 I MainActivity: onGatewayFrame: frame seq=23342 egoSpeed=6.876007 pts=0 intervention=false warning=false braking=true lifecycle=released_verified_stop range=null bearing=null rss=10.535003
09-01 15:12:34.821  3426  3426 I de4sdv_aebs_ingress: frame accepted and published sequence=23343
09-01 15:12:34.821  3381  3397 I AebsFrameSubscriber: onMessagesAvailable callback
09-01 15:12:34.822  3381  3397 I AebsFrameSubscriber: readNextMessages count=1
09-01 15:12:34.822  3381  3397 I MainActivity: onGatewayFrame: frame seq=23343 egoSpeed=6.876007 pts=0 intervention=false warning=false braking=true lifecycle=released_verified_stop range=null bearing=null rss=10.535003
09-01 15:12:34.921  3426  3426 I de4sdv_aebs_ingress: frame accepted and published sequence=23344
09-01 15:12:34.921  3381  3397 I AebsFrameSubscriber: onMessagesAvailable callback
09-01 15:12:34.921  3381  3397 I AebsFrameSubscriber: readNextMessages count=1
09-01 15:12:34.921  3381  3397 I MainActivity: onGatewayFrame: frame seq=23344 egoSpeed=6.876007 pts=0 intervention=false warning=false braking=true lifecycle=released_verified_stop range=null bearing=null rss=10.535003
09-01 15:12:35.021  3426  3426 I de4sdv_aebs_ingress: frame accepted and published sequence=23345
09-01 15:12:35.021  3381  3397 I AebsFrameSubscriber: onMessagesAvailable callback
09-01 15:12:35.021  3381  3397 I AebsFrameSubscriber: readNextMessages count=1
09-01 15:12:35.021  3381  3397 I MainActivity: onGatewayFrame: frame seq=23345 egoSpeed=6.876007 pts=0 intervention=false warning=false braking=true lifecycle=released_verified_stop range=null bearing=null rss=10.535003
09-01 15:12:35.121  3426  3426 I de4sdv_aebs_ingress: frame accepted and published sequence=23346
09-01 15:12:35.121  3381  3397 I AebsFrameSubscriber: onMessagesAvailable callback
09-01 15:12:35.122  3381  3397 I AebsFrameSubscriber: readNextMessages count=1
09-01 15:12:35.122  3381  3397 I MainActivity: onGatewayFrame: frame seq=23346 egoSpeed=6.876007 pts=0 intervention=false warning=false braking=true lifecycle=released_verified_stop range=null bearing=null rss=10.535003
09-01 15:12:35.221  3426  3426 I de4sdv_aebs_ingress: frame accepted and published sequence=23347
09-01 15:12:35.221  3381  3397 I AebsFrameSubscriber: onMessagesAvailable callback
09-01 15:12:35.221  3381  3397 I AebsFrameSubscriber: readNextMessages count=1
09-01 15:12:35.221  3381  3397 I MainActivity: onGatewayFrame: frame seq=23347 egoSpeed=6.876007 pts=0 intervention=false warning=false braking=true lifecycle=released_verified_stop range=null bearing=null rss=10.535003
09-01 15:12:35.321  3426  3426 I de4sdv_aebs_ingress: frame accepted and published sequence=23348
09-01 15:12:35.321  3381  3397 I AebsFrameSubscriber: onMessagesAvailable callback
09-01 15:12:35.321  3381  3397 I AebsFrameSubscriber: readNextMessages count=1
09-01 15:12:35.321  3381  3397 I MainActivity: onGatewayFrame: frame seq=23348 egoSpeed=6.876007 pts=0 intervention=false warning=false braking=true lifecycle=released_verified_stop range=null bearing=null rss=10.535003
09-01 15:12:35.421  3426  3426 I de4sdv_aebs_ingress: frame accepted and published sequence=23349
09-01 15:12:35.421  3381  3397 I AebsFrameSubscriber: onMessagesAvailable callback
09-01 15:12:35.421  3381  3397 I AebsFrameSubscriber: readNextMessages count=1
09-01 15:12:35.421  3381  3397 I MainActivity: onGatewayFrame: frame seq=23349 egoSpeed=6.876007 pts=0 intervention=false warning=false braking=true lifecycle=released_verified_stop range=null bearing=null rss=10.535003
09-01 15:12:35.521  3426  3426 I de4sdv_aebs_ingress: frame accepted and published sequence=23350
09-01 15:12:35.521  3381  3397 I AebsFrameSubscriber: onMessagesAvailable callback
09-01 15:12:35.521  3381  3397 I AebsFrameSubscriber: readNextMessages count=1
09-01 15:12:35.521  3381  3397 I MainActivity: onGatewayFrame: frame seq=23350 egoSpeed=6.876007 pts=0 intervention=false warning=false braking=true lifecycle=released_verified_stop range=null bearing=null rss=10.535003
09-01 15:12:35.621  3426  3426 I de4sdv_aebs_ingress: frame accepted and published sequence=23351
09-01 15:12:35.621  3381  3397 I AebsFrameSubscriber: onMessagesAvailable callback
09-01 15:12:35.621  3381  3397 I AebsFrameSubscriber: readNextMessages count=1
09-01 15:12:35.621  3381  3397 I MainActivity: onGatewayFrame: frame seq=23351 egoSpeed=6.876007 pts=0 intervention=false warning=false braking=true lifecycle=released_verified_stop range=null bearing=null rss=10.535003
09-01 15:12:35.721  3426  3426 I de4sdv_aebs_ingress: frame accepted and published sequence=23352
09-01 15:12:35.721  3381  3397 I AebsFrameSubscriber: onMessagesAvailable callback
09-01 15:12:35.722  3381  3397 I AebsFrameSubscriber: readNextMessages count=1
09-01 15:12:35.722  3381  3397 I MainActivity: onGatewayFrame: frame seq=23352 egoSpeed=6.876007 pts=0 intervention=false warning=false braking=true lifecycle=released_verified_stop range=null bearing=null rss=10.535003
09-01 15:12:35.821  3426  3426 I de4sdv_aebs_ingress: frame accepted and published sequence=23353
09-01 15:12:35.822  3381  3397 I AebsFrameSubscriber: onMessagesAvailable callback
09-01 15:12:35.822  3381  3397 I AebsFrameSubscriber: readNextMessages count=1
09-01 15:12:35.822  3381  3397 I MainActivity: onGatewayFrame: frame seq=23353 egoSpeed=6.876007 pts=0 intervention=false warning=false braking=true lifecycle=released_verified_stop range=null bearing=null rss=10.535003
09-01 15:12:35.921  3426  3426 I de4sdv_aebs_ingress: frame accepted and published sequence=23354
09-01 15:12:35.922  3381  3397 I AebsFrameSubscriber: onMessagesAvailable callback
09-01 15:12:35.922  3381  3397 I AebsFrameSubscriber: readNextMessages count=1
09-01 15:12:35.922  3381  3397 I MainActivity: onGatewayFrame: frame seq=23354 egoSpeed=6.876007 pts=0 intervention=false warning=false braking=true lifecycle=released_verified_stop range=null bearing=null rss=10.535003
09-01 15:12:36.021  3426  3426 I de4sdv_aebs_ingress: frame accepted and published sequence=23355
09-01 15:12:36.021  3381  3397 I AebsFrameSubscriber: onMessagesAvailable callback
09-01 15:12:36.022  3381  3397 I AebsFrameSubscriber: readNextMessages count=1
09-01 15:12:36.022  3381  3397 I MainActivity: onGatewayFrame: frame seq=23355 egoSpeed=6.876007 pts=0 intervention=false warning=false braking=true lifecycle=released_verified_stop range=null bearing=null rss=10.535003
09-01 15:12:36.120  3426  3426 I de4sdv_aebs_ingress: frame accepted and published sequence=23356
09-01 15:12:36.121  3381  3397 I AebsFrameSubscriber: onMessagesAvailable callback
09-01 15:12:36.121  3381  3397 I AebsFrameSubscriber: readNextMessages count=1
09-01 15:12:36.121  3381  3397 I MainActivity: onGatewayFrame: frame seq=23356 egoSpeed=6.876007 pts=0 intervention=false warning=false braking=true lifecycle=released_verified_stop range=null bearing=null rss=10.535003
09-01 15:12:36.221  3426  3426 I de4sdv_aebs_ingress: frame accepted and published sequence=23357
09-01 15:12:36.221  3381  3397 I AebsFrameSubscriber: onMessagesAvailable callback
09-01 15:12:36.222  3381  3397 I AebsFrameSubscriber: readNextMessages count=1
09-01 15:12:36.222  3381  3397 I MainActivity: onGatewayFrame: frame seq=23357 egoSpeed=6.876007 pts=0 intervention=false warning=false braking=true lifecycle=released_verified_stop range=null bearing=null rss=10.535003
09-01 15:12:36.321  3426  3426 I de4sdv_aebs_ingress: frame accepted and published sequence=23358
09-01 15:12:36.321  3381  3397 I AebsFrameSubscriber: onMessagesAvailable callback
09-01 15:12:36.322  3381  3397 I AebsFrameSubscriber: readNextMessages count=1
09-01 15:12:36.322  3381  3397 I MainActivity: onGatewayFrame: frame seq=23358 egoSpeed=6.876007 pts=0 intervention=false warning=false braking=true lifecycle=released_verified_stop range=null bearing=null rss=10.535003
09-01 15:12:36.421  3426  3426 I de4sdv_aebs_ingress: frame accepted and published sequence=23359
09-01 15:12:36.421  3381  3397 I AebsFrameSubscriber: onMessagesAvailable callback
09-01 15:12:36.421  3381  3397 I AebsFrameSubscriber: readNextMessages count=1
09-01 15:12:36.422  3381  3397 I MainActivity: onGatewayFrame: frame seq=23359 egoSpeed=6.876007 pts=0 intervention=false warning=false braking=true lifecycle=released_verified_stop range=null bearing=null rss=10.535003
09-01 15:12:36.520  3426  3426 I de4sdv_aebs_ingress: frame accepted and published sequence=23360
09-01 15:12:36.521  3381  3397 I AebsFrameSubscriber: onMessagesAvailable callback
09-01 15:12:36.521  3381  3397 I AebsFrameSubscriber: readNextMessages count=1
09-01 15:12:36.521  3381  3397 I MainActivity: onGatewayFrame: frame seq=23360 egoSpeed=6.876007 pts=0 intervention=false warning=false braking=true lifecycle=released_verified_stop range=null bearing=null rss=10.535003
09-01 15:12:36.622  3426  3426 I de4sdv_aebs_ingress: frame accepted and published sequence=23361
09-01 15:12:36.622  3381  3397 I AebsFrameSubscriber: onMessagesAvailable callback
09-01 15:12:36.623  3381  3397 I AebsFrameSubscriber: readNextMessages count=1
09-01 15:12:36.623  3381  3397 I MainActivity: onGatewayFrame: frame seq=23361 egoSpeed=6.876007 pts=0 intervention=false warning=false braking=true lifecycle=released_verified_stop range=null bearing=null rss=10.535003
09-01 15:12:36.721  3426  3426 I de4sdv_aebs_ingress: frame accepted and published sequence=23362
09-01 15:12:36.721  3381  3397 I AebsFrameSubscriber: onMessagesAvailable callback
09-01 15:12:36.721  3381  3397 I AebsFrameSubscriber: readNextMessages count=1
09-01 15:12:36.721  3381  3397 I MainActivity: onGatewayFrame: frame seq=23362 egoSpeed=6.876007 pts=0 intervention=false warning=false braking=true lifecycle=released_verified_stop range=null bearing=null rss=10.535003
09-01 15:12:36.784   876   876 D EmulatedVehicleHardware: Set value for property ID: 290459441
09-01 15:12:36.784   876  1883 E VhalProxy: Publisher with id: 290459441 does not exist in vhal proxy
09-01 15:12:36.821  3426  3426 I de4sdv_aebs_ingress: frame accepted and published sequence=23363
09-01 15:12:36.821  3381  3397 I AebsFrameSubscriber: onMessagesAvailable callback
09-01 15:12:36.821  3381  3397 I AebsFrameSubscriber: readNextMessages count=1
09-01 15:12:36.821  3381  3397 I MainActivity: onGatewayFrame: frame seq=23363 egoSpeed=6.876007 pts=0 intervention=false warning=false braking=true lifecycle=released_verified_stop range=null bearing=null rss=10.535003
09-01 15:12:36.920  3426  3426 I de4sdv_aebs_ingress: frame accepted and published sequence=23364
09-01 15:12:36.921  3381  3397 I AebsFrameSubscriber: onMessagesAvailable callback
09-01 15:12:36.921  3381  3397 I AebsFrameSubscriber: readNextMessages count=1
09-01 15:12:36.921  3381  3397 I MainActivity: onGatewayFrame: frame seq=23364 egoSpeed=6.876007 pts=0 intervention=false warning=false braking=true lifecycle=released_verified_stop range=null bearing=null rss=10.535003
09-01 15:12:36.981  1017  1489 I WifiService: getConnectionInfo uid=1010110
09-01 15:12:37.021  3426  3426 I de4sdv_aebs_ingress: frame accepted and published sequence=23365
09-01 15:12:37.021  3381  3397 I AebsFrameSubscriber: onMessagesAvailable callback
09-01 15:12:37.021  3381  3397 I AebsFrameSubscriber: readNextMessages count=1
09-01 15:12:37.021  3381  3397 I MainActivity: onGatewayFrame: frame seq=23365 egoSpeed=6.876007 pts=0 intervention=false warning=false braking=true lifecycle=released_verified_stop range=null bearing=null rss=10.535003
09-01 15:12:37.121  3426  3426 I de4sdv_aebs_ingress: frame accepted and published sequence=23366
09-01 15:12:37.121  3381  3397 I AebsFrameSubscriber: onMessagesAvailable callback
09-01 15:12:37.122  3381  3397 I AebsFrameSubscriber: readNextMessages count=1
09-01 15:12:37.122  3381  3397 I MainActivity: onGatewayFrame: frame seq=23366 egoSpeed=6.876007 pts=0 intervention=false warning=false braking=true lifecycle=released_verified_stop range=null bearing=null rss=10.535003
09-01 15:12:37.220  3426  3426 I de4sdv_aebs_ingress: frame accepted and published sequence=23367
09-01 15:12:37.221  3381  3397 I AebsFrameSubscriber: onMessagesAvailable callback
09-01 15:12:37.221  3381  3397 I AebsFrameSubscriber: readNextMessages count=1
09-01 15:12:37.221  3381  3397 I MainActivity: onGatewayFrame: frame seq=23367 egoSpeed=6.876007 pts=0 intervention=false warning=false braking=true lifecycle=released_verified_stop range=null bearing=null rss=10.535003
09-01 15:12:37.320  3426  3426 I de4sdv_aebs_ingress: frame accepted and published sequence=23368
09-01 15:12:37.321  3381  3397 I AebsFrameSubscriber: onMessagesAvailable callback
09-01 15:12:37.321  3381  3397 I AebsFrameSubscriber: readNextMessages count=1
09-01 15:12:37.321  3381  3397 I MainActivity: onGatewayFrame: frame seq=23368 egoSpeed=6.876007 pts=0 intervention=false warning=false braking=true lifecycle=released_verified_stop range=null bearing=null rss=10.535003
09-01 15:12:37.421  3426  3426 I de4sdv_aebs_ingress: frame accepted and published sequence=23369
09-01 15:12:37.421  3381  3397 I AebsFrameSubscriber: onMessagesAvailable callback
09-01 15:12:37.421  3381  3397 I AebsFrameSubscriber: readNextMessages count=1
09-01 15:12:37.421  3381  3397 I MainActivity: onGatewayFrame: frame seq=23369 egoSpeed=6.876007 pts=0 intervention=false warning=false braking=true lifecycle=released_verified_stop range=null bearing=null rss=10.535003
09-01 15:12:37.520  3426  3426 I de4sdv_aebs_ingress: frame accepted and published sequence=23370
09-01 15:12:37.521  3381  3397 I AebsFrameSubscriber: onMessagesAvailable callback
09-01 15:12:37.521  3381  3397 I AebsFrameSubscriber: readNextMessages count=1
09-01 15:12:37.521  3381  3397 I MainActivity: onGatewayFrame: frame seq=23370 egoSpeed=6.876007 pts=0 intervention=false warning=false braking=true lifecycle=released_verified_stop range=null bearing=null rss=10.535003
09-01 15:12:37.620  3426  3426 I de4sdv_aebs_ingress: frame accepted and published sequence=23371
09-01 15:12:37.621  3381  3397 I AebsFrameSubscriber: onMessagesAvailable callback
09-01 15:12:37.621  3381  3397 I AebsFrameSubscriber: readNextMessages count=1
09-01 15:12:37.621  3381  3397 I MainActivity: onGatewayFrame: frame seq=23371 egoSpeed=6.876007 pts=0 intervention=false warning=false braking=true lifecycle=released_verified_stop range=null bearing=null rss=10.535003
09-01 15:12:37.633  3347  3347 I adbd    : adbd service requested 'shell,raw:cut -d. -f1 /proc/uptime'
09-01 15:12:37.720  3426  3426 I de4sdv_aebs_ingress: frame accepted and published sequence=23372
09-01 15:12:37.721  3381  3397 I AebsFrameSubscriber: onMessagesAvailable callback
09-01 15:12:37.721  3381  3397 I AebsFrameSubscriber: readNextMessages count=1
09-01 15:12:37.721  3381  3397 I MainActivity: onGatewayFrame: frame seq=23372 egoSpeed=6.876007 pts=0 intervention=false warning=false braking=true lifecycle=released_verified_stop range=null bearing=null rss=10.535003
09-01 15:12:37.821  3426  3426 I de4sdv_aebs_ingress: frame accepted and published sequence=23373
09-01 15:12:37.821  3381  3397 I AebsFrameSubscriber: onMessagesAvailable callback
09-01 15:12:37.821  3381  3397 I AebsFrameSubscriber: readNextMessages count=1
09-01 15:12:37.821  3381  3397 I MainActivity: onGatewayFrame: frame seq=23373 egoSpeed=6.876007 pts=0 intervention=false warning=false braking=true lifecycle=released_verified_stop range=null bearing=null rss=10.535003
09-01 15:12:37.846   905  3547 D AidlBufferPool: bufferpool2 0x7a9b46a0b798 : 2(1944000 size) total buffers - 1(972000 size) used buffers - 721/723 (recycle/alloc) - 4/722 (fetch/transfer)
09-01 15:12:37.920  3426  3426 I de4sdv_aebs_ingress: frame accepted and published sequence=23374
09-01 15:12:37.921  3381  3397 I AebsFrameSubscriber: onMessagesAvailable callback
09-01 15:12:37.921  3381  3397 I AebsFrameSubscriber: readNextMessages count=1
09-01 15:12:37.921  3381  3397 I MainActivity: onGatewayFrame: frame seq=23374 egoSpeed=6.876007 pts=0 intervention=false warning=false braking=true lifecycle=released_verified_stop range=null bearing=null rss=10.535003
09-01 15:12:38.020  3426  3426 I de4sdv_aebs_ingress: frame accepted and published sequence=23375
09-01 15:12:38.021  3381  3397 I AebsFrameSubscriber: onMessagesAvailable callback
09-01 15:12:38.021  3381  3397 I AebsFrameSubscriber: readNextMessages count=1
09-01 15:12:38.021  3381  3397 I MainActivity: onGatewayFrame: frame seq=23375 egoSpeed=6.876007 pts=0 intervention=false warning=false braking=true lifecycle=released_verified_stop range=null bearing=null rss=10.535003
09-01 15:12:38.120  3426  3426 I de4sdv_aebs_ingress: frame accepted and published sequence=23376
09-01 15:12:38.121  3381  3397 I AebsFrameSubscriber: onMessagesAvailable callback
09-01 15:12:38.121  3381  3397 I AebsFrameSubscriber: readNextMessages count=1
09-01 15:12:38.121  3381  3397 I MainActivity: onGatewayFrame: frame seq=23376 egoSpeed=6.876007 pts=0 intervention=false warning=false braking=true lifecycle=released_verified_stop range=null bearing=null rss=10.535003
09-01 15:12:38.220  3426  3426 I de4sdv_aebs_ingress: frame accepted and published sequence=23377
09-01 15:12:38.221  3381  3397 I AebsFrameSubscriber: onMessagesAvailable callback
09-01 15:12:38.221  3381  3397 I AebsFrameSubscriber: readNextMessages count=1
09-01 15:12:38.221  3381  3397 I MainActivity: onGatewayFrame: frame seq=23377 egoSpeed=6.876007 pts=0 intervention=false warning=false braking=true lifecycle=released_verified_stop range=null bearing=null rss=10.535003
09-01 15:12:38.320  3426  3426 I de4sdv_aebs_ingress: frame accepted and published sequence=23378
09-01 15:12:38.321  3381  3397 I AebsFrameSubscriber: onMessagesAvailable callback
09-01 15:12:38.321  3381  3397 I AebsFrameSubscriber: readNextMessages count=1
09-01 15:12:38.321  3381  3397 I MainActivity: onGatewayFrame: frame seq=23378 egoSpeed=6.876007 pts=0 intervention=false warning=false braking=true lifecycle=released_verified_stop range=null bearing=null rss=10.535003
09-01 15:12:38.420  3426  3426 I de4sdv_aebs_ingress: frame accepted and published sequence=23379
09-01 15:12:38.421  3381  3397 I AebsFrameSubscriber: onMessagesAvailable callback
09-01 15:12:38.421  3381  3397 I AebsFrameSubscriber: readNextMessages count=1
09-01 15:12:38.421  3381  3397 I MainActivity: onGatewayFrame: frame seq=23379 egoSpeed=6.876007 pts=0 intervention=false warning=false braking=true lifecycle=released_verified_stop range=null bearing=null rss=10.535003
09-01 15:12:38.520  3426  3426 I de4sdv_aebs_ingress: frame accepted and published sequence=23380
09-01 15:12:38.521  3381  3397 I AebsFrameSubscriber: onMessagesAvailable callback
09-01 15:12:38.521  3381  3397 I AebsFrameSubscriber: readNextMessages count=1
09-01 15:12:38.522  3381  3397 I MainActivity: onGatewayFrame: frame seq=23380 egoSpeed=6.876007 pts=0 intervention=false warning=false braking=true lifecycle=released_verified_stop range=null bearing=null rss=10.535003
09-01 15:12:38.620  3426  3426 I de4sdv_aebs_ingress: frame accepted and published sequence=23381
09-01 15:12:38.621  3381  3397 I AebsFrameSubscriber: onMessagesAvailable callback
09-01 15:12:38.621  3381  3397 I AebsFrameSubscriber: readNextMessages count=1
09-01 15:12:38.621  3381  3397 I MainActivity: onGatewayFrame: frame seq=23381 egoSpeed=6.876007 pts=0 intervention=false warning=false braking=true lifecycle=released_verified_stop range=null bearing=null rss=10.535003
09-01 15:12:38.720  3426  3426 I de4sdv_aebs_ingress: frame accepted and published sequence=23382
09-01 15:12:38.721  3381  3397 I AebsFrameSubscriber: onMessagesAvailable callback
09-01 15:12:38.721  3381  3397 I AebsFrameSubscriber: readNextMessages count=1
09-01 15:12:38.721  3381  3397 I MainActivity: onGatewayFrame: frame seq=23382 egoSpeed=6.876007 pts=0 intervention=false warning=false braking=true lifecycle=released_verified_stop range=null bearing=null rss=10.535003
09-01 15:12:38.820  3426  3426 I de4sdv_aebs_ingress: frame accepted and published sequence=23383
09-01 15:12:38.821  3381  3397 I AebsFrameSubscriber: onMessagesAvailable callback
09-01 15:12:38.821  3381  3397 I AebsFrameSubscriber: readNextMessages count=1
09-01 15:12:38.821  3381  3397 I MainActivity: onGatewayFrame: frame seq=23383 egoSpeed=6.876007 pts=0 intervention=false warning=false braking=true lifecycle=released_verified_stop range=null bearing=null rss=10.535003
09-01 15:12:38.920  3426  3426 I de4sdv_aebs_ingress: frame accepted and published sequence=23384
09-01 15:12:38.921  3381  3397 I AebsFrameSubscriber: onMessagesAvailable callback
09-01 15:12:38.921  3381  3397 I AebsFrameSubscriber: readNextMessages count=1
09-01 15:12:38.921  3381  3397 I MainActivity: onGatewayFrame: frame seq=23384 egoSpeed=6.876007 pts=0 intervention=false warning=false braking=true lifecycle=released_verified_stop range=null bearing=null rss=10.535003
09-01 15:12:39.020  3426  3426 I de4sdv_aebs_ingress: frame accepted and published sequence=23385
09-01 15:12:39.021  3381  3397 I AebsFrameSubscriber: onMessagesAvailable callback
09-01 15:12:39.021  3381  3397 I AebsFrameSubscriber: readNextMessages count=1
09-01 15:12:39.021  3381  3397 I MainActivity: onGatewayFrame: frame seq=23385 egoSpeed=6.876007 pts=0 intervention=false warning=false braking=true lifecycle=released_verified_stop range=null bearing=null rss=10.535003
09-01 15:12:39.120  3426  3426 I de4sdv_aebs_ingress: frame accepted and published sequence=23386
09-01 15:12:39.121  3381  3397 I AebsFrameSubscriber: onMessagesAvailable callback
09-01 15:12:39.121  3381  3397 I AebsFrameSubscriber: readNextMessages count=1
09-01 15:12:39.121  3381  3397 I MainActivity: onGatewayFrame: frame seq=23386 egoSpeed=6.876007 pts=0 intervention=false warning=false braking=true lifecycle=released_verified_stop range=null bearing=null rss=10.535003
09-01 15:12:39.220  3426  3426 I de4sdv_aebs_ingress: frame accepted and published sequence=23387
09-01 15:12:39.221  3381  3397 I AebsFrameSubscriber: onMessagesAvailable callback
09-01 15:12:39.221  3381  3397 I AebsFrameSubscriber: readNextMessages count=1
09-01 15:12:39.222  3381  3397 I MainActivity: onGatewayFrame: frame seq=23387 egoSpeed=6.876007 pts=0 intervention=false warning=false braking=true lifecycle=released_verified_stop range=null bearing=null rss=10.535003
09-01 15:12:39.321  3426  3426 I de4sdv_aebs_ingress: frame accepted and published sequence=23388
09-01 15:12:39.321  3381  3397 I AebsFrameSubscriber: onMessagesAvailable callback
09-01 15:12:39.322  3381  3397 I AebsFrameSubscriber: readNextMessages count=1
09-01 15:12:39.322  3381  3397 I MainActivity: onGatewayFrame: frame seq=23388 egoSpeed=6.876007 pts=0 intervention=false warning=false braking=true lifecycle=released_verified_stop range=null bearing=null rss=10.535003
09-01 15:12:39.421  3426  3426 I de4sdv_aebs_ingress: frame accepted and published sequence=23389
09-01 15:12:39.421  3381  3397 I AebsFrameSubscriber: onMessagesAvailable callback
09-01 15:12:39.422  3381  3397 I AebsFrameSubscriber: readNextMessages count=1
09-01 15:12:39.422  3381  3397 I MainActivity: onGatewayFrame: frame seq=23389 egoSpeed=6.876007 pts=0 intervention=false warning=false braking=true lifecycle=released_verified_stop range=null bearing=null rss=10.535003
09-01 15:12:39.521  3426  3426 I de4sdv_aebs_ingress: frame accepted and published sequence=23390
09-01 15:12:39.522  3381  3397 I AebsFrameSubscriber: onMessagesAvailable callback
09-01 15:12:39.522  3381  3397 I AebsFrameSubscriber: readNextMessages count=1
09-01 15:12:39.522  3381  3397 I MainActivity: onGatewayFrame: frame seq=23390 egoSpeed=6.876007 pts=0 intervention=false warning=false braking=true lifecycle=released_verified_stop range=null bearing=null rss=10.535003
09-01 15:12:39.620  3426  3426 I de4sdv_aebs_ingress: frame accepted and published sequence=23391
09-01 15:12:39.621  3381  3397 I AebsFrameSubscriber: onMessagesAvailable callback
09-01 15:12:39.621  3381  3397 I AebsFrameSubscriber: readNextMessages count=1
09-01 15:12:39.621  3381  3397 I MainActivity: onGatewayFrame: frame seq=23391 egoSpeed=6.876007 pts=0 intervention=false warning=false braking=true lifecycle=released_verified_stop range=null bearing=null rss=10.535003
09-01 15:12:39.720  3426  3426 I de4sdv_aebs_ingress: frame accepted and published sequence=23392
09-01 15:12:39.721  3381  3397 I AebsFrameSubscriber: onMessagesAvailable callback
09-01 15:12:39.721  3381  3397 I AebsFrameSubscriber: readNextMessages count=1
09-01 15:12:39.722  3381  3397 I MainActivity: onGatewayFrame: frame seq=23392 egoSpeed=6.876007 pts=0 intervention=false warning=false braking=true lifecycle=released_verified_stop range=null bearing=null rss=10.535003
09-01 15:12:39.788   876   876 D EmulatedVehicleHardware: Set value for property ID: 290459441
09-01 15:12:39.788   876  1883 E VhalProxy: Publisher with id: 290459441 does not exist in vhal proxy
09-01 15:12:39.820  3426  3426 I de4sdv_aebs_ingress: frame accepted and published sequence=23393
09-01 15:12:39.821  3381  3397 I AebsFrameSubscriber: onMessagesAvailable callback
09-01 15:12:39.821  3381  3397 I AebsFrameSubscriber: readNextMessages count=1
09-01 15:12:39.821  3381  3397 I MainActivity: onGatewayFrame: frame seq=23393 egoSpeed=6.876007 pts=0 intervention=false warning=false braking=true lifecycle=released_verified_stop range=null bearing=null rss=10.535003
09-01 15:12:39.920  3426  3426 I de4sdv_aebs_ingress: frame accepted and published sequence=23394
09-01 15:12:39.920  3381  3397 I AebsFrameSubscriber: onMessagesAvailable callback
09-01 15:12:39.921  3381  3397 I AebsFrameSubscriber: readNextMessages count=1
09-01 15:12:39.921  3381  3397 I MainActivity: onGatewayFrame: frame seq=23394 egoSpeed=6.876007 pts=0 intervention=false warning=false braking=true lifecycle=released_verified_stop range=null bearing=null rss=10.535003
09-01 15:12:39.984  1766  1789 D SdvServiceManagerServer: main::mesh::manager: Watcher task instance3 woken up by: Timeout
09-01 15:12:39.984  1766  1789 D SdvServiceManagerServer: main::mesh::custom_verifier: Created ExternalVerifier with address 0x7c6bc800fd10
09-01 15:12:39.984  1766  1789 I SdvServiceManagerServer: main::mesh::async_client: Connecting to instance3 at 192.168.99.5:2000 using secure TLS channel with DICE authentication
09-01 15:12:39.984  1766  1789 D SdvServiceManagerServer: main::mesh::manager: Watcher task instance2 woken up by: Timeout
09-01 15:12:39.984  1766  1789 D SdvServiceManagerServer: main::mesh::custom_verifier: Created ExternalVerifier with address 0x7c6bc800ec70
09-01 15:12:39.984  1766  1789 I SdvServiceManagerServer: main::mesh::async_client: Connecting to instance2 at 192.168.99.4:2000 using secure TLS channel with DICE authentication
09-01 15:12:40.021  3426  3426 I de4sdv_aebs_ingress: frame accepted and published sequence=23395
09-01 15:12:40.021  3381  3397 I AebsFrameSubscriber: onMessagesAvailable callback
09-01 15:12:40.021  3381  3397 I AebsFrameSubscriber: readNextMessages count=1
09-01 15:12:40.021  3381  3397 I MainActivity: onGatewayFrame: frame seq=23395 egoSpeed=6.876007 pts=0 intervention=false warning=false braking=true lifecycle=released_verified_stop range=null bearing=null rss=10.535003
09-01 15:12:40.121  3426  3426 I de4sdv_aebs_ingress: frame accepted and published sequence=23396
09-01 15:12:40.122  3381  3397 I AebsFrameSubscriber: onMessagesAvailable callback
09-01 15:12:40.122  3381  3397 I AebsFrameSubscriber: readNextMessages count=1
09-01 15:12:40.122  3381  3397 I MainActivity: onGatewayFrame: frame seq=23396 egoSpeed=6.876007 pts=0 intervention=false warning=false braking=true lifecycle=released_verified_stop range=null bearing=null rss=10.535003
09-01 15:12:40.221  3426  3426 I de4sdv_aebs_ingress: frame accepted and published sequence=23397
09-01 15:12:40.221  3381  3397 I AebsFrameSubscriber: onMessagesAvailable callback
09-01 15:12:40.222  3381  3397 I AebsFrameSubscriber: readNextMessages count=1
09-01 15:12:40.222  3381  3397 I MainActivity: onGatewayFrame: frame seq=23397 egoSpeed=6.876007 pts=0 intervention=false warning=false braking=true lifecycle=released_verified_stop range=null bearing=null rss=10.535003
09-01 15:12:40.321  3426  3426 I de4sdv_aebs_ingress: frame accepted and published sequence=23398
09-01 15:12:40.322  3381  3397 I AebsFrameSubscriber: onMessagesAvailable callback
09-01 15:12:40.322  3381  3397 I AebsFrameSubscriber: readNextMessages count=1
09-01 15:12:40.322  3381  3397 I MainActivity: onGatewayFrame: frame seq=23398 egoSpeed=6.876007 pts=0 intervention=false warning=false braking=true lifecycle=released_verified_stop range=null bearing=null rss=10.535003
09-01 15:12:40.421  3426  3426 I de4sdv_aebs_ingress: frame accepted and published sequence=23399
09-01 15:12:40.421  3381  3397 I AebsFrameSubscriber: onMessagesAvailable callback
09-01 15:12:40.421  3381  3397 I AebsFrameSubscriber: readNextMessages count=1
09-01 15:12:40.421  3381  3397 I MainActivity: onGatewayFrame: frame seq=23399 egoSpeed=6.876007 pts=0 intervention=false warning=false braking=true lifecycle=released_verified_stop range=null bearing=null rss=10.535003
09-01 15:12:40.520  3426  3426 I de4sdv_aebs_ingress: frame accepted and published sequence=23400
09-01 15:12:40.520  3381  3397 I AebsFrameSubscriber: onMessagesAvailable callback
09-01 15:12:40.521  3381  3397 I AebsFrameSubscriber: readNextMessages count=1
09-01 15:12:40.521  3381  3397 I MainActivity: onGatewayFrame: frame seq=23400 egoSpeed=6.876007 pts=0 intervention=false warning=false braking=true lifecycle=released_verified_stop range=null bearing=null rss=10.535003
09-01 15:12:40.621  3426  3426 I de4sdv_aebs_ingress: frame accepted and published sequence=23401
09-01 15:12:40.621  3381  3397 I AebsFrameSubscriber: onMessagesAvailable callback
09-01 15:12:40.622  3381  3397 I AebsFrameSubscriber: readNextMessages count=1
09-01 15:12:40.622  3381  3397 I MainActivity: onGatewayFrame: frame seq=23401 egoSpeed=6.876007 pts=0 intervention=false warning=false braking=true lifecycle=released_verified_stop range=null bearing=null rss=10.535003
09-01 15:12:40.720  3426  3426 I de4sdv_aebs_ingress: frame accepted and published sequence=23402
09-01 15:12:40.721  3381  3397 I AebsFrameSubscriber: onMessagesAvailable callback
09-01 15:12:40.721  3381  3397 I AebsFrameSubscriber: readNextMessages count=1
09-01 15:12:40.721  3381  3397 I MainActivity: onGatewayFrame: frame seq=23402 egoSpeed=6.876007 pts=0 intervention=false warning=false braking=true lifecycle=released_verified_stop range=null bearing=null rss=10.535003
09-01 15:12:40.820  3426  3426 I de4sdv_aebs_ingress: frame accepted and published sequence=23403
09-01 15:12:40.821  3381  3397 I AebsFrameSubscriber: onMessagesAvailable callback
09-01 15:12:40.821  3381  3397 I AebsFrameSubscriber: readNextMessages count=1
09-01 15:12:40.821  3381  3397 I MainActivity: onGatewayFrame: frame seq=23403 egoSpeed=6.876007 pts=0 intervention=false warning=false braking=true lifecycle=released_verified_stop range=null bearing=null rss=10.535003
09-01 15:12:40.920  3426  3426 I de4sdv_aebs_ingress: frame accepted and published sequence=23404
09-01 15:12:40.921  3381  3397 I AebsFrameSubscriber: onMessagesAvailable callback
09-01 15:12:40.921  3381  3397 I AebsFrameSubscriber: readNextMessages count=1
09-01 15:12:40.921  3381  3397 I MainActivity: onGatewayFrame: frame seq=23404 egoSpeed=6.876007 pts=0 intervention=false warning=false braking=true lifecycle=released_verified_stop range=null bearing=null rss=10.535003
09-01 15:12:40.988  1766  1789 W SdvServiceManagerServer: main::mesh::manager: Attempt to reconnect to instance2 failed: Unable to connect to mesh. Channel state: GRPC_CHANNEL_CONNECTING
09-01 15:12:40.988  1766  1790 W SdvServiceManagerServer: main::mesh::manager: Attempt to reconnect to instance3 failed: Unable to connect to mesh. Channel state: GRPC_CHANNEL_CONNECTING
09-01 15:12:40.988  1766  1818 D SdvServiceManagerServer: main::mesh::custom_verifier: Dropping ExternalVerifier with address 0x7c6bc800fd10
09-01 15:12:40.988  1766  1828 D SdvServiceManagerServer: main::mesh::custom_verifier: Dropping ExternalVerifier with address 0x7c6bc800ec70
09-01 15:12:41.020  3426  3426 I de4sdv_aebs_ingress: frame accepted and published sequence=23405
09-01 15:12:41.021  3381  3397 I AebsFrameSubscriber: onMessagesAvailable callback
09-01 15:12:41.021  3381  3397 I AebsFrameSubscriber: readNextMessages count=1
09-01 15:12:41.021  3381  3397 I MainActivity: onGatewayFrame: frame seq=23405 egoSpeed=6.876007 pts=0 intervention=false warning=false braking=true lifecycle=released_verified_stop range=null bearing=null rss=10.535003
09-01 15:12:41.120  3426  3426 I de4sdv_aebs_ingress: frame accepted and published sequence=23406
09-01 15:12:41.121  3381  3397 I AebsFrameSubscriber: onMessagesAvailable callback
09-01 15:12:41.122  3381  3397 I AebsFrameSubscriber: readNextMessages count=1
09-01 15:12:41.122  3381  3397 I MainActivity: onGatewayFrame: frame seq=23406 egoSpeed=6.876007 pts=0 intervention=false warning=false braking=true lifecycle=released_verified_stop range=null bearing=null rss=10.535003
09-01 15:12:41.221  3426  3426 I de4sdv_aebs_ingress: frame accepted and published sequence=23407
09-01 15:12:41.221  3381  3397 I AebsFrameSubscriber: onMessagesAvailable callback
09-01 15:12:41.221  3381  3397 I AebsFrameSubscriber: readNextMessages count=1
09-01 15:12:41.221  3381  3397 I MainActivity: onGatewayFrame: frame seq=23407 egoSpeed=6.876007 pts=0 intervention=false warning=false braking=true lifecycle=released_verified_stop range=null bearing=null rss=10.535003
09-01 15:12:41.320  3426  3426 I de4sdv_aebs_ingress: frame accepted and published sequence=23408
09-01 15:12:41.321  3381  3397 I AebsFrameSubscriber: onMessagesAvailable callback
09-01 15:12:41.321  3381  3397 I AebsFrameSubscriber: readNextMessages count=1
09-01 15:12:41.321  3381  3397 I MainActivity: onGatewayFrame: frame seq=23408 egoSpeed=6.876007 pts=0 intervention=false warning=false braking=true lifecycle=released_verified_stop range=null bearing=null rss=10.535003
09-01 15:12:41.420  3426  3426 I de4sdv_aebs_ingress: frame accepted and published sequence=23409
09-01 15:12:41.421  3381  3397 I AebsFrameSubscriber: onMessagesAvailable callback
09-01 15:12:41.421  3381  3397 I AebsFrameSubscriber: readNextMessages count=1
09-01 15:12:41.421  3381  3397 I MainActivity: onGatewayFrame: frame seq=23409 egoSpeed=6.876007 pts=0 intervention=false warning=false braking=true lifecycle=released_verified_stop range=null bearing=null rss=10.535003
09-01 15:12:41.520  3426  3426 I de4sdv_aebs_ingress: frame accepted and published sequence=23410
09-01 15:12:41.521  3381  3397 I AebsFrameSubscriber: onMessagesAvailable callback
09-01 15:12:41.521  3381  3397 I AebsFrameSubscriber: readNextMessages count=1
09-01 15:12:41.521  3381  3397 I MainActivity: onGatewayFrame: frame seq=23410 egoSpeed=6.876007 pts=0 intervention=false warning=false braking=true lifecycle=released_verified_stop range=null bearing=null rss=10.535003
09-01 15:12:41.621  3426  3426 I de4sdv_aebs_ingress: frame accepted and published sequence=23411
09-01 15:12:41.621  3381  3397 I AebsFrameSubscriber: onMessagesAvailable callback
09-01 15:12:41.622  3381  3397 I AebsFrameSubscriber: readNextMessages count=1
09-01 15:12:41.622  3381  3397 I MainActivity: onGatewayFrame: frame seq=23411 egoSpeed=6.876007 pts=0 intervention=false warning=false braking=true lifecycle=released_verified_stop range=null bearing=null rss=10.535003
09-01 15:12:41.721  3426  3426 I de4sdv_aebs_ingress: frame accepted and published sequence=23412
09-01 15:12:41.722  3381  3397 I AebsFrameSubscriber: onMessagesAvailable callback
09-01 15:12:41.722  3381  3397 I AebsFrameSubscriber: readNextMessages count=1
09-01 15:12:41.722  3381  3397 I MainActivity: onGatewayFrame: frame seq=23412 egoSpeed=6.876007 pts=0 intervention=false warning=false braking=true lifecycle=released_verified_stop range=null bearing=null rss=10.535003
09-01 15:12:41.821  3426  3426 I de4sdv_aebs_ingress: frame accepted and published sequence=23413
09-01 15:12:41.821  3381  3397 I AebsFrameSubscriber: onMessagesAvailable callback
09-01 15:12:41.821  3381  3397 I AebsFrameSubscriber: readNextMessages count=1
09-01 15:12:41.821  3381  3397 I MainActivity: onGatewayFrame: frame seq=23413 egoSpeed=6.876007 pts=0 intervention=false warning=false braking=true lifecycle=released_verified_stop range=null bearing=null rss=10.535003
09-01 15:12:41.920  3426  3426 I de4sdv_aebs_ingress: frame accepted and published sequence=23414
09-01 15:12:41.921  3381  3397 I AebsFrameSubscriber: onMessagesAvailable callback
09-01 15:12:41.921  3381  3397 I AebsFrameSubscriber: readNextMessages count=1
09-01 15:12:41.921  3381  3397 I MainActivity: onGatewayFrame: frame seq=23414 egoSpeed=6.876007 pts=0 intervention=false warning=false braking=true lifecycle=released_verified_stop range=null bearing=null rss=10.535003
09-01 15:12:41.982  1017  1489 I WifiService: getConnectionInfo uid=1010110
09-01 15:12:42.021  3426  3426 I de4sdv_aebs_ingress: frame accepted and published sequence=23415
09-01 15:12:42.021  3381  3397 I AebsFrameSubscriber: onMessagesAvailable callback
09-01 15:12:42.021  3381  3397 I AebsFrameSubscriber: readNextMessages count=1
09-01 15:12:42.021  3381  3397 I MainActivity: onGatewayFrame: frame seq=23415 egoSpeed=6.876007 pts=0 intervention=false warning=false braking=true lifecycle=released_verified_stop range=null bearing=null rss=10.535003
09-01 15:12:42.121  3426  3426 I de4sdv_aebs_ingress: frame accepted and published sequence=23416
09-01 15:12:42.121  3381  3397 I AebsFrameSubscriber: onMessagesAvailable callback
09-01 15:12:42.121  3381  3397 I AebsFrameSubscriber: readNextMessages count=1
09-01 15:12:42.122  3381  3397 I MainActivity: onGatewayFrame: frame seq=23416 egoSpeed=6.876007 pts=0 intervention=false warning=false braking=true lifecycle=released_verified_stop range=null bearing=null rss=10.535003
09-01 15:12:42.221  3426  3426 I de4sdv_aebs_ingress: frame accepted and published sequence=23417
09-01 15:12:42.221  3381  3397 I AebsFrameSubscriber: onMessagesAvailable callback
09-01 15:12:42.221  3381  3397 I AebsFrameSubscriber: readNextMessages count=1
09-01 15:12:42.222  3381  3397 I MainActivity: onGatewayFrame: frame seq=23417 egoSpeed=6.876007 pts=0 intervention=false warning=false braking=true lifecycle=released_verified_stop range=null bearing=null rss=10.535003
09-01 15:12:42.320  3426  3426 I de4sdv_aebs_ingress: frame accepted and published sequence=23418
09-01 15:12:42.321  3381  3397 I AebsFrameSubscriber: onMessagesAvailable callback
09-01 15:12:42.321  3381  3397 I AebsFrameSubscriber: readNextMessages count=1
09-01 15:12:42.321  3381  3397 I MainActivity: onGatewayFrame: frame seq=23418 egoSpeed=6.876007 pts=0 intervention=false warning=false braking=true lifecycle=released_verified_stop range=null bearing=null rss=10.535003
09-01 15:12:42.421  3426  3426 I de4sdv_aebs_ingress: frame accepted and published sequence=23419
09-01 15:12:42.421  3381  3397 I AebsFrameSubscriber: onMessagesAvailable callback
09-01 15:12:42.421  3381  3397 I AebsFrameSubscriber: readNextMessages count=1
09-01 15:12:42.421  3381  3397 I MainActivity: onGatewayFrame: frame seq=23419 egoSpeed=6.876007 pts=0 intervention=false warning=false braking=true lifecycle=released_verified_stop range=null bearing=null rss=10.535003
09-01 15:12:42.520  3426  3426 I de4sdv_aebs_ingress: frame accepted and published sequence=23420
09-01 15:12:42.521  3381  3397 I AebsFrameSubscriber: onMessagesAvailable callback
09-01 15:12:42.521  3381  3397 I AebsFrameSubscriber: readNextMessages count=1
09-01 15:12:42.521  3381  3397 I MainActivity: onGatewayFrame: frame seq=23420 egoSpeed=6.876007 pts=0 intervention=false warning=false braking=true lifecycle=released_verified_stop range=null bearing=null rss=10.535003
09-01 15:12:42.620  3426  3426 I de4sdv_aebs_ingress: frame accepted and published sequence=23421
09-01 15:12:42.621  3381  3397 I AebsFrameSubscriber: onMessagesAvailable callback
09-01 15:12:42.621  3381  3397 I AebsFrameSubscriber: readNextMessages count=1
09-01 15:12:42.621  3381  3397 I MainActivity: onGatewayFrame: frame seq=23421 egoSpeed=6.876007 pts=0 intervention=false warning=false braking=true lifecycle=released_verified_stop range=null bearing=null rss=10.535003
09-01 15:12:42.659  3347  3347 I adbd    : adbd service requested 'shell,raw:cut -d. -f1 /proc/uptime'
09-01 15:12:42.720  3426  3426 I de4sdv_aebs_ingress: frame accepted and published sequence=23422
09-01 15:12:42.722  3381  3397 I AebsFrameSubscriber: onMessagesAvailable callback
09-01 15:12:42.722  3381  3397 I AebsFrameSubscriber: readNextMessages count=1
09-01 15:12:42.723  3381  3397 I MainActivity: onGatewayFrame: frame seq=23422 egoSpeed=6.876007 pts=0 intervention=false warning=false braking=true lifecycle=released_verified_stop range=null bearing=null rss=10.535003
09-01 15:12:42.792   876   876 D EmulatedVehicleHardware: Set value for property ID: 290459441
09-01 15:12:42.792   876  1883 E VhalProxy: Publisher with id: 290459441 does not exist in vhal proxy
09-01 15:12:42.820  3426  3426 I de4sdv_aebs_ingress: frame accepted and published sequence=23423
09-01 15:12:42.821  3381  3397 I AebsFrameSubscriber: onMessagesAvailable callback
09-01 15:12:42.821  3381  3397 I AebsFrameSubscriber: readNextMessages count=1
09-01 15:12:42.821  3381  3397 I MainActivity: onGatewayFrame: frame seq=23423 egoSpeed=6.876007 pts=0 intervention=false warning=false braking=true lifecycle=released_verified_stop range=null bearing=null rss=10.535003
09-01 15:12:42.920  3426  3426 I de4sdv_aebs_ingress: frame accepted and published sequence=23424
09-01 15:12:42.921  3381  3397 I AebsFrameSubscriber: onMessagesAvailable callback
09-01 15:12:42.921  3381  3397 I AebsFrameSubscriber: readNextMessages count=1
09-01 15:12:42.921  3381  3397 I MainActivity: onGatewayFrame: frame seq=23424 egoSpeed=6.876007 pts=0 intervention=false warning=false braking=true lifecycle=released_verified_stop range=null bearing=null rss=10.535003
09-01 15:12:43.020  3426  3426 I de4sdv_aebs_ingress: frame accepted and published sequence=23425
09-01 15:12:43.021  3381  3397 I AebsFrameSubscriber: onMessagesAvailable callback
09-01 15:12:43.021  3381  3397 I AebsFrameSubscriber: readNextMessages count=1
09-01 15:12:43.021  3381  3397 I MainActivity: onGatewayFrame: frame seq=23425 egoSpeed=6.876007 pts=0 intervention=false warning=false braking=true lifecycle=released_verified_stop range=null bearing=null rss=10.535003
09-01 15:12:43.120  3426  3426 I de4sdv_aebs_ingress: frame accepted and published sequence=23426
09-01 15:12:43.121  3381  3397 I AebsFrameSubscriber: onMessagesAvailable callback
09-01 15:12:43.121  3381  3397 I AebsFrameSubscriber: readNextMessages count=1
09-01 15:12:43.121  3381  3397 I MainActivity: onGatewayFrame: frame seq=23426 egoSpeed=6.876007 pts=0 intervention=false warning=false braking=true lifecycle=released_verified_stop range=null bearing=null rss=10.535003
09-01 15:12:43.148   905  3547 D AidlBufferPool: bufferpool2 0x7a9b46a0b798 : 2(1944000 size) total buffers - 1(972000 size) used buffers - 801/803 (recycle/alloc) - 4/802 (fetch/transfer)
09-01 15:12:43.220  3426  3426 I de4sdv_aebs_ingress: frame accepted and published sequence=23427
09-01 15:12:43.221  3381  3397 I AebsFrameSubscriber: onMessagesAvailable callback
09-01 15:12:43.221  3381  3397 I AebsFrameSubscriber: readNextMessages count=1
09-01 15:12:43.221  3381  3397 I MainActivity: onGatewayFrame: frame seq=23427 egoSpeed=6.876007 pts=0 intervention=false warning=false braking=true lifecycle=released_verified_stop range=null bearing=null rss=10.535003
09-01 15:12:43.321  3426  3426 I de4sdv_aebs_ingress: frame accepted and published sequence=23428
09-01 15:12:43.323  3381  3397 I AebsFrameSubscriber: onMessagesAvailable callback
09-01 15:12:43.323  3381  3397 I AebsFrameSubscriber: readNextMessages count=1
09-01 15:12:43.323  3381  3397 I MainActivity: onGatewayFrame: frame seq=23428 egoSpeed=6.876007 pts=0 intervention=false warning=false braking=true lifecycle=released_verified_stop range=null bearing=null rss=10.535003
09-01 15:12:43.420  3426  3426 I de4sdv_aebs_ingress: frame accepted and published sequence=23429
09-01 15:12:43.421  3381  3397 I AebsFrameSubscriber: onMessagesAvailable callback
09-01 15:12:43.421  3381  3397 I AebsFrameSubscriber: readNextMessages count=1
09-01 15:12:43.421  3381  3397 I MainActivity: onGatewayFrame: frame seq=23429 egoSpeed=6.876007 pts=0 intervention=false warning=false braking=true lifecycle=released_verified_stop range=null bearing=null rss=10.535003
09-01 15:12:43.520  3426  3426 I de4sdv_aebs_ingress: frame accepted and published sequence=23430
09-01 15:12:43.522  3381  3397 I AebsFrameSubscriber: onMessagesAvailable callback
09-01 15:12:43.522  3381  3397 I AebsFrameSubscriber: readNextMessages count=1
09-01 15:12:43.522  3381  3397 I MainActivity: onGatewayFrame: frame seq=23430 egoSpeed=6.876007 pts=0 intervention=false warning=false braking=true lifecycle=released_verified_stop range=null bearing=null rss=10.535003
09-01 15:12:43.620  3426  3426 I de4sdv_aebs_ingress: frame accepted and published sequence=23431
09-01 15:12:43.621  3381  3397 I AebsFrameSubscriber: onMessagesAvailable callback
09-01 15:12:43.621  3381  3397 I AebsFrameSubscriber: readNextMessages count=1
09-01 15:12:43.621  3381  3397 I MainActivity: onGatewayFrame: frame seq=23431 egoSpeed=6.876007 pts=0 intervention=false warning=false braking=true lifecycle=released_verified_stop range=null bearing=null rss=10.535003
09-01 15:12:43.720  3426  3426 I de4sdv_aebs_ingress: frame accepted and published sequence=23432
09-01 15:12:43.721  3381  3397 I AebsFrameSubscriber: onMessagesAvailable callback
09-01 15:12:43.721  3381  3397 I AebsFrameSubscriber: readNextMessages count=1
09-01 15:12:43.721  3381  3397 I MainActivity: onGatewayFrame: frame seq=23432 egoSpeed=6.876007 pts=0 intervention=false warning=false braking=true lifecycle=released_verified_stop range=null bearing=null rss=10.535003
09-01 15:12:43.820  3426  3426 I de4sdv_aebs_ingress: frame accepted and published sequence=23433
09-01 15:12:43.821  3381  3397 I AebsFrameSubscriber: onMessagesAvailable callback
09-01 15:12:43.821  3381  3397 I AebsFrameSubscriber: readNextMessages count=1
09-01 15:12:43.821  3381  3397 I MainActivity: onGatewayFrame: frame seq=23433 egoSpeed=6.876007 pts=0 intervention=false warning=false braking=true lifecycle=released_verified_stop range=null bearing=null rss=10.535003
09-01 15:12:43.920  3426  3426 I de4sdv_aebs_ingress: frame accepted and published sequence=23434
09-01 15:12:43.920  3381  3397 I AebsFrameSubscriber: onMessagesAvailable callback
09-01 15:12:43.921  3381  3397 I AebsFrameSubscriber: readNextMessages count=1
09-01 15:12:43.921  3381  3397 I MainActivity: onGatewayFrame: frame seq=23434 egoSpeed=6.876007 pts=0 intervention=false warning=false braking=true lifecycle=released_verified_stop range=null bearing=null rss=10.535003
09-01 15:12:44.020  3426  3426 I de4sdv_aebs_ingress: frame accepted and published sequence=23435
09-01 15:12:44.021  3381  3397 I AebsFrameSubscriber: onMessagesAvailable callback
09-01 15:12:44.021  3381  3397 I AebsFrameSubscriber: readNextMessages count=1
09-01 15:12:44.021  3381  3397 I MainActivity: onGatewayFrame: frame seq=23435 egoSpeed=6.876007 pts=0 intervention=false warning=false braking=true lifecycle=released_verified_stop range=null bearing=null rss=10.535003
09-01 15:12:44.120  3426  3426 I de4sdv_aebs_ingress: frame accepted and published sequence=23436
09-01 15:12:44.121  3381  3397 I AebsFrameSubscriber: onMessagesAvailable callback
09-01 15:12:44.121  3381  3397 I AebsFrameSubscriber: readNextMessages count=1
09-01 15:12:44.121  3381  3397 I MainActivity: onGatewayFrame: frame seq=23436 egoSpeed=6.876007 pts=0 intervention=false warning=false braking=true lifecycle=released_verified_stop range=null bearing=null rss=10.535003
09-01 15:12:44.220  3426  3426 I de4sdv_aebs_ingress: frame accepted and published sequence=23437
09-01 15:12:44.221  3381  3397 I AebsFrameSubscriber: onMessagesAvailable callback
09-01 15:12:44.221  3381  3397 I AebsFrameSubscriber: readNextMessages count=1
09-01 15:12:44.221  3381  3397 I MainActivity: onGatewayFrame: frame seq=23437 egoSpeed=6.876007 pts=0 intervention=false warning=false braking=true lifecycle=released_verified_stop range=null bearing=null rss=10.535003
09-01 15:12:44.320  3426  3426 I de4sdv_aebs_ingress: frame accepted and published sequence=23438
09-01 15:12:44.321  3381  3397 I AebsFrameSubscriber: onMessagesAvailable callback
09-01 15:12:44.321  3381  3397 I AebsFrameSubscriber: readNextMessages count=1
09-01 15:12:44.321  3381  3397 I MainActivity: onGatewayFrame: frame seq=23438 egoSpeed=6.876007 pts=0 intervention=false warning=false braking=true lifecycle=released_verified_stop range=null bearing=null rss=10.535003
09-01 15:12:44.421  3426  3426 I de4sdv_aebs_ingress: frame accepted and published sequence=23439
09-01 15:12:44.421  3381  3397 I AebsFrameSubscriber: onMessagesAvailable callback
09-01 15:12:44.422  3381  3397 I AebsFrameSubscriber: readNextMessages count=1
09-01 15:12:44.422  3381  3397 I MainActivity: onGatewayFrame: frame seq=23439 egoSpeed=6.876007 pts=0 intervention=false warning=false braking=true lifecycle=released_verified_stop range=null bearing=null rss=10.535003
09-01 15:12:44.520  3426  3426 I de4sdv_aebs_ingress: frame accepted and published sequence=23440
09-01 15:12:44.521  3381  3397 I AebsFrameSubscriber: onMessagesAvailable callback
09-01 15:12:44.521  3381  3397 I AebsFrameSubscriber: readNextMessages count=1
09-01 15:12:44.521  3381  3397 I MainActivity: onGatewayFrame: frame seq=23440 egoSpeed=6.876007 pts=0 intervention=false warning=false braking=true lifecycle=released_verified_stop range=null bearing=null rss=10.535003
09-01 15:12:44.620  3426  3426 I de4sdv_aebs_ingress: frame accepted and published sequence=23441
09-01 15:12:44.621  3381  3397 I AebsFrameSubscriber: onMessagesAvailable callback
09-01 15:12:44.621  3381  3397 I AebsFrameSubscriber: readNextMessages count=1
09-01 15:12:44.621  3381  3397 I MainActivity: onGatewayFrame: frame seq=23441 egoSpeed=6.876007 pts=0 intervention=false warning=false braking=true lifecycle=released_verified_stop range=null bearing=null rss=10.535003
09-01 15:12:44.721  3426  3426 I de4sdv_aebs_ingress: frame accepted and published sequence=23442
09-01 15:12:44.722  3381  3397 I AebsFrameSubscriber: onMessagesAvailable callback
09-01 15:12:44.722  3381  3397 I AebsFrameSubscriber: readNextMessages count=1
09-01 15:12:44.722  3381  3397 I MainActivity: onGatewayFrame: frame seq=23442 egoSpeed=6.876007 pts=0 intervention=false warning=false braking=true lifecycle=released_verified_stop range=null bearing=null rss=10.535003
09-01 15:12:44.820  3426  3426 I de4sdv_aebs_ingress: frame accepted and published sequence=23443
09-01 15:12:44.821  3381  3397 I AebsFrameSubscriber: onMessagesAvailable callback
09-01 15:12:44.821  3381  3397 I AebsFrameSubscriber: readNextMessages count=1
09-01 15:12:44.821  3381  3397 I MainActivity: onGatewayFrame: frame seq=23443 egoSpeed=6.876007 pts=0 intervention=false warning=false braking=true lifecycle=released_verified_stop range=null bearing=null rss=10.535003
09-01 15:12:44.921  3426  3426 I de4sdv_aebs_ingress: frame accepted and published sequence=23444
09-01 15:12:44.921  3381  3397 I AebsFrameSubscriber: onMessagesAvailable callback
09-01 15:12:44.921  3381  3397 I AebsFrameSubscriber: readNextMessages count=1
09-01 15:12:44.921  3381  3397 I MainActivity: onGatewayFrame: frame seq=23444 egoSpeed=6.876007 pts=0 intervention=false warning=false braking=true lifecycle=released_verified_stop range=null bearing=null rss=10.535003
09-01 15:12:45.020  3426  3426 I de4sdv_aebs_ingress: frame accepted and published sequence=23445
09-01 15:12:45.021  3381  3397 I AebsFrameSubscriber: onMessagesAvailable callback
09-01 15:12:45.021  3381  3397 I AebsFrameSubscriber: readNextMessages count=1
09-01 15:12:45.021  3381  3397 I MainActivity: onGatewayFrame: frame seq=23445 egoSpeed=6.876007 pts=0 intervention=false warning=false braking=true lifecycle=released_verified_stop range=null bearing=null rss=10.535003
09-01 15:12:45.120  3426  3426 I de4sdv_aebs_ingress: frame accepted and published sequence=23446
09-01 15:12:45.121  3381  3397 I AebsFrameSubscriber: onMessagesAvailable callback
09-01 15:12:45.121  3381  3397 I AebsFrameSubscriber: readNextMessages count=1
09-01 15:12:45.121  3381  3397 I MainActivity: onGatewayFrame: frame seq=23446 egoSpeed=6.876007 pts=0 intervention=false warning=false braking=true lifecycle=released_verified_stop range=null bearing=null rss=10.535003
09-01 15:12:45.221  3426  3426 I de4sdv_aebs_ingress: frame accepted and published sequence=23447
09-01 15:12:45.221  3381  3397 I AebsFrameSubscriber: onMessagesAvailable callback
09-01 15:12:45.221  3381  3397 I AebsFrameSubscriber: readNextMessages count=1
09-01 15:12:45.221  3381  3397 I MainActivity: onGatewayFrame: frame seq=23447 egoSpeed=6.876007 pts=0 intervention=false warning=false braking=true lifecycle=released_verified_stop range=null bearing=null rss=10.535003
09-01 15:12:45.320  3426  3426 I de4sdv_aebs_ingress: frame accepted and published sequence=23448
09-01 15:12:45.321  3381  3397 I AebsFrameSubscriber: onMessagesAvailable callback
09-01 15:12:45.321  3381  3397 I AebsFrameSubscriber: readNextMessages count=1
09-01 15:12:45.321  3381  3397 I MainActivity: onGatewayFrame: frame seq=23448 egoSpeed=6.876007 pts=0 intervention=false warning=false braking=true lifecycle=released_verified_stop range=null bearing=null rss=10.535003
09-01 15:12:45.420  3426  3426 I de4sdv_aebs_ingress: frame accepted and published sequence=23449
09-01 15:12:45.421  3381  3397 I AebsFrameSubscriber: onMessagesAvailable callback
09-01 15:12:45.421  3381  3397 I AebsFrameSubscriber: readNextMessages count=1
09-01 15:12:45.421  3381  3397 I MainActivity: onGatewayFrame: frame seq=23449 egoSpeed=6.876007 pts=0 intervention=false warning=false braking=true lifecycle=released_verified_stop range=null bearing=null rss=10.535003
09-01 15:12:45.520  3426  3426 I de4sdv_aebs_ingress: frame accepted and published sequence=23450
09-01 15:12:45.521  3381  3397 I AebsFrameSubscriber: onMessagesAvailable callback
09-01 15:12:45.521  3381  3397 I AebsFrameSubscriber: readNextMessages count=1
09-01 15:12:45.521  3381  3397 I MainActivity: onGatewayFrame: frame seq=23450 egoSpeed=6.876007 pts=0 intervention=false warning=false braking=true lifecycle=released_verified_stop range=null bearing=null rss=10.535003
09-01 15:12:45.620  3426  3426 I de4sdv_aebs_ingress: frame accepted and published sequence=23451
09-01 15:12:45.621  3381  3397 I AebsFrameSubscriber: onMessagesAvailable callback
09-01 15:12:45.621  3381  3397 I AebsFrameSubscriber: readNextMessages count=1
09-01 15:12:45.621  3381  3397 I MainActivity: onGatewayFrame: frame seq=23451 egoSpeed=6.876007 pts=0 intervention=false warning=false braking=true lifecycle=released_verified_stop range=null bearing=null rss=10.535003
09-01 15:12:45.720  3426  3426 I de4sdv_aebs_ingress: frame accepted and published sequence=23452
09-01 15:12:45.721  3381  3397 I AebsFrameSubscriber: onMessagesAvailable callback
09-01 15:12:45.722  3381  3397 I AebsFrameSubscriber: readNextMessages count=1
09-01 15:12:45.722  3381  3397 I MainActivity: onGatewayFrame: frame seq=23452 egoSpeed=6.876007 pts=0 intervention=false warning=false braking=true lifecycle=released_verified_stop range=null bearing=null rss=10.535003
09-01 15:12:45.797   876   876 D EmulatedVehicleHardware: Set value for property ID: 290459441
09-01 15:12:45.797   876  1883 E VhalProxy: Publisher with id: 290459441 does not exist in vhal proxy
09-01 15:12:45.820  3426  3426 I de4sdv_aebs_ingress: frame accepted and published sequence=23453
09-01 15:12:45.821  3381  3397 I AebsFrameSubscriber: onMessagesAvailable callback
09-01 15:12:45.822  3381  3397 I AebsFrameSubscriber: readNextMessages count=1
09-01 15:12:45.822  3381  3397 I MainActivity: onGatewayFrame: frame seq=23453 egoSpeed=6.876007 pts=0 intervention=false warning=false braking=true lifecycle=released_verified_stop range=null bearing=null rss=10.535003
09-01 15:12:45.920  3426  3426 I de4sdv_aebs_ingress: frame accepted and published sequence=23454
09-01 15:12:45.921  3381  3397 I AebsFrameSubscriber: onMessagesAvailable callback
09-01 15:12:45.921  3381  3397 I AebsFrameSubscriber: readNextMessages count=1
09-01 15:12:45.921  3381  3397 I MainActivity: onGatewayFrame: frame seq=23454 egoSpeed=6.876007 pts=0 intervention=false warning=false braking=true lifecycle=released_verified_stop range=null bearing=null rss=10.535003
09-01 15:12:46.020  3426  3426 I de4sdv_aebs_ingress: frame accepted and published sequence=23455
09-01 15:12:46.021  3381  3397 I AebsFrameSubscriber: onMessagesAvailable callback
09-01 15:12:46.021  3381  3397 I AebsFrameSubscriber: readNextMessages count=1
09-01 15:12:46.021  3381  3397 I MainActivity: onGatewayFrame: frame seq=23455 egoSpeed=6.876007 pts=0 intervention=false warning=false braking=true lifecycle=released_verified_stop range=null bearing=null rss=10.535003
09-01 15:12:46.120  3426  3426 I de4sdv_aebs_ingress: frame accepted and published sequence=23456
09-01 15:12:46.121  3381  3397 I AebsFrameSubscriber: onMessagesAvailable callback
09-01 15:12:46.121  3381  3397 I AebsFrameSubscriber: readNextMessages count=1
09-01 15:12:46.121  3381  3397 I MainActivity: onGatewayFrame: frame seq=23456 egoSpeed=6.876007 pts=0 intervention=false warning=false braking=true lifecycle=released_verified_stop range=null bearing=null rss=10.535003
09-01 15:12:46.220  3426  3426 I de4sdv_aebs_ingress: frame accepted and published sequence=23457
09-01 15:12:46.221  3381  3397 I AebsFrameSubscriber: onMessagesAvailable callback
09-01 15:12:46.221  3381  3397 I AebsFrameSubscriber: readNextMessages count=1
09-01 15:12:46.221  3381  3397 I MainActivity: onGatewayFrame: frame seq=23457 egoSpeed=6.876007 pts=0 intervention=false warning=false braking=true lifecycle=released_verified_stop range=null bearing=null rss=10.535003
09-01 15:12:46.320  3426  3426 I de4sdv_aebs_ingress: frame accepted and published sequence=23458
09-01 15:12:46.320  3381  3397 I AebsFrameSubscriber: onMessagesAvailable callback
09-01 15:12:46.321  3381  3397 I AebsFrameSubscriber: readNextMessages count=1
09-01 15:12:46.321  3381  3397 I MainActivity: onGatewayFrame: frame seq=23458 egoSpeed=6.876007 pts=0 intervention=false warning=false braking=true lifecycle=released_verified_stop range=null bearing=null rss=10.535003
09-01 15:12:46.420  3426  3426 I de4sdv_aebs_ingress: frame accepted and published sequence=23459
09-01 15:12:46.421  3381  3397 I AebsFrameSubscriber: onMessagesAvailable callback
09-01 15:12:46.421  3381  3397 I AebsFrameSubscriber: readNextMessages count=1
09-01 15:12:46.421  3381  3397 I MainActivity: onGatewayFrame: frame seq=23459 egoSpeed=6.876007 pts=0 intervention=false warning=false braking=true lifecycle=released_verified_stop range=null bearing=null rss=10.535003
09-01 15:12:46.520  3426  3426 I de4sdv_aebs_ingress: frame accepted and published sequence=23460
09-01 15:12:46.520  3381  3397 I AebsFrameSubscriber: onMessagesAvailable callback
09-01 15:12:46.521  3381  3397 I AebsFrameSubscriber: readNextMessages count=1
09-01 15:12:46.521  3381  3397 I MainActivity: onGatewayFrame: frame seq=23460 egoSpeed=6.876007 pts=0 intervention=false warning=false braking=true lifecycle=released_verified_stop range=null bearing=null rss=10.535003
09-01 15:12:46.620  3426  3426 I de4sdv_aebs_ingress: frame accepted and published sequence=23461
09-01 15:12:46.621  3381  3397 I AebsFrameSubscriber: onMessagesAvailable callback
09-01 15:12:46.621  3381  3397 I AebsFrameSubscriber: readNextMessages count=1
09-01 15:12:46.621  3381  3397 I MainActivity: onGatewayFrame: frame seq=23461 egoSpeed=6.876007 pts=0 intervention=false warning=false braking=true lifecycle=released_verified_stop range=null bearing=null rss=10.535003
09-01 15:12:46.720  3426  3426 I de4sdv_aebs_ingress: frame accepted and published sequence=23462
09-01 15:12:46.721  3381  3397 I AebsFrameSubscriber: onMessagesAvailable callback
09-01 15:12:46.721  3381  3397 I AebsFrameSubscriber: readNextMessages count=1
09-01 15:12:46.721  3381  3397 I MainActivity: onGatewayFrame: frame seq=23462 egoSpeed=6.876007 pts=0 intervention=false warning=false braking=true lifecycle=released_verified_stop range=null bearing=null rss=10.535003
09-01 15:12:46.820  3426  3426 I de4sdv_aebs_ingress: frame accepted and published sequence=23463
09-01 15:12:46.820  3381  3397 I AebsFrameSubscriber: onMessagesAvailable callback
09-01 15:12:46.821  3381  3397 I AebsFrameSubscriber: readNextMessages count=1
09-01 15:12:46.821  3381  3397 I MainActivity: onGatewayFrame: frame seq=23463 egoSpeed=6.876007 pts=0 intervention=false warning=false braking=true lifecycle=released_verified_stop range=null bearing=null rss=10.535003
09-01 15:12:46.920  3426  3426 I de4sdv_aebs_ingress: frame accepted and published sequence=23464
09-01 15:12:46.920  3381  3397 I AebsFrameSubscriber: onMessagesAvailable callback
09-01 15:12:46.921  3381  3397 I AebsFrameSubscriber: readNextMessages count=1
09-01 15:12:46.921  3381  3397 I MainActivity: onGatewayFrame: frame seq=23464 egoSpeed=6.876007 pts=0 intervention=false warning=false braking=true lifecycle=released_verified_stop range=null bearing=null rss=10.535003
09-01 15:12:46.983  1017  1032 I WifiService: getConnectionInfo uid=1010110
09-01 15:12:47.020  3426  3426 I de4sdv_aebs_ingress: frame accepted and published sequence=23465
09-01 15:12:47.021  3381  3397 I AebsFrameSubscriber: onMessagesAvailable callback
09-01 15:12:47.021  3381  3397 I AebsFrameSubscriber: readNextMessages count=1
09-01 15:12:47.021  3381  3397 I MainActivity: onGatewayFrame: frame seq=23465 egoSpeed=6.876007 pts=0 intervention=false warning=false braking=true lifecycle=released_verified_stop range=null bearing=null rss=10.535003
09-01 15:12:47.120  3426  3426 I de4sdv_aebs_ingress: frame accepted and published sequence=23466
09-01 15:12:47.120  3381  3397 I AebsFrameSubscriber: onMessagesAvailable callback
09-01 15:12:47.121  3381  3397 I AebsFrameSubscriber: readNextMessages count=1
09-01 15:12:47.121  3381  3397 I MainActivity: onGatewayFrame: frame seq=23466 egoSpeed=6.876007 pts=0 intervention=false warning=false braking=true lifecycle=released_verified_stop range=null bearing=null rss=10.535003
09-01 15:12:47.220  3426  3426 I de4sdv_aebs_ingress: frame accepted and published sequence=23467
09-01 15:12:47.220  3381  3397 I AebsFrameSubscriber: onMessagesAvailable callback
09-01 15:12:47.221  3381  3397 I AebsFrameSubscriber: readNextMessages count=1
09-01 15:12:47.221  3381  3397 I MainActivity: onGatewayFrame: frame seq=23467 egoSpeed=6.876007 pts=0 intervention=false warning=false braking=true lifecycle=released_verified_stop range=null bearing=null rss=10.535003
09-01 15:12:47.320  3426  3426 I de4sdv_aebs_ingress: frame accepted and published sequence=23468
09-01 15:12:47.321  3381  3397 I AebsFrameSubscriber: onMessagesAvailable callback
09-01 15:12:47.321  3381  3397 I AebsFrameSubscriber: readNextMessages count=1
09-01 15:12:47.321  3381  3397 I MainActivity: onGatewayFrame: frame seq=23468 egoSpeed=6.876007 pts=0 intervention=false warning=false braking=true lifecycle=released_verified_stop range=null bearing=null rss=10.535003
09-01 15:12:47.420  3426  3426 I de4sdv_aebs_ingress: frame accepted and published sequence=23469
09-01 15:12:47.421  3381  3397 I AebsFrameSubscriber: onMessagesAvailable callback
09-01 15:12:47.421  3381  3397 I AebsFrameSubscriber: readNextMessages count=1
09-01 15:12:47.421  3381  3397 I MainActivity: onGatewayFrame: frame seq=23469 egoSpeed=6.876007 pts=0 intervention=false warning=false braking=true lifecycle=released_verified_stop range=null bearing=null rss=10.535003
09-01 15:12:47.520  3426  3426 I de4sdv_aebs_ingress: frame accepted and published sequence=23470
09-01 15:12:47.521  3381  3397 I AebsFrameSubscriber: onMessagesAvailable callback
09-01 15:12:47.521  3381  3397 I AebsFrameSubscriber: readNextMessages count=1
09-01 15:12:47.521  3381  3397 I MainActivity: onGatewayFrame: frame seq=23470 egoSpeed=6.876007 pts=0 intervention=false warning=false braking=true lifecycle=released_verified_stop range=null bearing=null rss=10.535003
09-01 15:12:47.620  3426  3426 I de4sdv_aebs_ingress: frame accepted and published sequence=23471
09-01 15:12:47.621  3381  3397 I AebsFrameSubscriber: onMessagesAvailable callback
09-01 15:12:47.621  3381  3397 I AebsFrameSubscriber: readNextMessages count=1
09-01 15:12:47.621  3381  3397 I MainActivity: onGatewayFrame: frame seq=23471 egoSpeed=6.876007 pts=0 intervention=false warning=false braking=true lifecycle=released_verified_stop range=null bearing=null rss=10.535003
09-01 15:12:47.685  3347  3347 I adbd    : adbd service requested 'shell,raw:cut -d. -f1 /proc/uptime'
09-01 15:12:47.720  3426  3426 I de4sdv_aebs_ingress: frame accepted and published sequence=23472
09-01 15:12:47.721  3381  3397 I AebsFrameSubscriber: onMessagesAvailable callback
09-01 15:12:47.721  3381  3397 I AebsFrameSubscriber: readNextMessages count=1
09-01 15:12:47.721  3381  3397 I MainActivity: onGatewayFrame: frame seq=23472 egoSpeed=6.876007 pts=0 intervention=false warning=false braking=true lifecycle=released_verified_stop range=null bearing=null rss=10.535003
09-01 15:12:47.821  3426  3426 I de4sdv_aebs_ingress: frame accepted and published sequence=23473
09-01 15:12:47.821  3381  3397 I AebsFrameSubscriber: onMessagesAvailable callback
09-01 15:12:47.821  3381  3397 I AebsFrameSubscriber: readNextMessages count=1
09-01 15:12:47.821  3381  3397 I MainActivity: onGatewayFrame: frame seq=23473 egoSpeed=6.876007 pts=0 intervention=false warning=false braking=true lifecycle=released_verified_stop range=null bearing=null rss=10.535003
09-01 15:12:47.920  3426  3426 I de4sdv_aebs_ingress: frame accepted and published sequence=23474
09-01 15:12:47.920  3381  3397 I AebsFrameSubscriber: onMessagesAvailable callback
09-01 15:12:47.921  3381  3397 I AebsFrameSubscriber: readNextMessages count=1
09-01 15:12:47.921  3381  3397 I MainActivity: onGatewayFrame: frame seq=23474 egoSpeed=6.876007 pts=0 intervention=false warning=false braking=true lifecycle=released_verified_stop range=null bearing=null rss=10.535003
09-01 15:12:48.020  3426  3426 I de4sdv_aebs_ingress: frame accepted and published sequence=23475
09-01 15:12:48.021  3381  3397 I AebsFrameSubscriber: onMessagesAvailable callback
09-01 15:12:48.021  3381  3397 I AebsFrameSubscriber: readNextMessages count=1
09-01 15:12:48.021  3381  3397 I MainActivity: onGatewayFrame: frame seq=23475 egoSpeed=6.876007 pts=0 intervention=false warning=false braking=true lifecycle=released_verified_stop range=null bearing=null rss=10.535003
09-01 15:12:48.120  3426  3426 I de4sdv_aebs_ingress: frame accepted and published sequence=23476
09-01 15:12:48.121  3381  3397 I AebsFrameSubscriber: onMessagesAvailable callback
09-01 15:12:48.121  3381  3397 I AebsFrameSubscriber: readNextMessages count=1
09-01 15:12:48.121  3381  3397 I MainActivity: onGatewayFrame: frame seq=23476 egoSpeed=6.876007 pts=0 intervention=false warning=false braking=true lifecycle=released_verified_stop range=null bearing=null rss=10.535003
09-01 15:12:48.220  3426  3426 I de4sdv_aebs_ingress: frame accepted and published sequence=23477
09-01 15:12:48.221  3381  3397 I AebsFrameSubscriber: onMessagesAvailable callback
09-01 15:12:48.221  3381  3397 I AebsFrameSubscriber: readNextMessages count=1
09-01 15:12:48.221  3381  3397 I MainActivity: onGatewayFrame: frame seq=23477 egoSpeed=6.876007 pts=0 intervention=false warning=false braking=true lifecycle=released_verified_stop range=null bearing=null rss=10.535003
09-01 15:12:48.320  3426  3426 I de4sdv_aebs_ingress: frame accepted and published sequence=23478
09-01 15:12:48.321  3381  3397 I AebsFrameSubscriber: onMessagesAvailable callback
09-01 15:12:48.321  3381  3397 I AebsFrameSubscriber: readNextMessages count=1
09-01 15:12:48.321  3381  3397 I MainActivity: onGatewayFrame: frame seq=23478 egoSpeed=6.876007 pts=0 intervention=false warning=false braking=true lifecycle=released_verified_stop range=null bearing=null rss=10.535003
09-01 15:12:48.420  3426  3426 I de4sdv_aebs_ingress: frame accepted and published sequence=23479
09-01 15:12:48.420  3381  3397 I AebsFrameSubscriber: onMessagesAvailable callback
09-01 15:12:48.421  3381  3397 I AebsFrameSubscriber: readNextMessages count=1
09-01 15:12:48.421  3381  3397 I MainActivity: onGatewayFrame: frame seq=23479 egoSpeed=6.876007 pts=0 intervention=false warning=false braking=true lifecycle=released_verified_stop range=null bearing=null rss=10.535003
09-01 15:12:48.446   905  3547 D AidlBufferPool: bufferpool2 0x7a9b46a0b798 : 2(1944000 size) total buffers - 1(972000 size) used buffers - 881/883 (recycle/alloc) - 5/882 (fetch/transfer)
09-01 15:12:48.520  3426  3426 I de4sdv_aebs_ingress: frame accepted and published sequence=23480
09-01 15:12:48.520  3381  3397 I AebsFrameSubscriber: onMessagesAvailable callback
09-01 15:12:48.521  3381  3397 I AebsFrameSubscriber: readNextMessages count=1
09-01 15:12:48.521  3381  3397 I MainActivity: onGatewayFrame: frame seq=23480 egoSpeed=6.876007 pts=0 intervention=false warning=false braking=true lifecycle=released_verified_stop range=null bearing=null rss=10.535003
09-01 15:12:48.620  3426  3426 I de4sdv_aebs_ingress: frame accepted and published sequence=23481
09-01 15:12:48.620  3381  3397 I AebsFrameSubscriber: onMessagesAvailable callback
09-01 15:12:48.621  3381  3397 I AebsFrameSubscriber: readNextMessages count=1
09-01 15:12:48.621  3381  3397 I MainActivity: onGatewayFrame: frame seq=23481 egoSpeed=6.876007 pts=0 intervention=false warning=false braking=true lifecycle=released_verified_stop range=null bearing=null rss=10.535003
09-01 15:12:48.720  3426  3426 I de4sdv_aebs_ingress: frame accepted and published sequence=23482
09-01 15:12:48.721  3381  3397 I AebsFrameSubscriber: onMessagesAvailable callback
09-01 15:12:48.721  3381  3397 I AebsFrameSubscriber: readNextMessages count=1
09-01 15:12:48.721  3381  3397 I MainActivity: onGatewayFrame: frame seq=23482 egoSpeed=6.876007 pts=0 intervention=false warning=false braking=true lifecycle=released_verified_stop range=null bearing=null rss=10.535003
09-01 15:12:48.801   876   876 D EmulatedVehicleHardware: Set value for property ID: 290459441
09-01 15:12:48.801   876  1883 E VhalProxy: Publisher with id: 290459441 does not exist in vhal proxy
09-01 15:12:48.820  3426  3426 I de4sdv_aebs_ingress: frame accepted and published sequence=23483
09-01 15:12:48.820  3381  3397 I AebsFrameSubscriber: onMessagesAvailable callback
09-01 15:12:48.821  3381  3397 I AebsFrameSubscriber: readNextMessages count=1
09-01 15:12:48.821  3381  3397 I MainActivity: onGatewayFrame: frame seq=23483 egoSpeed=6.876007 pts=0 intervention=false warning=false braking=true lifecycle=released_verified_stop range=null bearing=null rss=10.535003
09-01 15:12:48.920  3426  3426 I de4sdv_aebs_ingress: frame accepted and published sequence=23484
09-01 15:12:48.920  3381  3397 I AebsFrameSubscriber: onMessagesAvailable callback
09-01 15:12:48.921  3381  3397 I AebsFrameSubscriber: readNextMessages count=1
09-01 15:12:48.921  3381  3397 I MainActivity: onGatewayFrame: frame seq=23484 egoSpeed=6.876007 pts=0 intervention=false warning=false braking=true lifecycle=released_verified_stop range=null bearing=null rss=10.535003
09-01 15:12:48.988  1766  1790 D SdvServiceManagerServer: main::mesh::manager: Watcher task instance2 woken up by: Timeout
09-01 15:12:48.988  1766  1789 D SdvServiceManagerServer: main::mesh::manager: Watcher task instance3 woken up by: Timeout
09-01 15:12:48.989  1766  1789 D SdvServiceManagerServer: main::mesh::custom_verifier: Created ExternalVerifier with address 0x7c6bc800e110
09-01 15:12:48.989  1766  1789 I SdvServiceManagerServer: main::mesh::async_client: Connecting to instance3 at 192.168.99.5:2000 using secure TLS channel with DICE authentication
09-01 15:12:48.989  1766  1790 D SdvServiceManagerServer: main::mesh::custom_verifier: Created ExternalVerifier with address 0x7c6bc800c890
09-01 15:12:48.989  1766  1790 I SdvServiceManagerServer: main::mesh::async_client: Connecting to instance2 at 192.168.99.4:2000 using secure TLS channel with DICE authentication
09-01 15:12:49.020  3426  3426 I de4sdv_aebs_ingress: frame accepted and published sequence=23485
09-01 15:12:49.021  3381  3397 I AebsFrameSubscriber: onMessagesAvailable callback
09-01 15:12:49.021  3381  3397 I AebsFrameSubscriber: readNextMessages count=1
09-01 15:12:49.021  3381  3397 I MainActivity: onGatewayFrame: frame seq=23485 egoSpeed=6.876007 pts=0 intervention=false warning=false braking=true lifecycle=released_verified_stop range=null bearing=null rss=10.535003
09-01 15:12:49.120  3426  3426 I de4sdv_aebs_ingress: frame accepted and published sequence=23486
09-01 15:12:49.120  3381  3397 I AebsFrameSubscriber: onMessagesAvailable callback
09-01 15:12:49.120  3381  3397 I AebsFrameSubscriber: readNextMessages count=1
09-01 15:12:49.121  3381  3397 I MainActivity: onGatewayFrame: frame seq=23486 egoSpeed=6.876007 pts=0 intervention=false warning=false braking=true lifecycle=released_verified_stop range=null bearing=null rss=10.535003
09-01 15:12:49.220  3426  3426 I de4sdv_aebs_ingress: frame accepted and published sequence=23487
09-01 15:12:49.220  3381  3397 I AebsFrameSubscriber: onMessagesAvailable callback
09-01 15:12:49.220  3381  3397 I AebsFrameSubscriber: readNextMessages count=1
09-01 15:12:49.220  3381  3397 I MainActivity: onGatewayFrame: frame seq=23487 egoSpeed=6.876007 pts=0 intervention=false warning=false braking=true lifecycle=released_verified_stop range=null bearing=null rss=10.535003
09-01 15:12:49.320  3426  3426 I de4sdv_aebs_ingress: frame accepted and published sequence=23488
09-01 15:12:49.320  3381  3397 I AebsFrameSubscriber: onMessagesAvailable callback
09-01 15:12:49.320  3381  3397 I AebsFrameSubscriber: readNextMessages count=1
09-01 15:12:49.320  3381  3397 I MainActivity: onGatewayFrame: frame seq=23488 egoSpeed=6.876007 pts=0 intervention=false warning=false braking=true lifecycle=released_verified_stop range=null bearing=null rss=10.535003
09-01 15:12:49.420  3426  3426 I de4sdv_aebs_ingress: frame accepted and published sequence=23489
09-01 15:12:49.420  3381  3397 I AebsFrameSubscriber: onMessagesAvailable callback
09-01 15:12:49.420  3381  3397 I AebsFrameSubscriber: readNextMessages count=1
09-01 15:12:49.421  3381  3397 I MainActivity: onGatewayFrame: frame seq=23489 egoSpeed=6.876007 pts=0 intervention=false warning=false braking=true lifecycle=released_verified_stop range=null bearing=null rss=10.535003
09-01 15:12:49.520  3426  3426 I de4sdv_aebs_ingress: frame accepted and published sequence=23490
09-01 15:12:49.520  3381  3397 I AebsFrameSubscriber: onMessagesAvailable callback
09-01 15:12:49.521  3381  3397 I AebsFrameSubscriber: readNextMessages count=1
09-01 15:12:49.521  3381  3397 I MainActivity: onGatewayFrame: frame seq=23490 egoSpeed=6.876007 pts=0 intervention=false warning=false braking=true lifecycle=released_verified_stop range=null bearing=null rss=10.535003
09-01 15:12:49.620  3426  3426 I de4sdv_aebs_ingress: frame accepted and published sequence=23491
09-01 15:12:49.620  3381  3397 I AebsFrameSubscriber: onMessagesAvailable callback
09-01 15:12:49.620  3381  3397 I AebsFrameSubscriber: readNextMessages count=1
09-01 15:12:49.620  3381  3397 I MainActivity: onGatewayFrame: frame seq=23491 egoSpeed=6.876007 pts=0 intervention=false warning=false braking=true lifecycle=released_verified_stop range=null bearing=null rss=10.535003
09-01 15:12:49.720  3426  3426 I de4sdv_aebs_ingress: frame accepted and published sequence=23492
09-01 15:12:49.720  3381  3397 I AebsFrameSubscriber: onMessagesAvailable callback
09-01 15:12:49.720  3381  3397 I AebsFrameSubscriber: readNextMessages count=1
09-01 15:12:49.720  3381  3397 I MainActivity: onGatewayFrame: frame seq=23492 egoSpeed=6.876007 pts=0 intervention=false warning=false braking=true lifecycle=released_verified_stop range=null bearing=null rss=10.535003
09-01 15:12:49.820  3426  3426 I de4sdv_aebs_ingress: frame accepted and published sequence=23493
09-01 15:12:49.820  3381  3397 I AebsFrameSubscriber: onMessagesAvailable callback
09-01 15:12:49.821  3381  3397 I AebsFrameSubscriber: readNextMessages count=1
09-01 15:12:49.821  3381  3397 I MainActivity: onGatewayFrame: frame seq=23493 egoSpeed=6.876007 pts=0 intervention=false warning=false braking=true lifecycle=released_verified_stop range=null bearing=null rss=10.535003
09-01 15:12:49.920  3426  3426 I de4sdv_aebs_ingress: frame accepted and published sequence=23494
09-01 15:12:49.920  3381  3397 I AebsFrameSubscriber: onMessagesAvailable callback
09-01 15:12:49.921  3381  3397 I AebsFrameSubscriber: readNextMessages count=1
09-01 15:12:49.921  3381  3397 I MainActivity: onGatewayFrame: frame seq=23494 egoSpeed=6.876007 pts=0 intervention=false warning=false braking=true lifecycle=released_verified_stop range=null bearing=null rss=10.535003
09-01 15:12:49.992  1766  1790 W SdvServiceManagerServer: main::mesh::manager: Attempt to reconnect to instance2 failed: Unable to connect to mesh. Channel state: GRPC_CHANNEL_CONNECTING
09-01 15:12:49.992  1766  1789 W SdvServiceManagerServer: main::mesh::manager: Attempt to reconnect to instance3 failed: Unable to connect to mesh. Channel state: GRPC_CHANNEL_CONNECTING
09-01 15:12:49.992  1766  1820 D SdvServiceManagerServer: main::mesh::custom_verifier: Dropping ExternalVerifier with address 0x7c6bc800e110
09-01 15:12:49.993  1766  1823 D SdvServiceManagerServer: main::mesh::custom_verifier: Dropping ExternalVerifier with address 0x7c6bc800c890
09-01 15:12:50.020  3426  3426 I de4sdv_aebs_ingress: frame accepted and published sequence=23495
09-01 15:12:50.021  3381  3397 I AebsFrameSubscriber: onMessagesAvailable callback
09-01 15:12:50.021  3381  3397 I AebsFrameSubscriber: readNextMessages count=1
09-01 15:12:50.021  3381  3397 I MainActivity: onGatewayFrame: frame seq=23495 egoSpeed=6.876007 pts=0 intervention=false warning=false braking=true lifecycle=released_verified_stop range=null bearing=null rss=10.535003
09-01 15:12:50.120  3426  3426 I de4sdv_aebs_ingress: frame accepted and published sequence=23496
09-01 15:12:50.120  3381  3397 I AebsFrameSubscriber: onMessagesAvailable callback
09-01 15:12:50.120  3381  3397 I AebsFrameSubscriber: readNextMessages count=1
09-01 15:12:50.120  3381  3397 I MainActivity: onGatewayFrame: frame seq=23496 egoSpeed=6.876007 pts=0 intervention=false warning=false braking=true lifecycle=released_verified_stop range=null bearing=null rss=10.535003
09-01 15:12:50.220  3426  3426 I de4sdv_aebs_ingress: frame accepted and published sequence=23497
09-01 15:12:50.220  3381  3397 I AebsFrameSubscriber: onMessagesAvailable callback
09-01 15:12:50.220  3381  3397 I AebsFrameSubscriber: readNextMessages count=1
09-01 15:12:50.221  3381  3397 I MainActivity: onGatewayFrame: frame seq=23497 egoSpeed=6.876007 pts=0 intervention=false warning=false braking=true lifecycle=released_verified_stop range=null bearing=null rss=10.535003
09-01 15:12:50.320  3426  3426 I de4sdv_aebs_ingress: frame accepted and published sequence=23498
09-01 15:12:50.320  3381  3397 I AebsFrameSubscriber: onMessagesAvailable callback
09-01 15:12:50.320  3381  3397 I AebsFrameSubscriber: readNextMessages count=1
09-01 15:12:50.320  3381  3397 I MainActivity: onGatewayFrame: frame seq=23498 egoSpeed=6.876007 pts=0 intervention=false warning=false braking=true lifecycle=released_verified_stop range=null bearing=null rss=10.535003
09-01 15:12:50.420  3426  3426 I de4sdv_aebs_ingress: frame accepted and published sequence=23499
09-01 15:12:50.420  3381  3397 I AebsFrameSubscriber: onMessagesAvailable callback
09-01 15:12:50.421  3381  3397 I AebsFrameSubscriber: readNextMessages count=1
09-01 15:12:50.421  3381  3397 I MainActivity: onGatewayFrame: frame seq=23499 egoSpeed=6.876007 pts=0 intervention=false warning=false braking=true lifecycle=released_verified_stop range=null bearing=null rss=10.535003
09-01 15:12:50.520  3426  3426 I de4sdv_aebs_ingress: frame accepted and published sequence=23500
09-01 15:12:50.520  3381  3397 I AebsFrameSubscriber: onMessagesAvailable callback
09-01 15:12:50.520  3381  3397 I AebsFrameSubscriber: readNextMessages count=1
09-01 15:12:50.520  3381  3397 I MainActivity: onGatewayFrame: frame seq=23500 egoSpeed=6.876007 pts=0 intervention=false warning=false braking=true lifecycle=released_verified_stop range=null bearing=null rss=10.535003
09-01 15:12:50.620  3426  3426 I de4sdv_aebs_ingress: frame accepted and published sequence=23501
09-01 15:12:50.620  3381  3397 I AebsFrameSubscriber: onMessagesAvailable callback
09-01 15:12:50.621  3381  3397 I AebsFrameSubscriber: readNextMessages count=1
09-01 15:12:50.621  3381  3397 I MainActivity: onGatewayFrame: frame seq=23501 egoSpeed=6.876007 pts=0 intervention=false warning=false braking=true lifecycle=released_verified_stop range=null bearing=null rss=10.535003
09-01 15:12:50.720  3426  3426 I de4sdv_aebs_ingress: frame accepted and published sequence=23502
09-01 15:12:50.720  3381  3397 I AebsFrameSubscriber: onMessagesAvailable callback
09-01 15:12:50.720  3381  3397 I AebsFrameSubscriber: readNextMessages count=1
09-01 15:12:50.720  3381  3397 I MainActivity: onGatewayFrame: frame seq=23502 egoSpeed=6.876007 pts=0 intervention=false warning=false braking=true lifecycle=released_verified_stop range=null bearing=null rss=10.535003
09-01 15:12:50.820  3426  3426 I de4sdv_aebs_ingress: frame accepted and published sequence=23503
09-01 15:12:50.820  3381  3397 I AebsFrameSubscriber: onMessagesAvailable callback
09-01 15:12:50.820  3381  3397 I AebsFrameSubscriber: readNextMessages count=1
09-01 15:12:50.821  3381  3397 I MainActivity: onGatewayFrame: frame seq=23503 egoSpeed=6.876007 pts=0 intervention=false warning=false braking=true lifecycle=released_verified_stop range=null bearing=null rss=10.535003
09-01 15:12:50.920  3426  3426 I de4sdv_aebs_ingress: frame accepted and published sequence=23504
09-01 15:12:50.921  3381  3397 I AebsFrameSubscriber: onMessagesAvailable callback
09-01 15:12:50.921  3381  3397 I AebsFrameSubscriber: readNextMessages count=1
09-01 15:12:50.921  3381  3397 I MainActivity: onGatewayFrame: frame seq=23504 egoSpeed=6.876007 pts=0 intervention=false warning=false braking=true lifecycle=released_verified_stop range=null bearing=null rss=10.535003
09-01 15:12:51.020  3426  3426 I de4sdv_aebs_ingress: frame accepted and published sequence=23505
09-01 15:12:51.020  3381  3397 I AebsFrameSubscriber: onMessagesAvailable callback
09-01 15:12:51.021  3381  3397 I AebsFrameSubscriber: readNextMessages count=1
09-01 15:12:51.021  3381  3397 I MainActivity: onGatewayFrame: frame seq=23505 egoSpeed=6.876007 pts=0 intervention=false warning=false braking=true lifecycle=released_verified_stop range=null bearing=null rss=10.535003
09-01 15:12:51.120  3426  3426 I de4sdv_aebs_ingress: frame accepted and published sequence=23506
09-01 15:12:51.120  3381  3397 I AebsFrameSubscriber: onMessagesAvailable callback
09-01 15:12:51.121  3381  3397 I AebsFrameSubscriber: readNextMessages count=1
09-01 15:12:51.121  3381  3397 I MainActivity: onGatewayFrame: frame seq=23506 egoSpeed=6.876007 pts=0 intervention=false warning=false braking=true lifecycle=released_verified_stop range=null bearing=null rss=10.535003
09-01 15:12:51.220  3426  3426 I de4sdv_aebs_ingress: frame accepted and published sequence=23507
09-01 15:12:51.220  3381  3397 I AebsFrameSubscriber: onMessagesAvailable callback
09-01 15:12:51.221  3381  3397 I AebsFrameSubscriber: readNextMessages count=1
09-01 15:12:51.221  3381  3397 I MainActivity: onGatewayFrame: frame seq=23507 egoSpeed=6.876007 pts=0 intervention=false warning=false braking=true lifecycle=released_verified_stop range=null bearing=null rss=10.535003
09-01 15:12:51.320  3426  3426 I de4sdv_aebs_ingress: frame accepted and published sequence=23508
09-01 15:12:51.320  3381  3397 I AebsFrameSubscriber: onMessagesAvailable callback
09-01 15:12:51.321  3381  3397 I AebsFrameSubscriber: readNextMessages count=1
09-01 15:12:51.321  3381  3397 I MainActivity: onGatewayFrame: frame seq=23508 egoSpeed=6.876007 pts=0 intervention=false warning=false braking=true lifecycle=released_verified_stop range=null bearing=null rss=10.535003
09-01 15:12:51.420  3426  3426 I de4sdv_aebs_ingress: frame accepted and published sequence=23509
09-01 15:12:51.420  3381  3397 I AebsFrameSubscriber: onMessagesAvailable callback
09-01 15:12:51.421  3381  3397 I AebsFrameSubscriber: readNextMessages count=1
09-01 15:12:51.421  3381  3397 I MainActivity: onGatewayFrame: frame seq=23509 egoSpeed=6.876007 pts=0 intervention=false warning=false braking=true lifecycle=released_verified_stop range=null bearing=null rss=10.535003
09-01 15:12:51.520  3426  3426 I de4sdv_aebs_ingress: frame accepted and published sequence=23510
09-01 15:12:51.520  3381  3397 I AebsFrameSubscriber: onMessagesAvailable callback
09-01 15:12:51.521  3381  3397 I AebsFrameSubscriber: readNextMessages count=1
09-01 15:12:51.521  3381  3397 I MainActivity: onGatewayFrame: frame seq=23510 egoSpeed=6.876007 pts=0 intervention=false warning=false braking=true lifecycle=released_verified_stop range=null bearing=null rss=10.535003
09-01 15:12:51.620  3426  3426 I de4sdv_aebs_ingress: frame accepted and published sequence=23511
09-01 15:12:51.621  3381  3397 I AebsFrameSubscriber: onMessagesAvailable callback
09-01 15:12:51.621  3381  3397 I AebsFrameSubscriber: readNextMessages count=1
09-01 15:12:51.621  3381  3397 I MainActivity: onGatewayFrame: frame seq=23511 egoSpeed=6.876007 pts=0 intervention=false warning=false braking=true lifecycle=released_verified_stop range=null bearing=null rss=10.535003
09-01 15:12:51.720  3426  3426 I de4sdv_aebs_ingress: frame accepted and published sequence=23512
09-01 15:12:51.720  3381  3397 I AebsFrameSubscriber: onMessagesAvailable callback
09-01 15:12:51.721  3381  3397 I AebsFrameSubscriber: readNextMessages count=1
09-01 15:12:51.721  3381  3397 I MainActivity: onGatewayFrame: frame seq=23512 egoSpeed=6.876007 pts=0 intervention=false warning=false braking=true lifecycle=released_verified_stop range=null bearing=null rss=10.535003
09-01 15:12:51.805   876   876 D EmulatedVehicleHardware: Set value for property ID: 290459441
09-01 15:12:51.806   876  1883 E VhalProxy: Publisher with id: 290459441 does not exist in vhal proxy
09-01 15:12:51.820  3426  3426 I de4sdv_aebs_ingress: frame accepted and published sequence=23513
09-01 15:12:51.820  3381  3397 I AebsFrameSubscriber: onMessagesAvailable callback
09-01 15:12:51.821  3381  3397 I AebsFrameSubscriber: readNextMessages count=1
09-01 15:12:51.821  3381  3397 I MainActivity: onGatewayFrame: frame seq=23513 egoSpeed=6.876007 pts=0 intervention=false warning=false braking=true lifecycle=released_verified_stop range=null bearing=null rss=10.535003
09-01 15:12:51.920  3426  3426 I de4sdv_aebs_ingress: frame accepted and published sequence=23514
09-01 15:12:51.920  3381  3397 I AebsFrameSubscriber: onMessagesAvailable callback
09-01 15:12:51.921  3381  3397 I AebsFrameSubscriber: readNextMessages count=1
09-01 15:12:51.921  3381  3397 I MainActivity: onGatewayFrame: frame seq=23514 egoSpeed=6.876007 pts=0 intervention=false warning=false braking=true lifecycle=released_verified_stop range=null bearing=null rss=10.535003
09-01 15:12:51.984  1017  1123 I WifiService: getConnectionInfo uid=1010110
09-01 15:12:52.020  3426  3426 I de4sdv_aebs_ingress: frame accepted and published sequence=23515
09-01 15:12:52.020  3381  3397 I AebsFrameSubscriber: onMessagesAvailable callback
09-01 15:12:52.020  3381  3397 I AebsFrameSubscriber: readNextMessages count=1
09-01 15:12:52.021  3381  3397 I MainActivity: onGatewayFrame: frame seq=23515 egoSpeed=6.876007 pts=0 intervention=false warning=false braking=true lifecycle=released_verified_stop range=null bearing=null rss=10.535003
09-01 15:12:52.120  3426  3426 I de4sdv_aebs_ingress: frame accepted and published sequence=23516
09-01 15:12:52.120  3381  3397 I AebsFrameSubscriber: onMessagesAvailable callback
09-01 15:12:52.120  3381  3397 I AebsFrameSubscriber: readNextMessages count=1
09-01 15:12:52.121  3381  3397 I MainActivity: onGatewayFrame: frame seq=23516 egoSpeed=6.876007 pts=0 intervention=false warning=false braking=true lifecycle=released_verified_stop range=null bearing=null rss=10.535003
09-01 15:12:52.220  3426  3426 I de4sdv_aebs_ingress: frame accepted and published sequence=23517
09-01 15:12:52.220  3381  3397 I AebsFrameSubscriber: onMessagesAvailable callback
09-01 15:12:52.220  3381  3397 I AebsFrameSubscriber: readNextMessages count=1
09-01 15:12:52.220  3381  3397 I MainActivity: onGatewayFrame: frame seq=23517 egoSpeed=6.876007 pts=0 intervention=false warning=false braking=true lifecycle=released_verified_stop range=null bearing=null rss=10.535003
09-01 15:12:52.320  3426  3426 I de4sdv_aebs_ingress: frame accepted and published sequence=23518
09-01 15:12:52.320  3381  3397 I AebsFrameSubscriber: onMessagesAvailable callback
09-01 15:12:52.321  3381  3397 I AebsFrameSubscriber: readNextMessages count=1
09-01 15:12:52.321  3381  3397 I MainActivity: onGatewayFrame: frame seq=23518 egoSpeed=6.876007 pts=0 intervention=false warning=false braking=true lifecycle=released_verified_stop range=null bearing=null rss=10.535003
09-01 15:12:52.420  3426  3426 I de4sdv_aebs_ingress: frame accepted and published sequence=23519
09-01 15:12:52.420  3381  3397 I AebsFrameSubscriber: onMessagesAvailable callback
09-01 15:12:52.420  3381  3397 I AebsFrameSubscriber: readNextMessages count=1
09-01 15:12:52.421  3381  3397 I MainActivity: onGatewayFrame: frame seq=23519 egoSpeed=6.876007 pts=0 intervention=false warning=false braking=true lifecycle=released_verified_stop range=null bearing=null rss=10.535003
09-01 15:12:52.520  3426  3426 I de4sdv_aebs_ingress: frame accepted and published sequence=23520
09-01 15:12:52.520  3381  3397 I AebsFrameSubscriber: onMessagesAvailable callback
09-01 15:12:52.521  3381  3397 I AebsFrameSubscriber: readNextMessages count=1
09-01 15:12:52.521  3381  3397 I MainActivity: onGatewayFrame: frame seq=23520 egoSpeed=6.876007 pts=0 intervention=false warning=false braking=true lifecycle=released_verified_stop range=null bearing=null rss=10.535003
09-01 15:12:52.620  3426  3426 I de4sdv_aebs_ingress: frame accepted and published sequence=23521
09-01 15:12:52.620  3381  3397 I AebsFrameSubscriber: onMessagesAvailable callback
09-01 15:12:52.621  3381  3397 I AebsFrameSubscriber: readNextMessages count=1
09-01 15:12:52.621  3381  3397 I MainActivity: onGatewayFrame: frame seq=23521 egoSpeed=6.876007 pts=0 intervention=false warning=false braking=true lifecycle=released_verified_stop range=null bearing=null rss=10.535003
09-01 15:12:52.709  3347  3347 I adbd    : adbd service requested 'shell,raw:cut -d. -f1 /proc/uptime'
09-01 15:12:52.720  3426  3426 I de4sdv_aebs_ingress: frame accepted and published sequence=23522
09-01 15:12:52.720  3381  3397 I AebsFrameSubscriber: onMessagesAvailable callback
09-01 15:12:52.721  3381  3397 I AebsFrameSubscriber: readNextMessages count=1
09-01 15:12:52.721  3381  3397 I MainActivity: onGatewayFrame: frame seq=23522 egoSpeed=6.876007 pts=0 intervention=false warning=false braking=true lifecycle=released_verified_stop range=null bearing=null rss=10.535003
09-01 15:12:52.820  3426  3426 I de4sdv_aebs_ingress: frame accepted and published sequence=23523
09-01 15:12:52.820  3381  3397 I AebsFrameSubscriber: onMessagesAvailable callback
09-01 15:12:52.821  3381  3397 I AebsFrameSubscriber: readNextMessages count=1
09-01 15:12:52.821  3381  3397 I MainActivity: onGatewayFrame: frame seq=23523 egoSpeed=6.876007 pts=0 intervention=false warning=false braking=true lifecycle=released_verified_stop range=null bearing=null rss=10.535003
09-01 15:12:52.920  3426  3426 I de4sdv_aebs_ingress: frame accepted and published sequence=23524
09-01 15:12:52.920  3381  3397 I AebsFrameSubscriber: onMessagesAvailable callback
09-01 15:12:52.920  3381  3397 I AebsFrameSubscriber: readNextMessages count=1
09-01 15:12:52.920  3381  3397 I MainActivity: onGatewayFrame: frame seq=23524 egoSpeed=6.876007 pts=0 intervention=false warning=false braking=true lifecycle=released_verified_stop range=null bearing=null rss=10.535003
09-01 15:12:53.020  3426  3426 I de4sdv_aebs_ingress: frame accepted and published sequence=23525
09-01 15:12:53.020  3381  3397 I AebsFrameSubscriber: onMessagesAvailable callback
09-01 15:12:53.020  3381  3397 I AebsFrameSubscriber: readNextMessages count=1
09-01 15:12:53.021  3381  3397 I MainActivity: onGatewayFrame: frame seq=23525 egoSpeed=6.876007 pts=0 intervention=false warning=false braking=true lifecycle=released_verified_stop range=null bearing=null rss=10.535003
09-01 15:12:53.120  3426  3426 I de4sdv_aebs_ingress: frame accepted and published sequence=23526
09-01 15:12:53.120  3381  3397 I AebsFrameSubscriber: onMessagesAvailable callback
09-01 15:12:53.121  3381  3397 I AebsFrameSubscriber: readNextMessages count=1
09-01 15:12:53.121  3381  3397 I MainActivity: onGatewayFrame: frame seq=23526 egoSpeed=6.876007 pts=0 intervention=false warning=false braking=true lifecycle=released_verified_stop range=null bearing=null rss=10.535003
09-01 15:12:53.220  3426  3426 I de4sdv_aebs_ingress: frame accepted and published sequence=23527
09-01 15:12:53.220  3381  3397 I AebsFrameSubscriber: onMessagesAvailable callback
09-01 15:12:53.221  3381  3397 I AebsFrameSubscriber: readNextMessages count=1
09-01 15:12:53.221  3381  3397 I MainActivity: onGatewayFrame: frame seq=23527 egoSpeed=6.876007 pts=0 intervention=false warning=false braking=true lifecycle=released_verified_stop range=null bearing=null rss=10.535003
09-01 15:12:53.320  3426  3426 I de4sdv_aebs_ingress: frame accepted and published sequence=23528
09-01 15:12:53.320  3381  3397 I AebsFrameSubscriber: onMessagesAvailable callback
09-01 15:12:53.321  3381  3397 I AebsFrameSubscriber: readNextMessages count=1
09-01 15:12:53.321  3381  3397 I MainActivity: onGatewayFrame: frame seq=23528 egoSpeed=6.876007 pts=0 intervention=false warning=false braking=true lifecycle=released_verified_stop range=null bearing=null rss=10.535003
09-01 15:12:53.419  3426  3426 I de4sdv_aebs_ingress: frame accepted and published sequence=23529
09-01 15:12:53.420  3381  3397 I AebsFrameSubscriber: onMessagesAvailable callback
09-01 15:12:53.420  3381  3397 I AebsFrameSubscriber: readNextMessages count=1
09-01 15:12:53.420  3381  3397 I MainActivity: onGatewayFrame: frame seq=23529 egoSpeed=6.876007 pts=0 intervention=false warning=false braking=true lifecycle=released_verified_stop range=null bearing=null rss=10.535003
09-01 15:12:53.520  3426  3426 I de4sdv_aebs_ingress: frame accepted and published sequence=23530
09-01 15:12:53.520  3381  3397 I AebsFrameSubscriber: onMessagesAvailable callback
09-01 15:12:53.521  3381  3397 I AebsFrameSubscriber: readNextMessages count=1
09-01 15:12:53.521  3381  3397 I MainActivity: onGatewayFrame: frame seq=23530 egoSpeed=6.876007 pts=0 intervention=false warning=false braking=true lifecycle=released_verified_stop range=null bearing=null rss=10.535003
09-01 15:12:53.620  3426  3426 I de4sdv_aebs_ingress: frame accepted and published sequence=23531
09-01 15:12:53.621  3381  3397 I AebsFrameSubscriber: onMessagesAvailable callback
09-01 15:12:53.621  3381  3397 I AebsFrameSubscriber: readNextMessages count=1
09-01 15:12:53.621  3381  3397 I MainActivity: onGatewayFrame: frame seq=23531 egoSpeed=6.876007 pts=0 intervention=false warning=false braking=true lifecycle=released_verified_stop range=null bearing=null rss=10.535003
09-01 15:12:53.719  3426  3426 I de4sdv_aebs_ingress: frame accepted and published sequence=23532
09-01 15:12:53.720  3381  3397 I AebsFrameSubscriber: onMessagesAvailable callback
09-01 15:12:53.720  3381  3397 I AebsFrameSubscriber: readNextMessages count=1
09-01 15:12:53.720  3381  3397 I MainActivity: onGatewayFrame: frame seq=23532 egoSpeed=6.876007 pts=0 intervention=false warning=false braking=true lifecycle=released_verified_stop range=null bearing=null rss=10.535003
09-01 15:12:53.747   905  3547 D AidlBufferPool: bufferpool2 0x7a9b46a0b798 : 2(1944000 size) total buffers - 1(972000 size) used buffers - 960/962 (recycle/alloc) - 6/961 (fetch/transfer)
09-01 15:12:53.820  3426  3426 I de4sdv_aebs_ingress: frame accepted and published sequence=23533
09-01 15:12:53.821  3381  3397 I AebsFrameSubscriber: onMessagesAvailable callback
09-01 15:12:53.821  3381  3397 I AebsFrameSubscriber: readNextMessages count=1
09-01 15:12:53.821  3381  3397 I MainActivity: onGatewayFrame: frame seq=23533 egoSpeed=6.876007 pts=0 intervention=false warning=false braking=true lifecycle=released_verified_stop range=null bearing=null rss=10.535003
09-01 15:12:53.920  3426  3426 I de4sdv_aebs_ingress: frame accepted and published sequence=23534
09-01 15:12:53.921  3381  3397 I AebsFrameSubscriber: onMessagesAvailable callback
09-01 15:12:53.922  3381  3397 I AebsFrameSubscriber: readNextMessages count=1
09-01 15:12:53.922  3381  3397 I MainActivity: onGatewayFrame: frame seq=23534 egoSpeed=6.876007 pts=0 intervention=false warning=false braking=true lifecycle=released_verified_stop range=null bearing=null rss=10.535003
09-01 15:12:54.020  3426  3426 I de4sdv_aebs_ingress: frame accepted and published sequence=23535
09-01 15:12:54.020  3381  3397 I AebsFrameSubscriber: onMessagesAvailable callback
09-01 15:12:54.021  3381  3397 I AebsFrameSubscriber: readNextMessages count=1
09-01 15:12:54.021  3381  3397 I MainActivity: onGatewayFrame: frame seq=23535 egoSpeed=6.876007 pts=0 intervention=false warning=false braking=true lifecycle=released_verified_stop range=null bearing=null rss=10.535003
09-01 15:12:54.120  3426  3426 I de4sdv_aebs_ingress: frame accepted and published sequence=23536
09-01 15:12:54.120  3381  3397 I AebsFrameSubscriber: onMessagesAvailable callback
09-01 15:12:54.121  3381  3397 I AebsFrameSubscriber: readNextMessages count=1
09-01 15:12:54.121  3381  3397 I MainActivity: onGatewayFrame: frame seq=23536 egoSpeed=6.876007 pts=0 intervention=false warning=false braking=true lifecycle=released_verified_stop range=null bearing=null rss=10.535003
09-01 15:12:54.220  3426  3426 I de4sdv_aebs_ingress: frame accepted and published sequence=23537
09-01 15:12:54.220  3381  3397 I AebsFrameSubscriber: onMessagesAvailable callback
09-01 15:12:54.220  3381  3397 I AebsFrameSubscriber: readNextMessages count=1
09-01 15:12:54.220  3381  3397 I MainActivity: onGatewayFrame: frame seq=23537 egoSpeed=6.876007 pts=0 intervention=false warning=false braking=true lifecycle=released_verified_stop range=null bearing=null rss=10.535003
09-01 15:12:54.320  3426  3426 I de4sdv_aebs_ingress: frame accepted and published sequence=23538
09-01 15:12:54.321  3381  3397 I AebsFrameSubscriber: onMessagesAvailable callback
09-01 15:12:54.321  3381  3397 I AebsFrameSubscriber: readNextMessages count=1
09-01 15:12:54.321  3381  3397 I MainActivity: onGatewayFrame: frame seq=23538 egoSpeed=6.876007 pts=0 intervention=false warning=false braking=true lifecycle=released_verified_stop range=null bearing=null rss=10.535003
09-01 15:12:54.420  3426  3426 I de4sdv_aebs_ingress: frame accepted and published sequence=23539
09-01 15:12:54.421  3381  3397 I AebsFrameSubscriber: onMessagesAvailable callback
09-01 15:12:54.421  3381  3397 I AebsFrameSubscriber: readNextMessages count=1
09-01 15:12:54.421  3381  3397 I MainActivity: onGatewayFrame: frame seq=23539 egoSpeed=6.876007 pts=0 intervention=false warning=false braking=true lifecycle=released_verified_stop range=null bearing=null rss=10.535003
09-01 15:12:54.520  3426  3426 I de4sdv_aebs_ingress: frame accepted and published sequence=23540
09-01 15:12:54.520  3381  3397 I AebsFrameSubscriber: onMessagesAvailable callback
09-01 15:12:54.520  3381  3397 I AebsFrameSubscriber: readNextMessages count=1
09-01 15:12:54.521  3381  3397 I MainActivity: onGatewayFrame: frame seq=23540 egoSpeed=6.876007 pts=0 intervention=false warning=false braking=true lifecycle=released_verified_stop range=null bearing=null rss=10.535003
09-01 15:12:54.619  3426  3426 I de4sdv_aebs_ingress: frame accepted and published sequence=23541
09-01 15:12:54.620  3381  3397 I AebsFrameSubscriber: onMessagesAvailable callback
09-01 15:12:54.620  3381  3397 I AebsFrameSubscriber: readNextMessages count=1
09-01 15:12:54.620  3381  3397 I MainActivity: onGatewayFrame: frame seq=23541 egoSpeed=6.876007 pts=0 intervention=false warning=false braking=true lifecycle=released_verified_stop range=null bearing=null rss=10.535003
09-01 15:12:54.719  3426  3426 I de4sdv_aebs_ingress: frame accepted and published sequence=23542
09-01 15:12:54.720  3381  3397 I AebsFrameSubscriber: onMessagesAvailable callback
09-01 15:12:54.720  3381  3397 I AebsFrameSubscriber: readNextMessages count=1
09-01 15:12:54.720  3381  3397 I MainActivity: onGatewayFrame: frame seq=23542 egoSpeed=6.876007 pts=0 intervention=false warning=false braking=true lifecycle=released_verified_stop range=null bearing=null rss=10.535003
09-01 15:12:54.808   876   876 D EmulatedVehicleHardware: Set value for property ID: 290459441
09-01 15:12:54.808   876  1883 E VhalProxy: Publisher with id: 290459441 does not exist in vhal proxy
09-01 15:12:54.820  3426  3426 I de4sdv_aebs_ingress: frame accepted and published sequence=23543
09-01 15:12:54.820  3381  3397 I AebsFrameSubscriber: onMessagesAvailable callback
09-01 15:12:54.820  3381  3397 I AebsFrameSubscriber: readNextMessages count=1
09-01 15:12:54.821  3381  3397 I MainActivity: onGatewayFrame: frame seq=23543 egoSpeed=6.876007 pts=0 intervention=false warning=false braking=true lifecycle=released_verified_stop range=null bearing=null rss=10.535003
09-01 15:12:54.919  3426  3426 I de4sdv_aebs_ingress: frame accepted and published sequence=23544
09-01 15:12:54.920  3381  3397 I AebsFrameSubscriber: onMessagesAvailable callback
09-01 15:12:54.920  3381  3397 I AebsFrameSubscriber: readNextMessages count=1
09-01 15:12:54.920  3381  3397 I MainActivity: onGatewayFrame: frame seq=23544 egoSpeed=6.876007 pts=0 intervention=false warning=false braking=true lifecycle=released_verified_stop range=null bearing=null rss=10.535003
09-01 15:12:55.020  3426  3426 I de4sdv_aebs_ingress: frame accepted and published sequence=23545
09-01 15:12:55.020  3381  3397 I AebsFrameSubscriber: onMessagesAvailable callback
09-01 15:12:55.020  3381  3397 I AebsFrameSubscriber: readNextMessages count=1
09-01 15:12:55.020  3381  3397 I MainActivity: onGatewayFrame: frame seq=23545 egoSpeed=6.876007 pts=0 intervention=false warning=false braking=true lifecycle=released_verified_stop range=null bearing=null rss=10.535003
09-01 15:12:55.120  3426  3426 I de4sdv_aebs_ingress: frame accepted and published sequence=23546
09-01 15:12:55.120  3381  3397 I AebsFrameSubscriber: onMessagesAvailable callback
09-01 15:12:55.121  3381  3397 I AebsFrameSubscriber: readNextMessages count=1
09-01 15:12:55.121  3381  3397 I MainActivity: onGatewayFrame: frame seq=23546 egoSpeed=6.876007 pts=0 intervention=false warning=false braking=true lifecycle=released_verified_stop range=null bearing=null rss=10.535003
09-01 15:12:55.220  3426  3426 I de4sdv_aebs_ingress: frame accepted and published sequence=23547
09-01 15:12:55.220  3381  3397 I AebsFrameSubscriber: onMessagesAvailable callback
09-01 15:12:55.220  3381  3397 I AebsFrameSubscriber: readNextMessages count=1
09-01 15:12:55.220  3381  3397 I MainActivity: onGatewayFrame: frame seq=23547 egoSpeed=6.876007 pts=0 intervention=false warning=false braking=true lifecycle=released_verified_stop range=null bearing=null rss=10.535003
09-01 15:12:55.320  3426  3426 I de4sdv_aebs_ingress: frame accepted and published sequence=23548
09-01 15:12:55.320  3381  3397 I AebsFrameSubscriber: onMessagesAvailable callback
09-01 15:12:55.321  3381  3397 I AebsFrameSubscriber: readNextMessages count=1
09-01 15:12:55.321  3381  3397 I MainActivity: onGatewayFrame: frame seq=23548 egoSpeed=6.876007 pts=0 intervention=false warning=false braking=true lifecycle=released_verified_stop range=null bearing=null rss=10.535003
09-01 15:12:55.419  3426  3426 I de4sdv_aebs_ingress: frame accepted and published sequence=23549
09-01 15:12:55.420  3381  3397 I AebsFrameSubscriber: onMessagesAvailable callback
09-01 15:12:55.421  3381  3397 I AebsFrameSubscriber: readNextMessages count=1
09-01 15:12:55.421  3381  3397 I MainActivity: onGatewayFrame: frame seq=23549 egoSpeed=6.876007 pts=0 intervention=false warning=false braking=true lifecycle=released_verified_stop range=null bearing=null rss=10.535003
09-01 15:12:55.519  3426  3426 I de4sdv_aebs_ingress: frame accepted and published sequence=23550
09-01 15:12:55.520  3381  3397 I AebsFrameSubscriber: onMessagesAvailable callback
09-01 15:12:55.520  3381  3397 I AebsFrameSubscriber: readNextMessages count=1
09-01 15:12:55.520  3381  3397 I MainActivity: onGatewayFrame: frame seq=23550 egoSpeed=6.876007 pts=0 intervention=false warning=false braking=true lifecycle=released_verified_stop range=null bearing=null rss=10.535003
09-01 15:12:55.619  3426  3426 I de4sdv_aebs_ingress: frame accepted and published sequence=23551
09-01 15:12:55.620  3381  3397 I AebsFrameSubscriber: onMessagesAvailable callback
09-01 15:12:55.620  3381  3397 I AebsFrameSubscriber: readNextMessages count=1
09-01 15:12:55.620  3381  3397 I MainActivity: onGatewayFrame: frame seq=23551 egoSpeed=6.876007 pts=0 intervention=false warning=false braking=true lifecycle=released_verified_stop range=null bearing=null rss=10.535003
09-01 15:12:55.719  3426  3426 I de4sdv_aebs_ingress: frame accepted and published sequence=23552
09-01 15:12:55.720  3381  3397 I AebsFrameSubscriber: onMessagesAvailable callback
09-01 15:12:55.720  3381  3397 I AebsFrameSubscriber: readNextMessages count=1
09-01 15:12:55.720  3381  3397 I MainActivity: onGatewayFrame: frame seq=23552 egoSpeed=6.876007 pts=0 intervention=false warning=false braking=true lifecycle=released_verified_stop range=null bearing=null rss=10.535003
09-01 15:12:55.819  3426  3426 I de4sdv_aebs_ingress: frame accepted and published sequence=23553
09-01 15:12:55.820  3381  3397 I AebsFrameSubscriber: onMessagesAvailable callback
09-01 15:12:55.820  3381  3397 I AebsFrameSubscriber: readNextMessages count=1
09-01 15:12:55.820  3381  3397 I MainActivity: onGatewayFrame: frame seq=23553 egoSpeed=6.876007 pts=0 intervention=false warning=false braking=true lifecycle=released_verified_stop range=null bearing=null rss=10.535003
09-01 15:12:55.919  3426  3426 I de4sdv_aebs_ingress: frame accepted and published sequence=23554
09-01 15:12:55.920  3381  3397 I AebsFrameSubscriber: onMessagesAvailable callback
09-01 15:12:55.920  3381  3397 I AebsFrameSubscriber: readNextMessages count=1
09-01 15:12:55.920  3381  3397 I MainActivity: onGatewayFrame: frame seq=23554 egoSpeed=6.876007 pts=0 intervention=false warning=false braking=true lifecycle=released_verified_stop range=null bearing=null rss=10.535003
09-01 15:12:56.020  3426  3426 I de4sdv_aebs_ingress: frame accepted and published sequence=23555
09-01 15:12:56.020  3381  3397 I AebsFrameSubscriber: onMessagesAvailable callback
09-01 15:12:56.020  3381  3397 I AebsFrameSubscriber: readNextMessages count=1
09-01 15:12:56.020  3381  3397 I MainActivity: onGatewayFrame: frame seq=23555 egoSpeed=6.876007 pts=0 intervention=false warning=false braking=true lifecycle=released_verified_stop range=null bearing=null rss=10.535003
09-01 15:12:56.120  3426  3426 I de4sdv_aebs_ingress: frame accepted and published sequence=23556
09-01 15:12:56.120  3381  3397 I AebsFrameSubscriber: onMessagesAvailable callback
09-01 15:12:56.120  3381  3397 I AebsFrameSubscriber: readNextMessages count=1
09-01 15:12:56.120  3381  3397 I MainActivity: onGatewayFrame: frame seq=23556 egoSpeed=6.876007 pts=0 intervention=false warning=false braking=true lifecycle=released_verified_stop range=null bearing=null rss=10.535003
09-01 15:12:56.220  3426  3426 I de4sdv_aebs_ingress: frame accepted and published sequence=23557
09-01 15:12:56.220  3381  3397 I AebsFrameSubscriber: onMessagesAvailable callback
09-01 15:12:56.221  3381  3397 I AebsFrameSubscriber: readNextMessages count=1
09-01 15:12:56.221  3381  3397 I MainActivity: onGatewayFrame: frame seq=23557 egoSpeed=6.876007 pts=0 intervention=false warning=false braking=true lifecycle=released_verified_stop range=null bearing=null rss=10.535003
09-01 15:12:56.320  3426  3426 I de4sdv_aebs_ingress: frame accepted and published sequence=23558
09-01 15:12:56.320  3381  3397 I AebsFrameSubscriber: onMessagesAvailable callback
09-01 15:12:56.320  3381  3397 I AebsFrameSubscriber: readNextMessages count=1
09-01 15:12:56.320  3381  3397 I MainActivity: onGatewayFrame: frame seq=23558 egoSpeed=6.876007 pts=0 intervention=false warning=false braking=true lifecycle=released_verified_stop range=null bearing=null rss=10.535003
09-01 15:12:56.419  3426  3426 I de4sdv_aebs_ingress: frame accepted and published sequence=23559
09-01 15:12:56.420  3381  3397 I AebsFrameSubscriber: onMessagesAvailable callback
09-01 15:12:56.420  3381  3397 I AebsFrameSubscriber: readNextMessages count=1
09-01 15:12:56.420  3381  3397 I MainActivity: onGatewayFrame: frame seq=23559 egoSpeed=6.876007 pts=0 intervention=false warning=false braking=true lifecycle=released_verified_stop range=null bearing=null rss=10.535003
09-01 15:12:56.519  3426  3426 I de4sdv_aebs_ingress: frame accepted and published sequence=23560
09-01 15:12:56.520  3381  3397 I AebsFrameSubscriber: onMessagesAvailable callback
09-01 15:12:56.520  3381  3397 I AebsFrameSubscriber: readNextMessages count=1
09-01 15:12:56.520  3381  3397 I MainActivity: onGatewayFrame: frame seq=23560 egoSpeed=6.876007 pts=0 intervention=false warning=false braking=true lifecycle=released_verified_stop range=null bearing=null rss=10.535003
09-01 15:12:56.619  3426  3426 I de4sdv_aebs_ingress: frame accepted and published sequence=23561
09-01 15:12:56.620  3381  3397 I AebsFrameSubscriber: onMessagesAvailable callback
09-01 15:12:56.620  3381  3397 I AebsFrameSubscriber: readNextMessages count=1
09-01 15:12:56.620  3381  3397 I MainActivity: onGatewayFrame: frame seq=23561 egoSpeed=6.876007 pts=0 intervention=false warning=false braking=true lifecycle=released_verified_stop range=null bearing=null rss=10.535003
09-01 15:12:56.719  3426  3426 I de4sdv_aebs_ingress: frame accepted and published sequence=23562
09-01 15:12:56.720  3381  3397 I AebsFrameSubscriber: onMessagesAvailable callback
09-01 15:12:56.720  3381  3397 I AebsFrameSubscriber: readNextMessages count=1
09-01 15:12:56.721  3381  3397 I MainActivity: onGatewayFrame: frame seq=23562 egoSpeed=6.876007 pts=0 intervention=false warning=false braking=true lifecycle=released_verified_stop range=null bearing=null rss=10.535003
09-01 15:12:56.819  3426  3426 I de4sdv_aebs_ingress: frame accepted and published sequence=23563
09-01 15:12:56.820  3381  3397 I AebsFrameSubscriber: onMessagesAvailable callback
09-01 15:12:56.820  3381  3397 I AebsFrameSubscriber: readNextMessages count=1
09-01 15:12:56.820  3381  3397 I MainActivity: onGatewayFrame: frame seq=23563 egoSpeed=6.876007 pts=0 intervention=false warning=false braking=true lifecycle=released_verified_stop range=null bearing=null rss=10.535003
09-01 15:12:56.919  3426  3426 I de4sdv_aebs_ingress: frame accepted and published sequence=23564
09-01 15:12:56.920  3381  3397 I AebsFrameSubscriber: onMessagesAvailable callback
09-01 15:12:56.920  3381  3397 I AebsFrameSubscriber: readNextMessages count=1
09-01 15:12:56.920  3381  3397 I MainActivity: onGatewayFrame: frame seq=23564 egoSpeed=6.876007 pts=0 intervention=false warning=false braking=true lifecycle=released_verified_stop range=null bearing=null rss=10.535003
09-01 15:12:56.985  1017  1123 I WifiService: getConnectionInfo uid=1010110
09-01 15:12:57.019  3426  3426 I de4sdv_aebs_ingress: frame accepted and published sequence=23565
09-01 15:12:57.020  3381  3397 I AebsFrameSubscriber: onMessagesAvailable callback
09-01 15:12:57.020  3381  3397 I AebsFrameSubscriber: readNextMessages count=1
09-01 15:12:57.020  3381  3397 I MainActivity: onGatewayFrame: frame seq=23565 egoSpeed=6.876007 pts=0 intervention=false warning=false braking=true lifecycle=released_verified_stop range=null bearing=null rss=10.535003
09-01 15:12:57.120  3426  3426 I de4sdv_aebs_ingress: frame accepted and published sequence=23566
09-01 15:12:57.120  3381  3397 I AebsFrameSubscriber: onMessagesAvailable callback
09-01 15:12:57.121  3381  3397 I AebsFrameSubscriber: readNextMessages count=1
09-01 15:12:57.121  3381  3397 I MainActivity: onGatewayFrame: frame seq=23566 egoSpeed=6.876007 pts=0 intervention=false warning=false braking=true lifecycle=released_verified_stop range=null bearing=null rss=10.535003
09-01 15:12:57.220  3426  3426 I de4sdv_aebs_ingress: frame accepted and published sequence=23567
09-01 15:12:57.220  3381  3397 I AebsFrameSubscriber: onMessagesAvailable callback
09-01 15:12:57.221  3381  3397 I AebsFrameSubscriber: readNextMessages count=1
09-01 15:12:57.221  3381  3397 I MainActivity: onGatewayFrame: frame seq=23567 egoSpeed=6.876007 pts=0 intervention=false warning=false braking=true lifecycle=released_verified_stop range=null bearing=null rss=10.535003
09-01 15:12:57.320  3426  3426 I de4sdv_aebs_ingress: frame accepted and published sequence=23568
09-01 15:12:57.320  3381  3397 I AebsFrameSubscriber: onMessagesAvailable callback
09-01 15:12:57.321  3381  3397 I AebsFrameSubscriber: readNextMessages count=1
09-01 15:12:57.321  3381  3397 I MainActivity: onGatewayFrame: frame seq=23568 egoSpeed=6.876007 pts=0 intervention=false warning=false braking=true lifecycle=released_verified_stop range=null bearing=null rss=10.535003
09-01 15:12:57.420  3426  3426 I de4sdv_aebs_ingress: frame accepted and published sequence=23569
09-01 15:12:57.420  3381  3397 I AebsFrameSubscriber: onMessagesAvailable callback
09-01 15:12:57.421  3381  3397 I AebsFrameSubscriber: readNextMessages count=1
09-01 15:12:57.421  3381  3397 I MainActivity: onGatewayFrame: frame seq=23569 egoSpeed=6.876007 pts=0 intervention=false warning=false braking=true lifecycle=released_verified_stop range=null bearing=null rss=10.535003
09-01 15:12:57.519  3426  3426 I de4sdv_aebs_ingress: frame accepted and published sequence=23570
09-01 15:12:57.520  3381  3397 I AebsFrameSubscriber: onMessagesAvailable callback
09-01 15:12:57.520  3381  3397 I AebsFrameSubscriber: readNextMessages count=1
09-01 15:12:57.520  3381  3397 I MainActivity: onGatewayFrame: frame seq=23570 egoSpeed=6.876007 pts=0 intervention=false warning=false braking=true lifecycle=released_verified_stop range=null bearing=null rss=10.535003
09-01 15:12:57.619  3426  3426 I de4sdv_aebs_ingress: frame accepted and published sequence=23571
09-01 15:12:57.620  3381  3397 I AebsFrameSubscriber: onMessagesAvailable callback
09-01 15:12:57.620  3381  3397 I AebsFrameSubscriber: readNextMessages count=1
09-01 15:12:57.620  3381  3397 I MainActivity: onGatewayFrame: frame seq=23571 egoSpeed=6.876007 pts=0 intervention=false warning=false braking=true lifecycle=released_verified_stop range=null bearing=null rss=10.535003
09-01 15:12:57.719  3426  3426 I de4sdv_aebs_ingress: frame accepted and published sequence=23572
09-01 15:12:57.720  3381  3397 I AebsFrameSubscriber: onMessagesAvailable callback
09-01 15:12:57.720  3381  3397 I AebsFrameSubscriber: readNextMessages count=1
09-01 15:12:57.720  3381  3397 I MainActivity: onGatewayFrame: frame seq=23572 egoSpeed=6.876007 pts=0 intervention=false warning=false braking=true lifecycle=released_verified_stop range=null bearing=null rss=10.535003
09-01 15:12:57.739  3347  3347 I adbd    : adbd service requested 'shell,raw:cut -d. -f1 /proc/uptime'
09-01 15:12:57.812   876   876 D EmulatedVehicleHardware: Set value for property ID: 290459441
09-01 15:12:57.812   876  1883 E VhalProxy: Publisher with id: 290459441 does not exist in vhal proxy
09-01 15:12:57.819  3426  3426 I de4sdv_aebs_ingress: frame accepted and published sequence=23573
09-01 15:12:57.820  3381  3397 I AebsFrameSubscriber: onMessagesAvailable callback
09-01 15:12:57.820  3381  3397 I AebsFrameSubscriber: readNextMessages count=1
09-01 15:12:57.820  3381  3397 I MainActivity: onGatewayFrame: frame seq=23573 egoSpeed=6.876007 pts=0 intervention=false warning=false braking=true lifecycle=released_verified_stop range=null bearing=null rss=10.535003
09-01 15:12:57.919  3426  3426 I de4sdv_aebs_ingress: frame accepted and published sequence=23574
09-01 15:12:57.920  3381  3397 I AebsFrameSubscriber: onMessagesAvailable callback
09-01 15:12:57.920  3381  3397 I AebsFrameSubscriber: readNextMessages count=1
09-01 15:12:57.920  3381  3397 I MainActivity: onGatewayFrame: frame seq=23574 egoSpeed=6.876007 pts=0 intervention=false warning=false braking=true lifecycle=released_verified_stop range=null bearing=null rss=10.535003
09-01 15:12:57.992  1766  1789 D SdvServiceManagerServer: main::mesh::manager: Watcher task instance2 woken up by: Timeout
09-01 15:12:57.992  1766  1790 D SdvServiceManagerServer: main::mesh::manager: Watcher task instance3 woken up by: Timeout
09-01 15:12:57.993  1766  1790 D SdvServiceManagerServer: main::mesh::custom_verifier: Created ExternalVerifier with address 0x7c6bc800df50
09-01 15:12:57.993  1766  1789 D SdvServiceManagerServer: main::mesh::custom_verifier: Created ExternalVerifier with address 0x7c6bc800e570
09-01 15:12:57.993  1766  1790 I SdvServiceManagerServer: main::mesh::async_client: Connecting to instance3 at 192.168.99.5:2000 using secure TLS channel with DICE authentication
09-01 15:12:57.993  1766  1789 I SdvServiceManagerServer: main::mesh::async_client: Connecting to instance2 at 192.168.99.4:2000 using secure TLS channel with DICE authentication
09-01 15:12:58.019  3426  3426 I de4sdv_aebs_ingress: frame accepted and published sequence=23575
09-01 15:12:58.020  3381  3397 I AebsFrameSubscriber: onMessagesAvailable callback
09-01 15:12:58.020  3381  3397 I AebsFrameSubscriber: readNextMessages count=1
09-01 15:12:58.020  3381  3397 I MainActivity: onGatewayFrame: frame seq=23575 egoSpeed=6.876007 pts=0 intervention=false warning=false braking=true lifecycle=released_verified_stop range=null bearing=null rss=10.535003
09-01 15:12:58.119  3426  3426 I de4sdv_aebs_ingress: frame accepted and published sequence=23576
09-01 15:12:58.120  3381  3397 I AebsFrameSubscriber: onMessagesAvailable callback
09-01 15:12:58.120  3381  3397 I AebsFrameSubscriber: readNextMessages count=1
09-01 15:12:58.120  3381  3397 I MainActivity: onGatewayFrame: frame seq=23576 egoSpeed=6.876007 pts=0 intervention=false warning=false braking=true lifecycle=released_verified_stop range=null bearing=null rss=10.535003
09-01 15:12:58.219  3426  3426 I de4sdv_aebs_ingress: frame accepted and published sequence=23577
09-01 15:12:58.220  3381  3397 I AebsFrameSubscriber: onMessagesAvailable callback
09-01 15:12:58.220  3381  3397 I AebsFrameSubscriber: readNextMessages count=1
09-01 15:12:58.220  3381  3397 I MainActivity: onGatewayFrame: frame seq=23577 egoSpeed=6.876007 pts=0 intervention=false warning=false braking=true lifecycle=released_verified_stop range=null bearing=null rss=10.535003
09-01 15:12:58.319  3426  3426 I de4sdv_aebs_ingress: frame accepted and published sequence=23578
09-01 15:12:58.320  3381  3397 I AebsFrameSubscriber: onMessagesAvailable callback
09-01 15:12:58.320  3381  3397 I AebsFrameSubscriber: readNextMessages count=1
09-01 15:12:58.320  3381  3397 I MainActivity: onGatewayFrame: frame seq=23578 egoSpeed=6.876007 pts=0 intervention=false warning=false braking=true lifecycle=released_verified_stop range=null bearing=null rss=10.535003
09-01 15:12:58.419  3426  3426 I de4sdv_aebs_ingress: frame accepted and published sequence=23579
09-01 15:12:58.420  3381  3397 I AebsFrameSubscriber: onMessagesAvailable callback
09-01 15:12:58.420  3381  3397 I AebsFrameSubscriber: readNextMessages count=1
09-01 15:12:58.420  3381  3397 I MainActivity: onGatewayFrame: frame seq=23579 egoSpeed=6.876007 pts=0 intervention=false warning=false braking=true lifecycle=released_verified_stop range=null bearing=null rss=10.535003
09-01 15:12:58.520  3426  3426 I de4sdv_aebs_ingress: frame accepted and published sequence=23580
09-01 15:12:58.520  3381  3397 I AebsFrameSubscriber: onMessagesAvailable callback
09-01 15:12:58.520  3381  3397 I AebsFrameSubscriber: readNextMessages count=1
09-01 15:12:58.520  3381  3397 I MainActivity: onGatewayFrame: frame seq=23580 egoSpeed=6.876007 pts=0 intervention=false warning=false braking=true lifecycle=released_verified_stop range=null bearing=null rss=10.535003
09-01 15:12:58.619  3426  3426 I de4sdv_aebs_ingress: frame accepted and published sequence=23581
09-01 15:12:58.620  3381  3397 I AebsFrameSubscriber: onMessagesAvailable callback
09-01 15:12:58.620  3381  3397 I AebsFrameSubscriber: readNextMessages count=1
09-01 15:12:58.620  3381  3397 I MainActivity: onGatewayFrame: frame seq=23581 egoSpeed=6.876007 pts=0 intervention=false warning=false braking=true lifecycle=released_verified_stop range=null bearing=null rss=10.535003
09-01 15:12:58.719  3426  3426 I de4sdv_aebs_ingress: frame accepted and published sequence=23582
09-01 15:12:58.720  3381  3397 I AebsFrameSubscriber: onMessagesAvailable callback
09-01 15:12:58.720  3381  3397 I AebsFrameSubscriber: readNextMessages count=1
09-01 15:12:58.720  3381  3397 I MainActivity: onGatewayFrame: frame seq=23582 egoSpeed=6.876007 pts=0 intervention=false warning=false braking=true lifecycle=released_verified_stop range=null bearing=null rss=10.535003
09-01 15:12:58.819  3426  3426 I de4sdv_aebs_ingress: frame accepted and published sequence=23583
09-01 15:12:58.820  3381  3397 I AebsFrameSubscriber: onMessagesAvailable callback
09-01 15:12:58.820  3381  3397 I AebsFrameSubscriber: readNextMessages count=1
09-01 15:12:58.820  3381  3397 I MainActivity: onGatewayFrame: frame seq=23583 egoSpeed=6.876007 pts=0 intervention=false warning=false braking=true lifecycle=released_verified_stop range=null bearing=null rss=10.535003
09-01 15:12:58.919  3426  3426 I de4sdv_aebs_ingress: frame accepted and published sequence=23584
09-01 15:12:58.920  3381  3397 I AebsFrameSubscriber: onMessagesAvailable callback
09-01 15:12:58.920  3381  3397 I AebsFrameSubscriber: readNextMessages count=1
09-01 15:12:58.920  3381  3397 I MainActivity: onGatewayFrame: frame seq=23584 egoSpeed=6.876007 pts=0 intervention=false warning=false braking=true lifecycle=released_verified_stop range=null bearing=null rss=10.535003
09-01 15:12:58.995  1766  1789 W SdvServiceManagerServer: main::mesh::manager: Attempt to reconnect to instance3 failed: Unable to connect to mesh. Channel state: GRPC_CHANNEL_CONNECTING
09-01 15:12:58.995  1766  1789 W SdvServiceManagerServer: main::mesh::manager: Attempt to reconnect to instance2 failed: Unable to connect to mesh. Channel state: GRPC_CHANNEL_CONNECTING
09-01 15:12:58.995  1766  1828 D SdvServiceManagerServer: main::mesh::custom_verifier: Dropping ExternalVerifier with address 0x7c6bc800df50
09-01 15:12:58.996  1766  1820 D SdvServiceManagerServer: main::mesh::custom_verifier: Dropping ExternalVerifier with address 0x7c6bc800e570
09-01 15:12:59.019  3426  3426 I de4sdv_aebs_ingress: frame accepted and published sequence=23585
09-01 15:12:59.020  3381  3397 I AebsFrameSubscriber: onMessagesAvailable callback
09-01 15:12:59.020  3381  3397 I AebsFrameSubscriber: readNextMessages count=1
09-01 15:12:59.020  3381  3397 I MainActivity: onGatewayFrame: frame seq=23585 egoSpeed=6.876007 pts=0 intervention=false warning=false braking=true lifecycle=released_verified_stop range=null bearing=null rss=10.535003
09-01 15:12:59.058   905  3547 D AidlBufferPool: bufferpool2 0x7a9b46a0b798 : 2(1944000 size) total buffers - 1(972000 size) used buffers - 1039/1041 (recycle/alloc) - 6/1041 (fetch/transfer)
09-01 15:12:59.120  3426  3426 I de4sdv_aebs_ingress: frame accepted and published sequence=23586
09-01 15:12:59.121  3381  3397 I AebsFrameSubscriber: onMessagesAvailable callback
09-01 15:12:59.121  3381  3397 I AebsFrameSubscriber: readNextMessages count=1
09-01 15:12:59.121  3381  3397 I MainActivity: onGatewayFrame: frame seq=23586 egoSpeed=6.876007 pts=0 intervention=false warning=false braking=true lifecycle=released_verified_stop range=null bearing=null rss=10.535003
09-01 15:12:59.220  3426  3426 I de4sdv_aebs_ingress: frame accepted and published sequence=23587
09-01 15:12:59.220  3381  3397 I AebsFrameSubscriber: onMessagesAvailable callback
09-01 15:12:59.220  3381  3397 I AebsFrameSubscriber: readNextMessages count=1
09-01 15:12:59.221  3381  3397 I MainActivity: onGatewayFrame: frame seq=23587 egoSpeed=6.876007 pts=0 intervention=false warning=false braking=true lifecycle=released_verified_stop range=null bearing=null rss=10.535003
09-01 15:12:59.319  3426  3426 I de4sdv_aebs_ingress: frame accepted and published sequence=23588
09-01 15:12:59.320  3381  3397 I AebsFrameSubscriber: onMessagesAvailable callback
09-01 15:12:59.320  3381  3397 I AebsFrameSubscriber: readNextMessages count=1
09-01 15:12:59.320  3381  3397 I MainActivity: onGatewayFrame: frame seq=23588 egoSpeed=6.876007 pts=0 intervention=false warning=false braking=true lifecycle=released_verified_stop range=null bearing=null rss=10.535003
09-01 15:12:59.419  3426  3426 I de4sdv_aebs_ingress: frame accepted and published sequence=23589
09-01 15:12:59.420  3381  3397 I AebsFrameSubscriber: onMessagesAvailable callback
09-01 15:12:59.420  3381  3397 I AebsFrameSubscriber: readNextMessages count=1
09-01 15:12:59.420  3381  3397 I MainActivity: onGatewayFrame: frame seq=23589 egoSpeed=6.876007 pts=0 intervention=false warning=false braking=true lifecycle=released_verified_stop range=null bearing=null rss=10.535003
09-01 15:12:59.520  3426  3426 I de4sdv_aebs_ingress: frame accepted and published sequence=23590
09-01 15:12:59.520  3381  3397 I AebsFrameSubscriber: onMessagesAvailable callback
09-01 15:12:59.520  3381  3397 I AebsFrameSubscriber: readNextMessages count=1
09-01 15:12:59.520  3381  3397 I MainActivity: onGatewayFrame: frame seq=23590 egoSpeed=6.876007 pts=0 intervention=false warning=false braking=true lifecycle=released_verified_stop range=null bearing=null rss=10.535003
09-01 15:12:59.619  3426  3426 I de4sdv_aebs_ingress: frame accepted and published sequence=23591
09-01 15:12:59.620  3381  3397 I AebsFrameSubscriber: readNextMessages count=1
09-01 15:12:59.620  3381  3397 I MainActivity: onGatewayFrame: frame seq=23591 egoSpeed=6.876007 pts=0 intervention=false warning=false braking=true lifecycle=released_verified_stop range=null bearing=null rss=10.535003
09-01 15:12:59.620  3381  3397 I AebsFrameSubscriber: onMessagesAvailable callback
09-01 15:12:59.720  3426  3426 I de4sdv_aebs_ingress: frame accepted and published sequence=23592
09-01 15:12:59.720  3381  3397 I AebsFrameSubscriber: onMessagesAvailable callback
09-01 15:12:59.720  3381  3397 I AebsFrameSubscriber: readNextMessages count=1
09-01 15:12:59.720  3381  3397 I MainActivity: onGatewayFrame: frame seq=23592 egoSpeed=6.876007 pts=0 intervention=false warning=false braking=true lifecycle=released_verified_stop range=null bearing=null rss=10.535003
09-01 15:12:59.819  3426  3426 I de4sdv_aebs_ingress: frame accepted and published sequence=23593
09-01 15:12:59.820  3381  3397 I AebsFrameSubscriber: onMessagesAvailable callback
09-01 15:12:59.820  3381  3397 I AebsFrameSubscriber: readNextMessages count=1
09-01 15:12:59.820  3381  3397 I MainActivity: onGatewayFrame: frame seq=23593 egoSpeed=6.876007 pts=0 intervention=false warning=false braking=true lifecycle=released_verified_stop range=null bearing=null rss=10.535003
09-01 15:12:59.919  3426  3426 I de4sdv_aebs_ingress: frame accepted and published sequence=23594
09-01 15:12:59.919  3381  3397 I AebsFrameSubscriber: onMessagesAvailable callback
09-01 15:12:59.920  3381  3397 I AebsFrameSubscriber: readNextMessages count=1
09-01 15:12:59.920  3381  3397 I MainActivity: onGatewayFrame: frame seq=23594 egoSpeed=6.876007 pts=0 intervention=false warning=false braking=true lifecycle=released_verified_stop range=null bearing=null rss=10.535003
09-01 15:12:59.957  3539  3557 I MPEG4Writer: setStartTimestampUs: 304671333
09-01 15:12:59.957  3539  3558 I MPEG4Writer: setStartTimestampUs: 304671333
09-01 15:12:59.957  3539  3556 V MediaWriter: Track event err/info msg:101, trackId:1, type:1000,val:-1011
09-01 15:12:59.957  3539  3539 D MPEG4Writer: reset()
09-01 15:12:59.957  3539  3539 D MPEG4Writer: Video track stopping. Stop source
09-01 15:12:59.957  3539  3539 D MPEG4Writer: Video track source stopping
09-01 15:12:59.957  3539  3539 D MPEG4Writer: Video track source stopped
09-01 15:12:59.957  3539  3556 I MPEG4Writer: Received total/0-length (1054/0) buffers and encoded 1054 frames. - Video
09-01 15:12:59.957  3539  3558 V MediaWriter: Track event err/info msg:101, trackId:3, type:1000,val:-1011
09-01 15:12:59.957  3539  3558 W MPEG4Writer: 0-duration samples found: 1
09-01 15:12:59.958  3539  3558 I MPEG4Writer: Received total/0-length (1/0) buffers and encoded 1 frames. - Metadata
09-01 15:12:59.958  3539  3557 V MediaWriter: Track event err/info msg:101, trackId:2, type:1000,val:-1011
09-01 15:12:59.958  3539  3557 W MPEG4Writer: 0-duration samples found: 1
09-01 15:12:59.958  3539  3539 D MPEG4Writer: Video track stopped. Status:0. Stop source
09-01 15:12:59.958  3539  3557 I MPEG4Writer: Received total/0-length (1/0) buffers and encoded 1 frames. - Metadata
09-01 15:12:59.958  3539  3539 D MPEG4Writer: Metadata track stopping. Stop source
09-01 15:12:59.958  3539  3539 D MPEG4Writer: Metadata track source stopping
09-01 15:12:59.958  3539  3539 D MPEG4Writer: Metadata track source stopped
09-01 15:12:59.958  3539  3539 D MPEG4Writer: Metadata track stopped. Status:0. Stop source
09-01 15:12:59.958  3539  3539 D MPEG4Writer: Metadata track stopping. Stop source
09-01 15:12:59.958  3539  3539 D MPEG4Writer: Metadata track source stopping
09-01 15:12:59.958  3539  3539 D MPEG4Writer: Metadata track source stopped
09-01 15:12:59.958  3539  3539 D MPEG4Writer: Metadata track stopped. Status:0. Stop source
09-01 15:12:59.961  3539  3539 D MPEG4Writer: Duration from tracks range is [0, 70148271] us
09-01 15:12:59.963  3539  3554 D MPEG4Writer: 0 chunks are written in the last batch
09-01 15:12:59.963  3539  3539 D MPEG4Writer: WriterThread stopped. Status:0
09-01 15:12:59.963  3539  3539 I MPEG4Writer: Adjust the moov start time from 304671333 us -> 304671333 us
09-01 15:12:59.964  3539  3539 I MPEG4Writer: The mp4 file will not be streamable.
09-01 15:12:59.964  3539  3539 I MPEG4Writer: MOOV atom was written to the file
09-01 15:12:59.964  3539  3539 D MPEG4Writer: release()
09-01 15:12:59.964  3539  3539 D MPEG4Writer: ftruncate mPreAllocateFileEndOffset:1267799 mOffset:1266378 mMdatEndOffset:1251107 diff:1421
09-01 15:12:59.974  3539  3539 D MPEG4Writer: final fsync() takes 9 ms, file size 1266378
09-01 15:12:59.974  3539  3539 D MPEG4Writer: MP4WtrCtrlHlpLooper stopped
09-01 15:12:59.974  3539  3539 D MPEG4Writer: Top 5 write durations(microseconds): #1:108 #2:111 #3:134 #4:356 #5:589
09-01 15:12:59.975   801  1074 D SurfaceFlinger: Destroying virtual display: ScreenRecorder
09-01 15:12:59.976  3539  3542 D CCodecBufferChannel: [c2.android.avc.encoder#603] MediaCodec discarded an unknown buffer
09-01 15:12:59.977  3539  3602 D CCodec  : hold CodecLooper(1) until release
09-01 15:12:59.981   905  2438 I libbinder.BpBinder: onLastStrongRef automatically unlinking death recipients for binder (0x7a9bc6a0edb0) with descriptor: 'android.hardware.media.bufferpool2.IClientManager'
09-01 15:12:59.991   801   801 D SurfaceFlinger: processDisplayRemoved: Optimizing thread scheduling: optimizeForPerformance
09-01 15:12:59.999  3539  3541 I libbinder.BpBinder: onLastStrongRef automatically unlinking death recipients for binder (0x7e3fa9010e80) with descriptor: '(not cached)'
09-01 15:13:00.012  1017  1123 I ActivityManager: Broadcasting: Intent { act=android.intent.action.MEDIA_SCANNER_SCAN_FILE dat=file:///... flg=0x400000 }
09-01 15:13:00.012  1017  1123 I ActivityManager: Enqueued broadcast Intent { act=android.intent.action.MEDIA_SCANNER_SCAN_FILE dat=file:///... flg=0x400000 }: 0
09-01 15:13:00.013  1017  1048 D OomAdjuster: Not killing cached processes
09-01 15:13:00.014  2488  2488 I MediaServiceV2: Creating work for intent Intent { act=android.intent.action.MEDIA_SCANNER_SCAN_FILE dat=file:///... flg=0x1400010 cmp=com.android.providers.media.module/com.android.providers.media.MediaServiceV2 }
09-01 15:13:00.014  2488  2488 I MediaServiceV2: Work enqueued for intent: Intent { act=android.intent.action.MEDIA_SCANNER_SCAN_FILE dat=file:///... flg=0x1400010 cmp=com.android.providers.media.module/com.android.providers.media.MediaServiceV2 }
09-01 15:13:00.015  1017  1038 I ActivityManager: Broadcast completed: result=0
09-01 15:13:00.019  3426  3426 I de4sdv_aebs_ingress: frame accepted and published sequence=23595
09-01 15:13:00.020  3381  3397 I AebsFrameSubscriber: onMessagesAvailable callback
09-01 15:13:00.016  3381  3381 I pool-3-thread-1: type=1400 audit(0.0:244): avc:  denied  { read } for  path="pipe:[31179]" dev="pipefs" ino=31179 scontext=u:r:platform_app:s0:c522,c768 tcontext=u:r:sdv_gateway:s0 tclass=fifo_file permissive=1
09-01 15:13:00.020  3381  3397 I AebsFrameSubscriber: readNextMessages count=1
09-01 15:13:00.020  3381  3397 I MainActivity: onGatewayFrame: frame seq=23595 egoSpeed=6.876007 pts=0 intervention=false warning=false braking=true lifecycle=released_verified_stop range=null bearing=null rss=10.535003
09-01 15:13:00.016  3381  3381 W pool-3-thread-1: type=1300 audit(0.0:244): arch=c000003e syscall=0 success=yes exit=16 a0=61 a1=7aac7fe76010 a2=10 a3=0 items=0 ppid=701 auid=4294967295 uid=1010111 gid=1010111 euid=1010111 suid=1010111 fsuid=1010111 egid=1010111 sgid=1010111 fsgid=1010111 tty=(none) ses=4294967295 exe="/system/bin/app_process64" subj=u:r:platform_app:s0:c522,c768 key=(null)
09-01 15:13:00.016   467   467 W auditd  : type=1327 audit(0.0:244): proctitle="org.de4sdv.aebsvisualization"
09-01 15:13:00.016   467   467 W auditd  : type=1320 audit(0.0:244): 
09-01 15:13:00.021  3539  3539 D ScreenRecord: success
09-01 15:13:00.024  2488  2587 W JobInfo : Requested important-while-foreground flag for job20 is ignored and takes no effect
09-01 15:13:00.024  2488  2587 D WM-SystemJobScheduler: Scheduling work ID fac75323-9756-4aa8-8218-f51140ef76fcJob ID 20
09-01 15:13:00.030  3539  3539 I libbinder.BpBinder: onLastStrongRef automatically unlinking death recipients for binder (0x7e3fa90125e0) with descriptor: 'android.hardware.media.bufferpool2.IAccessor'
09-01 15:13:00.030   905  1384 D AidlBufferPool: Destruction - bufferpool2 0x7a9b46a0b798 cached: 0/0M, 0/0% in use; allocs: 1055, 100% recycled; transfers: 1055, 99% unfetched
09-01 15:13:00.032  2488  2587 D WM-GreedyScheduler: Ignoring {WorkSpec: 9e1664d8-dcda-4840-a0a2-26111bd35a58}. Requires device idle.
09-01 15:13:00.032  2488  2587 D WM-GreedyScheduler: Starting work for fac75323-9756-4aa8-8218-f51140ef76fc
09-01 15:13:00.035  2488  2587 D WM-Processor: Processor: processing WorkGenerationalId(workSpecId=fac75323-9756-4aa8-8218-f51140ef76fc, generation=0)
09-01 15:13:00.040  2488  2488 D WM-SystemJobService: onStartJob for WorkGenerationalId(workSpecId=fac75323-9756-4aa8-8218-f51140ef76fc, generation=0)
09-01 15:13:00.046  2488  2587 D WM-Processor: Work WorkGenerationalId(workSpecId=fac75323-9756-4aa8-8218-f51140ef76fc, generation=0) is already enqueued for processing
09-01 15:13:00.047  2488  2488 D WM-WorkerWrapper: Starting work for com.android.providers.media.MediaServiceV2
09-01 15:13:00.048  2488  3608 I MediaServiceV2: Work initiated for action [ android.intent.action.MEDIA_SCANNER_SCAN_FILE ]
09-01 15:13:00.044  2488  2488 I pool-4-thread-8: type=1400 audit(0.0:245): avc:  denied  { search } for  name="tmp" dev="dm-10" ino=100 scontext=u:r:mediaprovider_app:s0:c159,c256,c522,c768 tcontext=u:object_r:shell_data_file:s0 tclass=dir permissive=1
09-01 15:13:00.044  2488  2488 W pool-4-thread-8: type=1300 audit(0.0:245): arch=c000003e syscall=257 success=yes exit=5 a0=ffffff9c a1=7aaf4e45c650 a2=280000 a3=0 items=1 ppid=701 auid=4294967295 uid=1010159 gid=1010159 euid=1010159 suid=1010159 fsuid=1010159 egid=1010159 sgid=1010159 fsgid=1010159 tty=(none) ses=4294967295 exe="/system/bin/app_process64" subj=u:r:mediaprovider_app:s0:c159,c256,c522,c768 key=(null)
09-01 15:13:00.051  2488  3608 W ModernMediaScanner: Trouble scanning /data/local/tmp/aebs010-final-corrected-raw.mp4
09-01 15:13:00.051  2488  3608 W ModernMediaScanner: java.io.FileNotFoundException: /data/local/tmp/aebs010-final-corrected-raw.mp4: open failed: EACCES (Permission denied)
09-01 15:13:00.051  2488  3608 W ModernMediaScanner: 	at libcore.io.IoBridge.open(IoBridge.java:574)
09-01 15:13:00.051  2488  3608 W ModernMediaScanner: 	at java.io.FileInputStream.<init>(FileInputStream.java:179)
09-01 15:13:00.051  2488  3608 W ModernMediaScanner: 	at com.android.providers.media.scan.ModernMediaScanner.scanItemVideo(ModernMediaScanner.java:1686)
09-01 15:13:00.051  2488  3608 W ModernMediaScanner: 	at com.android.providers.media.scan.ModernMediaScanner.scanItem(ModernMediaScanner.java:1338)
09-01 15:13:00.051  2488  3608 W ModernMediaScanner: 	at com.android.providers.media.scan.ModernMediaScanner.-$$Nest$mscanItem(ModernMediaScanner.java:0)
09-01 15:13:00.051  2488  3608 W ModernMediaScanner: 	at com.android.providers.media.scan.ModernMediaScanner$Scan.visitFile(ModernMediaScanner.java:1045)
09-01 15:13:00.051  2488  3608 W ModernMediaScanner: 	at com.android.providers.media.scan.ModernMediaScanner$Scan.visitFile(ModernMediaScanner.java:526)
09-01 15:13:00.051  2488  3608 W ModernMediaScanner: 	at java.nio.file.Files.walkFileTree(Files.java:2730)
09-01 15:13:00.051  2488  3608 W ModernMediaScanner: 	at java.nio.file.Files.walkFileTree(Files.java:2802)
09-01 15:13:00.051  2488  3608 W ModernMediaScanner: 	at com.android.providers.media.scan.ModernMediaScanner$Scan.walkFileTree(ModernMediaScanner.java:649)
09-01 15:13:00.051  2488  3608 W ModernMediaScanner: 	at com.android.providers.media.scan.ModernMediaScanner$Scan.runInternal(ModernMediaScanner.java:608)
09-01 15:13:00.051  2488  3608 W ModernMediaScanner: 	at com.android.providers.media.scan.ModernMediaScanner$Scan.run(ModernMediaScanner.java:597)
09-01 15:13:00.051  2488  3608 W ModernMediaScanner: 	at com.android.providers.media.scan.ModernMediaScanner.scanFile(ModernMediaScanner.java:426)
09-01 15:13:00.051  2488  3608 W ModernMediaScanner: 	at com.android.providers.media.MediaProvider.scanFile(MediaProvider.java:2480)
09-01 15:13:00.051  2488  3608 W ModernMediaScanner: 	at com.android.providers.media.MediaService.onScanFile(MediaService.java:255)
09-01 15:13:00.051  2488  3608 W ModernMediaScanner: 	at com.android.providers.media.MediaServiceV2.doWork(MediaServiceV2.java:210)
09-01 15:13:00.051  2488  3608 W ModernMediaScanner: 	at androidx.work.Worker.$r8$lambda$opNRPVQx7zi4ENxyGPOIhxFU0oM(Worker.kt:64)
09-01 15:13:00.051  2488  3608 W ModernMediaScanner: 	at androidx.work.Worker$$ExternalSyntheticLambda0.invoke(R8$$SyntheticClass:0)
09-01 15:13:00.051  2488  3608 W ModernMediaScanner: 	at androidx.work.WorkerKt.future$lambda$0$1(Worker.kt:100)
09-01 15:13:00.051  2488  3608 W ModernMediaScanner: 	at androidx.work.WorkerKt.$r8$lambda$YRKOYg4KOcZY2JOe5siOBop394I(Worker.kt:0)
09-01 15:13:00.051  2488  3608 W ModernMediaScanner: 	at androidx.work.WorkerKt$$ExternalSyntheticLambda2.run(R8$$SyntheticClass:0)
09-01 15:13:00.051  2488  3608 W ModernMediaScanner: 	at java.util.concurrent.ThreadPoolExecutor.runWorker(ThreadPoolExecutor.java:1100)
09-01 15:13:00.051  2488  3608 W ModernMediaScanner: 	at java.util.concurrent.ThreadPoolExecutor$Worker.run(ThreadPoolExecutor.java:624)
09-01 15:13:00.051  2488  3608 W ModernMediaScanner: 	at java.lang.Thread.run(Thread.java:1572)
09-01 15:13:00.051  2488  3608 W ModernMediaScanner: Caused by: android.system.ErrnoException: open failed: EACCES (Permission denied)
09-01 15:13:00.051  2488  3608 W ModernMediaScanner: 	at libcore.io.Linux.open(Native Method)
09-01 15:13:00.051  2488  3608 W ModernMediaScanner: 	at libcore.io.ForwardingOs.open(ForwardingOs.java:579)
09-01 15:13:00.051  2488  3608 W ModernMediaScanner: 	at libcore.io.BlockGuardOs.open(BlockGuardOs.java:274)
09-01 15:13:00.051  2488  3608 W ModernMediaScanner: 	at libcore.io.ForwardingOs.open(ForwardingOs.java:579)
09-01 15:13:00.051  2488  3608 W ModernMediaScanner: 	at android.app.AndroidForwardingOs.open(AndroidForwardingOs.java:120)
09-01 15:13:00.051  2488  3608 W ModernMediaScanner: 	at libcore.io.IoBridge.open(IoBridge.java:560)
09-01 15:13:00.051  2488  3608 W ModernMediaScanner: 	... 23 more
09-01 15:13:00.149     0     0 W audit   : audit_lost=61 audit_rate_limit=5 audit_backlog_limit=64
09-01 15:13:00.149     0     0 E audit   : rate limit exceeded
09-01 15:13:00.055  2488  3608 W ModernMediaScanner: Failed to apply ContentProviderOperation(type=insert uri=content://media/internal/file values={instance_id=null, compilation=null, disc_number=null, duration=null, album_artist=null, _video_codec_type=null, resolution=null, orientation=null, artist=<unknown>, color_transfer=null, author=null, color_standard=null, height=null, is_drm=0, date_modified=1788204865, writer=null, composer=null, _modifier=3, datetaken=null, mime_type=video/mp4, bitrate=null, cd_track_number=null, year=null, _data=/data/local/tmp/aebs010-final-corrected-raw.mp4, _size=1266378, album=tmp, genre=null, title=aebs010-final-corrected-raw, width=null, document_id=null, capture_framerate=null, color_range=null, num_tracks=null, original_document_id=null, media_type=3} exceptionAllowed)
09-01 15:13:00.055  2488  3608 W ModernMediaScanner: java.lang.IllegalArgumentException: Requested path /data/local/tmp/aebs010-final-corrected-raw.mp4 doesn't appear under [/system/media, /oem/media, /product/media]
09-01 15:13:00.055  2488  3608 W ModernMediaScanner: 	at androidx.room.Room$$ExternalSyntheticBUOutline0.m(R8$$SyntheticClass:0)
09-01 15:13:00.055  2488  3608 W ModernMediaScanner: 	at com.android.providers.media.MediaProvider$FallbackException.translateForInsert(MediaProvider.java:12945)
09-01 15:13:00.055  2488  3608 W ModernMediaScanner: 	at com.android.providers.media.MediaProvider.insert(MediaProvider.java:5999)
09-01 15:13:00.055  2488  3608 W ModernMediaScanner: 	at android.content.ContentProviderOperation.applyInternal(ContentProviderOperation.java:375)
09-01 15:13:00.055  2488  3608 W ModernMediaScanner: 	at android.content.ContentProviderOperation.apply(ContentProviderOperation.java:347)
09-01 15:13:00.055  2488  3608 W ModernMediaScanner: 	at android.content.ContentProvider.applyBatch(ContentProvider.java:2729)
09-01 15:13:00.055  2488  3608 W ModernMediaScanner: 	at com.android.providers.media.MediaProvider.applyBatch(MediaProvider.java:6359)
09-01 15:13:00.055  2488  3608 W ModernMediaScanner: 	at android.content.ContentProvider.applyBatch(ContentProvider.java:2720)
09-01 15:13:00.055  2488  3608 W ModernMediaScanner: 	at android.content.ContentResolver.applyBatch(ContentResolver.java:2320)
09-01 15:13:00.055  2488  3608 W ModernMediaScanner: 	at com.android.providers.media.scan.ModernMediaScanner$Scan.applyPending(ModernMediaScanner.java:1233)
09-01 15:13:00.055  2488  3608 W ModernMediaScanner: 	at com.android.providers.media.scan.ModernMediaScanner$Scan.walkFileTree(ModernMediaScanner.java:650)
09-01 15:13:00.055  2488  3608 W ModernMediaScanner: 	at com.android.providers.media.scan.ModernMediaScanner$Scan.runInternal(ModernMediaScanner.java:608)
09-01 15:13:00.055  2488  3608 W ModernMediaScanner: 	at com.android.providers.media.scan.ModernMediaScanner$Scan.run(ModernMediaScanner.java:597)
09-01 15:13:00.055  2488  3608 W ModernMediaScanner: 	at com.android.providers.media.scan.ModernMediaScanner.scanFile(ModernMediaScanner.java:426)
09-01 15:13:00.055  2488  3608 W ModernMediaScanner: 	at com.android.providers.media.MediaProvider.scanFile(MediaProvider.java:2480)
09-01 15:13:00.055  2488  3608 W ModernMediaScanner: 	at com.android.providers.media.MediaService.onScanFile(MediaService.java:255)
09-01 15:13:00.055  2488  3608 W ModernMediaScanner: 	at com.android.providers.media.MediaServiceV2.doWork(MediaServiceV2.java:210)
09-01 15:13:00.055  2488  3608 W ModernMediaScanner: 	at androidx.work.Worker.$r8$lambda$opNRPVQx7zi4ENxyGPOIhxFU0oM(Worker.kt:64)
09-01 15:13:00.055  2488  3608 W ModernMediaScanner: 	at androidx.work.Worker$$ExternalSyntheticLambda0.invoke(R8$$SyntheticClass:0)
09-01 15:13:00.055  2488  3608 W ModernMediaScanner: 	at androidx.work.WorkerKt.future$lambda$0$1(Worker.kt:100)
09-01 15:13:00.055  2488  3608 W ModernMediaScanner: 	at androidx.work.WorkerKt.$r8$lambda$YRKOYg4KOcZY2JOe5siOBop394I(Worker.kt:0)
09-01 15:13:00.055  2488  3608 W ModernMediaScanner: 	at androidx.work.WorkerKt$$ExternalSyntheticLambda2.run(R8$$SyntheticClass:0)
09-01 15:13:00.055  2488  3608 W ModernMediaScanner: 	at java.util.concurrent.ThreadPoolExecutor.runWorker(ThreadPoolExecutor.java:1100)
09-01 15:13:00.055  2488  3608 W ModernMediaScanner: 	at java.util.concurrent.ThreadPoolExecutor$Worker.run(ThreadPoolExecutor.java:624)
09-01 15:13:00.055  2488  3608 W ModernMediaScanner: 	at java.lang.Thread.run(Thread.java:1572)
09-01 15:13:00.057  2488  3608 I MediaServiceV2: Work ended for action [ android.intent.action.MEDIA_SCANNER_SCAN_FILE ]
09-01 15:13:00.059  2488  2588 I WM-WorkerWrapper: Worker result SUCCESS for Work [ id=fac75323-9756-4aa8-8218-f51140ef76fc, tags={ com.android.providers.media.MediaServiceV2 } ]
09-01 15:13:00.061  2488  2488 D WM-Processor: Processor fac75323-9756-4aa8-8218-f51140ef76fc executed; reschedule = false
09-01 15:13:00.061  2488  2488 D WM-SystemJobService: fac75323-9756-4aa8-8218-f51140ef76fc executed on JobScheduler
09-01 15:13:00.063  2488  2588 D WM-GreedyScheduler: Cancelling work ID fac75323-9756-4aa8-8218-f51140ef76fc
09-01 15:13:00.065  2488  2588 D WM-GreedyScheduler: Ignoring {WorkSpec: 9e1664d8-dcda-4840-a0a2-26111bd35a58}. Requires device idle.
09-01 15:13:00.119  3426  3426 I de4sdv_aebs_ingress: frame accepted and published sequence=23596
09-01 15:13:00.120  3381  3397 I AebsFrameSubscriber: onMessagesAvailable callback
09-01 15:13:00.120  3381  3397 I AebsFrameSubscriber: readNextMessages count=1
09-01 15:13:00.120  3381  3397 I MainActivity: onGatewayFrame: frame seq=23596 egoSpeed=6.876007 pts=0 intervention=false warning=false braking=true lifecycle=released_verified_stop range=null bearing=null rss=10.535003
09-01 15:13:00.219  3426  3426 I de4sdv_aebs_ingress: frame accepted and published sequence=23597
09-01 15:13:00.220  3381  3397 I AebsFrameSubscriber: onMessagesAvailable callback
09-01 15:13:00.220  3381  3397 I AebsFrameSubscriber: readNextMessages count=1
09-01 15:13:00.220  3381  3397 I MainActivity: onGatewayFrame: frame seq=23597 egoSpeed=6.876007 pts=0 intervention=false warning=false braking=true lifecycle=released_verified_stop range=null bearing=null rss=10.535003
09-01 15:13:00.319  3426  3426 I de4sdv_aebs_ingress: frame accepted and published sequence=23598
09-01 15:13:00.320  3381  3397 I AebsFrameSubscriber: onMessagesAvailable callback
09-01 15:13:00.320  3381  3397 I AebsFrameSubscriber: readNextMessages count=1
09-01 15:13:00.320  3381  3397 I MainActivity: onGatewayFrame: frame seq=23598 egoSpeed=6.876007 pts=0 intervention=false warning=false braking=true lifecycle=released_verified_stop range=null bearing=null rss=10.535003
09-01 15:13:00.419  3426  3426 I de4sdv_aebs_ingress: frame accepted and published sequence=23599
09-01 15:13:00.420  3381  3397 I AebsFrameSubscriber: onMessagesAvailable callback
09-01 15:13:00.420  3381  3397 I AebsFrameSubscriber: readNextMessages count=1
09-01 15:13:00.420  3381  3397 I MainActivity: onGatewayFrame: frame seq=23599 egoSpeed=6.876007 pts=0 intervention=false warning=false braking=true lifecycle=released_verified_stop range=null bearing=null rss=10.535003
09-01 15:13:00.520  3426  3426 I de4sdv_aebs_ingress: frame accepted and published sequence=23600
09-01 15:13:00.520  3381  3397 I AebsFrameSubscriber: onMessagesAvailable callback
09-01 15:13:00.520  3381  3397 I AebsFrameSubscriber: readNextMessages count=1
09-01 15:13:00.520  3381  3397 I MainActivity: onGatewayFrame: frame seq=23600 egoSpeed=6.876007 pts=0 intervention=false warning=false braking=true lifecycle=released_verified_stop range=null bearing=null rss=10.535003
09-01 15:13:00.620  3426  3426 I de4sdv_aebs_ingress: frame accepted and published sequence=23601
09-01 15:13:00.620  3381  3397 I AebsFrameSubscriber: onMessagesAvailable callback
09-01 15:13:00.620  3381  3397 I AebsFrameSubscriber: readNextMessages count=1
09-01 15:13:00.620  3381  3397 I MainActivity: onGatewayFrame: frame seq=23601 egoSpeed=6.876007 pts=0 intervention=false warning=false braking=true lifecycle=released_verified_stop range=null bearing=null rss=10.535003
09-01 15:13:00.719  3426  3426 I de4sdv_aebs_ingress: frame accepted and published sequence=23602
09-01 15:13:00.720  3381  3397 I AebsFrameSubscriber: onMessagesAvailable callback
09-01 15:13:00.720  3381  3397 I AebsFrameSubscriber: readNextMessages count=1
09-01 15:13:00.720  3381  3397 I MainActivity: onGatewayFrame: frame seq=23602 egoSpeed=6.876007 pts=0 intervention=false warning=false braking=true lifecycle=released_verified_stop range=null bearing=null rss=10.535003
09-01 15:13:00.816   876   876 D EmulatedVehicleHardware: Set value for property ID: 290459441
09-01 15:13:00.816   876  1883 E VhalProxy: Publisher with id: 290459441 does not exist in vhal proxy
09-01 15:13:00.819  3426  3426 I de4sdv_aebs_ingress: frame accepted and published sequence=23603
09-01 15:13:00.820  3381  3397 I AebsFrameSubscriber: onMessagesAvailable callback
09-01 15:13:00.820  3381  3397 I AebsFrameSubscriber: readNextMessages count=1
09-01 15:13:00.820  3381  3397 I MainActivity: onGatewayFrame: frame seq=23603 egoSpeed=6.876007 pts=0 intervention=false warning=false braking=true lifecycle=released_verified_stop range=null bearing=null rss=10.535003
09-01 15:13:00.919  3426  3426 I de4sdv_aebs_ingress: frame accepted and published sequence=23604
09-01 15:13:00.920  3381  3397 I AebsFrameSubscriber: onMessagesAvailable callback
09-01 15:13:00.920  3381  3397 I AebsFrameSubscriber: readNextMessages count=1
09-01 15:13:00.920  3381  3397 I MainActivity: onGatewayFrame: frame seq=23604 egoSpeed=6.876007 pts=0 intervention=false warning=false braking=true lifecycle=released_verified_stop range=null bearing=null rss=10.535003
09-01 15:13:01.019  3426  3426 I de4sdv_aebs_ingress: frame accepted and published sequence=23605
09-01 15:13:01.019  3381  3397 I AebsFrameSubscriber: onMessagesAvailable callback
09-01 15:13:01.020  3381  3397 I AebsFrameSubscriber: readNextMessages count=1
09-01 15:13:01.020  3381  3397 I MainActivity: onGatewayFrame: frame seq=23605 egoSpeed=6.876007 pts=0 intervention=false warning=false braking=true lifecycle=released_verified_stop range=null bearing=null rss=10.535003
09-01 15:13:01.120  3426  3426 I de4sdv_aebs_ingress: frame accepted and published sequence=23606
09-01 15:13:01.120  3381  3397 I AebsFrameSubscriber: onMessagesAvailable callback
09-01 15:13:01.120  3381  3397 I AebsFrameSubscriber: readNextMessages count=1
09-01 15:13:01.120  3381  3397 I MainActivity: onGatewayFrame: frame seq=23606 egoSpeed=6.876007 pts=0 intervention=false warning=false braking=true lifecycle=released_verified_stop range=null bearing=null rss=10.535003
09-01 15:13:01.219  3426  3426 I de4sdv_aebs_ingress: frame accepted and published sequence=23607
09-01 15:13:01.220  3381  3397 I AebsFrameSubscriber: onMessagesAvailable callback
09-01 15:13:01.220  3381  3397 I AebsFrameSubscriber: readNextMessages count=1
09-01 15:13:01.220  3381  3397 I MainActivity: onGatewayFrame: frame seq=23607 egoSpeed=6.876007 pts=0 intervention=false warning=false braking=true lifecycle=released_verified_stop range=null bearing=null rss=10.535003
09-01 15:13:01.319  3426  3426 I de4sdv_aebs_ingress: frame accepted and published sequence=23608
09-01 15:13:01.320  3381  3397 I AebsFrameSubscriber: onMessagesAvailable callback
09-01 15:13:01.320  3381  3397 I AebsFrameSubscriber: readNextMessages count=1
09-01 15:13:01.320  3381  3397 I MainActivity: onGatewayFrame: frame seq=23608 egoSpeed=6.876007 pts=0 intervention=false warning=false braking=true lifecycle=released_verified_stop range=null bearing=null rss=10.535003
09-01 15:13:01.419  3426  3426 I de4sdv_aebs_ingress: frame accepted and published sequence=23609
09-01 15:13:01.420  3381  3397 I AebsFrameSubscriber: onMessagesAvailable callback
09-01 15:13:01.420  3381  3397 I AebsFrameSubscriber: readNextMessages count=1
09-01 15:13:01.420  3381  3397 I MainActivity: onGatewayFrame: frame seq=23609 egoSpeed=6.876007 pts=0 intervention=false warning=false braking=true lifecycle=released_verified_stop range=null bearing=null rss=10.535003
09-01 15:13:01.519  3426  3426 I de4sdv_aebs_ingress: frame accepted and published sequence=23610
09-01 15:13:01.520  3381  3397 I AebsFrameSubscriber: onMessagesAvailable callback
09-01 15:13:01.520  3381  3397 I AebsFrameSubscriber: readNextMessages count=1
09-01 15:13:01.520  3381  3397 I MainActivity: onGatewayFrame: frame seq=23610 egoSpeed=6.876007 pts=0 intervention=false warning=false braking=true lifecycle=released_verified_stop range=null bearing=null rss=10.535003
09-01 15:13:01.619  3426  3426 I de4sdv_aebs_ingress: frame accepted and published sequence=23611
09-01 15:13:01.619  3381  3397 I AebsFrameSubscriber: onMessagesAvailable callback
09-01 15:13:01.620  3381  3397 I AebsFrameSubscriber: readNextMessages count=1
09-01 15:13:01.620  3381  3397 I MainActivity: onGatewayFrame: frame seq=23611 egoSpeed=6.876007 pts=0 intervention=false warning=false braking=true lifecycle=released_verified_stop range=null bearing=null rss=10.535003
09-01 15:13:01.719  3426  3426 I de4sdv_aebs_ingress: frame accepted and published sequence=23612
09-01 15:13:01.720  3381  3397 I AebsFrameSubscriber: onMessagesAvailable callback
09-01 15:13:01.720  3381  3397 I AebsFrameSubscriber: readNextMessages count=1
09-01 15:13:01.720  3381  3397 I MainActivity: onGatewayFrame: frame seq=23612 egoSpeed=6.876007 pts=0 intervention=false warning=false braking=true lifecycle=released_verified_stop range=null bearing=null rss=10.535003
09-01 15:13:01.819  3426  3426 I de4sdv_aebs_ingress: frame accepted and published sequence=23613
09-01 15:13:01.820  3381  3397 I AebsFrameSubscriber: onMessagesAvailable callback
09-01 15:13:01.820  3381  3397 I AebsFrameSubscriber: readNextMessages count=1
09-01 15:13:01.820  3381  3397 I MainActivity: onGatewayFrame: frame seq=23613 egoSpeed=6.876007 pts=0 intervention=false warning=false braking=true lifecycle=released_verified_stop range=null bearing=null rss=10.535003
09-01 15:13:01.919  3426  3426 I de4sdv_aebs_ingress: frame accepted and published sequence=23614
09-01 15:13:01.920  3381  3397 I AebsFrameSubscriber: onMessagesAvailable callback
09-01 15:13:01.920  3381  3397 I AebsFrameSubscriber: readNextMessages count=1
09-01 15:13:01.920  3381  3397 I MainActivity: onGatewayFrame: frame seq=23614 egoSpeed=6.876007 pts=0 intervention=false warning=false braking=true lifecycle=released_verified_stop range=null bearing=null rss=10.535003
09-01 15:13:01.986  1017  1123 I WifiService: getConnectionInfo uid=1010110
09-01 15:13:02.019  3426  3426 I de4sdv_aebs_ingress: frame accepted and published sequence=23615
09-01 15:13:02.020  3381  3397 I AebsFrameSubscriber: onMessagesAvailable callback
09-01 15:13:02.020  3381  3397 I AebsFrameSubscriber: readNextMessages count=1
09-01 15:13:02.020  3381  3397 I MainActivity: onGatewayFrame: frame seq=23615 egoSpeed=6.876007 pts=0 intervention=false warning=false braking=true lifecycle=released_verified_stop range=null bearing=null rss=10.535003
09-01 15:13:02.119  3426  3426 I de4sdv_aebs_ingress: frame accepted and published sequence=23616
09-01 15:13:02.120  3381  3397 I AebsFrameSubscriber: onMessagesAvailable callback
09-01 15:13:02.120  3381  3397 I AebsFrameSubscriber: readNextMessages count=1
09-01 15:13:02.120  3381  3397 I MainActivity: onGatewayFrame: frame seq=23616 egoSpeed=6.876007 pts=0 intervention=false warning=false braking=true lifecycle=released_verified_stop range=null bearing=null rss=10.535003
09-01 15:13:02.219  3426  3426 I de4sdv_aebs_ingress: frame accepted and published sequence=23617
09-01 15:13:02.220  3381  3397 I AebsFrameSubscriber: onMessagesAvailable callback
09-01 15:13:02.220  3381  3397 I AebsFrameSubscriber: readNextMessages count=1
09-01 15:13:02.220  3381  3397 I MainActivity: onGatewayFrame: frame seq=23617 egoSpeed=6.876007 pts=0 intervention=false warning=false braking=true lifecycle=released_verified_stop range=null bearing=null rss=10.535003
09-01 15:13:02.319  3426  3426 I de4sdv_aebs_ingress: frame accepted and published sequence=23618
09-01 15:13:02.319  3381  3397 I AebsFrameSubscriber: onMessagesAvailable callback
09-01 15:13:02.320  3381  3397 I AebsFrameSubscriber: readNextMessages count=1
09-01 15:13:02.320  3381  3397 I MainActivity: onGatewayFrame: frame seq=23618 egoSpeed=6.876007 pts=0 intervention=false warning=false braking=true lifecycle=released_verified_stop range=null bearing=null rss=10.535003
09-01 15:13:02.419  3426  3426 I de4sdv_aebs_ingress: frame accepted and published sequence=23619
09-01 15:13:02.419  3381  3397 I AebsFrameSubscriber: onMessagesAvailable callback
09-01 15:13:02.420  3381  3397 I AebsFrameSubscriber: readNextMessages count=1
09-01 15:13:02.420  3381  3397 I MainActivity: onGatewayFrame: frame seq=23619 egoSpeed=6.876007 pts=0 intervention=false warning=false braking=true lifecycle=released_verified_stop range=null bearing=null rss=10.535003
09-01 15:13:02.519  3426  3426 I de4sdv_aebs_ingress: frame accepted and published sequence=23620
09-01 15:13:02.520  3381  3397 I AebsFrameSubscriber: onMessagesAvailable callback
09-01 15:13:02.520  3381  3397 I AebsFrameSubscriber: readNextMessages count=1
09-01 15:13:02.520  3381  3397 I MainActivity: onGatewayFrame: frame seq=23620 egoSpeed=6.876007 pts=0 intervention=false warning=false braking=true lifecycle=released_verified_stop range=null bearing=null rss=10.535003
09-01 15:13:02.619  3426  3426 I de4sdv_aebs_ingress: frame accepted and published sequence=23621
09-01 15:13:02.620  3381  3397 I AebsFrameSubscriber: onMessagesAvailable callback
09-01 15:13:02.620  3381  3397 I AebsFrameSubscriber: readNextMessages count=1
09-01 15:13:02.620  3381  3397 I MainActivity: onGatewayFrame: frame seq=23621 egoSpeed=6.876007 pts=0 intervention=false warning=false braking=true lifecycle=released_verified_stop range=null bearing=null rss=10.535003
09-01 15:13:02.719  3426  3426 I de4sdv_aebs_ingress: frame accepted and published sequence=23622
09-01 15:13:02.720  3381  3397 I AebsFrameSubscriber: onMessagesAvailable callback
09-01 15:13:02.720  3381  3397 I AebsFrameSubscriber: readNextMessages count=1
09-01 15:13:02.720  3381  3397 I MainActivity: onGatewayFrame: frame seq=23622 egoSpeed=6.876007 pts=0 intervention=false warning=false braking=true lifecycle=released_verified_stop range=null bearing=null rss=10.535003
09-01 15:13:02.773  3347  3347 I adbd    : adbd service requested 'shell,raw:cut -d. -f1 /proc/uptime'
09-01 15:13:02.819  3426  3426 I de4sdv_aebs_ingress: frame accepted and published sequence=23623
09-01 15:13:02.819  3381  3397 I AebsFrameSubscriber: onMessagesAvailable callback
09-01 15:13:02.820  3381  3397 I AebsFrameSubscriber: readNextMessages count=1
09-01 15:13:02.820  3381  3397 I MainActivity: onGatewayFrame: frame seq=23623 egoSpeed=6.876007 pts=0 intervention=false warning=false braking=true lifecycle=released_verified_stop range=null bearing=null rss=10.535003
09-01 15:13:02.919  3426  3426 I de4sdv_aebs_ingress: frame accepted and published sequence=23624
09-01 15:13:02.920  3381  3397 I AebsFrameSubscriber: onMessagesAvailable callback
09-01 15:13:02.920  3381  3397 I AebsFrameSubscriber: readNextMessages count=1
09-01 15:13:02.920  3381  3397 I MainActivity: onGatewayFrame: frame seq=23624 egoSpeed=6.876007 pts=0 intervention=false warning=false braking=true lifecycle=released_verified_stop range=null bearing=null rss=10.535003
09-01 15:13:03.019  3426  3426 I de4sdv_aebs_ingress: frame accepted and published sequence=23625
09-01 15:13:03.019  3381  3397 I AebsFrameSubscriber: onMessagesAvailable callback
09-01 15:13:03.020  3381  3397 I AebsFrameSubscriber: readNextMessages count=1
09-01 15:13:03.020  3381  3397 I MainActivity: onGatewayFrame: frame seq=23625 egoSpeed=6.876007 pts=0 intervention=false warning=false braking=true lifecycle=released_verified_stop range=null bearing=null rss=10.535003
09-01 15:13:03.119  3426  3426 I de4sdv_aebs_ingress: frame accepted and published sequence=23626
09-01 15:13:03.119  3381  3397 I AebsFrameSubscriber: onMessagesAvailable callback
09-01 15:13:03.120  3381  3397 I AebsFrameSubscriber: readNextMessages count=1
09-01 15:13:03.120  3381  3397 I MainActivity: onGatewayFrame: frame seq=23626 egoSpeed=6.876007 pts=0 intervention=false warning=false braking=true lifecycle=released_verified_stop range=null bearing=null rss=10.535003
09-01 15:13:03.219  3426  3426 I de4sdv_aebs_ingress: frame accepted and published sequence=23627
09-01 15:13:03.219  3381  3397 I AebsFrameSubscriber: onMessagesAvailable callback
09-01 15:13:03.220  3381  3397 I AebsFrameSubscriber: readNextMessages count=1
09-01 15:13:03.220  3381  3397 I MainActivity: onGatewayFrame: frame seq=23627 egoSpeed=6.876007 pts=0 intervention=false warning=false braking=true lifecycle=released_verified_stop range=null bearing=null rss=10.535003
09-01 15:13:03.319  3426  3426 I de4sdv_aebs_ingress: frame accepted and published sequence=23628
09-01 15:13:03.320  3381  3397 I AebsFrameSubscriber: onMessagesAvailable callback
09-01 15:13:03.320  3381  3397 I AebsFrameSubscriber: readNextMessages count=1
09-01 15:13:03.320  3381  3397 I MainActivity: onGatewayFrame: frame seq=23628 egoSpeed=6.876007 pts=0 intervention=false warning=false braking=true lifecycle=released_verified_stop range=null bearing=null rss=10.535003
09-01 15:13:03.419  3426  3426 I de4sdv_aebs_ingress: frame accepted and published sequence=23629
09-01 15:13:03.420  3381  3397 I AebsFrameSubscriber: onMessagesAvailable callback
09-01 15:13:03.420  3381  3397 I AebsFrameSubscriber: readNextMessages count=1
09-01 15:13:03.420  3381  3397 I MainActivity: onGatewayFrame: frame seq=23629 egoSpeed=6.876007 pts=0 intervention=false warning=false braking=true lifecycle=released_verified_stop range=null bearing=null rss=10.535003
09-01 15:13:03.519  3426  3426 I de4sdv_aebs_ingress: frame accepted and published sequence=23630
09-01 15:13:03.520  3381  3397 I AebsFrameSubscriber: onMessagesAvailable callback
09-01 15:13:03.520  3381  3397 I AebsFrameSubscriber: readNextMessages count=1
09-01 15:13:03.520  3381  3397 I MainActivity: onGatewayFrame: frame seq=23630 egoSpeed=6.876007 pts=0 intervention=false warning=false braking=true lifecycle=released_verified_stop range=null bearing=null rss=10.535003
09-01 15:13:03.619  3426  3426 I de4sdv_aebs_ingress: frame accepted and published sequence=23631
09-01 15:13:03.619  3381  3397 I AebsFrameSubscriber: onMessagesAvailable callback
09-01 15:13:03.620  3381  3397 I AebsFrameSubscriber: readNextMessages count=1
09-01 15:13:03.620  3381  3397 I MainActivity: onGatewayFrame: frame seq=23631 egoSpeed=6.876007 pts=0 intervention=false warning=false braking=true lifecycle=released_verified_stop range=null bearing=null rss=10.535003
09-01 15:13:03.719  3426  3426 I de4sdv_aebs_ingress: frame accepted and published sequence=23632
09-01 15:13:03.720  3381  3397 I AebsFrameSubscriber: onMessagesAvailable callback
09-01 15:13:03.720  3381  3397 I AebsFrameSubscriber: readNextMessages count=1
09-01 15:13:03.720  3381  3397 I MainActivity: onGatewayFrame: frame seq=23632 egoSpeed=6.876007 pts=0 intervention=false warning=false braking=true lifecycle=released_verified_stop range=null bearing=null rss=10.535003
09-01 15:13:03.819  3426  3426 I de4sdv_aebs_ingress: frame accepted and published sequence=23633
09-01 15:13:03.819  3381  3397 I AebsFrameSubscriber: onMessagesAvailable callback
09-01 15:13:03.820  3381  3397 I AebsFrameSubscriber: readNextMessages count=1
09-01 15:13:03.820  3381  3397 I MainActivity: onGatewayFrame: frame seq=23633 egoSpeed=6.876007 pts=0 intervention=false warning=false braking=true lifecycle=released_verified_stop range=null bearing=null rss=10.535003
09-01 15:13:03.820   876   876 D EmulatedVehicleHardware: Set value for property ID: 290459441
09-01 15:13:03.820   876  1883 E VhalProxy: Publisher with id: 290459441 does not exist in vhal proxy
09-01 15:13:03.919  3426  3426 I de4sdv_aebs_ingress: frame accepted and published sequence=23634
09-01 15:13:03.919  3381  3397 I AebsFrameSubscriber: onMessagesAvailable callback
09-01 15:13:03.920  3381  3397 I AebsFrameSubscriber: readNextMessages count=1
09-01 15:13:03.920  3381  3397 I MainActivity: onGatewayFrame: frame seq=23634 egoSpeed=6.876007 pts=0 intervention=false warning=false braking=true lifecycle=released_verified_stop range=null bearing=null rss=10.535003
09-01 15:13:04.019  3426  3426 I de4sdv_aebs_ingress: frame accepted and published sequence=23635
09-01 15:13:04.019  3381  3397 I AebsFrameSubscriber: onMessagesAvailable callback
09-01 15:13:04.020  3381  3397 I AebsFrameSubscriber: readNextMessages count=1
09-01 15:13:04.020  3381  3397 I MainActivity: onGatewayFrame: frame seq=23635 egoSpeed=6.876007 pts=0 intervention=false warning=false braking=true lifecycle=released_verified_stop range=null bearing=null rss=10.535003
09-01 15:13:04.119  3426  3426 I de4sdv_aebs_ingress: frame accepted and published sequence=23636
09-01 15:13:04.120  3381  3397 I AebsFrameSubscriber: onMessagesAvailable callback
09-01 15:13:04.120  3381  3397 I AebsFrameSubscriber: readNextMessages count=1
09-01 15:13:04.120  3381  3397 I MainActivity: onGatewayFrame: frame seq=23636 egoSpeed=6.876007 pts=0 intervention=false warning=false braking=true lifecycle=released_verified_stop range=null bearing=null rss=10.535003
09-01 15:13:04.219  3426  3426 I de4sdv_aebs_ingress: frame accepted and published sequence=23637
09-01 15:13:04.219  3381  3397 I AebsFrameSubscriber: onMessagesAvailable callback
09-01 15:13:04.220  3381  3397 I AebsFrameSubscriber: readNextMessages count=1
09-01 15:13:04.220  3381  3397 I MainActivity: onGatewayFrame: frame seq=23637 egoSpeed=6.876007 pts=0 intervention=false warning=false braking=true lifecycle=released_verified_stop range=null bearing=null rss=10.535003
09-01 15:13:04.319  3426  3426 I de4sdv_aebs_ingress: frame accepted and published sequence=23638
09-01 15:13:04.319  3381  3397 I AebsFrameSubscriber: onMessagesAvailable callback
09-01 15:13:04.320  3381  3397 I AebsFrameSubscriber: readNextMessages count=1
09-01 15:13:04.320  3381  3397 I MainActivity: onGatewayFrame: frame seq=23638 egoSpeed=6.876007 pts=0 intervention=false warning=false braking=true lifecycle=released_verified_stop range=null bearing=null rss=10.535003
09-01 15:13:04.419  3426  3426 I de4sdv_aebs_ingress: frame accepted and published sequence=23639
09-01 15:13:04.419  3381  3397 I AebsFrameSubscriber: onMessagesAvailable callback
09-01 15:13:04.419  3381  3397 I AebsFrameSubscriber: readNextMessages count=1
09-01 15:13:04.420  3381  3397 I MainActivity: onGatewayFrame: frame seq=23639 egoSpeed=6.876007 pts=0 intervention=false warning=false braking=true lifecycle=released_verified_stop range=null bearing=null rss=10.535003
09-01 15:13:04.519  3426  3426 I de4sdv_aebs_ingress: frame accepted and published sequence=23640
09-01 15:13:04.519  3381  3397 I AebsFrameSubscriber: onMessagesAvailable callback
09-01 15:13:04.519  3381  3397 I AebsFrameSubscriber: readNextMessages count=1
09-01 15:13:04.519  3381  3397 I MainActivity: onGatewayFrame: frame seq=23640 egoSpeed=6.876007 pts=0 intervention=false warning=false braking=true lifecycle=released_verified_stop range=null bearing=null rss=10.535003
09-01 15:13:04.619  3426  3426 I de4sdv_aebs_ingress: frame accepted and published sequence=23641
09-01 15:13:04.619  3381  3397 I AebsFrameSubscriber: onMessagesAvailable callback
09-01 15:13:04.620  3381  3397 I AebsFrameSubscriber: readNextMessages count=1
09-01 15:13:04.620  3381  3397 I MainActivity: onGatewayFrame: frame seq=23641 egoSpeed=6.876007 pts=0 intervention=false warning=false braking=true lifecycle=released_verified_stop range=null bearing=null rss=10.535003
09-01 15:13:04.719  3426  3426 I de4sdv_aebs_ingress: frame accepted and published sequence=23642
09-01 15:13:04.720  3381  3397 I AebsFrameSubscriber: onMessagesAvailable callback
09-01 15:13:04.720  3381  3397 I AebsFrameSubscriber: readNextMessages count=1
09-01 15:13:04.720  3381  3397 I MainActivity: onGatewayFrame: frame seq=23642 egoSpeed=6.876007 pts=0 intervention=false warning=false braking=true lifecycle=released_verified_stop range=null bearing=null rss=10.535003
09-01 15:13:04.819  3426  3426 I de4sdv_aebs_ingress: frame accepted and published sequence=23643
09-01 15:13:04.819  3381  3397 I AebsFrameSubscriber: onMessagesAvailable callback
09-01 15:13:04.820  3381  3397 I AebsFrameSubscriber: readNextMessages count=1
09-01 15:13:04.820  3381  3397 I MainActivity: onGatewayFrame: frame seq=23643 egoSpeed=6.876007 pts=0 intervention=false warning=false braking=true lifecycle=released_verified_stop range=null bearing=null rss=10.535003
09-01 15:13:04.882   905  1340 D AidlBufferPoolAcc: evictor expired: 1, evicted: 0
09-01 15:13:04.919  3426  3426 I de4sdv_aebs_ingress: frame accepted and published sequence=23644
09-01 15:13:04.920  3381  3397 I AebsFrameSubscriber: onMessagesAvailable callback
09-01 15:13:04.920  3381  3397 I AebsFrameSubscriber: readNextMessages count=1
09-01 15:13:04.920  3381  3397 I MainActivity: onGatewayFrame: frame seq=23644 egoSpeed=6.876007 pts=0 intervention=false warning=false braking=true lifecycle=released_verified_stop range=null bearing=null rss=10.535003
09-01 15:13:05.019  3426  3426 I de4sdv_aebs_ingress: frame accepted and published sequence=23645
09-01 15:13:05.019  3381  3397 I AebsFrameSubscriber: onMessagesAvailable callback
09-01 15:13:05.020  3381  3397 I AebsFrameSubscriber: readNextMessages count=1
09-01 15:13:05.020  3381  3397 I MainActivity: onGatewayFrame: frame seq=23645 egoSpeed=6.876007 pts=0 intervention=false warning=false braking=true lifecycle=released_verified_stop range=null bearing=null rss=10.535003
09-01 15:13:05.119  3426  3426 I de4sdv_aebs_ingress: frame accepted and published sequence=23646
09-01 15:13:05.119  3381  3397 I AebsFrameSubscriber: onMessagesAvailable callback
09-01 15:13:05.119  3381  3397 I AebsFrameSubscriber: readNextMessages count=1
09-01 15:13:05.120  3381  3397 I MainActivity: onGatewayFrame: frame seq=23646 egoSpeed=6.876007 pts=0 intervention=false warning=false braking=true lifecycle=released_verified_stop range=null bearing=null rss=10.535003
09-01 15:13:05.219  3426  3426 I de4sdv_aebs_ingress: frame accepted and published sequence=23647
09-01 15:13:05.219  3381  3397 I AebsFrameSubscriber: onMessagesAvailable callback
09-01 15:13:05.220  3381  3397 I AebsFrameSubscriber: readNextMessages count=1
09-01 15:13:05.220  3381  3397 I MainActivity: onGatewayFrame: frame seq=23647 egoSpeed=6.876007 pts=0 intervention=false warning=false braking=true lifecycle=released_verified_stop range=null bearing=null rss=10.535003
09-01 15:13:05.319  3426  3426 I de4sdv_aebs_ingress: frame accepted and published sequence=23648
09-01 15:13:05.319  3381  3397 I AebsFrameSubscriber: onMessagesAvailable callback
09-01 15:13:05.320  3381  3397 I AebsFrameSubscriber: readNextMessages count=1
09-01 15:13:05.320  3381  3397 I MainActivity: onGatewayFrame: frame seq=23648 egoSpeed=6.876007 pts=0 intervention=false warning=false braking=true lifecycle=released_verified_stop range=null bearing=null rss=10.535003
09-01 15:13:05.419  3426  3426 I de4sdv_aebs_ingress: frame accepted and published sequence=23649
09-01 15:13:05.420  3381  3397 I AebsFrameSubscriber: onMessagesAvailable callback
09-01 15:13:05.420  3381  3397 I AebsFrameSubscriber: readNextMessages count=1
09-01 15:13:05.420  3381  3397 I MainActivity: onGatewayFrame: frame seq=23649 egoSpeed=6.876007 pts=0 intervention=false warning=false braking=true lifecycle=released_verified_stop range=null bearing=null rss=10.535003
09-01 15:13:05.519  3426  3426 I de4sdv_aebs_ingress: frame accepted and published sequence=23650
09-01 15:13:05.520  3381  3397 I AebsFrameSubscriber: onMessagesAvailable callback
09-01 15:13:05.520  3381  3397 I AebsFrameSubscriber: readNextMessages count=1
09-01 15:13:05.520  3381  3397 I MainActivity: onGatewayFrame: frame seq=23650 egoSpeed=6.876007 pts=0 intervention=false warning=false braking=true lifecycle=released_verified_stop range=null bearing=null rss=10.535003
09-01 15:13:05.619  3426  3426 I de4sdv_aebs_ingress: frame accepted and published sequence=23651
09-01 15:13:05.620  3381  3397 I AebsFrameSubscriber: onMessagesAvailable callback
09-01 15:13:05.620  3381  3397 I AebsFrameSubscriber: readNextMessages count=1
09-01 15:13:05.620  3381  3397 I MainActivity: onGatewayFrame: frame seq=23651 egoSpeed=6.876007 pts=0 intervention=false warning=false braking=true lifecycle=released_verified_stop range=null bearing=null rss=10.535003
09-01 15:13:05.719  3426  3426 I de4sdv_aebs_ingress: frame accepted and published sequence=23652
09-01 15:13:05.719  3381  3397 I AebsFrameSubscriber: onMessagesAvailable callback
09-01 15:13:05.720  3381  3397 I AebsFrameSubscriber: readNextMessages count=1
09-01 15:13:05.720  3381  3397 I MainActivity: onGatewayFrame: frame seq=23652 egoSpeed=6.876007 pts=0 intervention=false warning=false braking=true lifecycle=released_verified_stop range=null bearing=null rss=10.535003
09-01 15:13:05.819  3426  3426 I de4sdv_aebs_ingress: frame accepted and published sequence=23653
09-01 15:13:05.819  3381  3397 I AebsFrameSubscriber: onMessagesAvailable callback
09-01 15:13:05.820  3381  3397 I AebsFrameSubscriber: readNextMessages count=1
09-01 15:13:05.820  3381  3397 I MainActivity: onGatewayFrame: frame seq=23653 egoSpeed=6.876007 pts=0 intervention=false warning=false braking=true lifecycle=released_verified_stop range=null bearing=null rss=10.535003
09-01 15:13:05.919  3426  3426 I de4sdv_aebs_ingress: frame accepted and published sequence=23654
09-01 15:13:05.919  3381  3397 I AebsFrameSubscriber: onMessagesAvailable callback
09-01 15:13:05.920  3381  3397 I AebsFrameSubscriber: readNextMessages count=1
09-01 15:13:05.920  3381  3397 I MainActivity: onGatewayFrame: frame seq=23654 egoSpeed=6.876007 pts=0 intervention=false warning=false braking=true lifecycle=released_verified_stop range=null bearing=null rss=10.535003
09-01 15:13:06.019  3426  3426 I de4sdv_aebs_ingress: frame accepted and published sequence=23655
09-01 15:13:06.020  3381  3397 I AebsFrameSubscriber: onMessagesAvailable callback
09-01 15:13:06.020  3381  3397 I AebsFrameSubscriber: readNextMessages count=1
09-01 15:13:06.020  3381  3397 I MainActivity: onGatewayFrame: frame seq=23655 egoSpeed=6.876007 pts=0 intervention=false warning=false braking=true lifecycle=released_verified_stop range=null bearing=null rss=10.535003
09-01 15:13:06.119  3426  3426 I de4sdv_aebs_ingress: frame accepted and published sequence=23656
09-01 15:13:06.119  3381  3397 I AebsFrameSubscriber: onMessagesAvailable callback
09-01 15:13:06.120  3381  3397 I AebsFrameSubscriber: readNextMessages count=1
09-01 15:13:06.120  3381  3397 I MainActivity: onGatewayFrame: frame seq=23656 egoSpeed=6.876007 pts=0 intervention=false warning=false braking=true lifecycle=released_verified_stop range=null bearing=null rss=10.535003
09-01 15:13:06.219  3426  3426 I de4sdv_aebs_ingress: frame accepted and published sequence=23657
09-01 15:13:06.219  3381  3397 I AebsFrameSubscriber: onMessagesAvailable callback
09-01 15:13:06.220  3381  3397 I AebsFrameSubscriber: readNextMessages count=1
09-01 15:13:06.220  3381  3397 I MainActivity: onGatewayFrame: frame seq=23657 egoSpeed=6.876007 pts=0 intervention=false warning=false braking=true lifecycle=released_verified_stop range=null bearing=null rss=10.535003
09-01 15:13:06.319  3426  3426 I de4sdv_aebs_ingress: frame accepted and published sequence=23658
09-01 15:13:06.319  3381  3397 I AebsFrameSubscriber: onMessagesAvailable callback
09-01 15:13:06.320  3381  3397 I AebsFrameSubscriber: readNextMessages count=1
09-01 15:13:06.320  3381  3397 I MainActivity: onGatewayFrame: frame seq=23658 egoSpeed=6.876007 pts=0 intervention=false warning=false braking=true lifecycle=released_verified_stop range=null bearing=null rss=10.535003
09-01 15:13:06.419  3426  3426 I de4sdv_aebs_ingress: frame accepted and published sequence=23659
09-01 15:13:06.419  3381  3397 I AebsFrameSubscriber: onMessagesAvailable callback
09-01 15:13:06.420  3381  3397 I AebsFrameSubscriber: readNextMessages count=1
09-01 15:13:06.420  3381  3397 I MainActivity: onGatewayFrame: frame seq=23659 egoSpeed=6.876007 pts=0 intervention=false warning=false braking=true lifecycle=released_verified_stop range=null bearing=null rss=10.535003
09-01 15:13:06.519  3426  3426 I de4sdv_aebs_ingress: frame accepted and published sequence=23660
09-01 15:13:06.520  3381  3397 I AebsFrameSubscriber: onMessagesAvailable callback
09-01 15:13:06.520  3381  3397 I AebsFrameSubscriber: readNextMessages count=1
09-01 15:13:06.520  3381  3397 I MainActivity: onGatewayFrame: frame seq=23660 egoSpeed=6.876007 pts=0 intervention=false warning=false braking=true lifecycle=released_verified_stop range=null bearing=null rss=10.535003
09-01 15:13:06.619  3426  3426 I de4sdv_aebs_ingress: frame accepted and published sequence=23661
09-01 15:13:06.619  3381  3397 I AebsFrameSubscriber: onMessagesAvailable callback
09-01 15:13:06.620  3381  3397 I AebsFrameSubscriber: readNextMessages count=1
09-01 15:13:06.620  3381  3397 I MainActivity: onGatewayFrame: frame seq=23661 egoSpeed=6.876007 pts=0 intervention=false warning=false braking=true lifecycle=released_verified_stop range=null bearing=null rss=10.535003
09-01 15:13:06.719  3426  3426 I de4sdv_aebs_ingress: frame accepted and published sequence=23662
09-01 15:13:06.719  3381  3397 I AebsFrameSubscriber: onMessagesAvailable callback
09-01 15:13:06.720  3381  3397 I AebsFrameSubscriber: readNextMessages count=1
09-01 15:13:06.720  3381  3397 I MainActivity: onGatewayFrame: frame seq=23662 egoSpeed=6.876007 pts=0 intervention=false warning=false braking=true lifecycle=released_verified_stop range=null bearing=null rss=10.535003
09-01 15:13:06.819  3426  3426 I de4sdv_aebs_ingress: frame accepted and published sequence=23663
09-01 15:13:06.819  3381  3397 I AebsFrameSubscriber: onMessagesAvailable callback
09-01 15:13:06.820  3381  3397 I AebsFrameSubscriber: readNextMessages count=1
09-01 15:13:06.820  3381  3397 I MainActivity: onGatewayFrame: frame seq=23663 egoSpeed=6.876007 pts=0 intervention=false warning=false braking=true lifecycle=released_verified_stop range=null bearing=null rss=10.535003
09-01 15:13:06.824   876   876 D EmulatedVehicleHardware: Set value for property ID: 290459441
09-01 15:13:06.824   876  1883 E VhalProxy: Publisher with id: 290459441 does not exist in vhal proxy
09-01 15:13:06.919  3426  3426 I de4sdv_aebs_ingress: frame accepted and published sequence=23664
09-01 15:13:06.919  3381  3397 I AebsFrameSubscriber: onMessagesAvailable callback
09-01 15:13:06.919  3381  3397 I AebsFrameSubscriber: readNextMessages count=1
09-01 15:13:06.919  3381  3397 I MainActivity: onGatewayFrame: frame seq=23664 egoSpeed=6.876007 pts=0 intervention=false warning=false braking=true lifecycle=released_verified_stop range=null bearing=null rss=10.535003
09-01 15:13:06.987  1017  1123 I WifiService: getConnectionInfo uid=1010110
09-01 15:13:06.997  1766  1790 D SdvServiceManagerServer: main::mesh::manager: Watcher task instance2 woken up by: Timeout
09-01 15:13:06.997  1766  1790 D SdvServiceManagerServer: main::mesh::custom_verifier: Created ExternalVerifier with address 0x7c6bc800bd30
09-01 15:13:06.997  1766  1790 I SdvServiceManagerServer: main::mesh::async_client: Connecting to instance2 at 192.168.99.4:2000 using secure TLS channel with DICE authentication
09-01 15:13:06.998  1766  1790 D SdvServiceManagerServer: main::mesh::manager: Watcher task instance3 woken up by: Timeout
09-01 15:13:06.998  1766  1790 D SdvServiceManagerServer: main::mesh::custom_verifier: Created ExternalVerifier with address 0x7c6bc800b8d0
09-01 15:13:06.998  1766  1790 I SdvServiceManagerServer: main::mesh::async_client: Connecting to instance3 at 192.168.99.5:2000 using secure TLS channel with DICE authentication
09-01 15:13:07.019  3426  3426 I de4sdv_aebs_ingress: frame accepted and published sequence=23665
09-01 15:13:07.019  3381  3397 I AebsFrameSubscriber: onMessagesAvailable callback
09-01 15:13:07.019  3381  3397 I AebsFrameSubscriber: readNextMessages count=1
09-01 15:13:07.019  3381  3397 I MainActivity: onGatewayFrame: frame seq=23665 egoSpeed=6.876007 pts=0 intervention=false warning=false braking=true lifecycle=released_verified_stop range=null bearing=null rss=10.535003
09-01 15:13:07.119  3426  3426 I de4sdv_aebs_ingress: frame accepted and published sequence=23666
09-01 15:13:07.120  3381  3397 I AebsFrameSubscriber: onMessagesAvailable callback
09-01 15:13:07.120  3381  3397 I AebsFrameSubscriber: readNextMessages count=1
09-01 15:13:07.120  3381  3397 I MainActivity: onGatewayFrame: frame seq=23666 egoSpeed=6.876007 pts=0 intervention=false warning=false braking=true lifecycle=released_verified_stop range=null bearing=null rss=10.535003
09-01 15:13:07.219  3426  3426 I de4sdv_aebs_ingress: frame accepted and published sequence=23667
09-01 15:13:07.219  3381  3397 I AebsFrameSubscriber: onMessagesAvailable callback
09-01 15:13:07.219  3381  3397 I AebsFrameSubscriber: readNextMessages count=1
09-01 15:13:07.219  3381  3397 I MainActivity: onGatewayFrame: frame seq=23667 egoSpeed=6.876007 pts=0 intervention=false warning=false braking=true lifecycle=released_verified_stop range=null bearing=null rss=10.535003
09-01 15:13:07.319  3426  3426 I de4sdv_aebs_ingress: frame accepted and published sequence=23668
09-01 15:13:07.319  3381  3397 I AebsFrameSubscriber: onMessagesAvailable callback
09-01 15:13:07.320  3381  3397 I AebsFrameSubscriber: readNextMessages count=1
09-01 15:13:07.320  3381  3397 I MainActivity: onGatewayFrame: frame seq=23668 egoSpeed=6.876007 pts=0 intervention=false warning=false braking=true lifecycle=released_verified_stop range=null bearing=null rss=10.535003
09-01 15:13:07.419  3426  3426 I de4sdv_aebs_ingress: frame accepted and published sequence=23669
09-01 15:13:07.419  3381  3397 I AebsFrameSubscriber: onMessagesAvailable callback
09-01 15:13:07.420  3381  3397 I AebsFrameSubscriber: readNextMessages count=1
09-01 15:13:07.420  3381  3397 I MainActivity: onGatewayFrame: frame seq=23669 egoSpeed=6.876007 pts=0 intervention=false warning=false braking=true lifecycle=released_verified_stop range=null bearing=null rss=10.535003
09-01 15:13:07.519  3426  3426 I de4sdv_aebs_ingress: frame accepted and published sequence=23670
09-01 15:13:07.519  3381  3397 I AebsFrameSubscriber: onMessagesAvailable callback
09-01 15:13:07.520  3381  3397 I AebsFrameSubscriber: readNextMessages count=1
09-01 15:13:07.520  3381  3397 I MainActivity: onGatewayFrame: frame seq=23670 egoSpeed=6.876007 pts=0 intervention=false warning=false braking=true lifecycle=released_verified_stop range=null bearing=null rss=10.535003
09-01 15:13:07.619  3426  3426 I de4sdv_aebs_ingress: frame accepted and published sequence=23671
09-01 15:13:07.619  3381  3397 I AebsFrameSubscriber: onMessagesAvailable callback
09-01 15:13:07.619  3381  3397 I AebsFrameSubscriber: readNextMessages count=1
09-01 15:13:07.619  3381  3397 I MainActivity: onGatewayFrame: frame seq=23671 egoSpeed=6.876007 pts=0 intervention=false warning=false braking=true lifecycle=released_verified_stop range=null bearing=null rss=10.535003
09-01 15:13:07.719  3426  3426 I de4sdv_aebs_ingress: frame accepted and published sequence=23672
09-01 15:13:07.719  3381  3397 I AebsFrameSubscriber: onMessagesAvailable callback
09-01 15:13:07.720  3381  3397 I AebsFrameSubscriber: readNextMessages count=1
09-01 15:13:07.720  3381  3397 I MainActivity: onGatewayFrame: frame seq=23672 egoSpeed=6.876007 pts=0 intervention=false warning=false braking=true lifecycle=released_verified_stop range=null bearing=null rss=10.535003
09-01 15:13:07.793  3347  3347 I adbd    : adbd service requested 'shell,raw:cut -d. -f1 /proc/uptime'
09-01 15:13:07.819  3426  3426 I de4sdv_aebs_ingress: frame accepted and published sequence=23673
09-01 15:13:07.819  3381  3397 I AebsFrameSubscriber: onMessagesAvailable callback
09-01 15:13:07.820  3381  3397 I AebsFrameSubscriber: readNextMessages count=1
09-01 15:13:07.820  3381  3397 I MainActivity: onGatewayFrame: frame seq=23673 egoSpeed=6.876007 pts=0 intervention=false warning=false braking=true lifecycle=released_verified_stop range=null bearing=null rss=10.535003
09-01 15:13:07.919  3426  3426 I de4sdv_aebs_ingress: frame accepted and published sequence=23674
09-01 15:13:07.919  3381  3397 I AebsFrameSubscriber: onMessagesAvailable callback
09-01 15:13:07.920  3381  3397 I AebsFrameSubscriber: readNextMessages count=1
09-01 15:13:07.920  3381  3397 I MainActivity: onGatewayFrame: frame seq=23674 egoSpeed=6.876007 pts=0 intervention=false warning=false braking=true lifecycle=released_verified_stop range=null bearing=null rss=10.535003
09-01 15:13:08.000  1766  1790 W SdvServiceManagerServer: main::mesh::manager: Attempt to reconnect to instance2 failed: Unable to connect to mesh. Channel state: GRPC_CHANNEL_CONNECTING
09-01 15:13:08.000  1766  1789 W SdvServiceManagerServer: main::mesh::manager: Attempt to reconnect to instance3 failed: Unable to connect to mesh. Channel state: GRPC_CHANNEL_CONNECTING
09-01 15:13:08.001  1766  1823 D SdvServiceManagerServer: main::mesh::custom_verifier: Dropping ExternalVerifier with address 0x7c6bc800b8d0
09-01 15:13:08.001  1766  1820 D SdvServiceManagerServer: main::mesh::custom_verifier: Dropping ExternalVerifier with address 0x7c6bc800bd30
09-01 15:13:08.019  3426  3426 I de4sdv_aebs_ingress: frame accepted and published sequence=23675
09-01 15:13:08.019  3381  3397 I AebsFrameSubscriber: onMessagesAvailable callback
09-01 15:13:08.020  3381  3397 I AebsFrameSubscriber: readNextMessages count=1
09-01 15:13:08.020  3381  3397 I MainActivity: onGatewayFrame: frame seq=23675 egoSpeed=6.876007 pts=0 intervention=false warning=false braking=true lifecycle=released_verified_stop range=null bearing=null rss=10.535003
09-01 15:13:08.119  3426  3426 I de4sdv_aebs_ingress: frame accepted and published sequence=23676
09-01 15:13:08.119  3381  3397 I AebsFrameSubscriber: onMessagesAvailable callback
09-01 15:13:08.119  3381  3397 I AebsFrameSubscriber: readNextMessages count=1
09-01 15:13:08.119  3381  3397 I MainActivity: onGatewayFrame: frame seq=23676 egoSpeed=6.876007 pts=0 intervention=false warning=false braking=true lifecycle=released_verified_stop range=null bearing=null rss=10.535003
09-01 15:13:08.219  3426  3426 I de4sdv_aebs_ingress: frame accepted and published sequence=23677
09-01 15:13:08.219  3381  3397 I AebsFrameSubscriber: onMessagesAvailable callback
09-01 15:13:08.219  3381  3397 I AebsFrameSubscriber: readNextMessages count=1
09-01 15:13:08.219  3381  3397 I MainActivity: onGatewayFrame: frame seq=23677 egoSpeed=6.876007 pts=0 intervention=false warning=false braking=true lifecycle=released_verified_stop range=null bearing=null rss=10.535003
09-01 15:13:08.319  3426  3426 I de4sdv_aebs_ingress: frame accepted and published sequence=23678
09-01 15:13:08.319  3381  3397 I AebsFrameSubscriber: onMessagesAvailable callback
09-01 15:13:08.320  3381  3397 I AebsFrameSubscriber: readNextMessages count=1
09-01 15:13:08.320  3381  3397 I MainActivity: onGatewayFrame: frame seq=23678 egoSpeed=6.876007 pts=0 intervention=false warning=false braking=true lifecycle=released_verified_stop range=null bearing=null rss=10.535003
09-01 15:13:08.419  3426  3426 I de4sdv_aebs_ingress: frame accepted and published sequence=23679
09-01 15:13:08.419  3381  3397 I AebsFrameSubscriber: onMessagesAvailable callback
09-01 15:13:08.419  3381  3397 I AebsFrameSubscriber: readNextMessages count=1
09-01 15:13:08.420  3381  3397 I MainActivity: onGatewayFrame: frame seq=23679 egoSpeed=6.876007 pts=0 intervention=false warning=false braking=true lifecycle=released_verified_stop range=null bearing=null rss=10.535003
09-01 15:13:08.519  3426  3426 I de4sdv_aebs_ingress: frame accepted and published sequence=23680
09-01 15:13:08.519  3381  3397 I AebsFrameSubscriber: onMessagesAvailable callback
09-01 15:13:08.519  3381  3397 I AebsFrameSubscriber: readNextMessages count=1
09-01 15:13:08.519  3381  3397 I MainActivity: onGatewayFrame: frame seq=23680 egoSpeed=6.876007 pts=0 intervention=false warning=false braking=true lifecycle=released_verified_stop range=null bearing=null rss=10.535003
09-01 15:13:08.619  3426  3426 I de4sdv_aebs_ingress: frame accepted and published sequence=23681
09-01 15:13:08.619  3381  3397 I AebsFrameSubscriber: onMessagesAvailable callback
09-01 15:13:08.620  3381  3397 I AebsFrameSubscriber: readNextMessages count=1
09-01 15:13:08.620  3381  3397 I MainActivity: onGatewayFrame: frame seq=23681 egoSpeed=6.876007 pts=0 intervention=false warning=false braking=true lifecycle=released_verified_stop range=null bearing=null rss=10.535003
09-01 15:13:08.719  3426  3426 I de4sdv_aebs_ingress: frame accepted and published sequence=23682
09-01 15:13:08.720  3381  3397 I AebsFrameSubscriber: onMessagesAvailable callback
09-01 15:13:08.720  3381  3397 I AebsFrameSubscriber: readNextMessages count=1
09-01 15:13:08.720  3381  3397 I MainActivity: onGatewayFrame: frame seq=23682 egoSpeed=6.876007 pts=0 intervention=false warning=false braking=true lifecycle=released_verified_stop range=null bearing=null rss=10.535003
09-01 15:13:08.819  3426  3426 I de4sdv_aebs_ingress: frame accepted and published sequence=23683
09-01 15:13:08.819  3381  3397 I AebsFrameSubscriber: onMessagesAvailable callback
09-01 15:13:08.820  3381  3397 I AebsFrameSubscriber: readNextMessages count=1
09-01 15:13:08.820  3381  3397 I MainActivity: onGatewayFrame: frame seq=23683 egoSpeed=6.876007 pts=0 intervention=false warning=false braking=true lifecycle=released_verified_stop range=null bearing=null rss=10.535003
09-01 15:13:08.919  3426  3426 I de4sdv_aebs_ingress: frame accepted and published sequence=23684
09-01 15:13:08.919  3381  3397 I AebsFrameSubscriber: onMessagesAvailable callback
09-01 15:13:08.920  3381  3397 I AebsFrameSubscriber: readNextMessages count=1
09-01 15:13:08.920  3381  3397 I MainActivity: onGatewayFrame: frame seq=23684 egoSpeed=6.876007 pts=0 intervention=false warning=false braking=true lifecycle=released_verified_stop range=null bearing=null rss=10.535003
09-01 15:13:09.019  3426  3426 I de4sdv_aebs_ingress: frame accepted and published sequence=23685
09-01 15:13:09.019  3381  3397 I AebsFrameSubscriber: onMessagesAvailable callback
09-01 15:13:09.020  3381  3397 I AebsFrameSubscriber: readNextMessages count=1
09-01 15:13:09.020  3381  3397 I MainActivity: onGatewayFrame: frame seq=23685 egoSpeed=6.876007 pts=0 intervention=false warning=false braking=true lifecycle=released_verified_stop range=null bearing=null rss=10.535003
09-01 15:13:09.119  3426  3426 I de4sdv_aebs_ingress: frame accepted and published sequence=23686
09-01 15:13:09.119  3381  3397 I AebsFrameSubscriber: onMessagesAvailable callback
09-01 15:13:09.119  3381  3397 I AebsFrameSubscriber: readNextMessages count=1
09-01 15:13:09.120  3381  3397 I MainActivity: onGatewayFrame: frame seq=23686 egoSpeed=6.876007 pts=0 intervention=false warning=false braking=true lifecycle=released_verified_stop range=null bearing=null rss=10.535003
09-01 15:13:09.219  3426  3426 I de4sdv_aebs_ingress: frame accepted and published sequence=23687
09-01 15:13:09.219  3381  3397 I AebsFrameSubscriber: onMessagesAvailable callback
09-01 15:13:09.219  3381  3397 I AebsFrameSubscriber: readNextMessages count=1
09-01 15:13:09.219  3381  3397 I MainActivity: onGatewayFrame: frame seq=23687 egoSpeed=6.876007 pts=0 intervention=false warning=false braking=true lifecycle=released_verified_stop range=null bearing=null rss=10.535003
09-01 15:13:09.318  3426  3426 I de4sdv_aebs_ingress: frame accepted and published sequence=23688
09-01 15:13:09.319  3381  3397 I AebsFrameSubscriber: onMessagesAvailable callback
09-01 15:13:09.319  3381  3397 I AebsFrameSubscriber: readNextMessages count=1
09-01 15:13:09.319  3381  3397 I MainActivity: onGatewayFrame: frame seq=23688 egoSpeed=6.876007 pts=0 intervention=false warning=false braking=true lifecycle=released_verified_stop range=null bearing=null rss=10.535003
09-01 15:13:09.419  3426  3426 I de4sdv_aebs_ingress: frame accepted and published sequence=23689
09-01 15:13:09.419  3381  3397 I AebsFrameSubscriber: onMessagesAvailable callback
09-01 15:13:09.419  3381  3397 I AebsFrameSubscriber: readNextMessages count=1
09-01 15:13:09.419  3381  3397 I MainActivity: onGatewayFrame: frame seq=23689 egoSpeed=6.876007 pts=0 intervention=false warning=false braking=true lifecycle=released_verified_stop range=null bearing=null rss=10.535003
09-01 15:13:09.519  3426  3426 I de4sdv_aebs_ingress: frame accepted and published sequence=23690
09-01 15:13:09.520  3381  3397 I AebsFrameSubscriber: onMessagesAvailable callback
09-01 15:13:09.520  3381  3397 I AebsFrameSubscriber: readNextMessages count=1
09-01 15:13:09.520  3381  3397 I MainActivity: onGatewayFrame: frame seq=23690 egoSpeed=6.876007 pts=0 intervention=false warning=false braking=true lifecycle=released_verified_stop range=null bearing=null rss=10.535003
09-01 15:13:09.619  3426  3426 I de4sdv_aebs_ingress: frame accepted and published sequence=23691
09-01 15:13:09.620  3381  3397 I AebsFrameSubscriber: onMessagesAvailable callback
09-01 15:13:09.620  3381  3397 I AebsFrameSubscriber: readNextMessages count=1
09-01 15:13:09.620  3381  3397 I MainActivity: onGatewayFrame: frame seq=23691 egoSpeed=6.876007 pts=0 intervention=false warning=false braking=true lifecycle=released_verified_stop range=null bearing=null rss=10.535003
09-01 15:13:09.719  3426  3426 I de4sdv_aebs_ingress: frame accepted and published sequence=23692
09-01 15:13:09.719  3381  3397 I AebsFrameSubscriber: onMessagesAvailable callback
09-01 15:13:09.720  3381  3397 I AebsFrameSubscriber: readNextMessages count=1
09-01 15:13:09.720  3381  3397 I MainActivity: onGatewayFrame: frame seq=23692 egoSpeed=6.876007 pts=0 intervention=false warning=false braking=true lifecycle=released_verified_stop range=null bearing=null rss=10.535003
09-01 15:13:09.819  3426  3426 I de4sdv_aebs_ingress: frame accepted and published sequence=23693
09-01 15:13:09.819  3381  3397 I AebsFrameSubscriber: onMessagesAvailable callback
09-01 15:13:09.819  3381  3397 I AebsFrameSubscriber: readNextMessages count=1
09-01 15:13:09.820  3381  3397 I MainActivity: onGatewayFrame: frame seq=23693 egoSpeed=6.876007 pts=0 intervention=false warning=false braking=true lifecycle=released_verified_stop range=null bearing=null rss=10.535003
09-01 15:13:09.828   876  1883 E VhalProxy: Publisher with id: 290459441 does not exist in vhal proxy
09-01 15:13:09.828   876   876 D EmulatedVehicleHardware: Set value for property ID: 290459441
09-01 15:13:09.919  3426  3426 I de4sdv_aebs_ingress: frame accepted and published sequence=23694
09-01 15:13:09.919  3381  3397 I AebsFrameSubscriber: onMessagesAvailable callback
09-01 15:13:09.919  3381  3397 I AebsFrameSubscriber: readNextMessages count=1
09-01 15:13:09.919  3381  3397 I MainActivity: onGatewayFrame: frame seq=23694 egoSpeed=6.876007 pts=0 intervention=false warning=false braking=true lifecycle=released_verified_stop range=null bearing=null rss=10.535003
09-01 15:13:10.019  3426  3426 I de4sdv_aebs_ingress: frame accepted and published sequence=23695
09-01 15:13:10.019  3381  3397 I AebsFrameSubscriber: onMessagesAvailable callback
09-01 15:13:10.019  3381  3397 I AebsFrameSubscriber: readNextMessages count=1
09-01 15:13:10.019  3381  3397 I MainActivity: onGatewayFrame: frame seq=23695 egoSpeed=6.876007 pts=0 intervention=false warning=false braking=true lifecycle=released_verified_stop range=null bearing=null rss=10.535003
09-01 15:13:10.118  3426  3426 I de4sdv_aebs_ingress: frame accepted and published sequence=23696
09-01 15:13:10.119  3381  3397 I AebsFrameSubscriber: onMessagesAvailable callback
09-01 15:13:10.119  3381  3397 I AebsFrameSubscriber: readNextMessages count=1
09-01 15:13:10.119  3381  3397 I MainActivity: onGatewayFrame: frame seq=23696 egoSpeed=6.876007 pts=0 intervention=false warning=false braking=true lifecycle=released_verified_stop range=null bearing=null rss=10.535003
09-01 15:13:10.219  3426  3426 I de4sdv_aebs_ingress: frame accepted and published sequence=23697
09-01 15:13:10.219  3381  3397 I AebsFrameSubscriber: onMessagesAvailable callback
09-01 15:13:10.219  3381  3397 I AebsFrameSubscriber: readNextMessages count=1
09-01 15:13:10.219  3381  3397 I MainActivity: onGatewayFrame: frame seq=23697 egoSpeed=6.876007 pts=0 intervention=false warning=false braking=true lifecycle=released_verified_stop range=null bearing=null rss=10.535003
09-01 15:13:10.319  3426  3426 I de4sdv_aebs_ingress: frame accepted and published sequence=23698
09-01 15:13:10.320  3381  3397 I AebsFrameSubscriber: onMessagesAvailable callback
09-01 15:13:10.320  3381  3397 I AebsFrameSubscriber: readNextMessages count=1
09-01 15:13:10.320  3381  3397 I MainActivity: onGatewayFrame: frame seq=23698 egoSpeed=6.876007 pts=0 intervention=false warning=false braking=true lifecycle=released_verified_stop range=null bearing=null rss=10.535003
09-01 15:13:10.419  3426  3426 I de4sdv_aebs_ingress: frame accepted and published sequence=23699
09-01 15:13:10.420  3381  3397 I AebsFrameSubscriber: onMessagesAvailable callback
09-01 15:13:10.420  3381  3397 I AebsFrameSubscriber: readNextMessages count=1
09-01 15:13:10.420  3381  3397 I MainActivity: onGatewayFrame: frame seq=23699 egoSpeed=6.876007 pts=0 intervention=false warning=false braking=true lifecycle=released_verified_stop range=null bearing=null rss=10.535003
09-01 15:13:10.519  3426  3426 I de4sdv_aebs_ingress: frame accepted and published sequence=23700
09-01 15:13:10.520  3381  3397 I AebsFrameSubscriber: onMessagesAvailable callback
09-01 15:13:10.520  3381  3397 I AebsFrameSubscriber: readNextMessages count=1
09-01 15:13:10.520  3381  3397 I MainActivity: onGatewayFrame: frame seq=23700 egoSpeed=6.876007 pts=0 intervention=false warning=false braking=true lifecycle=released_verified_stop range=null bearing=null rss=10.535003
09-01 15:13:10.619  3426  3426 I de4sdv_aebs_ingress: frame accepted and published sequence=23701
09-01 15:13:10.619  3381  3397 I AebsFrameSubscriber: onMessagesAvailable callback
09-01 15:13:10.620  3381  3397 I AebsFrameSubscriber: readNextMessages count=1
09-01 15:13:10.620  3381  3397 I MainActivity: onGatewayFrame: frame seq=23701 egoSpeed=6.876007 pts=0 intervention=false warning=false braking=true lifecycle=released_verified_stop range=null bearing=null rss=10.535003
09-01 15:13:10.719  3426  3426 I de4sdv_aebs_ingress: frame accepted and published sequence=23702
09-01 15:13:10.720  3381  3397 I AebsFrameSubscriber: onMessagesAvailable callback
09-01 15:13:10.720  3381  3397 I AebsFrameSubscriber: readNextMessages count=1
09-01 15:13:10.720  3381  3397 I MainActivity: onGatewayFrame: frame seq=23702 egoSpeed=6.876007 pts=0 intervention=false warning=false braking=true lifecycle=released_verified_stop range=null bearing=null rss=10.535003
09-01 15:13:10.819  3426  3426 I de4sdv_aebs_ingress: frame accepted and published sequence=23703
09-01 15:13:10.820  3381  3397 I AebsFrameSubscriber: onMessagesAvailable callback
09-01 15:13:10.820  3381  3397 I AebsFrameSubscriber: readNextMessages count=1
09-01 15:13:10.820  3381  3397 I MainActivity: onGatewayFrame: frame seq=23703 egoSpeed=6.876007 pts=0 intervention=false warning=false braking=true lifecycle=released_verified_stop range=null bearing=null rss=10.535003
09-01 15:13:10.918  3426  3426 I de4sdv_aebs_ingress: frame accepted and published sequence=23704
09-01 15:13:10.919  3381  3397 I AebsFrameSubscriber: onMessagesAvailable callback
09-01 15:13:10.919  3381  3397 I AebsFrameSubscriber: readNextMessages count=1
09-01 15:13:10.920  3381  3397 I MainActivity: onGatewayFrame: frame seq=23704 egoSpeed=6.876007 pts=0 intervention=false warning=false braking=true lifecycle=released_verified_stop range=null bearing=null rss=10.535003
09-01 15:13:11.018  3426  3426 I de4sdv_aebs_ingress: frame accepted and published sequence=23705
09-01 15:13:11.019  3381  3397 I AebsFrameSubscriber: onMessagesAvailable callback
09-01 15:13:11.019  3381  3397 I AebsFrameSubscriber: readNextMessages count=1
09-01 15:13:11.019  3381  3397 I MainActivity: onGatewayFrame: frame seq=23705 egoSpeed=6.876007 pts=0 intervention=false warning=false braking=true lifecycle=released_verified_stop range=null bearing=null rss=10.535003
09-01 15:13:11.119  3426  3426 I de4sdv_aebs_ingress: frame accepted and published sequence=23706
09-01 15:13:11.119  3381  3397 I AebsFrameSubscriber: onMessagesAvailable callback
09-01 15:13:11.120  3381  3397 I AebsFrameSubscriber: readNextMessages count=1
09-01 15:13:11.120  3381  3397 I MainActivity: onGatewayFrame: frame seq=23706 egoSpeed=6.876007 pts=0 intervention=false warning=false braking=true lifecycle=released_verified_stop range=null bearing=null rss=10.535003
09-01 15:13:11.219  3426  3426 I de4sdv_aebs_ingress: frame accepted and published sequence=23707
09-01 15:13:11.219  3381  3397 I AebsFrameSubscriber: onMessagesAvailable callback
09-01 15:13:11.219  3381  3397 I AebsFrameSubscriber: readNextMessages count=1
09-01 15:13:11.219  3381  3397 I MainActivity: onGatewayFrame: frame seq=23707 egoSpeed=6.876007 pts=0 intervention=false warning=false braking=true lifecycle=released_verified_stop range=null bearing=null rss=10.535003
09-01 15:13:11.318  3426  3426 I de4sdv_aebs_ingress: frame accepted and published sequence=23708
09-01 15:13:11.319  3381  3397 I AebsFrameSubscriber: onMessagesAvailable callback
09-01 15:13:11.319  3381  3397 I AebsFrameSubscriber: readNextMessages count=1
09-01 15:13:11.319  3381  3397 I MainActivity: onGatewayFrame: frame seq=23708 egoSpeed=6.876007 pts=0 intervention=false warning=false braking=true lifecycle=released_verified_stop range=null bearing=null rss=10.535003
09-01 15:13:11.418  3426  3426 I de4sdv_aebs_ingress: frame accepted and published sequence=23709
09-01 15:13:11.419  3381  3397 I AebsFrameSubscriber: onMessagesAvailable callback
09-01 15:13:11.419  3381  3397 I AebsFrameSubscriber: readNextMessages count=1
09-01 15:13:11.420  3381  3397 I MainActivity: onGatewayFrame: frame seq=23709 egoSpeed=6.876007 pts=0 intervention=false warning=false braking=true lifecycle=released_verified_stop range=null bearing=null rss=10.535003
09-01 15:13:11.519  3426  3426 I de4sdv_aebs_ingress: frame accepted and published sequence=23710
09-01 15:13:11.519  3381  3397 I AebsFrameSubscriber: onMessagesAvailable callback
09-01 15:13:11.520  3381  3397 I AebsFrameSubscriber: readNextMessages count=1
09-01 15:13:11.520  3381  3397 I MainActivity: onGatewayFrame: frame seq=23710 egoSpeed=6.876007 pts=0 intervention=false warning=false braking=true lifecycle=released_verified_stop range=null bearing=null rss=10.535003
09-01 15:13:11.619  3426  3426 I de4sdv_aebs_ingress: frame accepted and published sequence=23711
09-01 15:13:11.619  3381  3397 I AebsFrameSubscriber: onMessagesAvailable callback
09-01 15:13:11.620  3381  3397 I AebsFrameSubscriber: readNextMessages count=1
09-01 15:13:11.620  3381  3397 I MainActivity: onGatewayFrame: frame seq=23711 egoSpeed=6.876007 pts=0 intervention=false warning=false braking=true lifecycle=released_verified_stop range=null bearing=null rss=10.535003
09-01 15:13:11.718  3426  3426 I de4sdv_aebs_ingress: frame accepted and published sequence=23712
09-01 15:13:11.719  3381  3397 I AebsFrameSubscriber: onMessagesAvailable callback
09-01 15:13:11.719  3381  3397 I AebsFrameSubscriber: readNextMessages count=1
09-01 15:13:11.719  3381  3397 I MainActivity: onGatewayFrame: frame seq=23712 egoSpeed=6.876007 pts=0 intervention=false warning=false braking=true lifecycle=released_verified_stop range=null bearing=null rss=10.535003
09-01 15:13:11.818  3426  3426 I de4sdv_aebs_ingress: frame accepted and published sequence=23713
09-01 15:13:11.819  3381  3397 I AebsFrameSubscriber: onMessagesAvailable callback
09-01 15:13:11.819  3381  3397 I AebsFrameSubscriber: readNextMessages count=1
09-01 15:13:11.819  3381  3397 I MainActivity: onGatewayFrame: frame seq=23713 egoSpeed=6.876007 pts=0 intervention=false warning=false braking=true lifecycle=released_verified_stop range=null bearing=null rss=10.535003
09-01 15:13:11.919  3426  3426 I de4sdv_aebs_ingress: frame accepted and published sequence=23714
09-01 15:13:11.919  3381  3397 I AebsFrameSubscriber: onMessagesAvailable callback
09-01 15:13:11.920  3381  3397 I AebsFrameSubscriber: readNextMessages count=1
09-01 15:13:11.920  3381  3397 I MainActivity: onGatewayFrame: frame seq=23714 egoSpeed=6.876007 pts=0 intervention=false warning=false braking=true lifecycle=released_verified_stop range=null bearing=null rss=10.535003
09-01 15:13:11.988  1017  1489 I WifiService: getConnectionInfo uid=1010110
09-01 15:13:12.019  3426  3426 I de4sdv_aebs_ingress: frame accepted and published sequence=23715
09-01 15:13:12.019  3381  3397 I AebsFrameSubscriber: onMessagesAvailable callback
09-01 15:13:12.019  3381  3397 I AebsFrameSubscriber: readNextMessages count=1
09-01 15:13:12.019  3381  3397 I MainActivity: onGatewayFrame: frame seq=23715 egoSpeed=6.876007 pts=0 intervention=false warning=false braking=true lifecycle=released_verified_stop range=null bearing=null rss=10.535003
09-01 15:13:12.118  3426  3426 I de4sdv_aebs_ingress: frame accepted and published sequence=23716
09-01 15:13:12.119  3381  3397 I AebsFrameSubscriber: onMessagesAvailable callback
09-01 15:13:12.119  3381  3397 I AebsFrameSubscriber: readNextMessages count=1
09-01 15:13:12.119  3381  3397 I MainActivity: onGatewayFrame: frame seq=23716 egoSpeed=6.876007 pts=0 intervention=false warning=false braking=true lifecycle=released_verified_stop range=null bearing=null rss=10.535003
09-01 15:13:12.218  3426  3426 I de4sdv_aebs_ingress: frame accepted and published sequence=23717
09-01 15:13:12.219  3381  3397 I AebsFrameSubscriber: onMessagesAvailable callback
09-01 15:13:12.219  3381  3397 I AebsFrameSubscriber: readNextMessages count=1
09-01 15:13:12.219  3381  3397 I MainActivity: onGatewayFrame: frame seq=23717 egoSpeed=6.876007 pts=0 intervention=false warning=false braking=true lifecycle=released_verified_stop range=null bearing=null rss=10.535003
09-01 15:13:12.319  3426  3426 I de4sdv_aebs_ingress: frame accepted and published sequence=23718
09-01 15:13:12.319  3381  3397 I AebsFrameSubscriber: onMessagesAvailable callback
09-01 15:13:12.319  3381  3397 I AebsFrameSubscriber: readNextMessages count=1
09-01 15:13:12.319  3381  3397 I MainActivity: onGatewayFrame: frame seq=23718 egoSpeed=6.876007 pts=0 intervention=false warning=false braking=true lifecycle=released_verified_stop range=null bearing=null rss=10.535003
09-01 15:13:12.419  3426  3426 I de4sdv_aebs_ingress: frame accepted and published sequence=23719
09-01 15:13:12.419  3381  3397 I AebsFrameSubscriber: onMessagesAvailable callback
09-01 15:13:12.420  3381  3397 I AebsFrameSubscriber: readNextMessages count=1
09-01 15:13:12.420  3381  3397 I MainActivity: onGatewayFrame: frame seq=23719 egoSpeed=6.876007 pts=0 intervention=false warning=false braking=true lifecycle=released_verified_stop range=null bearing=null rss=10.535003
09-01 15:13:12.519  3426  3426 I de4sdv_aebs_ingress: frame accepted and published sequence=23720
09-01 15:13:12.519  3381  3397 I AebsFrameSubscriber: onMessagesAvailable callback
09-01 15:13:12.519  3381  3397 I AebsFrameSubscriber: readNextMessages count=1
09-01 15:13:12.519  3381  3397 I MainActivity: onGatewayFrame: frame seq=23720 egoSpeed=6.876007 pts=0 intervention=false warning=false braking=true lifecycle=released_verified_stop range=null bearing=null rss=10.535003
09-01 15:13:12.618  3426  3426 I de4sdv_aebs_ingress: frame accepted and published sequence=23721
09-01 15:13:12.619  3381  3397 I AebsFrameSubscriber: onMessagesAvailable callback
09-01 15:13:12.619  3381  3397 I AebsFrameSubscriber: readNextMessages count=1
09-01 15:13:12.619  3381  3397 I MainActivity: onGatewayFrame: frame seq=23721 egoSpeed=6.876007 pts=0 intervention=false warning=false braking=true lifecycle=released_verified_stop range=null bearing=null rss=10.535003
09-01 15:13:12.719  3426  3426 I de4sdv_aebs_ingress: frame accepted and published sequence=23722
09-01 15:13:12.720  3381  3397 I AebsFrameSubscriber: onMessagesAvailable callback
09-01 15:13:12.720  3381  3397 I AebsFrameSubscriber: readNextMessages count=1
09-01 15:13:12.720  3381  3397 I MainActivity: onGatewayFrame: frame seq=23722 egoSpeed=6.876007 pts=0 intervention=false warning=false braking=true lifecycle=released_verified_stop range=null bearing=null rss=10.535003
09-01 15:13:12.813  3347  3347 I adbd    : adbd service requested 'shell,raw:cut -d. -f1 /proc/uptime'
09-01 15:13:12.818  3426  3426 I de4sdv_aebs_ingress: frame accepted and published sequence=23723
09-01 15:13:12.819  3381  3397 I AebsFrameSubscriber: onMessagesAvailable callback
09-01 15:13:12.819  3381  3397 I AebsFrameSubscriber: readNextMessages count=1
09-01 15:13:12.819  3381  3397 I MainActivity: onGatewayFrame: frame seq=23723 egoSpeed=6.876007 pts=0 intervention=false warning=false braking=true lifecycle=released_verified_stop range=null bearing=null rss=10.535003
09-01 15:13:12.832   876   876 D EmulatedVehicleHardware: Set value for property ID: 290459441
09-01 15:13:12.832   876  1883 E VhalProxy: Publisher with id: 290459441 does not exist in vhal proxy
09-01 15:13:12.919  3426  3426 I de4sdv_aebs_ingress: frame accepted and published sequence=23724
09-01 15:13:12.919  3381  3397 I AebsFrameSubscriber: onMessagesAvailable callback
09-01 15:13:12.919  3381  3397 I AebsFrameSubscriber: readNextMessages count=1
09-01 15:13:12.920  3381  3397 I MainActivity: onGatewayFrame: frame seq=23724 egoSpeed=6.876007 pts=0 intervention=false warning=false braking=true lifecycle=released_verified_stop range=null bearing=null rss=10.535003
09-01 15:13:13.019  3426  3426 I de4sdv_aebs_ingress: frame accepted and published sequence=23725
09-01 15:13:13.019  3381  3397 I AebsFrameSubscriber: onMessagesAvailable callback
09-01 15:13:13.019  3381  3397 I AebsFrameSubscriber: readNextMessages count=1
09-01 15:13:13.020  3381  3397 I MainActivity: onGatewayFrame: frame seq=23725 egoSpeed=6.876007 pts=0 intervention=false warning=false braking=true lifecycle=released_verified_stop range=null bearing=null rss=10.535003
09-01 15:13:13.118  3426  3426 I de4sdv_aebs_ingress: frame accepted and published sequence=23726
09-01 15:13:13.119  3381  3397 I AebsFrameSubscriber: onMessagesAvailable callback
09-01 15:13:13.119  3381  3397 I AebsFrameSubscriber: readNextMessages count=1
09-01 15:13:13.119  3381  3397 I MainActivity: onGatewayFrame: frame seq=23726 egoSpeed=6.876007 pts=0 intervention=false warning=false braking=true lifecycle=released_verified_stop range=null bearing=null rss=10.535003
09-01 15:13:13.219  3426  3426 I de4sdv_aebs_ingress: frame accepted and published sequence=23727
09-01 15:13:13.219  3381  3397 I AebsFrameSubscriber: onMessagesAvailable callback
09-01 15:13:13.220  3381  3397 I AebsFrameSubscriber: readNextMessages count=1
09-01 15:13:13.220  3381  3397 I MainActivity: onGatewayFrame: frame seq=23727 egoSpeed=6.876007 pts=0 intervention=false warning=false braking=true lifecycle=released_verified_stop range=null bearing=null rss=10.535003
09-01 15:13:13.318  3426  3426 I de4sdv_aebs_ingress: frame accepted and published sequence=23728
09-01 15:13:13.319  3381  3397 I AebsFrameSubscriber: onMessagesAvailable callback
09-01 15:13:13.319  3381  3397 I AebsFrameSubscriber: readNextMessages count=1
09-01 15:13:13.319  3381  3397 I MainActivity: onGatewayFrame: frame seq=23728 egoSpeed=6.876007 pts=0 intervention=false warning=false braking=true lifecycle=released_verified_stop range=null bearing=null rss=10.535003
09-01 15:13:13.419  3426  3426 I de4sdv_aebs_ingress: frame accepted and published sequence=23729
09-01 15:13:13.419  3381  3397 I AebsFrameSubscriber: onMessagesAvailable callback
09-01 15:13:13.420  3381  3397 I AebsFrameSubscriber: readNextMessages count=1
09-01 15:13:13.420  3381  3397 I MainActivity: onGatewayFrame: frame seq=23729 egoSpeed=6.876007 pts=0 intervention=false warning=false braking=true lifecycle=released_verified_stop range=null bearing=null rss=10.535003
09-01 15:13:13.519  3426  3426 I de4sdv_aebs_ingress: frame accepted and published sequence=23730
09-01 15:13:13.519  3381  3397 I AebsFrameSubscriber: onMessagesAvailable callback
09-01 15:13:13.520  3381  3397 I AebsFrameSubscriber: readNextMessages count=1
09-01 15:13:13.520  3381  3397 I MainActivity: onGatewayFrame: frame seq=23730 egoSpeed=6.876007 pts=0 intervention=false warning=false braking=true lifecycle=released_verified_stop range=null bearing=null rss=10.535003
09-01 15:13:13.619  3426  3426 I de4sdv_aebs_ingress: frame accepted and published sequence=23731
09-01 15:13:13.619  3381  3397 I AebsFrameSubscriber: onMessagesAvailable callback
09-01 15:13:13.620  3381  3397 I AebsFrameSubscriber: readNextMessages count=1
09-01 15:13:13.620  3381  3397 I MainActivity: onGatewayFrame: frame seq=23731 egoSpeed=6.876007 pts=0 intervention=false warning=false braking=true lifecycle=released_verified_stop range=null bearing=null rss=10.535003
09-01 15:13:13.719  3426  3426 I de4sdv_aebs_ingress: frame accepted and published sequence=23732
09-01 15:13:13.719  3381  3397 I AebsFrameSubscriber: onMessagesAvailable callback
09-01 15:13:13.720  3381  3397 I AebsFrameSubscriber: readNextMessages count=1
09-01 15:13:13.720  3381  3397 I MainActivity: onGatewayFrame: frame seq=23732 egoSpeed=6.876007 pts=0 intervention=false warning=false braking=true lifecycle=released_verified_stop range=null bearing=null rss=10.535003
09-01 15:13:13.819  3426  3426 I de4sdv_aebs_ingress: frame accepted and published sequence=23733
09-01 15:13:13.819  3381  3397 I AebsFrameSubscriber: onMessagesAvailable callback
09-01 15:13:13.820  3381  3397 I AebsFrameSubscriber: readNextMessages count=1
09-01 15:13:13.820  3381  3397 I MainActivity: onGatewayFrame: frame seq=23733 egoSpeed=6.876007 pts=0 intervention=false warning=false braking=true lifecycle=released_verified_stop range=null bearing=null rss=10.535003
09-01 15:13:13.919  3426  3426 I de4sdv_aebs_ingress: frame accepted and published sequence=23734
09-01 15:13:13.919  3381  3397 I AebsFrameSubscriber: onMessagesAvailable callback
09-01 15:13:13.919  3381  3397 I AebsFrameSubscriber: readNextMessages count=1
09-01 15:13:13.919  3381  3397 I MainActivity: onGatewayFrame: frame seq=23734 egoSpeed=6.876007 pts=0 intervention=false warning=false braking=true lifecycle=released_verified_stop range=null bearing=null rss=10.535003
09-01 15:13:14.019  3426  3426 I de4sdv_aebs_ingress: frame accepted and published sequence=23735
09-01 15:13:14.020  3381  3397 I AebsFrameSubscriber: onMessagesAvailable callback
09-01 15:13:14.020  3381  3397 I AebsFrameSubscriber: readNextMessages count=1
09-01 15:13:14.020  3381  3397 I MainActivity: onGatewayFrame: frame seq=23735 egoSpeed=6.876007 pts=0 intervention=false warning=false braking=true lifecycle=released_verified_stop range=null bearing=null rss=10.535003
09-01 15:13:14.118  3426  3426 I de4sdv_aebs_ingress: frame accepted and published sequence=23736
09-01 15:13:14.119  3381  3397 I AebsFrameSubscriber: onMessagesAvailable callback
09-01 15:13:14.119  3381  3397 I AebsFrameSubscriber: readNextMessages count=1
09-01 15:13:14.119  3381  3397 I MainActivity: onGatewayFrame: frame seq=23736 egoSpeed=6.876007 pts=0 intervention=false warning=false braking=true lifecycle=released_verified_stop range=null bearing=null rss=10.535003
09-01 15:13:14.219  3426  3426 I de4sdv_aebs_ingress: frame accepted and published sequence=23737
09-01 15:13:14.219  3381  3397 I AebsFrameSubscriber: onMessagesAvailable callback
09-01 15:13:14.220  3381  3397 I AebsFrameSubscriber: readNextMessages count=1
09-01 15:13:14.220  3381  3397 I MainActivity: onGatewayFrame: frame seq=23737 egoSpeed=6.876007 pts=0 intervention=false warning=false braking=true lifecycle=released_verified_stop range=null bearing=null rss=10.535003
09-01 15:13:14.318  3426  3426 I de4sdv_aebs_ingress: frame accepted and published sequence=23738
09-01 15:13:14.319  3381  3397 I AebsFrameSubscriber: onMessagesAvailable callback
09-01 15:13:14.319  3381  3397 I AebsFrameSubscriber: readNextMessages count=1
09-01 15:13:14.319  3381  3397 I MainActivity: onGatewayFrame: frame seq=23738 egoSpeed=6.876007 pts=0 intervention=false warning=false braking=true lifecycle=released_verified_stop range=null bearing=null rss=10.535003
09-01 15:13:14.419  3426  3426 I de4sdv_aebs_ingress: frame accepted and published sequence=23739
09-01 15:13:14.419  3381  3397 I AebsFrameSubscriber: onMessagesAvailable callback
09-01 15:13:14.419  3381  3397 I AebsFrameSubscriber: readNextMessages count=1
09-01 15:13:14.419  3381  3397 I MainActivity: onGatewayFrame: frame seq=23739 egoSpeed=6.876007 pts=0 intervention=false warning=false braking=true lifecycle=released_verified_stop range=null bearing=null rss=10.535003
09-01 15:13:14.519  3426  3426 I de4sdv_aebs_ingress: frame accepted and published sequence=23740
09-01 15:13:14.519  3381  3397 I AebsFrameSubscriber: onMessagesAvailable callback
09-01 15:13:14.520  3381  3397 I AebsFrameSubscriber: readNextMessages count=1
09-01 15:13:14.520  3381  3397 I MainActivity: onGatewayFrame: frame seq=23740 egoSpeed=6.876007 pts=0 intervention=false warning=false braking=true lifecycle=released_verified_stop range=null bearing=null rss=10.535003
09-01 15:13:14.619  3426  3426 I de4sdv_aebs_ingress: frame accepted and published sequence=23741
09-01 15:13:14.619  3381  3397 I AebsFrameSubscriber: onMessagesAvailable callback
09-01 15:13:14.620  3381  3397 I AebsFrameSubscriber: readNextMessages count=1
09-01 15:13:14.620  3381  3397 I MainActivity: onGatewayFrame: frame seq=23741 egoSpeed=6.876007 pts=0 intervention=false warning=false braking=true lifecycle=released_verified_stop range=null bearing=null rss=10.535003
09-01 15:13:14.718  3426  3426 I de4sdv_aebs_ingress: frame accepted and published sequence=23742
09-01 15:13:14.719  3381  3397 I AebsFrameSubscriber: onMessagesAvailable callback
09-01 15:13:14.719  3381  3397 I AebsFrameSubscriber: readNextMessages count=1
09-01 15:13:14.719  3381  3397 I MainActivity: onGatewayFrame: frame seq=23742 egoSpeed=6.876007 pts=0 intervention=false warning=false braking=true lifecycle=released_verified_stop range=null bearing=null rss=10.535003
09-01 15:13:14.819  3426  3426 I de4sdv_aebs_ingress: frame accepted and published sequence=23743
09-01 15:13:14.819  3381  3397 I AebsFrameSubscriber: onMessagesAvailable callback
09-01 15:13:14.820  3381  3397 I AebsFrameSubscriber: readNextMessages count=1
09-01 15:13:14.820  3381  3397 I MainActivity: onGatewayFrame: frame seq=23743 egoSpeed=6.876007 pts=0 intervention=false warning=false braking=true lifecycle=released_verified_stop range=null bearing=null rss=10.535003
09-01 15:13:14.919  3426  3426 I de4sdv_aebs_ingress: frame accepted and published sequence=23744
09-01 15:13:14.920  3381  3397 I AebsFrameSubscriber: onMessagesAvailable callback
09-01 15:13:14.921  3381  3397 I AebsFrameSubscriber: readNextMessages count=1
09-01 15:13:14.921  3381  3397 I MainActivity: onGatewayFrame: frame seq=23744 egoSpeed=6.876007 pts=0 intervention=false warning=false braking=true lifecycle=released_verified_stop range=null bearing=null rss=10.535003
09-01 15:13:15.018  3426  3426 I de4sdv_aebs_ingress: frame accepted and published sequence=23745
09-01 15:13:15.019  3381  3397 I AebsFrameSubscriber: onMessagesAvailable callback
09-01 15:13:15.019  3381  3397 I AebsFrameSubscriber: readNextMessages count=1
09-01 15:13:15.019  3381  3397 I MainActivity: onGatewayFrame: frame seq=23745 egoSpeed=6.876007 pts=0 intervention=false warning=false braking=true lifecycle=released_verified_stop range=null bearing=null rss=10.535003
09-01 15:13:15.119  3426  3426 I de4sdv_aebs_ingress: frame accepted and published sequence=23746
09-01 15:13:15.120  3381  3397 I AebsFrameSubscriber: onMessagesAvailable callback
09-01 15:13:15.120  3381  3397 I AebsFrameSubscriber: readNextMessages count=1
09-01 15:13:15.120  3381  3397 I MainActivity: onGatewayFrame: frame seq=23746 egoSpeed=6.876007 pts=0 intervention=false warning=false braking=true lifecycle=released_verified_stop range=null bearing=null rss=10.535003
09-01 15:13:15.219  3426  3426 I de4sdv_aebs_ingress: frame accepted and published sequence=23747
09-01 15:13:15.220  3381  3397 I AebsFrameSubscriber: onMessagesAvailable callback
09-01 15:13:15.220  3381  3397 I AebsFrameSubscriber: readNextMessages count=1
09-01 15:13:15.220  3381  3397 I MainActivity: onGatewayFrame: frame seq=23747 egoSpeed=6.876007 pts=0 intervention=false warning=false braking=true lifecycle=released_verified_stop range=null bearing=null rss=10.535003
09-01 15:13:15.318  3426  3426 I de4sdv_aebs_ingress: frame accepted and published sequence=23748
09-01 15:13:15.319  3381  3397 I AebsFrameSubscriber: onMessagesAvailable callback
09-01 15:13:15.319  3381  3397 I AebsFrameSubscriber: readNextMessages count=1
09-01 15:13:15.319  3381  3397 I MainActivity: onGatewayFrame: frame seq=23748 egoSpeed=6.876007 pts=0 intervention=false warning=false braking=true lifecycle=released_verified_stop range=null bearing=null rss=10.535003
09-01 15:13:15.418  3426  3426 I de4sdv_aebs_ingress: frame accepted and published sequence=23749
09-01 15:13:15.418  3381  3397 I AebsFrameSubscriber: onMessagesAvailable callback
09-01 15:13:15.419  3381  3397 I AebsFrameSubscriber: readNextMessages count=1
09-01 15:13:15.419  3381  3397 I MainActivity: onGatewayFrame: frame seq=23749 egoSpeed=6.876007 pts=0 intervention=false warning=false braking=true lifecycle=released_verified_stop range=null bearing=null rss=10.535003
09-01 15:13:15.520  3426  3426 I de4sdv_aebs_ingress: frame accepted and published sequence=23750
09-01 15:13:15.521  3381  3397 I AebsFrameSubscriber: onMessagesAvailable callback
09-01 15:13:15.521  3381  3397 I AebsFrameSubscriber: readNextMessages count=1
09-01 15:13:15.521  3381  3397 I MainActivity: onGatewayFrame: frame seq=23750 egoSpeed=6.876007 pts=0 intervention=false warning=false braking=true lifecycle=released_verified_stop range=null bearing=null rss=10.535003
09-01 15:13:15.619  3426  3426 I de4sdv_aebs_ingress: frame accepted and published sequence=23751
09-01 15:13:15.620  3381  3397 I AebsFrameSubscriber: onMessagesAvailable callback
09-01 15:13:15.620  3381  3397 I AebsFrameSubscriber: readNextMessages count=1
09-01 15:13:15.620  3381  3397 I MainActivity: onGatewayFrame: frame seq=23751 egoSpeed=6.876007 pts=0 intervention=false warning=false braking=true lifecycle=released_verified_stop range=null bearing=null rss=10.535003
09-01 15:13:15.719  3426  3426 I de4sdv_aebs_ingress: frame accepted and published sequence=23752
09-01 15:13:15.719  3381  3397 I AebsFrameSubscriber: onMessagesAvailable callback
09-01 15:13:15.719  3381  3397 I AebsFrameSubscriber: readNextMessages count=1
09-01 15:13:15.719  3381  3397 I MainActivity: onGatewayFrame: frame seq=23752 egoSpeed=6.876007 pts=0 intervention=false warning=false braking=true lifecycle=released_verified_stop range=null bearing=null rss=10.535003
09-01 15:13:15.818  3426  3426 I de4sdv_aebs_ingress: frame accepted and published sequence=23753
09-01 15:13:15.819  3381  3397 I AebsFrameSubscriber: onMessagesAvailable callback
09-01 15:13:15.820  3381  3397 I AebsFrameSubscriber: readNextMessages count=1
09-01 15:13:15.820  3381  3397 I MainActivity: onGatewayFrame: frame seq=23753 egoSpeed=6.876007 pts=0 intervention=false warning=false braking=true lifecycle=released_verified_stop range=null bearing=null rss=10.535003
09-01 15:13:15.834   876   876 D EmulatedVehicleHardware: Set value for property ID: 290459441
09-01 15:13:15.834   876  1883 E VhalProxy: Publisher with id: 290459441 does not exist in vhal proxy
09-01 15:13:15.918  3426  3426 I de4sdv_aebs_ingress: frame accepted and published sequence=23754
09-01 15:13:15.919  3381  3397 I AebsFrameSubscriber: onMessagesAvailable callback
09-01 15:13:15.920  3381  3397 I AebsFrameSubscriber: readNextMessages count=1
09-01 15:13:15.920  3381  3397 I MainActivity: onGatewayFrame: frame seq=23754 egoSpeed=6.876007 pts=0 intervention=false warning=false braking=true lifecycle=released_verified_stop range=null bearing=null rss=10.535003
09-01 15:13:16.001  1766  1789 D SdvServiceManagerServer: main::mesh::manager: Watcher task instance2 woken up by: Timeout
09-01 15:13:16.001  1766  1790 D SdvServiceManagerServer: main::mesh::manager: Watcher task instance3 woken up by: Timeout
09-01 15:13:16.001  1766  1790 D SdvServiceManagerServer: main::mesh::custom_verifier: Created ExternalVerifier with address 0x7c6bc800e570
09-01 15:13:16.002  1766  1789 D SdvServiceManagerServer: main::mesh::custom_verifier: Created ExternalVerifier with address 0x7c6bc800e8f0
09-01 15:13:16.002  1766  1789 I SdvServiceManagerServer: main::mesh::async_client: Connecting to instance2 at 192.168.99.4:2000 using secure TLS channel with DICE authentication
09-01 15:13:16.002  1766  1790 I SdvServiceManagerServer: main::mesh::async_client: Connecting to instance3 at 192.168.99.5:2000 using secure TLS channel with DICE authentication
09-01 15:13:16.019  3426  3426 I de4sdv_aebs_ingress: frame accepted and published sequence=23755
09-01 15:13:16.019  3381  3397 I AebsFrameSubscriber: onMessagesAvailable callback
09-01 15:13:16.020  3381  3397 I AebsFrameSubscriber: readNextMessages count=1
09-01 15:13:16.020  3381  3397 I MainActivity: onGatewayFrame: frame seq=23755 egoSpeed=6.876007 pts=0 intervention=false warning=false braking=true lifecycle=released_verified_stop range=null bearing=null rss=10.535003
09-01 15:13:16.119  3426  3426 I de4sdv_aebs_ingress: frame accepted and published sequence=23756
09-01 15:13:16.119  3381  3397 I AebsFrameSubscriber: onMessagesAvailable callback
09-01 15:13:16.120  3381  3397 I AebsFrameSubscriber: readNextMessages count=1
09-01 15:13:16.120  3381  3397 I MainActivity: onGatewayFrame: frame seq=23756 egoSpeed=6.876007 pts=0 intervention=false warning=false braking=true lifecycle=released_verified_stop range=null bearing=null rss=10.535003
09-01 15:13:16.218  3426  3426 I de4sdv_aebs_ingress: frame accepted and published sequence=23757
09-01 15:13:16.219  3381  3397 I AebsFrameSubscriber: onMessagesAvailable callback
09-01 15:13:16.219  3381  3397 I AebsFrameSubscriber: readNextMessages count=1
09-01 15:13:16.220  3381  3397 I MainActivity: onGatewayFrame: frame seq=23757 egoSpeed=6.876007 pts=0 intervention=false warning=false braking=true lifecycle=released_verified_stop range=null bearing=null rss=10.535003
09-01 15:13:16.318  3426  3426 I de4sdv_aebs_ingress: frame accepted and published sequence=23758
09-01 15:13:16.319  3381  3397 I AebsFrameSubscriber: onMessagesAvailable callback
09-01 15:13:16.319  3381  3397 I AebsFrameSubscriber: readNextMessages count=1
09-01 15:13:16.319  3381  3397 I MainActivity: onGatewayFrame: frame seq=23758 egoSpeed=6.876007 pts=0 intervention=false warning=false braking=true lifecycle=released_verified_stop range=null bearing=null rss=10.535003
09-01 15:13:16.419  3426  3426 I de4sdv_aebs_ingress: frame accepted and published sequence=23759
09-01 15:13:16.419  3381  3397 I AebsFrameSubscriber: onMessagesAvailable callback
09-01 15:13:16.419  3381  3397 I AebsFrameSubscriber: readNextMessages count=1
09-01 15:13:16.420  3381  3397 I MainActivity: onGatewayFrame: frame seq=23759 egoSpeed=6.876007 pts=0 intervention=false warning=false braking=true lifecycle=released_verified_stop range=null bearing=null rss=10.535003
09-01 15:13:16.519  3426  3426 I de4sdv_aebs_ingress: frame accepted and published sequence=23760
09-01 15:13:16.519  3381  3397 I AebsFrameSubscriber: onMessagesAvailable callback
09-01 15:13:16.520  3381  3397 I AebsFrameSubscriber: readNextMessages count=1
09-01 15:13:16.520  3381  3397 I MainActivity: onGatewayFrame: frame seq=23760 egoSpeed=6.876007 pts=0 intervention=false warning=false braking=true lifecycle=released_verified_stop range=null bearing=null rss=10.535003
09-01 15:13:16.618  3426  3426 I de4sdv_aebs_ingress: frame accepted and published sequence=23761
09-01 15:13:16.619  3381  3397 I AebsFrameSubscriber: onMessagesAvailable callback
09-01 15:13:16.619  3381  3397 I AebsFrameSubscriber: readNextMessages count=1
09-01 15:13:16.619  3381  3397 I MainActivity: onGatewayFrame: frame seq=23761 egoSpeed=6.876007 pts=0 intervention=false warning=false braking=true lifecycle=released_verified_stop range=null bearing=null rss=10.535003
09-01 15:13:16.720  3426  3426 I de4sdv_aebs_ingress: frame accepted and published sequence=23762
09-01 15:13:16.720  3381  3397 I AebsFrameSubscriber: onMessagesAvailable callback
09-01 15:13:16.720  3381  3397 I AebsFrameSubscriber: readNextMessages count=1
09-01 15:13:16.720  3381  3397 I MainActivity: onGatewayFrame: frame seq=23762 egoSpeed=6.876007 pts=0 intervention=false warning=false braking=true lifecycle=released_verified_stop range=null bearing=null rss=10.535003
09-01 15:13:16.818  3426  3426 I de4sdv_aebs_ingress: frame accepted and published sequence=23763
09-01 15:13:16.819  3381  3397 I AebsFrameSubscriber: onMessagesAvailable callback
09-01 15:13:16.819  3381  3397 I AebsFrameSubscriber: readNextMessages count=1
09-01 15:13:16.819  3381  3397 I MainActivity: onGatewayFrame: frame seq=23763 egoSpeed=6.876007 pts=0 intervention=false warning=false braking=true lifecycle=released_verified_stop range=null bearing=null rss=10.535003
09-01 15:13:16.919  3426  3426 I de4sdv_aebs_ingress: frame accepted and published sequence=23764
09-01 15:13:16.920  3381  3397 I AebsFrameSubscriber: onMessagesAvailable callback
09-01 15:13:16.920  3381  3397 I AebsFrameSubscriber: readNextMessages count=1
09-01 15:13:16.920  3381  3397 I MainActivity: onGatewayFrame: frame seq=23764 egoSpeed=6.876007 pts=0 intervention=false warning=false braking=true lifecycle=released_verified_stop range=null bearing=null rss=10.535003
09-01 15:13:16.989  1017  1123 I WifiService: getConnectionInfo uid=1010110
09-01 15:13:17.004  1766  1789 W SdvServiceManagerServer: main::mesh::manager: Attempt to reconnect to instance2 failed: Unable to connect to mesh. Channel state: GRPC_CHANNEL_CONNECTING
09-01 15:13:17.005  1766  1790 W SdvServiceManagerServer: main::mesh::manager: Attempt to reconnect to instance3 failed: Unable to connect to mesh. Channel state: GRPC_CHANNEL_CONNECTING
09-01 15:13:17.005  1766  1820 D SdvServiceManagerServer: main::mesh::custom_verifier: Dropping ExternalVerifier with address 0x7c6bc800e8f0
09-01 15:13:17.005  1766  1820 D SdvServiceManagerServer: main::mesh::custom_verifier: Dropping ExternalVerifier with address 0x7c6bc800e570
09-01 15:13:17.019  3426  3426 I de4sdv_aebs_ingress: frame accepted and published sequence=23765
09-01 15:13:17.019  3381  3397 I AebsFrameSubscriber: onMessagesAvailable callback
09-01 15:13:17.019  3381  3397 I AebsFrameSubscriber: readNextMessages count=1
09-01 15:13:17.019  3381  3397 I MainActivity: onGatewayFrame: frame seq=23765 egoSpeed=6.876007 pts=0 intervention=false warning=false braking=true lifecycle=released_verified_stop range=null bearing=null rss=10.535003
09-01 15:13:17.119  3426  3426 I de4sdv_aebs_ingress: frame accepted and published sequence=23766
09-01 15:13:17.120  3381  3397 I AebsFrameSubscriber: onMessagesAvailable callback
09-01 15:13:17.120  3381  3397 I AebsFrameSubscriber: readNextMessages count=1
09-01 15:13:17.120  3381  3397 I MainActivity: onGatewayFrame: frame seq=23766 egoSpeed=6.876007 pts=0 intervention=false warning=false braking=true lifecycle=released_verified_stop range=null bearing=null rss=10.535003
09-01 15:13:17.219  3426  3426 I de4sdv_aebs_ingress: frame accepted and published sequence=23767
09-01 15:13:17.219  3381  3397 I AebsFrameSubscriber: onMessagesAvailable callback
09-01 15:13:17.219  3381  3397 I AebsFrameSubscriber: readNextMessages count=1
09-01 15:13:17.219  3381  3397 I MainActivity: onGatewayFrame: frame seq=23767 egoSpeed=6.876007 pts=0 intervention=false warning=false braking=true lifecycle=released_verified_stop range=null bearing=null rss=10.535003
09-01 15:13:17.318  3426  3426 I de4sdv_aebs_ingress: frame accepted and published sequence=23768
09-01 15:13:17.319  3381  3397 I AebsFrameSubscriber: onMessagesAvailable callback
09-01 15:13:17.319  3381  3397 I AebsFrameSubscriber: readNextMessages count=1
09-01 15:13:17.319  3381  3397 I MainActivity: onGatewayFrame: frame seq=23768 egoSpeed=6.876007 pts=0 intervention=false warning=false braking=true lifecycle=released_verified_stop range=null bearing=null rss=10.535003
09-01 15:13:17.419  3426  3426 I de4sdv_aebs_ingress: frame accepted and published sequence=23769
09-01 15:13:17.419  3381  3397 I AebsFrameSubscriber: onMessagesAvailable callback
09-01 15:13:17.419  3381  3397 I AebsFrameSubscriber: readNextMessages count=1
09-01 15:13:17.419  3381  3397 I MainActivity: onGatewayFrame: frame seq=23769 egoSpeed=6.876007 pts=0 intervention=false warning=false braking=true lifecycle=released_verified_stop range=null bearing=null rss=10.535003
09-01 15:13:17.519  3426  3426 I de4sdv_aebs_ingress: frame accepted and published sequence=23770
09-01 15:13:17.519  3381  3397 I AebsFrameSubscriber: onMessagesAvailable callback
09-01 15:13:17.520  3381  3397 I AebsFrameSubscriber: readNextMessages count=1
09-01 15:13:17.520  3381  3397 I MainActivity: onGatewayFrame: frame seq=23770 egoSpeed=6.876007 pts=0 intervention=false warning=false braking=true lifecycle=released_verified_stop range=null bearing=null rss=10.535003
09-01 15:13:17.619  3426  3426 I de4sdv_aebs_ingress: frame accepted and published sequence=23771
09-01 15:13:17.619  3381  3397 I AebsFrameSubscriber: onMessagesAvailable callback
09-01 15:13:17.620  3381  3397 I AebsFrameSubscriber: readNextMessages count=1
09-01 15:13:17.620  3381  3397 I MainActivity: onGatewayFrame: frame seq=23771 egoSpeed=6.876007 pts=0 intervention=false warning=false braking=true lifecycle=released_verified_stop range=null bearing=null rss=10.535003
09-01 15:13:17.718  3426  3426 I de4sdv_aebs_ingress: frame accepted and published sequence=23772
09-01 15:13:17.719  3381  3397 I AebsFrameSubscriber: onMessagesAvailable callback
09-01 15:13:17.719  3381  3397 I AebsFrameSubscriber: readNextMessages count=1
09-01 15:13:17.719  3381  3397 I MainActivity: onGatewayFrame: frame seq=23772 egoSpeed=6.876007 pts=0 intervention=false warning=false braking=true lifecycle=released_verified_stop range=null bearing=null rss=10.535003
09-01 15:13:17.819  3426  3426 I de4sdv_aebs_ingress: frame accepted and published sequence=23773
09-01 15:13:17.820  3381  3397 I AebsFrameSubscriber: onMessagesAvailable callback
09-01 15:13:17.820  3381  3397 I AebsFrameSubscriber: readNextMessages count=1
09-01 15:13:17.820  3381  3397 I MainActivity: onGatewayFrame: frame seq=23773 egoSpeed=6.876007 pts=0 intervention=false warning=false braking=true lifecycle=released_verified_stop range=null bearing=null rss=10.535003
09-01 15:13:17.836  3347  3347 I adbd    : adbd service requested 'shell,raw:cut -d. -f1 /proc/uptime'
09-01 15:13:17.918  3426  3426 I de4sdv_aebs_ingress: frame accepted and published sequence=23774
09-01 15:13:17.919  3381  3397 I AebsFrameSubscriber: onMessagesAvailable callback
09-01 15:13:17.919  3381  3397 I AebsFrameSubscriber: readNextMessages count=1
09-01 15:13:17.919  3381  3397 I MainActivity: onGatewayFrame: frame seq=23774 egoSpeed=6.876007 pts=0 intervention=false warning=false braking=true lifecycle=released_verified_stop range=null bearing=null rss=10.535003
09-01 15:13:18.019  3426  3426 I de4sdv_aebs_ingress: frame accepted and published sequence=23775
09-01 15:13:18.020  3381  3397 I AebsFrameSubscriber: onMessagesAvailable callback
09-01 15:13:18.020  3381  3397 I AebsFrameSubscriber: readNextMessages count=1
09-01 15:13:18.020  3381  3397 I MainActivity: onGatewayFrame: frame seq=23775 egoSpeed=6.876007 pts=0 intervention=false warning=false braking=true lifecycle=released_verified_stop range=null bearing=null rss=10.535003
09-01 15:13:18.118  3426  3426 I de4sdv_aebs_ingress: frame accepted and published sequence=23776
09-01 15:13:18.119  3381  3397 I AebsFrameSubscriber: onMessagesAvailable callback
09-01 15:13:18.119  3381  3397 I AebsFrameSubscriber: readNextMessages count=1
09-01 15:13:18.119  3381  3397 I MainActivity: onGatewayFrame: frame seq=23776 egoSpeed=6.876007 pts=0 intervention=false warning=false braking=true lifecycle=released_verified_stop range=null bearing=null rss=10.535003
09-01 15:13:18.218  3426  3426 I de4sdv_aebs_ingress: frame accepted and published sequence=23777
09-01 15:13:18.219  3381  3397 I AebsFrameSubscriber: onMessagesAvailable callback
09-01 15:13:18.220  3381  3397 I AebsFrameSubscriber: readNextMessages count=1
09-01 15:13:18.220  3381  3397 I MainActivity: onGatewayFrame: frame seq=23777 egoSpeed=6.876007 pts=0 intervention=false warning=false braking=true lifecycle=released_verified_stop range=null bearing=null rss=10.535003
09-01 15:13:18.319  3426  3426 I de4sdv_aebs_ingress: frame accepted and published sequence=23778
09-01 15:13:18.320  3381  3397 I AebsFrameSubscriber: onMessagesAvailable callback
09-01 15:13:18.320  3381  3397 I AebsFrameSubscriber: readNextMessages count=1
09-01 15:13:18.320  3381  3397 I MainActivity: onGatewayFrame: frame seq=23778 egoSpeed=6.876007 pts=0 intervention=false warning=false braking=true lifecycle=released_verified_stop range=null bearing=null rss=10.535003
09-01 15:13:18.418  3426  3426 I de4sdv_aebs_ingress: frame accepted and published sequence=23779
09-01 15:13:18.419  3381  3397 I AebsFrameSubscriber: onMessagesAvailable callback
09-01 15:13:18.419  3381  3397 I AebsFrameSubscriber: readNextMessages count=1
09-01 15:13:18.419  3381  3397 I MainActivity: onGatewayFrame: frame seq=23779 egoSpeed=6.876007 pts=0 intervention=false warning=false braking=true lifecycle=released_verified_stop range=null bearing=null rss=10.535003
09-01 15:13:18.519  3426  3426 I de4sdv_aebs_ingress: frame accepted and published sequence=23780
09-01 15:13:18.520  3381  3397 I AebsFrameSubscriber: onMessagesAvailable callback
09-01 15:13:18.520  3381  3397 I AebsFrameSubscriber: readNextMessages count=1
09-01 15:13:18.520  3381  3397 I MainActivity: onGatewayFrame: frame seq=23780 egoSpeed=6.876007 pts=0 intervention=false warning=false braking=true lifecycle=released_verified_stop range=null bearing=null rss=10.535003
09-01 15:13:18.619  3426  3426 I de4sdv_aebs_ingress: frame accepted and published sequence=23781
09-01 15:13:18.620  3381  3397 I AebsFrameSubscriber: onMessagesAvailable callback
09-01 15:13:18.620  3381  3397 I AebsFrameSubscriber: readNextMessages count=1
09-01 15:13:18.620  3381  3397 I MainActivity: onGatewayFrame: frame seq=23781 egoSpeed=6.876007 pts=0 intervention=false warning=false braking=true lifecycle=released_verified_stop range=null bearing=null rss=10.535003
09-01 15:13:18.718  3426  3426 I de4sdv_aebs_ingress: frame accepted and published sequence=23782
09-01 15:13:18.720  3381  3397 I AebsFrameSubscriber: onMessagesAvailable callback
09-01 15:13:18.720  3381  3397 I AebsFrameSubscriber: readNextMessages count=1
09-01 15:13:18.721  3381  3397 I MainActivity: onGatewayFrame: frame seq=23782 egoSpeed=6.876007 pts=0 intervention=false warning=false braking=true lifecycle=released_verified_stop range=null bearing=null rss=10.535003
09-01 15:13:18.819  3426  3426 I de4sdv_aebs_ingress: frame accepted and published sequence=23783
09-01 15:13:18.820  3381  3397 I AebsFrameSubscriber: onMessagesAvailable callback
09-01 15:13:18.820  3381  3397 I AebsFrameSubscriber: readNextMessages count=1
09-01 15:13:18.820  3381  3397 I MainActivity: onGatewayFrame: frame seq=23783 egoSpeed=6.876007 pts=0 intervention=false warning=false braking=true lifecycle=released_verified_stop range=null bearing=null rss=10.535003
09-01 15:13:18.838   876   876 D EmulatedVehicleHardware: Set value for property ID: 290459441
09-01 15:13:18.838   876  1883 E VhalProxy: Publisher with id: 290459441 does not exist in vhal proxy
09-01 15:13:18.918  3426  3426 I de4sdv_aebs_ingress: frame accepted and published sequence=23784
09-01 15:13:18.919  3381  3397 I AebsFrameSubscriber: onMessagesAvailable callback
09-01 15:13:18.919  3381  3397 I AebsFrameSubscriber: readNextMessages count=1
09-01 15:13:18.919  3381  3397 I MainActivity: onGatewayFrame: frame seq=23784 egoSpeed=6.876007 pts=0 intervention=false warning=false braking=true lifecycle=released_verified_stop range=null bearing=null rss=10.535003
09-01 15:13:19.019  3426  3426 I de4sdv_aebs_ingress: frame accepted and published sequence=23785
09-01 15:13:19.020  3381  3397 I AebsFrameSubscriber: onMessagesAvailable callback
09-01 15:13:19.020  3381  3397 I AebsFrameSubscriber: readNextMessages count=1
09-01 15:13:19.020  3381  3397 I MainActivity: onGatewayFrame: frame seq=23785 egoSpeed=6.876007 pts=0 intervention=false warning=false braking=true lifecycle=released_verified_stop range=null bearing=null rss=10.535003
09-01 15:13:19.118  3426  3426 I de4sdv_aebs_ingress: frame accepted and published sequence=23786
09-01 15:13:19.119  3381  3397 I AebsFrameSubscriber: onMessagesAvailable callback
09-01 15:13:19.119  3381  3397 I AebsFrameSubscriber: readNextMessages count=1
09-01 15:13:19.119  3381  3397 I MainActivity: onGatewayFrame: frame seq=23786 egoSpeed=6.876007 pts=0 intervention=false warning=false braking=true lifecycle=released_verified_stop range=null bearing=null rss=10.535003
09-01 15:13:19.218  3426  3426 I de4sdv_aebs_ingress: frame accepted and published sequence=23787
09-01 15:13:19.219  3381  3397 I AebsFrameSubscriber: onMessagesAvailable callback
09-01 15:13:19.219  3381  3397 I AebsFrameSubscriber: readNextMessages count=1
09-01 15:13:19.219  3381  3397 I MainActivity: onGatewayFrame: frame seq=23787 egoSpeed=6.876007 pts=0 intervention=false warning=false braking=true lifecycle=released_verified_stop range=null bearing=null rss=10.535003
09-01 15:13:19.318  3426  3426 I de4sdv_aebs_ingress: frame accepted and published sequence=23788
09-01 15:13:19.319  3381  3397 I AebsFrameSubscriber: onMessagesAvailable callback
09-01 15:13:19.319  3381  3397 I AebsFrameSubscriber: readNextMessages count=1
09-01 15:13:19.319  3381  3397 I MainActivity: onGatewayFrame: frame seq=23788 egoSpeed=6.876007 pts=0 intervention=false warning=false braking=true lifecycle=released_verified_stop range=null bearing=null rss=10.535003
09-01 15:13:19.418  3426  3426 I de4sdv_aebs_ingress: frame accepted and published sequence=23789
09-01 15:13:19.419  3381  3397 I AebsFrameSubscriber: onMessagesAvailable callback
09-01 15:13:19.419  3381  3397 I AebsFrameSubscriber: readNextMessages count=1
09-01 15:13:19.419  3381  3397 I MainActivity: onGatewayFrame: frame seq=23789 egoSpeed=6.876007 pts=0 intervention=false warning=false braking=true lifecycle=released_verified_stop range=null bearing=null rss=10.535003
09-01 15:13:19.518  3426  3426 I de4sdv_aebs_ingress: frame accepted and published sequence=23790
09-01 15:13:19.519  3381  3397 I AebsFrameSubscriber: onMessagesAvailable callback
09-01 15:13:19.519  3381  3397 I AebsFrameSubscriber: readNextMessages count=1
09-01 15:13:19.519  3381  3397 I MainActivity: onGatewayFrame: frame seq=23790 egoSpeed=6.876007 pts=0 intervention=false warning=false braking=true lifecycle=released_verified_stop range=null bearing=null rss=10.535003
09-01 15:13:19.618  3426  3426 I de4sdv_aebs_ingress: frame accepted and published sequence=23791
09-01 15:13:19.618  3381  3397 I AebsFrameSubscriber: onMessagesAvailable callback
09-01 15:13:19.619  3381  3397 I AebsFrameSubscriber: readNextMessages count=1
09-01 15:13:19.619  3381  3397 I MainActivity: onGatewayFrame: frame seq=23791 egoSpeed=6.876007 pts=0 intervention=false warning=false braking=true lifecycle=released_verified_stop range=null bearing=null rss=10.535003
09-01 15:13:19.718  3426  3426 I de4sdv_aebs_ingress: frame accepted and published sequence=23792
09-01 15:13:19.718  3381  3397 I AebsFrameSubscriber: onMessagesAvailable callback
09-01 15:13:19.718  3381  3397 I AebsFrameSubscriber: readNextMessages count=1
09-01 15:13:19.718  3381  3397 I MainActivity: onGatewayFrame: frame seq=23792 egoSpeed=6.876007 pts=0 intervention=false warning=false braking=true lifecycle=released_verified_stop range=null bearing=null rss=10.535003
09-01 15:13:19.818  3426  3426 I de4sdv_aebs_ingress: frame accepted and published sequence=23793
09-01 15:13:19.818  3381  3397 I AebsFrameSubscriber: onMessagesAvailable callback
09-01 15:13:19.818  3381  3397 I AebsFrameSubscriber: readNextMessages count=1
09-01 15:13:19.818  3381  3397 I MainActivity: onGatewayFrame: frame seq=23793 egoSpeed=6.876007 pts=0 intervention=false warning=false braking=true lifecycle=released_verified_stop range=null bearing=null rss=10.535003
09-01 15:13:19.918  3426  3426 I de4sdv_aebs_ingress: frame accepted and published sequence=23794
09-01 15:13:19.919  3381  3397 I AebsFrameSubscriber: onMessagesAvailable callback
09-01 15:13:19.919  3381  3397 I AebsFrameSubscriber: readNextMessages count=1
09-01 15:13:19.919  3381  3397 I MainActivity: onGatewayFrame: frame seq=23794 egoSpeed=6.876007 pts=0 intervention=false warning=false braking=true lifecycle=released_verified_stop range=null bearing=null rss=10.535003
09-01 15:13:20.018  3426  3426 I de4sdv_aebs_ingress: frame accepted and published sequence=23795
09-01 15:13:20.018  3381  3397 I AebsFrameSubscriber: onMessagesAvailable callback
09-01 15:13:20.019  3381  3397 I AebsFrameSubscriber: readNextMessages count=1
09-01 15:13:20.019  3381  3397 I MainActivity: onGatewayFrame: frame seq=23795 egoSpeed=6.876007 pts=0 intervention=false warning=false braking=true lifecycle=released_verified_stop range=null bearing=null rss=10.535003
09-01 15:13:20.118  3426  3426 I de4sdv_aebs_ingress: frame accepted and published sequence=23796
09-01 15:13:20.118  3381  3397 I AebsFrameSubscriber: onMessagesAvailable callback
09-01 15:13:20.119  3381  3397 I AebsFrameSubscriber: readNextMessages count=1
09-01 15:13:20.119  3381  3397 I MainActivity: onGatewayFrame: frame seq=23796 egoSpeed=6.876007 pts=0 intervention=false warning=false braking=true lifecycle=released_verified_stop range=null bearing=null rss=10.535003
09-01 15:13:20.218  3426  3426 I de4sdv_aebs_ingress: frame accepted and published sequence=23797
09-01 15:13:20.219  3381  3397 I AebsFrameSubscriber: onMessagesAvailable callback
09-01 15:13:20.219  3381  3397 I AebsFrameSubscriber: readNextMessages count=1
09-01 15:13:20.219  3381  3397 I MainActivity: onGatewayFrame: frame seq=23797 egoSpeed=6.876007 pts=0 intervention=false warning=false braking=true lifecycle=released_verified_stop range=null bearing=null rss=10.535003
09-01 15:13:20.318  3426  3426 I de4sdv_aebs_ingress: frame accepted and published sequence=23798
09-01 15:13:20.318  3381  3397 I AebsFrameSubscriber: onMessagesAvailable callback
09-01 15:13:20.319  3381  3397 I AebsFrameSubscriber: readNextMessages count=1
09-01 15:13:20.319  3381  3397 I MainActivity: onGatewayFrame: frame seq=23798 egoSpeed=6.876007 pts=0 intervention=false warning=false braking=true lifecycle=released_verified_stop range=null bearing=null rss=10.535003
09-01 15:13:20.418  3426  3426 I de4sdv_aebs_ingress: frame accepted and published sequence=23799
09-01 15:13:20.418  3381  3397 I AebsFrameSubscriber: onMessagesAvailable callback
09-01 15:13:20.418  3381  3397 I AebsFrameSubscriber: readNextMessages count=1
09-01 15:13:20.418  3381  3397 I MainActivity: onGatewayFrame: frame seq=23799 egoSpeed=6.876007 pts=0 intervention=false warning=false braking=true lifecycle=released_verified_stop range=null bearing=null rss=10.535003
09-01 15:13:20.518  3426  3426 I de4sdv_aebs_ingress: frame accepted and published sequence=23800
09-01 15:13:20.518  3381  3397 I AebsFrameSubscriber: onMessagesAvailable callback
09-01 15:13:20.519  3381  3397 I AebsFrameSubscriber: readNextMessages count=1
09-01 15:13:20.519  3381  3397 I MainActivity: onGatewayFrame: frame seq=23800 egoSpeed=6.876007 pts=0 intervention=false warning=false braking=true lifecycle=released_verified_stop range=null bearing=null rss=10.535003
09-01 15:13:20.618  3426  3426 I de4sdv_aebs_ingress: frame accepted and published sequence=23801
09-01 15:13:20.618  3381  3397 I AebsFrameSubscriber: onMessagesAvailable callback
09-01 15:13:20.618  3381  3397 I AebsFrameSubscriber: readNextMessages count=1
09-01 15:13:20.619  3381  3397 I MainActivity: onGatewayFrame: frame seq=23801 egoSpeed=6.876007 pts=0 intervention=false warning=false braking=true lifecycle=released_verified_stop range=null bearing=null rss=10.535003
09-01 15:13:20.717  3426  3426 I de4sdv_aebs_ingress: frame accepted and published sequence=23802
09-01 15:13:20.718  3381  3397 I AebsFrameSubscriber: onMessagesAvailable callback
09-01 15:13:20.718  3381  3397 I AebsFrameSubscriber: readNextMessages count=1
09-01 15:13:20.718  3381  3397 I MainActivity: onGatewayFrame: frame seq=23802 egoSpeed=6.876007 pts=0 intervention=false warning=false braking=true lifecycle=released_verified_stop range=null bearing=null rss=10.535003
09-01 15:13:20.817  3426  3426 I de4sdv_aebs_ingress: frame accepted and published sequence=23803
09-01 15:13:20.818  3381  3397 I AebsFrameSubscriber: onMessagesAvailable callback
09-01 15:13:20.818  3381  3397 I AebsFrameSubscriber: readNextMessages count=1
09-01 15:13:20.818  3381  3397 I MainActivity: onGatewayFrame: frame seq=23803 egoSpeed=6.876007 pts=0 intervention=false warning=false braking=true lifecycle=released_verified_stop range=null bearing=null rss=10.535003
09-01 15:13:20.918  3426  3426 I de4sdv_aebs_ingress: frame accepted and published sequence=23804
09-01 15:13:20.918  3381  3397 I AebsFrameSubscriber: onMessagesAvailable callback
09-01 15:13:20.919  3381  3397 I AebsFrameSubscriber: readNextMessages count=1
09-01 15:13:20.919  3381  3397 I MainActivity: onGatewayFrame: frame seq=23804 egoSpeed=6.876007 pts=0 intervention=false warning=false braking=true lifecycle=released_verified_stop range=null bearing=null rss=10.535003
09-01 15:13:21.018  3426  3426 I de4sdv_aebs_ingress: frame accepted and published sequence=23805
09-01 15:13:21.018  3381  3397 I AebsFrameSubscriber: onMessagesAvailable callback
09-01 15:13:21.018  3381  3397 I AebsFrameSubscriber: readNextMessages count=1
09-01 15:13:21.018  3381  3397 I MainActivity: onGatewayFrame: frame seq=23805 egoSpeed=6.876007 pts=0 intervention=false warning=false braking=true lifecycle=released_verified_stop range=null bearing=null rss=10.535003
09-01 15:13:21.118  3426  3426 I de4sdv_aebs_ingress: frame accepted and published sequence=23806
09-01 15:13:21.118  3381  3397 I AebsFrameSubscriber: onMessagesAvailable callback
09-01 15:13:21.118  3381  3397 I AebsFrameSubscriber: readNextMessages count=1
09-01 15:13:21.118  3381  3397 I MainActivity: onGatewayFrame: frame seq=23806 egoSpeed=6.876007 pts=0 intervention=false warning=false braking=true lifecycle=released_verified_stop range=null bearing=null rss=10.535003
09-01 15:13:21.218  3426  3426 I de4sdv_aebs_ingress: frame accepted and published sequence=23807
09-01 15:13:21.218  3381  3397 I AebsFrameSubscriber: onMessagesAvailable callback
09-01 15:13:21.219  3381  3397 I AebsFrameSubscriber: readNextMessages count=1
09-01 15:13:21.219  3381  3397 I MainActivity: onGatewayFrame: frame seq=23807 egoSpeed=6.876007 pts=0 intervention=false warning=false braking=true lifecycle=released_verified_stop range=null bearing=null rss=10.535003
09-01 15:13:21.318  3426  3426 I de4sdv_aebs_ingress: frame accepted and published sequence=23808
09-01 15:13:21.318  3381  3397 I AebsFrameSubscriber: onMessagesAvailable callback
09-01 15:13:21.319  3381  3397 I AebsFrameSubscriber: readNextMessages count=1
09-01 15:13:21.319  3381  3397 I MainActivity: onGatewayFrame: frame seq=23808 egoSpeed=6.876007 pts=0 intervention=false warning=false braking=true lifecycle=released_verified_stop range=null bearing=null rss=10.535003
09-01 15:13:21.418  3426  3426 I de4sdv_aebs_ingress: frame accepted and published sequence=23809
09-01 15:13:21.418  3381  3397 I AebsFrameSubscriber: onMessagesAvailable callback
09-01 15:13:21.418  3381  3397 I AebsFrameSubscriber: readNextMessages count=1
09-01 15:13:21.418  3381  3397 I MainActivity: onGatewayFrame: frame seq=23809 egoSpeed=6.876007 pts=0 intervention=false warning=false braking=true lifecycle=released_verified_stop range=null bearing=null rss=10.535003
09-01 15:13:21.517  3426  3426 I de4sdv_aebs_ingress: frame accepted and published sequence=23810
09-01 15:13:21.518  3381  3397 I AebsFrameSubscriber: onMessagesAvailable callback
09-01 15:13:21.518  3381  3397 I AebsFrameSubscriber: readNextMessages count=1
09-01 15:13:21.518  3381  3397 I MainActivity: onGatewayFrame: frame seq=23810 egoSpeed=6.876007 pts=0 intervention=false warning=false braking=true lifecycle=released_verified_stop range=null bearing=null rss=10.535003
09-01 15:13:21.618  3426  3426 I de4sdv_aebs_ingress: frame accepted and published sequence=23811
09-01 15:13:21.618  3381  3397 I AebsFrameSubscriber: onMessagesAvailable callback
09-01 15:13:21.618  3381  3397 I AebsFrameSubscriber: readNextMessages count=1
09-01 15:13:21.618  3381  3397 I MainActivity: onGatewayFrame: frame seq=23811 egoSpeed=6.876007 pts=0 intervention=false warning=false braking=true lifecycle=released_verified_stop range=null bearing=null rss=10.535003
09-01 15:13:21.718  3426  3426 I de4sdv_aebs_ingress: frame accepted and published sequence=23812
09-01 15:13:21.719  3381  3397 I AebsFrameSubscriber: onMessagesAvailable callback
09-01 15:13:21.719  3381  3397 I AebsFrameSubscriber: readNextMessages count=1
09-01 15:13:21.719  3381  3397 I MainActivity: onGatewayFrame: frame seq=23812 egoSpeed=6.876007 pts=0 intervention=false warning=false braking=true lifecycle=released_verified_stop range=null bearing=null rss=10.535003
09-01 15:13:21.817  3426  3426 I de4sdv_aebs_ingress: frame accepted and published sequence=23813
09-01 15:13:21.818  3381  3397 I AebsFrameSubscriber: onMessagesAvailable callback
09-01 15:13:21.819  3381  3397 I AebsFrameSubscriber: readNextMessages count=1
09-01 15:13:21.819  3381  3397 I MainActivity: onGatewayFrame: frame seq=23813 egoSpeed=6.876007 pts=0 intervention=false warning=false braking=true lifecycle=released_verified_stop range=null bearing=null rss=10.535003
09-01 15:13:21.842   876   876 D EmulatedVehicleHardware: Set value for property ID: 290459441
09-01 15:13:21.842   876  1883 E VhalProxy: Publisher with id: 290459441 does not exist in vhal proxy
09-01 15:13:21.918  3426  3426 I de4sdv_aebs_ingress: frame accepted and published sequence=23814
09-01 15:13:21.918  3381  3397 I AebsFrameSubscriber: onMessagesAvailable callback
09-01 15:13:21.918  3381  3397 I AebsFrameSubscriber: readNextMessages count=1
09-01 15:13:21.919  3381  3397 I MainActivity: onGatewayFrame: frame seq=23814 egoSpeed=6.876007 pts=0 intervention=false warning=false braking=true lifecycle=released_verified_stop range=null bearing=null rss=10.535003
09-01 15:13:21.990  1017  1489 I WifiService: getConnectionInfo uid=1010110
09-01 15:13:22.017  3426  3426 I de4sdv_aebs_ingress: frame accepted and published sequence=23815
09-01 15:13:22.018  3381  3397 I AebsFrameSubscriber: onMessagesAvailable callback
09-01 15:13:22.018  3381  3397 I AebsFrameSubscriber: readNextMessages count=1
09-01 15:13:22.019  3381  3397 I MainActivity: onGatewayFrame: frame seq=23815 egoSpeed=6.876007 pts=0 intervention=false warning=false braking=true lifecycle=released_verified_stop range=null bearing=null rss=10.535003
09-01 15:13:22.118  3426  3426 I de4sdv_aebs_ingress: frame accepted and published sequence=23816
09-01 15:13:22.118  3381  3397 I AebsFrameSubscriber: onMessagesAvailable callback
09-01 15:13:22.118  3381  3397 I AebsFrameSubscriber: readNextMessages count=1
09-01 15:13:22.119  3381  3397 I MainActivity: onGatewayFrame: frame seq=23816 egoSpeed=6.876007 pts=0 intervention=false warning=false braking=true lifecycle=released_verified_stop range=null bearing=null rss=10.535003
09-01 15:13:22.217  3426  3426 I de4sdv_aebs_ingress: frame accepted and published sequence=23817
09-01 15:13:22.218  3381  3397 I AebsFrameSubscriber: onMessagesAvailable callback
09-01 15:13:22.218  3381  3397 I AebsFrameSubscriber: readNextMessages count=1
09-01 15:13:22.219  3381  3397 I MainActivity: onGatewayFrame: frame seq=23817 egoSpeed=6.876007 pts=0 intervention=false warning=false braking=true lifecycle=released_verified_stop range=null bearing=null rss=10.535003
09-01 15:13:22.318  3426  3426 I de4sdv_aebs_ingress: frame accepted and published sequence=23818
09-01 15:13:22.318  3381  3397 I AebsFrameSubscriber: onMessagesAvailable callback
09-01 15:13:22.318  3381  3397 I AebsFrameSubscriber: readNextMessages count=1
09-01 15:13:22.318  3381  3397 I MainActivity: onGatewayFrame: frame seq=23818 egoSpeed=6.876007 pts=0 intervention=false warning=false braking=true lifecycle=released_verified_stop range=null bearing=null rss=10.535003
09-01 15:13:22.418  3426  3426 I de4sdv_aebs_ingress: frame accepted and published sequence=23819
09-01 15:13:22.418  3381  3397 I AebsFrameSubscriber: onMessagesAvailable callback
09-01 15:13:22.418  3381  3397 I AebsFrameSubscriber: readNextMessages count=1
09-01 15:13:22.418  3381  3397 I MainActivity: onGatewayFrame: frame seq=23819 egoSpeed=6.876007 pts=0 intervention=false warning=false braking=true lifecycle=released_verified_stop range=null bearing=null rss=10.535003
09-01 15:13:22.518  3426  3426 I de4sdv_aebs_ingress: frame accepted and published sequence=23820
09-01 15:13:22.519  3381  3397 I AebsFrameSubscriber: onMessagesAvailable callback
09-01 15:13:22.519  3381  3397 I AebsFrameSubscriber: readNextMessages count=1
09-01 15:13:22.519  3381  3397 I MainActivity: onGatewayFrame: frame seq=23820 egoSpeed=6.876007 pts=0 intervention=false warning=false braking=true lifecycle=released_verified_stop range=null bearing=null rss=10.535003
09-01 15:13:22.617  3426  3426 I de4sdv_aebs_ingress: frame accepted and published sequence=23821
09-01 15:13:22.618  3381  3397 I AebsFrameSubscriber: onMessagesAvailable callback
09-01 15:13:22.618  3381  3397 I AebsFrameSubscriber: readNextMessages count=1
09-01 15:13:22.618  3381  3397 I MainActivity: onGatewayFrame: frame seq=23821 egoSpeed=6.876007 pts=0 intervention=false warning=false braking=true lifecycle=released_verified_stop range=null bearing=null rss=10.535003
09-01 15:13:22.717  3426  3426 I de4sdv_aebs_ingress: frame accepted and published sequence=23822
09-01 15:13:22.718  3381  3397 I AebsFrameSubscriber: onMessagesAvailable callback
09-01 15:13:22.718  3381  3397 I AebsFrameSubscriber: readNextMessages count=1
09-01 15:13:22.718  3381  3397 I MainActivity: onGatewayFrame: frame seq=23822 egoSpeed=6.876007 pts=0 intervention=false warning=false braking=true lifecycle=released_verified_stop range=null bearing=null rss=10.535003
09-01 15:13:22.817  3426  3426 I de4sdv_aebs_ingress: frame accepted and published sequence=23823
09-01 15:13:22.818  3381  3397 I AebsFrameSubscriber: onMessagesAvailable callback
09-01 15:13:22.818  3381  3397 I AebsFrameSubscriber: readNextMessages count=1
09-01 15:13:22.818  3381  3397 I MainActivity: onGatewayFrame: frame seq=23823 egoSpeed=6.876007 pts=0 intervention=false warning=false braking=true lifecycle=released_verified_stop range=null bearing=null rss=10.535003
09-01 15:13:22.860  3347  3347 I adbd    : adbd service requested 'shell,raw:cut -d. -f1 /proc/uptime'
09-01 15:13:22.918  3426  3426 I de4sdv_aebs_ingress: frame accepted and published sequence=23824
09-01 15:13:22.919  3381  3397 I AebsFrameSubscriber: onMessagesAvailable callback
09-01 15:13:22.919  3381  3397 I AebsFrameSubscriber: readNextMessages count=1
09-01 15:13:22.919  3381  3397 I MainActivity: onGatewayFrame: frame seq=23824 egoSpeed=6.876007 pts=0 intervention=false warning=false braking=true lifecycle=released_verified_stop range=null bearing=null rss=10.535003
09-01 15:13:23.018  3426  3426 I de4sdv_aebs_ingress: frame accepted and published sequence=23825
09-01 15:13:23.018  3381  3397 I AebsFrameSubscriber: onMessagesAvailable callback
09-01 15:13:23.019  3381  3397 I AebsFrameSubscriber: readNextMessages count=1
09-01 15:13:23.019  3381  3397 I MainActivity: onGatewayFrame: frame seq=23825 egoSpeed=6.876007 pts=0 intervention=false warning=false braking=true lifecycle=released_verified_stop range=null bearing=null rss=10.535003
09-01 15:13:23.117  3426  3426 I de4sdv_aebs_ingress: frame accepted and published sequence=23826
09-01 15:13:23.118  3381  3397 I AebsFrameSubscriber: onMessagesAvailable callback
09-01 15:13:23.119  3381  3397 I AebsFrameSubscriber: readNextMessages count=1
09-01 15:13:23.119  3381  3397 I MainActivity: onGatewayFrame: frame seq=23826 egoSpeed=6.876007 pts=0 intervention=false warning=false braking=true lifecycle=released_verified_stop range=null bearing=null rss=10.535003
09-01 15:13:23.217  3426  3426 I de4sdv_aebs_ingress: frame accepted and published sequence=23827
09-01 15:13:23.218  3381  3397 I AebsFrameSubscriber: onMessagesAvailable callback
09-01 15:13:23.218  3381  3397 I AebsFrameSubscriber: readNextMessages count=1
09-01 15:13:23.218  3381  3397 I MainActivity: onGatewayFrame: frame seq=23827 egoSpeed=6.876007 pts=0 intervention=false warning=false braking=true lifecycle=released_verified_stop range=null bearing=null rss=10.535003
09-01 15:13:23.317  3426  3426 I de4sdv_aebs_ingress: frame accepted and published sequence=23828
09-01 15:13:23.318  3381  3397 I AebsFrameSubscriber: onMessagesAvailable callback
09-01 15:13:23.318  3381  3397 I AebsFrameSubscriber: readNextMessages count=1
09-01 15:13:23.318  3381  3397 I MainActivity: onGatewayFrame: frame seq=23828 egoSpeed=6.876007 pts=0 intervention=false warning=false braking=true lifecycle=released_verified_stop range=null bearing=null rss=10.535003
09-01 15:13:23.418  3426  3426 I de4sdv_aebs_ingress: frame accepted and published sequence=23829
09-01 15:13:23.418  3381  3397 I AebsFrameSubscriber: onMessagesAvailable callback
09-01 15:13:23.419  3381  3397 I AebsFrameSubscriber: readNextMessages count=1
09-01 15:13:23.419  3381  3397 I MainActivity: onGatewayFrame: frame seq=23829 egoSpeed=6.876007 pts=0 intervention=false warning=false braking=true lifecycle=released_verified_stop range=null bearing=null rss=10.535003
09-01 15:13:23.517  3426  3426 I de4sdv_aebs_ingress: frame accepted and published sequence=23830
09-01 15:13:23.518  3381  3397 I AebsFrameSubscriber: onMessagesAvailable callback
09-01 15:13:23.518  3381  3397 I AebsFrameSubscriber: readNextMessages count=1
09-01 15:13:23.518  3381  3397 I MainActivity: onGatewayFrame: frame seq=23830 egoSpeed=6.876007 pts=0 intervention=false warning=false braking=true lifecycle=released_verified_stop range=null bearing=null rss=10.535003
09-01 15:13:23.617  3426  3426 I de4sdv_aebs_ingress: frame accepted and published sequence=23831
09-01 15:13:23.618  3381  3397 I AebsFrameSubscriber: onMessagesAvailable callback
09-01 15:13:23.618  3381  3397 I AebsFrameSubscriber: readNextMessages count=1
09-01 15:13:23.618  3381  3397 I MainActivity: onGatewayFrame: frame seq=23831 egoSpeed=6.876007 pts=0 intervention=false warning=false braking=true lifecycle=released_verified_stop range=null bearing=null rss=10.535003
09-01 15:13:23.718  3426  3426 I de4sdv_aebs_ingress: frame accepted and published sequence=23832
09-01 15:13:23.719  3381  3397 I AebsFrameSubscriber: onMessagesAvailable callback
09-01 15:13:23.719  3381  3397 I AebsFrameSubscriber: readNextMessages count=1
09-01 15:13:23.719  3381  3397 I MainActivity: onGatewayFrame: frame seq=23832 egoSpeed=6.876007 pts=0 intervention=false warning=false braking=true lifecycle=released_verified_stop range=null bearing=null rss=10.535003
09-01 15:13:23.818  3426  3426 I de4sdv_aebs_ingress: frame accepted and published sequence=23833
09-01 15:13:23.818  3381  3397 I AebsFrameSubscriber: onMessagesAvailable callback
09-01 15:13:23.819  3381  3397 I AebsFrameSubscriber: readNextMessages count=1
09-01 15:13:23.819  3381  3397 I MainActivity: onGatewayFrame: frame seq=23833 egoSpeed=6.876007 pts=0 intervention=false warning=false braking=true lifecycle=released_verified_stop range=null bearing=null rss=10.535003
09-01 15:13:23.918  3426  3426 I de4sdv_aebs_ingress: frame accepted and published sequence=23834
09-01 15:13:23.919  3381  3397 I AebsFrameSubscriber: onMessagesAvailable callback
09-01 15:13:23.919  3381  3397 I AebsFrameSubscriber: readNextMessages count=1
09-01 15:13:23.919  3381  3397 I MainActivity: onGatewayFrame: frame seq=23834 egoSpeed=6.876007 pts=0 intervention=false warning=false braking=true lifecycle=released_verified_stop range=null bearing=null rss=10.535003
09-01 15:13:24.017  3426  3426 I de4sdv_aebs_ingress: frame accepted and published sequence=23835
09-01 15:13:24.018  3381  3397 I AebsFrameSubscriber: onMessagesAvailable callback
09-01 15:13:24.018  3381  3397 I AebsFrameSubscriber: readNextMessages count=1
09-01 15:13:24.018  3381  3397 I MainActivity: onGatewayFrame: frame seq=23835 egoSpeed=6.876007 pts=0 intervention=false warning=false braking=true lifecycle=released_verified_stop range=null bearing=null rss=10.535003
09-01 15:13:24.117  3426  3426 I de4sdv_aebs_ingress: frame accepted and published sequence=23836
09-01 15:13:24.118  3381  3397 I AebsFrameSubscriber: onMessagesAvailable callback
09-01 15:13:24.118  3381  3397 I AebsFrameSubscriber: readNextMessages count=1
09-01 15:13:24.119  3381  3397 I MainActivity: onGatewayFrame: frame seq=23836 egoSpeed=6.876007 pts=0 intervention=false warning=false braking=true lifecycle=released_verified_stop range=null bearing=null rss=10.535003
09-01 15:13:24.217  3426  3426 I de4sdv_aebs_ingress: frame accepted and published sequence=23837
09-01 15:13:24.218  3381  3397 I AebsFrameSubscriber: onMessagesAvailable callback
09-01 15:13:24.218  3381  3397 I AebsFrameSubscriber: readNextMessages count=1
09-01 15:13:24.218  3381  3397 I MainActivity: onGatewayFrame: frame seq=23837 egoSpeed=6.876007 pts=0 intervention=false warning=false braking=true lifecycle=released_verified_stop range=null bearing=null rss=10.535003
09-01 15:13:24.318  3426  3426 I de4sdv_aebs_ingress: frame accepted and published sequence=23838
09-01 15:13:24.319  3381  3397 I AebsFrameSubscriber: onMessagesAvailable callback
09-01 15:13:24.319  3381  3397 I AebsFrameSubscriber: readNextMessages count=1
09-01 15:13:24.319  3381  3397 I MainActivity: onGatewayFrame: frame seq=23838 egoSpeed=6.876007 pts=0 intervention=false warning=false braking=true lifecycle=released_verified_stop range=null bearing=null rss=10.535003
09-01 15:13:24.417  3426  3426 I de4sdv_aebs_ingress: frame accepted and published sequence=23839
09-01 15:13:24.418  3381  3397 I AebsFrameSubscriber: onMessagesAvailable callback
09-01 15:13:24.418  3381  3397 I AebsFrameSubscriber: readNextMessages count=1
09-01 15:13:24.418  3381  3397 I MainActivity: onGatewayFrame: frame seq=23839 egoSpeed=6.876007 pts=0 intervention=false warning=false braking=true lifecycle=released_verified_stop range=null bearing=null rss=10.535003
09-01 15:13:24.518  3426  3426 I de4sdv_aebs_ingress: frame accepted and published sequence=23840
09-01 15:13:24.519  3381  3397 I AebsFrameSubscriber: onMessagesAvailable callback
09-01 15:13:24.519  3381  3397 I AebsFrameSubscriber: readNextMessages count=1
09-01 15:13:24.519  3381  3397 I MainActivity: onGatewayFrame: frame seq=23840 egoSpeed=6.876007 pts=0 intervention=false warning=false braking=true lifecycle=released_verified_stop range=null bearing=null rss=10.535003
09-01 15:13:24.618  3426  3426 I de4sdv_aebs_ingress: frame accepted and published sequence=23841
09-01 15:13:24.618  3381  3397 I AebsFrameSubscriber: onMessagesAvailable callback
09-01 15:13:24.618  3381  3397 I AebsFrameSubscriber: readNextMessages count=1
09-01 15:13:24.618  3381  3397 I MainActivity: onGatewayFrame: frame seq=23841 egoSpeed=6.876007 pts=0 intervention=false warning=false braking=true lifecycle=released_verified_stop range=null bearing=null rss=10.535003
09-01 15:13:24.719  3426  3426 I de4sdv_aebs_ingress: frame accepted and published sequence=23842
09-01 15:13:24.719  3381  3397 I AebsFrameSubscriber: onMessagesAvailable callback
09-01 15:13:24.720  3381  3397 I AebsFrameSubscriber: readNextMessages count=1
09-01 15:13:24.720  3381  3397 I MainActivity: onGatewayFrame: frame seq=23842 egoSpeed=6.876007 pts=0 intervention=false warning=false braking=true lifecycle=released_verified_stop range=null bearing=null rss=10.535003
09-01 15:13:24.819  3426  3426 I de4sdv_aebs_ingress: frame accepted and published sequence=23843
09-01 15:13:24.820  3381  3397 I AebsFrameSubscriber: onMessagesAvailable callback
09-01 15:13:24.820  3381  3397 I AebsFrameSubscriber: readNextMessages count=1
09-01 15:13:24.820  3381  3397 I MainActivity: onGatewayFrame: frame seq=23843 egoSpeed=6.876007 pts=0 intervention=false warning=false braking=true lifecycle=released_verified_stop range=null bearing=null rss=10.535003
09-01 15:13:24.846   876   876 D EmulatedVehicleHardware: Set value for property ID: 290459441
09-01 15:13:24.846   876  1883 E VhalProxy: Publisher with id: 290459441 does not exist in vhal proxy
09-01 15:13:24.917  3426  3426 I de4sdv_aebs_ingress: frame accepted and published sequence=23844
09-01 15:13:24.918  3381  3397 I AebsFrameSubscriber: onMessagesAvailable callback
09-01 15:13:24.918  3381  3397 I AebsFrameSubscriber: readNextMessages count=1
09-01 15:13:24.918  3381  3397 I MainActivity: onGatewayFrame: frame seq=23844 egoSpeed=6.876007 pts=0 intervention=false warning=false braking=true lifecycle=released_verified_stop range=null bearing=null rss=10.535003
09-01 15:13:25.006  1766  1789 D SdvServiceManagerServer: main::mesh::manager: Watcher task instance3 woken up by: Timeout
09-01 15:13:25.006  1766  1790 D SdvServiceManagerServer: main::mesh::manager: Watcher task instance2 woken up by: Timeout
09-01 15:13:25.006  1766  1790 D SdvServiceManagerServer: main::mesh::custom_verifier: Created ExternalVerifier with address 0x7c6bc800bd30
09-01 15:13:25.006  1766  1789 D SdvServiceManagerServer: main::mesh::custom_verifier: Created ExternalVerifier with address 0x7c6bc800ec70
09-01 15:13:25.006  1766  1790 I SdvServiceManagerServer: main::mesh::async_client: Connecting to instance2 at 192.168.99.4:2000 using secure TLS channel with DICE authentication
09-01 15:13:25.006  1766  1789 I SdvServiceManagerServer: main::mesh::async_client: Connecting to instance3 at 192.168.99.5:2000 using secure TLS channel with DICE authentication
09-01 15:13:25.018  3426  3426 I de4sdv_aebs_ingress: frame accepted and published sequence=23845
09-01 15:13:25.019  3381  3397 I AebsFrameSubscriber: onMessagesAvailable callback
09-01 15:13:25.019  3381  3397 I AebsFrameSubscriber: readNextMessages count=1
09-01 15:13:25.019  3381  3397 I MainActivity: onGatewayFrame: frame seq=23845 egoSpeed=6.876007 pts=0 intervention=false warning=false braking=true lifecycle=released_verified_stop range=null bearing=null rss=10.535003
09-01 15:13:25.118  3426  3426 I de4sdv_aebs_ingress: frame accepted and published sequence=23846
09-01 15:13:25.119  3381  3397 I AebsFrameSubscriber: onMessagesAvailable callback
09-01 15:13:25.119  3381  3397 I AebsFrameSubscriber: readNextMessages count=1
09-01 15:13:25.119  3381  3397 I MainActivity: onGatewayFrame: frame seq=23846 egoSpeed=6.876007 pts=0 intervention=false warning=false braking=true lifecycle=released_verified_stop range=null bearing=null rss=10.535003
09-01 15:13:25.219  3426  3426 I de4sdv_aebs_ingress: frame accepted and published sequence=23847
09-01 15:13:25.220  3381  3397 I AebsFrameSubscriber: onMessagesAvailable callback
09-01 15:13:25.220  3381  3397 I AebsFrameSubscriber: readNextMessages count=1
09-01 15:13:25.220  3381  3397 I MainActivity: onGatewayFrame: frame seq=23847 egoSpeed=6.876007 pts=0 intervention=false warning=false braking=true lifecycle=released_verified_stop range=null bearing=null rss=10.535003
09-01 15:13:25.319  3426  3426 I de4sdv_aebs_ingress: frame accepted and published sequence=23848
09-01 15:13:25.319  3381  3397 I AebsFrameSubscriber: onMessagesAvailable callback
09-01 15:13:25.319  3381  3397 I AebsFrameSubscriber: readNextMessages count=1
09-01 15:13:25.319  3381  3397 I MainActivity: onGatewayFrame: frame seq=23848 egoSpeed=6.876007 pts=0 intervention=false warning=false braking=true lifecycle=released_verified_stop range=null bearing=null rss=10.535003
09-01 15:13:25.418  3426  3426 I de4sdv_aebs_ingress: frame accepted and published sequence=23849
09-01 15:13:25.419  3381  3397 I AebsFrameSubscriber: onMessagesAvailable callback
09-01 15:13:25.419  3381  3397 I AebsFrameSubscriber: readNextMessages count=1
09-01 15:13:25.419  3381  3397 I MainActivity: onGatewayFrame: frame seq=23849 egoSpeed=6.876007 pts=0 intervention=false warning=false braking=true lifecycle=released_verified_stop range=null bearing=null rss=10.535003
09-01 15:13:25.518  3426  3426 I de4sdv_aebs_ingress: frame accepted and published sequence=23850
09-01 15:13:25.518  3381  3397 I AebsFrameSubscriber: onMessagesAvailable callback
09-01 15:13:25.519  3381  3397 I AebsFrameSubscriber: readNextMessages count=1
09-01 15:13:25.519  3381  3397 I MainActivity: onGatewayFrame: frame seq=23850 egoSpeed=6.876007 pts=0 intervention=false warning=false braking=true lifecycle=released_verified_stop range=null bearing=null rss=10.535003
09-01 15:13:25.620  3426  3426 I de4sdv_aebs_ingress: frame accepted and published sequence=23851
09-01 15:13:25.620  3381  3397 I AebsFrameSubscriber: onMessagesAvailable callback
09-01 15:13:25.621  3381  3397 I AebsFrameSubscriber: readNextMessages count=1
09-01 15:13:25.621  3381  3397 I MainActivity: onGatewayFrame: frame seq=23851 egoSpeed=6.876007 pts=0 intervention=false warning=false braking=true lifecycle=released_verified_stop range=null bearing=null rss=10.535003
09-01 15:13:25.719  3426  3426 I de4sdv_aebs_ingress: frame accepted and published sequence=23852
09-01 15:13:25.719  3381  3397 I AebsFrameSubscriber: onMessagesAvailable callback
09-01 15:13:25.720  3381  3397 I AebsFrameSubscriber: readNextMessages count=1
09-01 15:13:25.720  3381  3397 I MainActivity: onGatewayFrame: frame seq=23852 egoSpeed=6.876007 pts=0 intervention=false warning=false braking=true lifecycle=released_verified_stop range=null bearing=null rss=10.535003
09-01 15:13:25.819  3426  3426 I de4sdv_aebs_ingress: frame accepted and published sequence=23853
09-01 15:13:25.819  3381  3397 I AebsFrameSubscriber: onMessagesAvailable callback
09-01 15:13:25.820  3381  3397 I AebsFrameSubscriber: readNextMessages count=1
09-01 15:13:25.820  3381  3397 I MainActivity: onGatewayFrame: frame seq=23853 egoSpeed=6.876007 pts=0 intervention=false warning=false braking=true lifecycle=released_verified_stop range=null bearing=null rss=10.535003
09-01 15:13:25.919  3426  3426 I de4sdv_aebs_ingress: frame accepted and published sequence=23854
09-01 15:13:25.920  3381  3397 I AebsFrameSubscriber: onMessagesAvailable callback
09-01 15:13:25.920  3381  3397 I AebsFrameSubscriber: readNextMessages count=1
09-01 15:13:25.920  3381  3397 I MainActivity: onGatewayFrame: frame seq=23854 egoSpeed=6.876007 pts=0 intervention=false warning=false braking=true lifecycle=released_verified_stop range=null bearing=null rss=10.535003
09-01 15:13:26.008  1766  1790 W SdvServiceManagerServer: main::mesh::manager: Attempt to reconnect to instance2 failed: Unable to connect to mesh. Channel state: GRPC_CHANNEL_CONNECTING
09-01 15:13:26.008  1766  1790 W SdvServiceManagerServer: main::mesh::manager: Attempt to reconnect to instance3 failed: Unable to connect to mesh. Channel state: GRPC_CHANNEL_CONNECTING
09-01 15:13:26.008  1766  1817 D SdvServiceManagerServer: main::mesh::custom_verifier: Dropping ExternalVerifier with address 0x7c6bc800bd30
09-01 15:13:26.009  1766  1817 D SdvServiceManagerServer: main::mesh::custom_verifier: Dropping ExternalVerifier with address 0x7c6bc800ec70
09-01 15:13:26.019  3426  3426 I de4sdv_aebs_ingress: frame accepted and published sequence=23855
09-01 15:13:26.020  3381  3397 I AebsFrameSubscriber: onMessagesAvailable callback
09-01 15:13:26.020  3381  3397 I AebsFrameSubscriber: readNextMessages count=1
09-01 15:13:26.020  3381  3397 I MainActivity: onGatewayFrame: frame seq=23855 egoSpeed=6.876007 pts=0 intervention=false warning=false braking=true lifecycle=released_verified_stop range=null bearing=null rss=10.535003
09-01 15:13:26.119  3426  3426 I de4sdv_aebs_ingress: frame accepted and published sequence=23856
09-01 15:13:26.119  3381  3397 I AebsFrameSubscriber: onMessagesAvailable callback
09-01 15:13:26.120  3381  3397 I AebsFrameSubscriber: readNextMessages count=1
09-01 15:13:26.120  3381  3397 I MainActivity: onGatewayFrame: frame seq=23856 egoSpeed=6.876007 pts=0 intervention=false warning=false braking=true lifecycle=released_verified_stop range=null bearing=null rss=10.535003
09-01 15:13:26.218  3426  3426 I de4sdv_aebs_ingress: frame accepted and published sequence=23857
09-01 15:13:26.219  3381  3397 I AebsFrameSubscriber: onMessagesAvailable callback
09-01 15:13:26.219  3381  3397 I AebsFrameSubscriber: readNextMessages count=1
09-01 15:13:26.219  3381  3397 I MainActivity: onGatewayFrame: frame seq=23857 egoSpeed=6.876007 pts=0 intervention=false warning=false braking=true lifecycle=released_verified_stop range=null bearing=null rss=10.535003
09-01 15:13:26.318  3426  3426 I de4sdv_aebs_ingress: frame accepted and published sequence=23858
09-01 15:13:26.319  3381  3397 I AebsFrameSubscriber: onMessagesAvailable callback
09-01 15:13:26.319  3381  3397 I AebsFrameSubscriber: readNextMessages count=1
09-01 15:13:26.319  3381  3397 I MainActivity: onGatewayFrame: frame seq=23858 egoSpeed=6.876007 pts=0 intervention=false warning=false braking=true lifecycle=released_verified_stop range=null bearing=null rss=10.535003
09-01 15:13:26.418  3426  3426 I de4sdv_aebs_ingress: frame accepted and published sequence=23859
09-01 15:13:26.419  3381  3397 I AebsFrameSubscriber: onMessagesAvailable callback
09-01 15:13:26.419  3381  3397 I AebsFrameSubscriber: readNextMessages count=1
09-01 15:13:26.419  3381  3397 I MainActivity: onGatewayFrame: frame seq=23859 egoSpeed=6.876007 pts=0 intervention=false warning=false braking=true lifecycle=released_verified_stop range=null bearing=null rss=10.535003
09-01 15:13:26.518  3426  3426 I de4sdv_aebs_ingress: frame accepted and published sequence=23860
09-01 15:13:26.519  3381  3397 I AebsFrameSubscriber: onMessagesAvailable callback
09-01 15:13:26.519  3381  3397 I AebsFrameSubscriber: readNextMessages count=1
09-01 15:13:26.519  3381  3397 I MainActivity: onGatewayFrame: frame seq=23860 egoSpeed=6.876007 pts=0 intervention=false warning=false braking=true lifecycle=released_verified_stop range=null bearing=null rss=10.535003
09-01 15:13:26.617  3426  3426 I de4sdv_aebs_ingress: frame accepted and published sequence=23861
09-01 15:13:26.618  3381  3397 I AebsFrameSubscriber: onMessagesAvailable callback
09-01 15:13:26.618  3381  3397 I AebsFrameSubscriber: readNextMessages count=1
09-01 15:13:26.618  3381  3397 I MainActivity: onGatewayFrame: frame seq=23861 egoSpeed=6.876007 pts=0 intervention=false warning=false braking=true lifecycle=released_verified_stop range=null bearing=null rss=10.535003
09-01 15:13:26.718  3426  3426 I de4sdv_aebs_ingress: frame accepted and published sequence=23862
09-01 15:13:26.719  3381  3397 I AebsFrameSubscriber: onMessagesAvailable callback
09-01 15:13:26.719  3381  3397 I AebsFrameSubscriber: readNextMessages count=1
09-01 15:13:26.719  3381  3397 I MainActivity: onGatewayFrame: frame seq=23862 egoSpeed=6.876007 pts=0 intervention=false warning=false braking=true lifecycle=released_verified_stop range=null bearing=null rss=10.535003
09-01 15:13:26.818  3426  3426 I de4sdv_aebs_ingress: frame accepted and published sequence=23863
09-01 15:13:26.819  3381  3397 I AebsFrameSubscriber: onMessagesAvailable callback
09-01 15:13:26.819  3381  3397 I AebsFrameSubscriber: readNextMessages count=1
09-01 15:13:26.819  3381  3397 I MainActivity: onGatewayFrame: frame seq=23863 egoSpeed=6.876007 pts=0 intervention=false warning=false braking=true lifecycle=released_verified_stop range=null bearing=null rss=10.535003
09-01 15:13:26.918  3426  3426 I de4sdv_aebs_ingress: frame accepted and published sequence=23864
09-01 15:13:26.918  3381  3397 I AebsFrameSubscriber: onMessagesAvailable callback
09-01 15:13:26.919  3381  3397 I AebsFrameSubscriber: readNextMessages count=1
09-01 15:13:26.919  3381  3397 I MainActivity: onGatewayFrame: frame seq=23864 egoSpeed=6.876007 pts=0 intervention=false warning=false braking=true lifecycle=released_verified_stop range=null bearing=null rss=10.535003
09-01 15:13:26.991  1017  1489 I WifiService: getConnectionInfo uid=1010110
09-01 15:13:27.017  3426  3426 I de4sdv_aebs_ingress: frame accepted and published sequence=23865
09-01 15:13:27.018  3381  3397 I AebsFrameSubscriber: onMessagesAvailable callback
09-01 15:13:27.018  3381  3397 I AebsFrameSubscriber: readNextMessages count=1
09-01 15:13:27.018  3381  3397 I MainActivity: onGatewayFrame: frame seq=23865 egoSpeed=6.876007 pts=0 intervention=false warning=false braking=true lifecycle=released_verified_stop range=null bearing=null rss=10.535003
09-01 15:13:27.117  3426  3426 I de4sdv_aebs_ingress: frame accepted and published sequence=23866
09-01 15:13:27.118  3381  3397 I AebsFrameSubscriber: onMessagesAvailable callback
09-01 15:13:27.118  3381  3397 I AebsFrameSubscriber: readNextMessages count=1
09-01 15:13:27.118  3381  3397 I MainActivity: onGatewayFrame: frame seq=23866 egoSpeed=6.876007 pts=0 intervention=false warning=false braking=true lifecycle=released_verified_stop range=null bearing=null rss=10.535003
09-01 15:13:27.217  3426  3426 I de4sdv_aebs_ingress: frame accepted and published sequence=23867
09-01 15:13:27.218  3381  3397 I AebsFrameSubscriber: onMessagesAvailable callback
09-01 15:13:27.218  3381  3397 I AebsFrameSubscriber: readNextMessages count=1
09-01 15:13:27.218  3381  3397 I MainActivity: onGatewayFrame: frame seq=23867 egoSpeed=6.876007 pts=0 intervention=false warning=false braking=true lifecycle=released_verified_stop range=null bearing=null rss=10.535003
09-01 15:13:27.317  3426  3426 I de4sdv_aebs_ingress: frame accepted and published sequence=23868
09-01 15:13:27.318  3381  3397 I AebsFrameSubscriber: onMessagesAvailable callback
09-01 15:13:27.318  3381  3397 I AebsFrameSubscriber: readNextMessages count=1
09-01 15:13:27.318  3381  3397 I MainActivity: onGatewayFrame: frame seq=23868 egoSpeed=6.876007 pts=0 intervention=false warning=false braking=true lifecycle=released_verified_stop range=null bearing=null rss=10.535003
09-01 15:13:27.417  3426  3426 I de4sdv_aebs_ingress: frame accepted and published sequence=23869
09-01 15:13:27.418  3381  3397 I AebsFrameSubscriber: onMessagesAvailable callback
09-01 15:13:27.418  3381  3397 I AebsFrameSubscriber: readNextMessages count=1
09-01 15:13:27.418  3381  3397 I MainActivity: onGatewayFrame: frame seq=23869 egoSpeed=6.876007 pts=0 intervention=false warning=false braking=true lifecycle=released_verified_stop range=null bearing=null rss=10.535003
09-01 15:13:27.517  3426  3426 I de4sdv_aebs_ingress: frame accepted and published sequence=23870
09-01 15:13:27.518  3381  3397 I AebsFrameSubscriber: onMessagesAvailable callback
09-01 15:13:27.518  3381  3397 I AebsFrameSubscriber: readNextMessages count=1
09-01 15:13:27.518  3381  3397 I MainActivity: onGatewayFrame: frame seq=23870 egoSpeed=6.876007 pts=0 intervention=false warning=false braking=true lifecycle=released_verified_stop range=null bearing=null rss=10.535003
09-01 15:13:27.617  3426  3426 I de4sdv_aebs_ingress: frame accepted and published sequence=23871
09-01 15:13:27.618  3381  3397 I AebsFrameSubscriber: onMessagesAvailable callback
09-01 15:13:27.618  3381  3397 I AebsFrameSubscriber: readNextMessages count=1
09-01 15:13:27.618  3381  3397 I MainActivity: onGatewayFrame: frame seq=23871 egoSpeed=6.876007 pts=0 intervention=false warning=false braking=true lifecycle=released_verified_stop range=null bearing=null rss=10.535003
09-01 15:13:27.717  3426  3426 I de4sdv_aebs_ingress: frame accepted and published sequence=23872
09-01 15:13:27.718  3381  3397 I AebsFrameSubscriber: onMessagesAvailable callback
09-01 15:13:27.718  3381  3397 I AebsFrameSubscriber: readNextMessages count=1
09-01 15:13:27.718  3381  3397 I MainActivity: onGatewayFrame: frame seq=23872 egoSpeed=6.876007 pts=0 intervention=false warning=false braking=true lifecycle=released_verified_stop range=null bearing=null rss=10.535003
09-01 15:13:27.817  3426  3426 I de4sdv_aebs_ingress: frame accepted and published sequence=23873
09-01 15:13:27.818  3381  3397 I AebsFrameSubscriber: onMessagesAvailable callback
09-01 15:13:27.818  3381  3397 I AebsFrameSubscriber: readNextMessages count=1
09-01 15:13:27.818  3381  3397 I MainActivity: onGatewayFrame: frame seq=23873 egoSpeed=6.876007 pts=0 intervention=false warning=false braking=true lifecycle=released_verified_stop range=null bearing=null rss=10.535003
09-01 15:13:27.850   876   876 D EmulatedVehicleHardware: Set value for property ID: 290459441
09-01 15:13:27.850   876  1883 E VhalProxy: Publisher with id: 290459441 does not exist in vhal proxy
09-01 15:13:27.880  3347  3347 I adbd    : adbd service requested 'shell,raw:cut -d. -f1 /proc/uptime'
09-01 15:13:27.917  3426  3426 I de4sdv_aebs_ingress: frame accepted and published sequence=23874
09-01 15:13:27.918  3381  3397 I AebsFrameSubscriber: onMessagesAvailable callback
09-01 15:13:27.919  3381  3397 I AebsFrameSubscriber: readNextMessages count=1
09-01 15:13:27.919  3381  3397 I MainActivity: onGatewayFrame: frame seq=23874 egoSpeed=6.876007 pts=0 intervention=false warning=false braking=true lifecycle=released_verified_stop range=null bearing=null rss=10.535003
09-01 15:13:28.017  3426  3426 I de4sdv_aebs_ingress: frame accepted and published sequence=23875
09-01 15:13:28.018  3381  3397 I AebsFrameSubscriber: onMessagesAvailable callback
09-01 15:13:28.018  3381  3397 I AebsFrameSubscriber: readNextMessages count=1
09-01 15:13:28.018  3381  3397 I MainActivity: onGatewayFrame: frame seq=23875 egoSpeed=6.876007 pts=0 intervention=false warning=false braking=true lifecycle=released_verified_stop range=null bearing=null rss=10.535003
09-01 15:13:28.117  3426  3426 I de4sdv_aebs_ingress: frame accepted and published sequence=23876
09-01 15:13:28.118  3381  3397 I AebsFrameSubscriber: onMessagesAvailable callback
09-01 15:13:28.118  3381  3397 I AebsFrameSubscriber: readNextMessages count=1
09-01 15:13:28.118  3381  3397 I MainActivity: onGatewayFrame: frame seq=23876 egoSpeed=6.876007 pts=0 intervention=false warning=false braking=true lifecycle=released_verified_stop range=null bearing=null rss=10.535003
09-01 15:13:28.217  3426  3426 I de4sdv_aebs_ingress: frame accepted and published sequence=23877
09-01 15:13:28.218  3381  3397 I AebsFrameSubscriber: onMessagesAvailable callback
09-01 15:13:28.218  3381  3397 I AebsFrameSubscriber: readNextMessages count=1
09-01 15:13:28.218  3381  3397 I MainActivity: onGatewayFrame: frame seq=23877 egoSpeed=6.876007 pts=0 intervention=false warning=false braking=true lifecycle=released_verified_stop range=null bearing=null rss=10.535003
09-01 15:13:28.317  3426  3426 I de4sdv_aebs_ingress: frame accepted and published sequence=23878
09-01 15:13:28.317  3381  3397 I AebsFrameSubscriber: onMessagesAvailable callback
09-01 15:13:28.318  3381  3397 I AebsFrameSubscriber: readNextMessages count=1
09-01 15:13:28.318  3381  3397 I MainActivity: onGatewayFrame: frame seq=23878 egoSpeed=6.876007 pts=0 intervention=false warning=false braking=true lifecycle=released_verified_stop range=null bearing=null rss=10.535003
09-01 15:13:28.417  3426  3426 I de4sdv_aebs_ingress: frame accepted and published sequence=23879
09-01 15:13:28.417  3381  3397 I AebsFrameSubscriber: onMessagesAvailable callback
09-01 15:13:28.418  3381  3397 I AebsFrameSubscriber: readNextMessages count=1
09-01 15:13:28.418  3381  3397 I MainActivity: onGatewayFrame: frame seq=23879 egoSpeed=6.876007 pts=0 intervention=false warning=false braking=true lifecycle=released_verified_stop range=null bearing=null rss=10.535003
09-01 15:13:28.517  3426  3426 I de4sdv_aebs_ingress: frame accepted and published sequence=23880
09-01 15:13:28.518  3381  3397 I AebsFrameSubscriber: onMessagesAvailable callback
09-01 15:13:28.518  3381  3397 I AebsFrameSubscriber: readNextMessages count=1
09-01 15:13:28.518  3381  3397 I MainActivity: onGatewayFrame: frame seq=23880 egoSpeed=6.876007 pts=0 intervention=false warning=false braking=true lifecycle=released_verified_stop range=null bearing=null rss=10.535003
09-01 15:13:28.617  3426  3426 I de4sdv_aebs_ingress: frame accepted and published sequence=23881
09-01 15:13:28.618  3381  3397 I AebsFrameSubscriber: onMessagesAvailable callback
09-01 15:13:28.618  3381  3397 I AebsFrameSubscriber: readNextMessages count=1
09-01 15:13:28.618  3381  3397 I MainActivity: onGatewayFrame: frame seq=23881 egoSpeed=6.876007 pts=0 intervention=false warning=false braking=true lifecycle=released_verified_stop range=null bearing=null rss=10.535003
09-01 15:13:28.717  3426  3426 I de4sdv_aebs_ingress: frame accepted and published sequence=23882
09-01 15:13:28.718  3381  3397 I AebsFrameSubscriber: onMessagesAvailable callback
09-01 15:13:28.718  3381  3397 I AebsFrameSubscriber: readNextMessages count=1
09-01 15:13:28.718  3381  3397 I MainActivity: onGatewayFrame: frame seq=23882 egoSpeed=6.876007 pts=0 intervention=false warning=false braking=true lifecycle=released_verified_stop range=null bearing=null rss=10.535003
09-01 15:13:28.817  3426  3426 I de4sdv_aebs_ingress: frame accepted and published sequence=23883
09-01 15:13:28.818  3381  3397 I AebsFrameSubscriber: onMessagesAvailable callback
09-01 15:13:28.818  3381  3397 I AebsFrameSubscriber: readNextMessages count=1
09-01 15:13:28.818  3381  3397 I MainActivity: onGatewayFrame: frame seq=23883 egoSpeed=6.876007 pts=0 intervention=false warning=false braking=true lifecycle=released_verified_stop range=null bearing=null rss=10.535003
09-01 15:13:28.918  3426  3426 I de4sdv_aebs_ingress: frame accepted and published sequence=23884
09-01 15:13:28.918  3381  3397 I AebsFrameSubscriber: onMessagesAvailable callback
09-01 15:13:28.919  3381  3397 I AebsFrameSubscriber: readNextMessages count=1
09-01 15:13:28.919  3381  3397 I MainActivity: onGatewayFrame: frame seq=23884 egoSpeed=6.876007 pts=0 intervention=false warning=false braking=true lifecycle=released_verified_stop range=null bearing=null rss=10.535003
09-01 15:13:29.017  3426  3426 I de4sdv_aebs_ingress: frame accepted and published sequence=23885
09-01 15:13:29.018  3381  3397 I AebsFrameSubscriber: onMessagesAvailable callback
09-01 15:13:29.018  3381  3397 I AebsFrameSubscriber: readNextMessages count=1
09-01 15:13:29.018  3381  3397 I MainActivity: onGatewayFrame: frame seq=23885 egoSpeed=6.876007 pts=0 intervention=false warning=false braking=true lifecycle=released_verified_stop range=null bearing=null rss=10.535003
09-01 15:13:29.117  3426  3426 I de4sdv_aebs_ingress: frame accepted and published sequence=23886
09-01 15:13:29.118  3381  3397 I AebsFrameSubscriber: onMessagesAvailable callback
09-01 15:13:29.119  3381  3397 I AebsFrameSubscriber: readNextMessages count=1
09-01 15:13:29.119  3381  3397 I MainActivity: onGatewayFrame: frame seq=23886 egoSpeed=6.876007 pts=0 intervention=false warning=false braking=true lifecycle=released_verified_stop range=null bearing=null rss=10.535003
09-01 15:13:29.217  3426  3426 I de4sdv_aebs_ingress: frame accepted and published sequence=23887
09-01 15:13:29.218  3381  3397 I AebsFrameSubscriber: onMessagesAvailable callback
09-01 15:13:29.218  3381  3397 I AebsFrameSubscriber: readNextMessages count=1
09-01 15:13:29.218  3381  3397 I MainActivity: onGatewayFrame: frame seq=23887 egoSpeed=6.876007 pts=0 intervention=false warning=false braking=true lifecycle=released_verified_stop range=null bearing=null rss=10.535003
09-01 15:13:29.317  3426  3426 I de4sdv_aebs_ingress: frame accepted and published sequence=23888
09-01 15:13:29.318  3381  3397 I AebsFrameSubscriber: onMessagesAvailable callback
09-01 15:13:29.318  3381  3397 I AebsFrameSubscriber: readNextMessages count=1
09-01 15:13:29.318  3381  3397 I MainActivity: onGatewayFrame: frame seq=23888 egoSpeed=6.876007 pts=0 intervention=false warning=false braking=true lifecycle=released_verified_stop range=null bearing=null rss=10.535003
09-01 15:13:29.417  3426  3426 I de4sdv_aebs_ingress: frame accepted and published sequence=23889
09-01 15:13:29.418  3381  3397 I AebsFrameSubscriber: onMessagesAvailable callback
09-01 15:13:29.418  3381  3397 I AebsFrameSubscriber: readNextMessages count=1
09-01 15:13:29.418  3381  3397 I MainActivity: onGatewayFrame: frame seq=23889 egoSpeed=6.876007 pts=0 intervention=false warning=false braking=true lifecycle=released_verified_stop range=null bearing=null rss=10.535003
09-01 15:13:29.517  3426  3426 I de4sdv_aebs_ingress: frame accepted and published sequence=23890
09-01 15:13:29.517  3381  3397 I AebsFrameSubscriber: onMessagesAvailable callback
09-01 15:13:29.518  3381  3397 I AebsFrameSubscriber: readNextMessages count=1
09-01 15:13:29.518  3381  3397 I MainActivity: onGatewayFrame: frame seq=23890 egoSpeed=6.876007 pts=0 intervention=false warning=false braking=true lifecycle=released_verified_stop range=null bearing=null rss=10.535003
09-01 15:13:29.617  3426  3426 I de4sdv_aebs_ingress: frame accepted and published sequence=23891
09-01 15:13:29.618  3381  3397 I AebsFrameSubscriber: onMessagesAvailable callback
09-01 15:13:29.618  3381  3397 I AebsFrameSubscriber: readNextMessages count=1
09-01 15:13:29.618  3381  3397 I MainActivity: onGatewayFrame: frame seq=23891 egoSpeed=6.876007 pts=0 intervention=false warning=false braking=true lifecycle=released_verified_stop range=null bearing=null rss=10.535003
09-01 15:13:29.717  3426  3426 I de4sdv_aebs_ingress: frame accepted and published sequence=23892
09-01 15:13:29.718  3381  3397 I AebsFrameSubscriber: onMessagesAvailable callback
09-01 15:13:29.718  3381  3397 I AebsFrameSubscriber: readNextMessages count=1
09-01 15:13:29.718  3381  3397 I MainActivity: onGatewayFrame: frame seq=23892 egoSpeed=6.876007 pts=0 intervention=false warning=false braking=true lifecycle=released_verified_stop range=null bearing=null rss=10.535003
09-01 15:13:29.817  3426  3426 I de4sdv_aebs_ingress: frame accepted and published sequence=23893
09-01 15:13:29.817  3381  3397 I AebsFrameSubscriber: onMessagesAvailable callback
09-01 15:13:29.818  3381  3397 I AebsFrameSubscriber: readNextMessages count=1
09-01 15:13:29.818  3381  3397 I MainActivity: onGatewayFrame: frame seq=23893 egoSpeed=6.876007 pts=0 intervention=false warning=false braking=true lifecycle=released_verified_stop range=null bearing=null rss=10.535003
09-01 15:13:29.917  3426  3426 I de4sdv_aebs_ingress: frame accepted and published sequence=23894
09-01 15:13:29.917  3381  3397 I AebsFrameSubscriber: onMessagesAvailable callback
09-01 15:13:29.918  3381  3397 I AebsFrameSubscriber: readNextMessages count=1
09-01 15:13:29.918  3381  3397 I MainActivity: onGatewayFrame: frame seq=23894 egoSpeed=6.876007 pts=0 intervention=false warning=false braking=true lifecycle=released_verified_stop range=null bearing=null rss=10.535003
09-01 15:13:30.017  3426  3426 I de4sdv_aebs_ingress: frame accepted and published sequence=23895
09-01 15:13:30.017  3381  3397 I AebsFrameSubscriber: onMessagesAvailable callback
09-01 15:13:30.018  3381  3397 I AebsFrameSubscriber: readNextMessages count=1
09-01 15:13:30.018  3381  3397 I MainActivity: onGatewayFrame: frame seq=23895 egoSpeed=6.876007 pts=0 intervention=false warning=false braking=true lifecycle=released_verified_stop range=null bearing=null rss=10.535003
09-01 15:13:30.117  3426  3426 I de4sdv_aebs_ingress: frame accepted and published sequence=23896
09-01 15:13:30.118  3381  3397 I AebsFrameSubscriber: onMessagesAvailable callback
09-01 15:13:30.118  3381  3397 I AebsFrameSubscriber: readNextMessages count=1
09-01 15:13:30.118  3381  3397 I MainActivity: onGatewayFrame: frame seq=23896 egoSpeed=6.876007 pts=0 intervention=false warning=false braking=true lifecycle=released_verified_stop range=null bearing=null rss=10.535003
09-01 15:13:30.217  3426  3426 I de4sdv_aebs_ingress: frame accepted and published sequence=23897
09-01 15:13:30.217  3381  3397 I AebsFrameSubscriber: onMessagesAvailable callback
09-01 15:13:30.218  3381  3397 I AebsFrameSubscriber: readNextMessages count=1
09-01 15:13:30.218  3381  3397 I MainActivity: onGatewayFrame: frame seq=23897 egoSpeed=6.876007 pts=0 intervention=false warning=false braking=true lifecycle=released_verified_stop range=null bearing=null rss=10.535003
09-01 15:13:30.317  3426  3426 I de4sdv_aebs_ingress: frame accepted and published sequence=23898
09-01 15:13:30.317  3381  3397 I AebsFrameSubscriber: onMessagesAvailable callback
09-01 15:13:30.318  3381  3397 I AebsFrameSubscriber: readNextMessages count=1
09-01 15:13:30.318  3381  3397 I MainActivity: onGatewayFrame: frame seq=23898 egoSpeed=6.876007 pts=0 intervention=false warning=false braking=true lifecycle=released_verified_stop range=null bearing=null rss=10.535003
09-01 15:13:30.417  3426  3426 I de4sdv_aebs_ingress: frame accepted and published sequence=23899
09-01 15:13:30.418  3381  3397 I AebsFrameSubscriber: onMessagesAvailable callback
09-01 15:13:30.418  3381  3397 I AebsFrameSubscriber: readNextMessages count=1
09-01 15:13:30.418  3381  3397 I MainActivity: onGatewayFrame: frame seq=23899 egoSpeed=6.876007 pts=0 intervention=false warning=false braking=true lifecycle=released_verified_stop range=null bearing=null rss=10.535003
09-01 15:13:30.517  3426  3426 I de4sdv_aebs_ingress: frame accepted and published sequence=23900
09-01 15:13:30.517  3381  3397 I AebsFrameSubscriber: onMessagesAvailable callback
09-01 15:13:30.518  3381  3397 I AebsFrameSubscriber: readNextMessages count=1
09-01 15:13:30.518  3381  3397 I MainActivity: onGatewayFrame: frame seq=23900 egoSpeed=6.876007 pts=0 intervention=false warning=false braking=true lifecycle=released_verified_stop range=null bearing=null rss=10.535003
09-01 15:13:30.617  3426  3426 I de4sdv_aebs_ingress: frame accepted and published sequence=23901
09-01 15:13:30.617  3381  3397 I AebsFrameSubscriber: onMessagesAvailable callback
09-01 15:13:30.618  3381  3397 I AebsFrameSubscriber: readNextMessages count=1
09-01 15:13:30.618  3381  3397 I MainActivity: onGatewayFrame: frame seq=23901 egoSpeed=6.876007 pts=0 intervention=false warning=false braking=true lifecycle=released_verified_stop range=null bearing=null rss=10.535003
09-01 15:13:30.717  3426  3426 I de4sdv_aebs_ingress: frame accepted and published sequence=23902
09-01 15:13:30.717  3381  3397 I AebsFrameSubscriber: readNextMessages count=1
09-01 15:13:30.717  3381  3397 I MainActivity: onGatewayFrame: frame seq=23902 egoSpeed=6.876007 pts=0 intervention=false warning=false braking=true lifecycle=released_verified_stop range=null bearing=null rss=10.535003
09-01 15:13:30.717  3381  3397 I AebsFrameSubscriber: onMessagesAvailable callback
09-01 15:13:30.817  3426  3426 I de4sdv_aebs_ingress: frame accepted and published sequence=23903
09-01 15:13:30.818  3381  3397 I AebsFrameSubscriber: readNextMessages count=1
09-01 15:13:30.818  3381  3397 I MainActivity: onGatewayFrame: frame seq=23903 egoSpeed=6.876007 pts=0 intervention=false warning=false braking=true lifecycle=released_verified_stop range=null bearing=null rss=10.535003
09-01 15:13:30.818  3381  3397 I AebsFrameSubscriber: onMessagesAvailable callback
09-01 15:13:30.854   876   876 D EmulatedVehicleHardware: Set value for property ID: 290459441
09-01 15:13:30.854   876  1883 E VhalProxy: Publisher with id: 290459441 does not exist in vhal proxy
09-01 15:13:30.917  3426  3426 I de4sdv_aebs_ingress: frame accepted and published sequence=23904
09-01 15:13:30.918  3381  3397 I AebsFrameSubscriber: onMessagesAvailable callback
09-01 15:13:30.918  3381  3397 I AebsFrameSubscriber: readNextMessages count=1
09-01 15:13:30.918  3381  3397 I MainActivity: onGatewayFrame: frame seq=23904 egoSpeed=6.876007 pts=0 intervention=false warning=false braking=true lifecycle=released_verified_stop range=null bearing=null rss=10.535003
09-01 15:13:31.017  3426  3426 I de4sdv_aebs_ingress: frame accepted and published sequence=23905
09-01 15:13:31.017  3381  3397 I AebsFrameSubscriber: onMessagesAvailable callback
09-01 15:13:31.018  3381  3397 I AebsFrameSubscriber: readNextMessages count=1
09-01 15:13:31.018  3381  3397 I MainActivity: onGatewayFrame: frame seq=23905 egoSpeed=6.876007 pts=0 intervention=false warning=false braking=true lifecycle=released_verified_stop range=null bearing=null rss=10.535003
09-01 15:13:31.117  3426  3426 I de4sdv_aebs_ingress: frame accepted and published sequence=23906
09-01 15:13:31.117  3381  3397 I AebsFrameSubscriber: onMessagesAvailable callback
09-01 15:13:31.118  3381  3397 I AebsFrameSubscriber: readNextMessages count=1
09-01 15:13:31.118  3381  3397 I MainActivity: onGatewayFrame: frame seq=23906 egoSpeed=6.876007 pts=0 intervention=false warning=false braking=true lifecycle=released_verified_stop range=null bearing=null rss=10.535003
09-01 15:13:31.217  3426  3426 I de4sdv_aebs_ingress: frame accepted and published sequence=23907
09-01 15:13:31.217  3381  3397 I AebsFrameSubscriber: onMessagesAvailable callback
09-01 15:13:31.218  3381  3397 I AebsFrameSubscriber: readNextMessages count=1
09-01 15:13:31.218  3381  3397 I MainActivity: onGatewayFrame: frame seq=23907 egoSpeed=6.876007 pts=0 intervention=false warning=false braking=true lifecycle=released_verified_stop range=null bearing=null rss=10.535003
09-01 15:13:31.318  3426  3426 I de4sdv_aebs_ingress: frame accepted and published sequence=23908
09-01 15:13:31.318  3381  3397 I AebsFrameSubscriber: onMessagesAvailable callback
09-01 15:13:31.318  3381  3397 I AebsFrameSubscriber: readNextMessages count=1
09-01 15:13:31.318  3381  3397 I MainActivity: onGatewayFrame: frame seq=23908 egoSpeed=6.876007 pts=0 intervention=false warning=false braking=true lifecycle=released_verified_stop range=null bearing=null rss=10.535003
09-01 15:13:31.417  3426  3426 I de4sdv_aebs_ingress: frame accepted and published sequence=23909
09-01 15:13:31.417  3381  3397 I AebsFrameSubscriber: onMessagesAvailable callback
09-01 15:13:31.418  3381  3397 I AebsFrameSubscriber: readNextMessages count=1
09-01 15:13:31.418  3381  3397 I MainActivity: onGatewayFrame: frame seq=23909 egoSpeed=6.876007 pts=0 intervention=false warning=false braking=true lifecycle=released_verified_stop range=null bearing=null rss=10.535003
09-01 15:13:31.517  3426  3426 I de4sdv_aebs_ingress: frame accepted and published sequence=23910
09-01 15:13:31.518  3381  3397 I AebsFrameSubscriber: onMessagesAvailable callback
09-01 15:13:31.518  3381  3397 I AebsFrameSubscriber: readNextMessages count=1
09-01 15:13:31.518  3381  3397 I MainActivity: onGatewayFrame: frame seq=23910 egoSpeed=6.876007 pts=0 intervention=false warning=false braking=true lifecycle=released_verified_stop range=null bearing=null rss=10.535003
09-01 15:13:31.617  3426  3426 I de4sdv_aebs_ingress: frame accepted and published sequence=23911
09-01 15:13:31.618  3381  3397 I AebsFrameSubscriber: onMessagesAvailable callback
09-01 15:13:31.618  3381  3397 I AebsFrameSubscriber: readNextMessages count=1
09-01 15:13:31.618  3381  3397 I MainActivity: onGatewayFrame: frame seq=23911 egoSpeed=6.876007 pts=0 intervention=false warning=false braking=true lifecycle=released_verified_stop range=null bearing=null rss=10.535003
09-01 15:13:31.717  3426  3426 I de4sdv_aebs_ingress: frame accepted and published sequence=23912
09-01 15:13:31.717  3381  3397 I AebsFrameSubscriber: onMessagesAvailable callback
09-01 15:13:31.718  3381  3397 I AebsFrameSubscriber: readNextMessages count=1
09-01 15:13:31.718  3381  3397 I MainActivity: onGatewayFrame: frame seq=23912 egoSpeed=6.876007 pts=0 intervention=false warning=false braking=true lifecycle=released_verified_stop range=null bearing=null rss=10.535003
09-01 15:13:31.817  3426  3426 I de4sdv_aebs_ingress: frame accepted and published sequence=23913
09-01 15:13:31.817  3381  3397 I AebsFrameSubscriber: onMessagesAvailable callback
09-01 15:13:31.817  3381  3397 I AebsFrameSubscriber: readNextMessages count=1
09-01 15:13:31.817  3381  3397 I MainActivity: onGatewayFrame: frame seq=23913 egoSpeed=6.876007 pts=0 intervention=false warning=false braking=true lifecycle=released_verified_stop range=null bearing=null rss=10.535003
09-01 15:13:31.917  3426  3426 I de4sdv_aebs_ingress: frame accepted and published sequence=23914
09-01 15:13:31.918  3381  3397 I AebsFrameSubscriber: onMessagesAvailable callback
09-01 15:13:31.918  3381  3397 I AebsFrameSubscriber: readNextMessages count=1
09-01 15:13:31.918  3381  3397 I MainActivity: onGatewayFrame: frame seq=23914 egoSpeed=6.876007 pts=0 intervention=false warning=false braking=true lifecycle=released_verified_stop range=null bearing=null rss=10.535003
09-01 15:13:31.992  1017  1032 I WifiService: getConnectionInfo uid=1010110
09-01 15:13:32.016  3426  3426 I de4sdv_aebs_ingress: frame accepted and published sequence=23915
09-01 15:13:32.017  3381  3397 I AebsFrameSubscriber: onMessagesAvailable callback
09-01 15:13:32.017  3381  3397 I AebsFrameSubscriber: readNextMessages count=1
09-01 15:13:32.018  3381  3397 I MainActivity: onGatewayFrame: frame seq=23915 egoSpeed=6.876007 pts=0 intervention=false warning=false braking=true lifecycle=released_verified_stop range=null bearing=null rss=10.535003
09-01 15:13:32.117  3426  3426 I de4sdv_aebs_ingress: frame accepted and published sequence=23916
09-01 15:13:32.117  3381  3397 I AebsFrameSubscriber: onMessagesAvailable callback
09-01 15:13:32.117  3381  3397 I AebsFrameSubscriber: readNextMessages count=1
09-01 15:13:32.117  3381  3397 I MainActivity: onGatewayFrame: frame seq=23916 egoSpeed=6.876007 pts=0 intervention=false warning=false braking=true lifecycle=released_verified_stop range=null bearing=null rss=10.535003
09-01 15:13:32.217  3426  3426 I de4sdv_aebs_ingress: frame accepted and published sequence=23917
09-01 15:13:32.217  3381  3397 I AebsFrameSubscriber: onMessagesAvailable callback
09-01 15:13:32.218  3381  3397 I AebsFrameSubscriber: readNextMessages count=1
09-01 15:13:32.218  3381  3397 I MainActivity: onGatewayFrame: frame seq=23917 egoSpeed=6.876007 pts=0 intervention=false warning=false braking=true lifecycle=released_verified_stop range=null bearing=null rss=10.535003
09-01 15:13:32.317  3426  3426 I de4sdv_aebs_ingress: frame accepted and published sequence=23918
09-01 15:13:32.318  3381  3397 I AebsFrameSubscriber: onMessagesAvailable callback
09-01 15:13:32.318  3381  3397 I AebsFrameSubscriber: readNextMessages count=1
09-01 15:13:32.318  3381  3397 I MainActivity: onGatewayFrame: frame seq=23918 egoSpeed=6.876007 pts=0 intervention=false warning=false braking=true lifecycle=released_verified_stop range=null bearing=null rss=10.535003
09-01 15:13:32.417  3426  3426 I de4sdv_aebs_ingress: frame accepted and published sequence=23919
09-01 15:13:32.417  3381  3397 I AebsFrameSubscriber: onMessagesAvailable callback
09-01 15:13:32.418  3381  3397 I AebsFrameSubscriber: readNextMessages count=1
09-01 15:13:32.418  3381  3397 I MainActivity: onGatewayFrame: frame seq=23919 egoSpeed=6.876007 pts=0 intervention=false warning=false braking=true lifecycle=released_verified_stop range=null bearing=null rss=10.535003
09-01 15:13:32.517  3426  3426 I de4sdv_aebs_ingress: frame accepted and published sequence=23920
09-01 15:13:32.518  3381  3397 I AebsFrameSubscriber: onMessagesAvailable callback
09-01 15:13:32.518  3381  3397 I AebsFrameSubscriber: readNextMessages count=1
09-01 15:13:32.518  3381  3397 I MainActivity: onGatewayFrame: frame seq=23920 egoSpeed=6.876007 pts=0 intervention=false warning=false braking=true lifecycle=released_verified_stop range=null bearing=null rss=10.535003
09-01 15:13:32.616  3426  3426 I de4sdv_aebs_ingress: frame accepted and published sequence=23921
09-01 15:13:32.617  3381  3397 I AebsFrameSubscriber: onMessagesAvailable callback
09-01 15:13:32.618  3381  3397 I AebsFrameSubscriber: readNextMessages count=1
09-01 15:13:32.618  3381  3397 I MainActivity: onGatewayFrame: frame seq=23921 egoSpeed=6.876007 pts=0 intervention=false warning=false braking=true lifecycle=released_verified_stop range=null bearing=null rss=10.535003
09-01 15:13:32.717  3426  3426 I de4sdv_aebs_ingress: frame accepted and published sequence=23922
09-01 15:13:32.717  3381  3397 I AebsFrameSubscriber: onMessagesAvailable callback
09-01 15:13:32.718  3381  3397 I AebsFrameSubscriber: readNextMessages count=1
09-01 15:13:32.718  3381  3397 I MainActivity: onGatewayFrame: frame seq=23922 egoSpeed=6.876007 pts=0 intervention=false warning=false braking=true lifecycle=released_verified_stop range=null bearing=null rss=10.535003
09-01 15:13:32.817  3426  3426 I de4sdv_aebs_ingress: frame accepted and published sequence=23923
09-01 15:13:32.817  3381  3397 I AebsFrameSubscriber: onMessagesAvailable callback
09-01 15:13:32.818  3381  3397 I AebsFrameSubscriber: readNextMessages count=1
09-01 15:13:32.818  3381  3397 I MainActivity: onGatewayFrame: frame seq=23923 egoSpeed=6.876007 pts=0 intervention=false warning=false braking=true lifecycle=released_verified_stop range=null bearing=null rss=10.535003
09-01 15:13:32.900  3347  3347 I adbd    : adbd service requested 'shell,raw:cut -d. -f1 /proc/uptime'
09-01 15:13:32.917  3426  3426 I de4sdv_aebs_ingress: frame accepted and published sequence=23924
09-01 15:13:32.918  3381  3397 I AebsFrameSubscriber: onMessagesAvailable callback
09-01 15:13:32.918  3381  3397 I AebsFrameSubscriber: readNextMessages count=1
09-01 15:13:32.918  3381  3397 I MainActivity: onGatewayFrame: frame seq=23924 egoSpeed=6.876007 pts=0 intervention=false warning=false braking=true lifecycle=released_verified_stop range=null bearing=null rss=10.535003
09-01 15:13:33.017  3426  3426 I de4sdv_aebs_ingress: frame accepted and published sequence=23925
09-01 15:13:33.017  3381  3397 I AebsFrameSubscriber: onMessagesAvailable callback
09-01 15:13:33.018  3381  3397 I AebsFrameSubscriber: readNextMessages count=1
09-01 15:13:33.018  3381  3397 I MainActivity: onGatewayFrame: frame seq=23925 egoSpeed=6.876007 pts=0 intervention=false warning=false braking=true lifecycle=released_verified_stop range=null bearing=null rss=10.535003
09-01 15:13:33.117  3426  3426 I de4sdv_aebs_ingress: frame accepted and published sequence=23926
09-01 15:13:33.117  3381  3397 I AebsFrameSubscriber: onMessagesAvailable callback
09-01 15:13:33.118  3381  3397 I AebsFrameSubscriber: readNextMessages count=1
09-01 15:13:33.118  3381  3397 I MainActivity: onGatewayFrame: frame seq=23926 egoSpeed=6.876007 pts=0 intervention=false warning=false braking=true lifecycle=released_verified_stop range=null bearing=null rss=10.535003
09-01 15:13:33.217  3426  3426 I de4sdv_aebs_ingress: frame accepted and published sequence=23927
09-01 15:13:33.217  3381  3397 I AebsFrameSubscriber: onMessagesAvailable callback
09-01 15:13:33.218  3381  3397 I AebsFrameSubscriber: readNextMessages count=1
09-01 15:13:33.218  3381  3397 I MainActivity: onGatewayFrame: frame seq=23927 egoSpeed=6.876007 pts=0 intervention=false warning=false braking=true lifecycle=released_verified_stop range=null bearing=null rss=10.535003
09-01 15:13:33.317  3426  3426 I de4sdv_aebs_ingress: frame accepted and published sequence=23928
09-01 15:13:33.317  3381  3397 I AebsFrameSubscriber: onMessagesAvailable callback
09-01 15:13:33.318  3381  3397 I AebsFrameSubscriber: readNextMessages count=1
09-01 15:13:33.318  3381  3397 I MainActivity: onGatewayFrame: frame seq=23928 egoSpeed=6.876007 pts=0 intervention=false warning=false braking=true lifecycle=released_verified_stop range=null bearing=null rss=10.535003
09-01 15:13:33.417  3426  3426 I de4sdv_aebs_ingress: frame accepted and published sequence=23929
09-01 15:13:33.418  3381  3397 I AebsFrameSubscriber: onMessagesAvailable callback
09-01 15:13:33.418  3381  3397 I AebsFrameSubscriber: readNextMessages count=1
09-01 15:13:33.418  3381  3397 I MainActivity: onGatewayFrame: frame seq=23929 egoSpeed=6.876007 pts=0 intervention=false warning=false braking=true lifecycle=released_verified_stop range=null bearing=null rss=10.535003
09-01 15:13:33.516  3426  3426 I de4sdv_aebs_ingress: frame accepted and published sequence=23930
09-01 15:13:33.517  3381  3397 I AebsFrameSubscriber: onMessagesAvailable callback
09-01 15:13:33.518  3381  3397 I AebsFrameSubscriber: readNextMessages count=1
09-01 15:13:33.518  3381  3397 I MainActivity: onGatewayFrame: frame seq=23930 egoSpeed=6.876007 pts=0 intervention=false warning=false braking=true lifecycle=released_verified_stop range=null bearing=null rss=10.535003
09-01 15:13:33.617  3426  3426 I de4sdv_aebs_ingress: frame accepted and published sequence=23931
09-01 15:13:33.617  3381  3397 I AebsFrameSubscriber: onMessagesAvailable callback
09-01 15:13:33.618  3381  3397 I AebsFrameSubscriber: readNextMessages count=1
09-01 15:13:33.618  3381  3397 I MainActivity: onGatewayFrame: frame seq=23931 egoSpeed=6.876007 pts=0 intervention=false warning=false braking=true lifecycle=released_verified_stop range=null bearing=null rss=10.535003
09-01 15:13:33.717  3426  3426 I de4sdv_aebs_ingress: frame accepted and published sequence=23932
09-01 15:13:33.717  3381  3397 I AebsFrameSubscriber: onMessagesAvailable callback
09-01 15:13:33.718  3381  3397 I AebsFrameSubscriber: readNextMessages count=1
09-01 15:13:33.718  3381  3397 I MainActivity: onGatewayFrame: frame seq=23932 egoSpeed=6.876007 pts=0 intervention=false warning=false braking=true lifecycle=released_verified_stop range=null bearing=null rss=10.535003
09-01 15:13:33.817  3426  3426 I de4sdv_aebs_ingress: frame accepted and published sequence=23933
09-01 15:13:33.817  3381  3397 I AebsFrameSubscriber: onMessagesAvailable callback
09-01 15:13:33.817  3381  3397 I AebsFrameSubscriber: readNextMessages count=1
09-01 15:13:33.818  3381  3397 I MainActivity: onGatewayFrame: frame seq=23933 egoSpeed=6.876007 pts=0 intervention=false warning=false braking=true lifecycle=released_verified_stop range=null bearing=null rss=10.535003
09-01 15:13:33.859   876   876 D EmulatedVehicleHardware: Set value for property ID: 290459441
09-01 15:13:33.860   876  1883 E VhalProxy: Publisher with id: 290459441 does not exist in vhal proxy
09-01 15:13:33.917  3426  3426 I de4sdv_aebs_ingress: frame accepted and published sequence=23934
09-01 15:13:33.917  3381  3397 I AebsFrameSubscriber: onMessagesAvailable callback
09-01 15:13:33.918  3381  3397 I AebsFrameSubscriber: readNextMessages count=1
09-01 15:13:33.918  3381  3397 I MainActivity: onGatewayFrame: frame seq=23934 egoSpeed=6.876007 pts=0 intervention=false warning=false braking=true lifecycle=released_verified_stop range=null bearing=null rss=10.535003
09-01 15:13:34.013  1766  1789 D SdvServiceManagerServer: main::mesh::manager: Watcher task instance2 woken up by: Timeout
09-01 15:13:34.013  1766  1790 D SdvServiceManagerServer: main::mesh::manager: Watcher task instance3 woken up by: Timeout
09-01 15:13:34.013  1766  1789 D SdvServiceManagerServer: main::mesh::custom_verifier: Created ExternalVerifier with address 0x7c6bc800df50
09-01 15:13:34.013  1766  1790 D SdvServiceManagerServer: main::mesh::custom_verifier: Created ExternalVerifier with address 0x7c6bc800f1b0
09-01 15:13:34.013  1766  1789 I SdvServiceManagerServer: main::mesh::async_client: Connecting to instance2 at 192.168.99.4:2000 using secure TLS channel with DICE authentication
09-01 15:13:34.013  1766  1790 I SdvServiceManagerServer: main::mesh::async_client: Connecting to instance3 at 192.168.99.5:2000 using secure TLS channel with DICE authentication
09-01 15:13:34.016  3426  3426 I de4sdv_aebs_ingress: frame accepted and published sequence=23935
09-01 15:13:34.017  3381  3397 I AebsFrameSubscriber: onMessagesAvailable callback
09-01 15:13:34.017  3381  3397 I AebsFrameSubscriber: readNextMessages count=1
09-01 15:13:34.017  3381  3397 I MainActivity: onGatewayFrame: frame seq=23935 egoSpeed=6.876007 pts=0 intervention=false warning=false braking=true lifecycle=released_verified_stop range=null bearing=null rss=10.535003
09-01 15:13:34.117  3426  3426 I de4sdv_aebs_ingress: frame accepted and published sequence=23936
09-01 15:13:34.117  3381  3397 I AebsFrameSubscriber: onMessagesAvailable callback
09-01 15:13:34.117  3381  3397 I AebsFrameSubscriber: readNextMessages count=1
09-01 15:13:34.118  3381  3397 I MainActivity: onGatewayFrame: frame seq=23936 egoSpeed=6.876007 pts=0 intervention=false warning=false braking=true lifecycle=released_verified_stop range=null bearing=null rss=10.535003
09-01 15:13:34.217  3426  3426 I de4sdv_aebs_ingress: frame accepted and published sequence=23937
09-01 15:13:34.217  3381  3397 I AebsFrameSubscriber: onMessagesAvailable callback
09-01 15:13:34.217  3381  3397 I AebsFrameSubscriber: readNextMessages count=1
09-01 15:13:34.217  3381  3397 I MainActivity: onGatewayFrame: frame seq=23937 egoSpeed=6.876007 pts=0 intervention=false warning=false braking=true lifecycle=released_verified_stop range=null bearing=null rss=10.535003
09-01 15:13:34.317  3426  3426 I de4sdv_aebs_ingress: frame accepted and published sequence=23938
09-01 15:13:34.318  3381  3397 I AebsFrameSubscriber: onMessagesAvailable callback
09-01 15:13:34.318  3381  3397 I AebsFrameSubscriber: readNextMessages count=1
09-01 15:13:34.318  3381  3397 I MainActivity: onGatewayFrame: frame seq=23938 egoSpeed=6.876007 pts=0 intervention=false warning=false braking=true lifecycle=released_verified_stop range=null bearing=null rss=10.535003
09-01 15:13:34.416  3426  3426 I de4sdv_aebs_ingress: frame accepted and published sequence=23939
09-01 15:13:34.417  3381  3397 I AebsFrameSubscriber: onMessagesAvailable callback
09-01 15:13:34.417  3381  3397 I AebsFrameSubscriber: readNextMessages count=1
09-01 15:13:34.417  3381  3397 I MainActivity: onGatewayFrame: frame seq=23939 egoSpeed=6.876007 pts=0 intervention=false warning=false braking=true lifecycle=released_verified_stop range=null bearing=null rss=10.535003
09-01 15:13:34.517  3426  3426 I de4sdv_aebs_ingress: frame accepted and published sequence=23940
09-01 15:13:34.517  3381  3397 I AebsFrameSubscriber: onMessagesAvailable callback
09-01 15:13:34.518  3381  3397 I AebsFrameSubscriber: readNextMessages count=1
09-01 15:13:34.518  3381  3397 I MainActivity: onGatewayFrame: frame seq=23940 egoSpeed=6.876007 pts=0 intervention=false warning=false braking=true lifecycle=released_verified_stop range=null bearing=null rss=10.535003
09-01 15:13:34.616  3426  3426 I de4sdv_aebs_ingress: frame accepted and published sequence=23941
09-01 15:13:34.617  3381  3397 I AebsFrameSubscriber: onMessagesAvailable callback
09-01 15:13:34.618  3381  3397 I AebsFrameSubscriber: readNextMessages count=1
09-01 15:13:34.618  3381  3397 I MainActivity: onGatewayFrame: frame seq=23941 egoSpeed=6.876007 pts=0 intervention=false warning=false braking=true lifecycle=released_verified_stop range=null bearing=null rss=10.535003
09-01 15:13:34.717  3426  3426 I de4sdv_aebs_ingress: frame accepted and published sequence=23942
09-01 15:13:34.717  3381  3397 I AebsFrameSubscriber: onMessagesAvailable callback
09-01 15:13:34.718  3381  3397 I AebsFrameSubscriber: readNextMessages count=1
09-01 15:13:34.718  3381  3397 I MainActivity: onGatewayFrame: frame seq=23942 egoSpeed=6.876007 pts=0 intervention=false warning=false braking=true lifecycle=released_verified_stop range=null bearing=null rss=10.535003
09-01 15:13:34.816  3426  3426 I de4sdv_aebs_ingress: frame accepted and published sequence=23943
09-01 15:13:34.817  3381  3397 I AebsFrameSubscriber: onMessagesAvailable callback
09-01 15:13:34.817  3381  3397 I AebsFrameSubscriber: readNextMessages count=1
09-01 15:13:34.817  3381  3397 I MainActivity: onGatewayFrame: frame seq=23943 egoSpeed=6.876007 pts=0 intervention=false warning=false braking=true lifecycle=released_verified_stop range=null bearing=null rss=10.535003
09-01 15:13:34.916  3426  3426 I de4sdv_aebs_ingress: frame accepted and published sequence=23944
09-01 15:13:34.917  3381  3397 I AebsFrameSubscriber: onMessagesAvailable callback
09-01 15:13:34.917  3381  3397 I AebsFrameSubscriber: readNextMessages count=1
09-01 15:13:34.917  3381  3397 I MainActivity: onGatewayFrame: frame seq=23944 egoSpeed=6.876007 pts=0 intervention=false warning=false braking=true lifecycle=released_verified_stop range=null bearing=null rss=10.535003
09-01 15:13:35.017  3426  3426 I de4sdv_aebs_ingress: frame accepted and published sequence=23945
09-01 15:13:35.017  1766  1789 W SdvServiceManagerServer: main::mesh::manager: Attempt to reconnect to instance3 failed: Unable to connect to mesh. Channel state: GRPC_CHANNEL_CONNECTING
09-01 15:13:35.017  1766  1790 W SdvServiceManagerServer: main::mesh::manager: Attempt to reconnect to instance2 failed: Unable to connect to mesh. Channel state: GRPC_CHANNEL_CONNECTING
09-01 15:13:35.017  1766  1817 D SdvServiceManagerServer: main::mesh::custom_verifier: Dropping ExternalVerifier with address 0x7c6bc800f1b0
09-01 15:13:35.017  1766  1828 D SdvServiceManagerServer: main::mesh::custom_verifier: Dropping ExternalVerifier with address 0x7c6bc800df50
09-01 15:13:35.017  3381  3397 I AebsFrameSubscriber: onMessagesAvailable callback
09-01 15:13:35.017  3381  3397 I AebsFrameSubscriber: readNextMessages count=1
09-01 15:13:35.017  3381  3397 I MainActivity: onGatewayFrame: frame seq=23945 egoSpeed=6.876007 pts=0 intervention=false warning=false braking=true lifecycle=released_verified_stop range=null bearing=null rss=10.535003
09-01 15:13:35.117  3426  3426 I de4sdv_aebs_ingress: frame accepted and published sequence=23946
09-01 15:13:35.118  3381  3397 I AebsFrameSubscriber: onMessagesAvailable callback
09-01 15:13:35.118  3381  3397 I AebsFrameSubscriber: readNextMessages count=1
09-01 15:13:35.118  3381  3397 I MainActivity: onGatewayFrame: frame seq=23946 egoSpeed=6.876007 pts=0 intervention=false warning=false braking=true lifecycle=released_verified_stop range=null bearing=null rss=10.535003
09-01 15:13:35.217  3426  3426 I de4sdv_aebs_ingress: frame accepted and published sequence=23947
09-01 15:13:35.217  3381  3397 I AebsFrameSubscriber: onMessagesAvailable callback
09-01 15:13:35.218  3381  3397 I AebsFrameSubscriber: readNextMessages count=1
09-01 15:13:35.218  3381  3397 I MainActivity: onGatewayFrame: frame seq=23947 egoSpeed=6.876007 pts=0 intervention=false warning=false braking=true lifecycle=released_verified_stop range=null bearing=null rss=10.535003
09-01 15:13:35.317  3426  3426 I de4sdv_aebs_ingress: frame accepted and published sequence=23948
09-01 15:13:35.317  3381  3397 I AebsFrameSubscriber: onMessagesAvailable callback
09-01 15:13:35.318  3381  3397 I AebsFrameSubscriber: readNextMessages count=1
09-01 15:13:35.318  3381  3397 I MainActivity: onGatewayFrame: frame seq=23948 egoSpeed=6.876007 pts=0 intervention=false warning=false braking=true lifecycle=released_verified_stop range=null bearing=null rss=10.535003
09-01 15:13:35.417  3426  3426 I de4sdv_aebs_ingress: frame accepted and published sequence=23949
09-01 15:13:35.417  3381  3397 I AebsFrameSubscriber: onMessagesAvailable callback
09-01 15:13:35.418  3381  3397 I AebsFrameSubscriber: readNextMessages count=1
09-01 15:13:35.418  3381  3397 I MainActivity: onGatewayFrame: frame seq=23949 egoSpeed=6.876007 pts=0 intervention=false warning=false braking=true lifecycle=released_verified_stop range=null bearing=null rss=10.535003
09-01 15:13:35.517  3426  3426 I de4sdv_aebs_ingress: frame accepted and published sequence=23950
09-01 15:13:35.517  3381  3397 I AebsFrameSubscriber: onMessagesAvailable callback
09-01 15:13:35.517  3381  3397 I AebsFrameSubscriber: readNextMessages count=1
09-01 15:13:35.517  3381  3397 I MainActivity: onGatewayFrame: frame seq=23950 egoSpeed=6.876007 pts=0 intervention=false warning=false braking=true lifecycle=released_verified_stop range=null bearing=null rss=10.535003
09-01 15:13:35.616  3426  3426 I de4sdv_aebs_ingress: frame accepted and published sequence=23951
09-01 15:13:35.617  3381  3397 I AebsFrameSubscriber: onMessagesAvailable callback
09-01 15:13:35.617  3381  3397 I AebsFrameSubscriber: readNextMessages count=1
09-01 15:13:35.617  3381  3397 I MainActivity: onGatewayFrame: frame seq=23951 egoSpeed=6.876007 pts=0 intervention=false warning=false braking=true lifecycle=released_verified_stop range=null bearing=null rss=10.535003
09-01 15:13:35.716  3426  3426 I de4sdv_aebs_ingress: frame accepted and published sequence=23952
09-01 15:13:35.717  3381  3397 I AebsFrameSubscriber: onMessagesAvailable callback
09-01 15:13:35.717  3381  3397 I AebsFrameSubscriber: readNextMessages count=1
09-01 15:13:35.717  3381  3397 I MainActivity: onGatewayFrame: frame seq=23952 egoSpeed=6.876007 pts=0 intervention=false warning=false braking=true lifecycle=released_verified_stop range=null bearing=null rss=10.535003
09-01 15:13:35.816  3426  3426 I de4sdv_aebs_ingress: frame accepted and published sequence=23953
09-01 15:13:35.819  3381  3397 I AebsFrameSubscriber: onMessagesAvailable callback
09-01 15:13:35.820  3381  3397 I AebsFrameSubscriber: readNextMessages count=1
09-01 15:13:35.820  3381  3397 I MainActivity: onGatewayFrame: frame seq=23953 egoSpeed=6.876007 pts=0 intervention=false warning=false braking=true lifecycle=released_verified_stop range=null bearing=null rss=10.535003
09-01 15:13:35.917  3426  3426 I de4sdv_aebs_ingress: frame accepted and published sequence=23954
09-01 15:13:35.917  3381  3397 I AebsFrameSubscriber: onMessagesAvailable callback
09-01 15:13:35.918  3381  3397 I AebsFrameSubscriber: readNextMessages count=1
09-01 15:13:35.918  3381  3397 I MainActivity: onGatewayFrame: frame seq=23954 egoSpeed=6.876007 pts=0 intervention=false warning=false braking=true lifecycle=released_verified_stop range=null bearing=null rss=10.535003
09-01 15:13:36.017  3426  3426 I de4sdv_aebs_ingress: frame accepted and published sequence=23955
09-01 15:13:36.017  3381  3397 I AebsFrameSubscriber: onMessagesAvailable callback
09-01 15:13:36.018  3381  3397 I AebsFrameSubscriber: readNextMessages count=1
09-01 15:13:36.018  3381  3397 I MainActivity: onGatewayFrame: frame seq=23955 egoSpeed=6.876007 pts=0 intervention=false warning=false braking=true lifecycle=released_verified_stop range=null bearing=null rss=10.535003
09-01 15:13:36.116  3426  3426 I de4sdv_aebs_ingress: frame accepted and published sequence=23956
09-01 15:13:36.117  3381  3397 I AebsFrameSubscriber: onMessagesAvailable callback
09-01 15:13:36.118  3381  3397 I AebsFrameSubscriber: readNextMessages count=1
09-01 15:13:36.118  3381  3397 I MainActivity: onGatewayFrame: frame seq=23956 egoSpeed=6.876007 pts=0 intervention=false warning=false braking=true lifecycle=released_verified_stop range=null bearing=null rss=10.535003
09-01 15:13:36.217  3426  3426 I de4sdv_aebs_ingress: frame accepted and published sequence=23957
09-01 15:13:36.217  3381  3397 I AebsFrameSubscriber: onMessagesAvailable callback
09-01 15:13:36.217  3381  3397 I AebsFrameSubscriber: readNextMessages count=1
09-01 15:13:36.217  3381  3397 I MainActivity: onGatewayFrame: frame seq=23957 egoSpeed=6.876007 pts=0 intervention=false warning=false braking=true lifecycle=released_verified_stop range=null bearing=null rss=10.535003
09-01 15:13:36.317  3426  3426 I de4sdv_aebs_ingress: frame accepted and published sequence=23958
09-01 15:13:36.318  3381  3397 I AebsFrameSubscriber: onMessagesAvailable callback
09-01 15:13:36.318  3381  3397 I AebsFrameSubscriber: readNextMessages count=1
09-01 15:13:36.318  3381  3397 I MainActivity: onGatewayFrame: frame seq=23958 egoSpeed=6.876007 pts=0 intervention=false warning=false braking=true lifecycle=released_verified_stop range=null bearing=null rss=10.535003
09-01 15:13:36.417  3426  3426 I de4sdv_aebs_ingress: frame accepted and published sequence=23959
09-01 15:13:36.418  3381  3397 I AebsFrameSubscriber: onMessagesAvailable callback
09-01 15:13:36.418  3381  3397 I AebsFrameSubscriber: readNextMessages count=1
09-01 15:13:36.418  3381  3397 I MainActivity: onGatewayFrame: frame seq=23959 egoSpeed=6.876007 pts=0 intervention=false warning=false braking=true lifecycle=released_verified_stop range=null bearing=null rss=10.535003
09-01 15:13:36.517  3426  3426 I de4sdv_aebs_ingress: frame accepted and published sequence=23960
09-01 15:13:36.517  3381  3397 I AebsFrameSubscriber: onMessagesAvailable callback
09-01 15:13:36.518  3381  3397 I AebsFrameSubscriber: readNextMessages count=1
09-01 15:13:36.518  3381  3397 I MainActivity: onGatewayFrame: frame seq=23960 egoSpeed=6.876007 pts=0 intervention=false warning=false braking=true lifecycle=released_verified_stop range=null bearing=null rss=10.535003
09-01 15:13:36.617  3426  3426 I de4sdv_aebs_ingress: frame accepted and published sequence=23961
09-01 15:13:36.617  3381  3397 I AebsFrameSubscriber: onMessagesAvailable callback
09-01 15:13:36.617  3381  3397 I AebsFrameSubscriber: readNextMessages count=1
09-01 15:13:36.617  3381  3397 I MainActivity: onGatewayFrame: frame seq=23961 egoSpeed=6.876007 pts=0 intervention=false warning=false braking=true lifecycle=released_verified_stop range=null bearing=null rss=10.535003
09-01 15:13:36.717  3426  3426 I de4sdv_aebs_ingress: frame accepted and published sequence=23962
09-01 15:13:36.718  3381  3397 I AebsFrameSubscriber: onMessagesAvailable callback
09-01 15:13:36.718  3381  3397 I AebsFrameSubscriber: readNextMessages count=1
09-01 15:13:36.718  3381  3397 I MainActivity: onGatewayFrame: frame seq=23962 egoSpeed=6.876007 pts=0 intervention=false warning=false braking=true lifecycle=released_verified_stop range=null bearing=null rss=10.535003
09-01 15:13:36.816  3426  3426 I de4sdv_aebs_ingress: frame accepted and published sequence=23963
09-01 15:13:36.817  3381  3397 I AebsFrameSubscriber: onMessagesAvailable callback
09-01 15:13:36.817  3381  3397 I AebsFrameSubscriber: readNextMessages count=1
09-01 15:13:36.817  3381  3397 I MainActivity: onGatewayFrame: frame seq=23963 egoSpeed=6.876007 pts=0 intervention=false warning=false braking=true lifecycle=released_verified_stop range=null bearing=null rss=10.535003
09-01 15:13:36.863   876   876 D EmulatedVehicleHardware: Set value for property ID: 290459441
09-01 15:13:36.864   876  1883 E VhalProxy: Publisher with id: 290459441 does not exist in vhal proxy
09-01 15:13:36.917  3426  3426 I de4sdv_aebs_ingress: frame accepted and published sequence=23964
09-01 15:13:36.917  3381  3397 I AebsFrameSubscriber: onMessagesAvailable callback
09-01 15:13:36.917  3381  3397 I AebsFrameSubscriber: readNextMessages count=1
09-01 15:13:36.918  3381  3397 I MainActivity: onGatewayFrame: frame seq=23964 egoSpeed=6.876007 pts=0 intervention=false warning=false braking=true lifecycle=released_verified_stop range=null bearing=null rss=10.535003
09-01 15:13:36.994  1017  1032 I WifiService: getConnectionInfo uid=1010110
09-01 15:13:37.017  3426  3426 I de4sdv_aebs_ingress: frame accepted and published sequence=23965
09-01 15:13:37.017  3381  3397 I AebsFrameSubscriber: onMessagesAvailable callback
09-01 15:13:37.018  3381  3397 I AebsFrameSubscriber: readNextMessages count=1
09-01 15:13:37.018  3381  3397 I MainActivity: onGatewayFrame: frame seq=23965 egoSpeed=6.876007 pts=0 intervention=false warning=false braking=true lifecycle=released_verified_stop range=null bearing=null rss=10.535003
09-01 15:13:37.117  3426  3426 I de4sdv_aebs_ingress: frame accepted and published sequence=23966
09-01 15:13:37.118  3381  3397 I AebsFrameSubscriber: onMessagesAvailable callback
09-01 15:13:37.118  3381  3397 I AebsFrameSubscriber: readNextMessages count=1
09-01 15:13:37.118  3381  3397 I MainActivity: onGatewayFrame: frame seq=23966 egoSpeed=6.876007 pts=0 intervention=false warning=false braking=true lifecycle=released_verified_stop range=null bearing=null rss=10.535003
09-01 15:13:37.217  3426  3426 I de4sdv_aebs_ingress: frame accepted and published sequence=23967
09-01 15:13:37.217  3381  3397 I AebsFrameSubscriber: onMessagesAvailable callback
09-01 15:13:37.217  3381  3397 I AebsFrameSubscriber: readNextMessages count=1
09-01 15:13:37.217  3381  3397 I MainActivity: onGatewayFrame: frame seq=23967 egoSpeed=6.876007 pts=0 intervention=false warning=false braking=true lifecycle=released_verified_stop range=null bearing=null rss=10.535003
09-01 15:13:37.316  3426  3426 I de4sdv_aebs_ingress: frame accepted and published sequence=23968
09-01 15:13:37.317  3381  3397 I AebsFrameSubscriber: onMessagesAvailable callback
09-01 15:13:37.317  3381  3397 I AebsFrameSubscriber: readNextMessages count=1
09-01 15:13:37.317  3381  3397 I MainActivity: onGatewayFrame: frame seq=23968 egoSpeed=6.876007 pts=0 intervention=false warning=false braking=true lifecycle=released_verified_stop range=null bearing=null rss=10.535003
09-01 15:13:37.416  3426  3426 I de4sdv_aebs_ingress: frame accepted and published sequence=23969
09-01 15:13:37.417  3381  3397 I AebsFrameSubscriber: onMessagesAvailable callback
09-01 15:13:37.417  3381  3397 I AebsFrameSubscriber: readNextMessages count=1
09-01 15:13:37.417  3381  3397 I MainActivity: onGatewayFrame: frame seq=23969 egoSpeed=6.876007 pts=0 intervention=false warning=false braking=true lifecycle=released_verified_stop range=null bearing=null rss=10.535003
09-01 15:13:37.516  3426  3426 I de4sdv_aebs_ingress: frame accepted and published sequence=23970
09-01 15:13:37.518  3381  3397 I AebsFrameSubscriber: onMessagesAvailable callback
09-01 15:13:37.518  3381  3397 I AebsFrameSubscriber: readNextMessages count=1
09-01 15:13:37.518  3381  3397 I MainActivity: onGatewayFrame: frame seq=23970 egoSpeed=6.876007 pts=0 intervention=false warning=false braking=true lifecycle=released_verified_stop range=null bearing=null rss=10.535003
09-01 15:13:37.616  3426  3426 I de4sdv_aebs_ingress: frame accepted and published sequence=23971
09-01 15:13:37.617  3381  3397 I AebsFrameSubscriber: onMessagesAvailable callback
09-01 15:13:37.617  3381  3397 I AebsFrameSubscriber: readNextMessages count=1
09-01 15:13:37.617  3381  3397 I MainActivity: onGatewayFrame: frame seq=23971 egoSpeed=6.876007 pts=0 intervention=false warning=false braking=true lifecycle=released_verified_stop range=null bearing=null rss=10.535003
09-01 15:13:37.717  3426  3426 I de4sdv_aebs_ingress: frame accepted and published sequence=23972
09-01 15:13:37.718  3381  3397 I AebsFrameSubscriber: onMessagesAvailable callback
09-01 15:13:37.718  3381  3397 I AebsFrameSubscriber: readNextMessages count=1
09-01 15:13:37.718  3381  3397 I MainActivity: onGatewayFrame: frame seq=23972 egoSpeed=6.876007 pts=0 intervention=false warning=false braking=true lifecycle=released_verified_stop range=null bearing=null rss=10.535003
09-01 15:13:37.818  3426  3426 I de4sdv_aebs_ingress: frame accepted and published sequence=23973
09-01 15:13:37.819  3381  3397 I AebsFrameSubscriber: onMessagesAvailable callback
09-01 15:13:37.820  3381  3397 I AebsFrameSubscriber: readNextMessages count=1
09-01 15:13:37.820  3381  3397 I MainActivity: onGatewayFrame: frame seq=23973 egoSpeed=6.876007 pts=0 intervention=false warning=false braking=true lifecycle=released_verified_stop range=null bearing=null rss=10.535003
09-01 15:13:37.918  3426  3426 I de4sdv_aebs_ingress: frame accepted and published sequence=23974
09-01 15:13:37.919  3381  3397 I AebsFrameSubscriber: onMessagesAvailable callback
09-01 15:13:37.919  3381  3397 I AebsFrameSubscriber: readNextMessages count=1
09-01 15:13:37.919  3381  3397 I MainActivity: onGatewayFrame: frame seq=23974 egoSpeed=6.876007 pts=0 intervention=false warning=false braking=true lifecycle=released_verified_stop range=null bearing=null rss=10.535003
09-01 15:13:37.920  3347  3347 I adbd    : adbd service requested 'shell,raw:cut -d. -f1 /proc/uptime'
09-01 15:13:38.016  3426  3426 I de4sdv_aebs_ingress: frame accepted and published sequence=23975
09-01 15:13:38.017  3381  3397 I AebsFrameSubscriber: onMessagesAvailable callback
09-01 15:13:38.017  3381  3397 I AebsFrameSubscriber: readNextMessages count=1
09-01 15:13:38.017  3381  3397 I MainActivity: onGatewayFrame: frame seq=23975 egoSpeed=6.876007 pts=0 intervention=false warning=false braking=true lifecycle=released_verified_stop range=null bearing=null rss=10.535003
09-01 15:13:38.116  3426  3426 I de4sdv_aebs_ingress: frame accepted and published sequence=23976
09-01 15:13:38.117  3381  3397 I AebsFrameSubscriber: onMessagesAvailable callback
09-01 15:13:38.117  3381  3397 I AebsFrameSubscriber: readNextMessages count=1
09-01 15:13:38.117  3381  3397 I MainActivity: onGatewayFrame: frame seq=23976 egoSpeed=6.876007 pts=0 intervention=false warning=false braking=true lifecycle=released_verified_stop range=null bearing=null rss=10.535003
09-01 15:13:38.174  3347  3347 I adbd    : adbd service requested 'sync:'
09-01 15:13:38.216  3426  3426 I de4sdv_aebs_ingress: frame accepted and published sequence=23977
09-01 15:13:38.217  3381  3397 I AebsFrameSubscriber: onMessagesAvailable callback
09-01 15:13:38.218  3381  3397 I AebsFrameSubscriber: readNextMessages count=1
09-01 15:13:38.218  3381  3397 I MainActivity: onGatewayFrame: frame seq=23977 egoSpeed=6.876007 pts=0 intervention=false warning=false braking=true lifecycle=released_verified_stop range=null bearing=null rss=10.535003
09-01 15:13:38.316  3426  3426 I de4sdv_aebs_ingress: frame accepted and published sequence=23978
09-01 15:13:38.317  3381  3397 I AebsFrameSubscriber: onMessagesAvailable callback
09-01 15:13:38.317  3381  3397 I AebsFrameSubscriber: readNextMessages count=1
09-01 15:13:38.317  3381  3397 I MainActivity: onGatewayFrame: frame seq=23978 egoSpeed=6.876007 pts=0 intervention=false warning=false braking=true lifecycle=released_verified_stop range=null bearing=null rss=10.535003
09-01 15:13:38.362  3347  3347 I adbd    : adbd service requested 'shell,v2,raw:logcat -d'
09-01 15:13:38.482     0     0 I logd    : logdr: UID=0 GID=0 PID=3626 n tail=0 logMask=99 pid=0 start=0ns deadline=0ns
09-01 15:13:38.417  3426  3426 I de4sdv_aebs_ingress: frame accepted and published sequence=23979
