--------- beginning of main
         1788690024.112  4644  4675 I AebsFrameSubscriber: initComms ok
         1788690024.138  4644  4675 I AebsFrameSubscriber: subscribed to topic=aebs-visualization-frame
         1788690024.138  4644  4675 I AebsFrameSubscriber: message poller started period_ms=100
         1788690024.138  4644  4675 I MainActivity: Gateway subscription active
         1788690150.513  4644  4675 I AebsFrameSubscriber: onMessagesAvailable callback
         1788690150.545  4644  4675 I AebsFrameSubscriber: readNextMessages count=1
         1788690150.545  4644  4675 I MainActivity: onGatewayFrame: frame seq=1077 egoSpeed=6.562343 pts=0 intervention=false warning=false braking=false lifecycle=armed range=null bearing=null rss=null
         1788690150.612  4644  4675 I AebsFrameSubscriber: onMessagesAvailable callback
         1788690150.613  4644  4675 I AebsFrameSubscriber: readNextMessages count=1
         1788690150.613  4644  4675 I MainActivity: onGatewayFrame: frame seq=1078 egoSpeed=6.562343 pts=0 intervention=false warning=false braking=false lifecycle=armed range=null bearing=null rss=null
         1788690150.712  4644  4675 I AebsFrameSubscriber: onMessagesAvailable callback
         1788690150.713  4644  4675 I AebsFrameSubscriber: readNextMessages count=1
         1788690150.713  4644  4675 I MainActivity: onGatewayFrame: frame seq=1079 egoSpeed=6.562343 pts=0 intervention=false warning=false braking=false lifecycle=armed range=null bearing=null rss=null
         1788690150.812  4644  4675 I AebsFrameSubscriber: onMessagesAvailable callback
         1788690150.813  4644  4675 I AebsFrameSubscriber: readNextMessages count=1
         1788690150.813  4644  4675 I MainActivity: onGatewayFrame: frame seq=1080 egoSpeed=6.562343 pts=0 intervention=false warning=false braking=false lifecycle=armed range=null bearing=null rss=null
         1788690150.912  4644  4675 I AebsFrameSubscriber: onMessagesAvailable callback
         1788690150.913  4644  4675 I AebsFrameSubscriber: readNextMessages count=1
         1788690150.913  4644  4675 I MainActivity: onGatewayFrame: frame seq=1081 egoSpeed=6.562343 pts=0 intervention=false warning=false braking=false lifecycle=armed range=null bearing=null rss=null
         1788690151.012  4644  4675 I AebsFrameSubscriber: onMessagesAvailable callback
         1788690151.013  4644  4675 I AebsFrameSubscriber: readNextMessages count=1
         1788690151.013  4644  4675 I MainActivity: onGatewayFrame: frame seq=1082 egoSpeed=6.562343 pts=0 intervention=false warning=false braking=false lifecycle=armed range=null bearing=null rss=null
         1788690151.112  4644  4675 I AebsFrameSubscriber: onMessagesAvailable callback
         1788690151.113  4644  4675 I AebsFrameSubscriber: readNextMessages count=1
         1788690151.113  4644  4675 I MainActivity: onGatewayFrame: frame seq=1083 egoSpeed=6.562343 pts=0 intervention=false warning=false braking=false lifecycle=armed range=null bearing=null rss=null
         1788690151.212  4644  4675 I AebsFrameSubscriber: onMessagesAvailable callback
         1788690151.213  4644  4675 I AebsFrameSubscriber: readNextMessages count=1
         1788690151.213  4644  4675 I MainActivity: onGatewayFrame: frame seq=1084 egoSpeed=6.562343 pts=0 intervention=false warning=false braking=false lifecycle=armed range=null bearing=null rss=null
         1788690151.312  4644  4675 I AebsFrameSubscriber: onMessagesAvailable callback
         1788690151.313  4644  4675 I AebsFrameSubscriber: readNextMessages count=1
         1788690151.313  4644  4675 I MainActivity: onGatewayFrame: frame seq=1085 egoSpeed=6.562343 pts=0 intervention=false warning=false braking=false lifecycle=armed range=null bearing=null rss=null
         1788690151.412  4644  4675 I AebsFrameSubscriber: onMessagesAvailable callback
         1788690151.413  4644  4675 I AebsFrameSubscriber: readNextMessages count=1
         1788690151.413  4644  4675 I MainActivity: onGatewayFrame: frame seq=1086 egoSpeed=6.562343 pts=0 intervention=false warning=false braking=false lifecycle=armed range=null bearing=null rss=null
         1788690151.512  4644  4675 I AebsFrameSubscriber: onMessagesAvailable callback
         1788690151.513  4644  4675 I AebsFrameSubscriber: readNextMessages count=1
         1788690151.513  4644  4675 I MainActivity: onGatewayFrame: frame seq=1087 egoSpeed=6.562343 pts=0 intervention=false warning=false braking=false lifecycle=armed range=null bearing=null rss=null
         1788690151.612  4644  4675 I AebsFrameSubscriber: onMessagesAvailable callback
         1788690151.613  4644  4675 I AebsFrameSubscriber: readNextMessages count=1
         1788690151.613  4644  4675 I MainActivity: onGatewayFrame: frame seq=1088 egoSpeed=6.562343 pts=0 intervention=false warning=false braking=false lifecycle=armed range=null bearing=null rss=null
         1788690151.712  4644  4675 I AebsFrameSubscriber: onMessagesAvailable callback
         1788690151.713  4644  4675 I AebsFrameSubscriber: readNextMessages count=1
         1788690151.713  4644  4675 I MainActivity: onGatewayFrame: frame seq=1089 egoSpeed=6.562343 pts=0 intervention=false warning=false braking=false lifecycle=armed range=null bearing=null rss=null
         1788690151.812  4644  4675 I AebsFrameSubscriber: onMessagesAvailable callback
         1788690151.813  4644  4675 I AebsFrameSubscriber: readNextMessages count=1
         1788690151.813  4644  4675 I MainActivity: onGatewayFrame: frame seq=1090 egoSpeed=6.562343 pts=0 intervention=false warning=false braking=false lifecycle=armed range=null bearing=null rss=null
         1788690151.912  4644  4675 I AebsFrameSubscriber: onMessagesAvailable callback
         1788690151.913  4644  4675 I AebsFrameSubscriber: readNextMessages count=1
         1788690151.913  4644  4675 I MainActivity: onGatewayFrame: frame seq=1091 egoSpeed=6.562343 pts=0 intervention=false warning=false braking=false lifecycle=armed range=null bearing=null rss=null
         1788690152.012  4644  4675 I AebsFrameSubscriber: onMessagesAvailable callback
         1788690152.013  4644  4675 I AebsFrameSubscriber: readNextMessages count=1
         1788690152.013  4644  4675 I MainActivity: onGatewayFrame: frame seq=1092 egoSpeed=6.562343 pts=0 intervention=false warning=false braking=false lifecycle=armed range=null bearing=null rss=null
         1788690152.112  4644  4675 I AebsFrameSubscriber: onMessagesAvailable callback
         1788690152.113  4644  4675 I AebsFrameSubscriber: readNextMessages count=1
         1788690152.113  4644  4675 I MainActivity: onGatewayFrame: frame seq=1093 egoSpeed=6.562343 pts=0 intervention=false warning=false braking=false lifecycle=armed range=null bearing=null rss=null
         1788690152.212  4644  4675 I AebsFrameSubscriber: onMessagesAvailable callback
         1788690152.213  4644  4675 I AebsFrameSubscriber: readNextMessages count=1
         1788690152.213  4644  4675 I MainActivity: onGatewayFrame: frame seq=1094 egoSpeed=6.562343 pts=0 intervention=false warning=false braking=false lifecycle=armed range=null bearing=null rss=null
         1788690152.312  4644  4675 I AebsFrameSubscriber: onMessagesAvailable callback
         1788690152.313  4644  4675 I AebsFrameSubscriber: readNextMessages count=1
         1788690152.313  4644  4675 I MainActivity: onGatewayFrame: frame seq=1095 egoSpeed=6.562343 pts=0 intervention=false warning=false braking=false lifecycle=armed range=null bearing=null rss=null
         1788690152.412  4644  4675 I AebsFrameSubscriber: onMessagesAvailable callback
         1788690152.413  4644  4675 I AebsFrameSubscriber: readNextMessages count=1
         1788690152.413  4644  4675 I MainActivity: onGatewayFrame: frame seq=1096 egoSpeed=6.562343 pts=0 intervention=false warning=false braking=false lifecycle=armed range=null bearing=null rss=null
         1788690152.512  4644  4675 I AebsFrameSubscriber: onMessagesAvailable callback
         1788690152.513  4644  4675 I AebsFrameSubscriber: readNextMessages count=1
         1788690152.513  4644  4675 I MainActivity: onGatewayFrame: frame seq=1097 egoSpeed=6.562343 pts=0 intervention=false warning=false braking=false lifecycle=armed range=null bearing=null rss=null
         1788690152.612  4644  4675 I AebsFrameSubscriber: onMessagesAvailable callback
         1788690152.613  4644  4675 I AebsFrameSubscriber: readNextMessages count=1
         1788690152.613  4644  4675 I MainActivity: onGatewayFrame: frame seq=1098 egoSpeed=6.562343 pts=0 intervention=false warning=false braking=false lifecycle=armed range=null bearing=null rss=null
         1788690152.712  4644  4675 I AebsFrameSubscriber: onMessagesAvailable callback
         1788690152.713  4644  4675 I AebsFrameSubscriber: readNextMessages count=1
         1788690152.713  4644  4675 I MainActivity: onGatewayFrame: frame seq=1099 egoSpeed=6.562343 pts=0 intervention=false warning=false braking=false lifecycle=armed range=null bearing=null rss=null
         1788690152.812  4644  4675 I AebsFrameSubscriber: onMessagesAvailable callback
         1788690152.813  4644  4675 I AebsFrameSubscriber: readNextMessages count=1
         1788690152.813  4644  4675 I MainActivity: onGatewayFrame: frame seq=1100 egoSpeed=6.562343 pts=0 intervention=false warning=false braking=false lifecycle=armed range=null bearing=null rss=null
         1788690152.912  4644  4675 I AebsFrameSubscriber: onMessagesAvailable callback
         1788690152.913  4644  4675 I AebsFrameSubscriber: readNextMessages count=1
         1788690152.913  4644  4675 I MainActivity: onGatewayFrame: frame seq=1101 egoSpeed=6.562343 pts=0 intervention=false warning=false braking=false lifecycle=armed range=null bearing=null rss=null
         1788690153.012  4644  4675 I AebsFrameSubscriber: onMessagesAvailable callback
         1788690153.013  4644  4675 I AebsFrameSubscriber: readNextMessages count=1
         1788690153.013  4644  4675 I MainActivity: onGatewayFrame: frame seq=1102 egoSpeed=6.562343 pts=0 intervention=false warning=false braking=false lifecycle=armed range=null bearing=null rss=null
         1788690153.112  4644  4675 I AebsFrameSubscriber: onMessagesAvailable callback
         1788690153.113  4644  4675 I AebsFrameSubscriber: readNextMessages count=1
         1788690153.113  4644  4675 I MainActivity: onGatewayFrame: frame seq=1103 egoSpeed=6.562343 pts=0 intervention=false warning=false braking=false lifecycle=armed range=null bearing=null rss=null
         1788690153.212  4644  4675 I AebsFrameSubscriber: onMessagesAvailable callback
         1788690153.213  4644  4675 I AebsFrameSubscriber: readNextMessages count=1
         1788690153.213  4644  4675 I MainActivity: onGatewayFrame: frame seq=1104 egoSpeed=6.562343 pts=0 intervention=false warning=false braking=false lifecycle=armed range=null bearing=null rss=null
         1788690153.312  4644  4675 I AebsFrameSubscriber: onMessagesAvailable callback
         1788690153.312  4644  4675 I AebsFrameSubscriber: readNextMessages count=1
         1788690153.313  4644  4675 I MainActivity: onGatewayFrame: frame seq=1105 egoSpeed=6.562343 pts=0 intervention=false warning=false braking=false lifecycle=armed range=null bearing=null rss=null
         1788690153.412  4644  4675 I AebsFrameSubscriber: onMessagesAvailable callback
         1788690153.413  4644  4675 I AebsFrameSubscriber: readNextMessages count=1
         1788690153.413  4644  4675 I MainActivity: onGatewayFrame: frame seq=1106 egoSpeed=6.562343 pts=0 intervention=false warning=false braking=false lifecycle=armed range=null bearing=null rss=null
         1788690153.512  4644  4675 I AebsFrameSubscriber: onMessagesAvailable callback
         1788690153.513  4644  4675 I AebsFrameSubscriber: readNextMessages count=1
         1788690153.513  4644  4675 I MainActivity: onGatewayFrame: frame seq=1107 egoSpeed=6.562343 pts=0 intervention=false warning=false braking=false lifecycle=armed range=null bearing=null rss=null
         1788690153.612  4644  4675 I AebsFrameSubscriber: onMessagesAvailable callback
         1788690153.613  4644  4675 I AebsFrameSubscriber: readNextMessages count=1
         1788690153.613  4644  4675 I MainActivity: onGatewayFrame: frame seq=1108 egoSpeed=6.562343 pts=0 intervention=false warning=false braking=false lifecycle=armed range=null bearing=null rss=null
         1788690153.712  4644  4675 I AebsFrameSubscriber: onMessagesAvailable callback
         1788690153.713  4644  4675 I AebsFrameSubscriber: readNextMessages count=1
         1788690153.713  4644  4675 I MainActivity: onGatewayFrame: frame seq=1109 egoSpeed=6.562343 pts=0 intervention=false warning=false braking=false lifecycle=armed range=null bearing=null rss=null
         1788690153.812  4644  4675 I AebsFrameSubscriber: onMessagesAvailable callback
         1788690153.813  4644  4675 I AebsFrameSubscriber: readNextMessages count=1
         1788690153.813  4644  4675 I MainActivity: onGatewayFrame: frame seq=1110 egoSpeed=6.562343 pts=0 intervention=false warning=false braking=false lifecycle=armed range=null bearing=null rss=null
         1788690153.912  4644  4675 I AebsFrameSubscriber: onMessagesAvailable callback
         1788690153.913  4644  4675 I AebsFrameSubscriber: readNextMessages count=1
         1788690153.913  4644  4675 I MainActivity: onGatewayFrame: frame seq=1111 egoSpeed=6.562343 pts=0 intervention=false warning=false braking=false lifecycle=armed range=null bearing=null rss=null
         1788690154.012  4644  4675 I AebsFrameSubscriber: onMessagesAvailable callback
         1788690154.012  4644  4675 I AebsFrameSubscriber: readNextMessages count=1
         1788690154.013  4644  4675 I MainActivity: onGatewayFrame: frame seq=1112 egoSpeed=6.562343 pts=0 intervention=false warning=false braking=false lifecycle=armed range=null bearing=null rss=null
         1788690154.112  4644  4675 I AebsFrameSubscriber: onMessagesAvailable callback
         1788690154.112  4644  4675 I AebsFrameSubscriber: readNextMessages count=1
         1788690154.113  4644  4675 I MainActivity: onGatewayFrame: frame seq=1113 egoSpeed=6.562343 pts=0 intervention=false warning=false braking=false lifecycle=armed range=null bearing=null rss=null
         1788690154.323  4644  4675 I AebsFrameSubscriber: readNextMessages count=2
         1788690154.323  4644  4675 I MainActivity: onGatewayFrame: frame seq=1114 egoSpeed=6.562343 pts=0 intervention=false warning=false braking=false lifecycle=armed range=null bearing=null rss=null
         1788690154.324  4644  4675 I MainActivity: onGatewayFrame: frame seq=1115 egoSpeed=6.562343 pts=0 intervention=false warning=false braking=false lifecycle=armed range=null bearing=null rss=null
         1788690154.324  4644  4675 I AebsFrameSubscriber: onMessagesAvailable callback
         1788690154.324  4644  4675 I AebsFrameSubscriber: onMessagesAvailable callback
         1788690154.412  4644  4675 I AebsFrameSubscriber: onMessagesAvailable callback
         1788690154.412  4644  4675 I AebsFrameSubscriber: readNextMessages count=1
         1788690154.413  4644  4675 I MainActivity: onGatewayFrame: frame seq=1116 egoSpeed=6.562343 pts=0 intervention=false warning=false braking=false lifecycle=armed range=null bearing=null rss=null
         1788690154.512  4644  4675 I AebsFrameSubscriber: onMessagesAvailable callback
         1788690154.513  4644  4675 I AebsFrameSubscriber: readNextMessages count=1
         1788690154.513  4644  4675 I MainActivity: onGatewayFrame: frame seq=1117 egoSpeed=6.562343 pts=0 intervention=false warning=false braking=false lifecycle=armed range=null bearing=null rss=null
         1788690154.612  4644  4675 I AebsFrameSubscriber: onMessagesAvailable callback
         1788690154.612  4644  4675 I AebsFrameSubscriber: readNextMessages count=1
         1788690154.613  4644  4675 I MainActivity: onGatewayFrame: frame seq=1118 egoSpeed=6.562343 pts=0 intervention=false warning=false braking=false lifecycle=armed range=null bearing=null rss=null
         1788690154.712  4644  4675 I AebsFrameSubscriber: onMessagesAvailable callback
         1788690154.713  4644  4675 I AebsFrameSubscriber: readNextMessages count=1
         1788690154.713  4644  4675 I MainActivity: onGatewayFrame: frame seq=1119 egoSpeed=6.562343 pts=0 intervention=false warning=false braking=false lifecycle=armed range=null bearing=null rss=null
         1788690154.812  4644  4675 I AebsFrameSubscriber: onMessagesAvailable callback
         1788690154.812  4644  4675 I AebsFrameSubscriber: readNextMessages count=1
         1788690154.813  4644  4675 I MainActivity: onGatewayFrame: frame seq=1120 egoSpeed=6.562343 pts=0 intervention=false warning=false braking=false lifecycle=armed range=null bearing=null rss=null
         1788690154.912  4644  4675 I AebsFrameSubscriber: onMessagesAvailable callback
         1788690154.912  4644  4675 I AebsFrameSubscriber: readNextMessages count=1
         1788690154.912  4644  4675 I MainActivity: onGatewayFrame: frame seq=1121 egoSpeed=6.562343 pts=0 intervention=false warning=false braking=false lifecycle=armed range=null bearing=null rss=null
         1788690155.012  4644  4675 I AebsFrameSubscriber: onMessagesAvailable callback
         1788690155.012  4644  4675 I AebsFrameSubscriber: readNextMessages count=1
         1788690155.012  4644  4675 I MainActivity: onGatewayFrame: frame seq=1122 egoSpeed=6.562343 pts=0 intervention=false warning=false braking=false lifecycle=armed range=null bearing=null rss=null
         1788690155.112  4644  4675 I AebsFrameSubscriber: onMessagesAvailable callback
         1788690155.112  4644  4675 I AebsFrameSubscriber: readNextMessages count=1
         1788690155.112  4644  4675 I MainActivity: onGatewayFrame: frame seq=1123 egoSpeed=6.562343 pts=0 intervention=false warning=false braking=false lifecycle=armed range=null bearing=null rss=null
         1788690155.212  4644  4675 I AebsFrameSubscriber: onMessagesAvailable callback
         1788690155.212  4644  4675 I AebsFrameSubscriber: readNextMessages count=1
         1788690155.212  4644  4675 I MainActivity: onGatewayFrame: frame seq=1124 egoSpeed=6.562343 pts=0 intervention=false warning=false braking=false lifecycle=armed range=null bearing=null rss=null
         1788690155.312  4644  4675 I AebsFrameSubscriber: onMessagesAvailable callback
         1788690155.313  4644  4675 I AebsFrameSubscriber: readNextMessages count=1
         1788690155.313  4644  4675 I MainActivity: onGatewayFrame: frame seq=1125 egoSpeed=6.562343 pts=0 intervention=false warning=false braking=false lifecycle=armed range=null bearing=null rss=null
         1788690155.412  4644  4675 I AebsFrameSubscriber: onMessagesAvailable callback
         1788690155.412  4644  4675 I AebsFrameSubscriber: readNextMessages count=1
         1788690155.412  4644  4675 I MainActivity: onGatewayFrame: frame seq=1126 egoSpeed=6.562343 pts=0 intervention=false warning=false braking=false lifecycle=armed range=null bearing=null rss=null
         1788690155.512  4644  4675 I AebsFrameSubscriber: onMessagesAvailable callback
         1788690155.512  4644  4675 I AebsFrameSubscriber: readNextMessages count=1
         1788690155.513  4644  4675 I MainActivity: onGatewayFrame: frame seq=1127 egoSpeed=6.562343 pts=0 intervention=false warning=false braking=false lifecycle=armed range=null bearing=null rss=null
         1788690155.611  4644  4675 I AebsFrameSubscriber: onMessagesAvailable callback
         1788690155.612  4644  4675 I AebsFrameSubscriber: readNextMessages count=1
         1788690155.613  4644  4675 I MainActivity: onGatewayFrame: frame seq=1128 egoSpeed=6.562343 pts=0 intervention=false warning=false braking=false lifecycle=armed range=null bearing=null rss=null
         1788690155.712  4644  4675 I AebsFrameSubscriber: onMessagesAvailable callback
         1788690155.712  4644  4675 I AebsFrameSubscriber: readNextMessages count=1
         1788690155.713  4644  4675 I MainActivity: onGatewayFrame: frame seq=1129 egoSpeed=6.562343 pts=0 intervention=false warning=false braking=false lifecycle=armed range=null bearing=null rss=null
         1788690155.812  4644  4675 I AebsFrameSubscriber: onMessagesAvailable callback
         1788690155.812  4644  4675 I AebsFrameSubscriber: readNextMessages count=1
         1788690155.813  4644  4675 I MainActivity: onGatewayFrame: frame seq=1130 egoSpeed=6.562343 pts=0 intervention=false warning=false braking=false lifecycle=armed range=null bearing=null rss=null
         1788690155.912  4644  4675 I AebsFrameSubscriber: onMessagesAvailable callback
         1788690155.912  4644  4675 I AebsFrameSubscriber: readNextMessages count=1
         1788690155.913  4644  4675 I MainActivity: onGatewayFrame: frame seq=1131 egoSpeed=6.562343 pts=0 intervention=false warning=false braking=false lifecycle=armed range=null bearing=null rss=null
         1788690156.012  4644  4675 I AebsFrameSubscriber: onMessagesAvailable callback
         1788690156.012  4644  4675 I AebsFrameSubscriber: readNextMessages count=1
         1788690156.013  4644  4675 I MainActivity: onGatewayFrame: frame seq=1132 egoSpeed=6.562343 pts=0 intervention=false warning=false braking=false lifecycle=armed range=null bearing=null rss=null
         1788690156.112  4644  4675 I AebsFrameSubscriber: onMessagesAvailable callback
         1788690156.112  4644  4675 I AebsFrameSubscriber: readNextMessages count=1
         1788690156.113  4644  4675 I MainActivity: onGatewayFrame: frame seq=1133 egoSpeed=6.562343 pts=0 intervention=false warning=false braking=false lifecycle=armed range=null bearing=null rss=null
         1788690156.211  4644  4675 I AebsFrameSubscriber: onMessagesAvailable callback
         1788690156.212  4644  4675 I AebsFrameSubscriber: readNextMessages count=1
         1788690156.213  4644  4675 I MainActivity: onGatewayFrame: frame seq=1134 egoSpeed=6.562343 pts=0 intervention=false warning=false braking=false lifecycle=armed range=null bearing=null rss=null
         1788690156.311  4644  4675 I AebsFrameSubscriber: onMessagesAvailable callback
         1788690156.312  4644  4675 I AebsFrameSubscriber: readNextMessages count=1
         1788690156.313  4644  4675 I MainActivity: onGatewayFrame: frame seq=1135 egoSpeed=6.562343 pts=0 intervention=false warning=false braking=false lifecycle=armed range=null bearing=null rss=null
         1788690156.411  4644  4675 I AebsFrameSubscriber: onMessagesAvailable callback
         1788690156.412  4644  4675 I AebsFrameSubscriber: readNextMessages count=1
         1788690156.413  4644  4675 I MainActivity: onGatewayFrame: frame seq=1136 egoSpeed=6.562343 pts=0 intervention=false warning=false braking=false lifecycle=armed range=null bearing=null rss=null
         1788690156.511  4644  4675 I AebsFrameSubscriber: onMessagesAvailable callback
         1788690156.512  4644  4675 I AebsFrameSubscriber: readNextMessages count=1
         1788690156.512  4644  4675 I MainActivity: onGatewayFrame: frame seq=1137 egoSpeed=6.562343 pts=0 intervention=false warning=false braking=false lifecycle=armed range=null bearing=null rss=null
         1788690156.611  4644  4675 I AebsFrameSubscriber: onMessagesAvailable callback
         1788690156.612  4644  4675 I AebsFrameSubscriber: readNextMessages count=1
         1788690156.612  4644  4675 I MainActivity: onGatewayFrame: frame seq=1138 egoSpeed=6.562343 pts=0 intervention=false warning=false braking=false lifecycle=armed range=null bearing=null rss=null
         1788690156.711  4644  4675 I AebsFrameSubscriber: onMessagesAvailable callback
         1788690156.712  4644  4675 I AebsFrameSubscriber: readNextMessages count=1
         1788690156.713  4644  4675 I MainActivity: onGatewayFrame: frame seq=1139 egoSpeed=6.562343 pts=0 intervention=false warning=false braking=false lifecycle=armed range=null bearing=null rss=null
         1788690156.811  4644  4675 I AebsFrameSubscriber: onMessagesAvailable callback
         1788690156.812  4644  4675 I AebsFrameSubscriber: readNextMessages count=1
         1788690156.812  4644  4675 I MainActivity: onGatewayFrame: frame seq=1140 egoSpeed=6.562343 pts=0 intervention=false warning=false braking=false lifecycle=armed range=null bearing=null rss=null
         1788690156.911  4644  4675 I AebsFrameSubscriber: onMessagesAvailable callback
         1788690156.912  4644  4675 I AebsFrameSubscriber: readNextMessages count=1
         1788690156.913  4644  4675 I MainActivity: onGatewayFrame: frame seq=1141 egoSpeed=6.562343 pts=0 intervention=false warning=false braking=false lifecycle=armed range=null bearing=null rss=null
         1788690157.011  4644  4675 I AebsFrameSubscriber: onMessagesAvailable callback
         1788690157.012  4644  4675 I AebsFrameSubscriber: readNextMessages count=1
         1788690157.013  4644  4675 I MainActivity: onGatewayFrame: frame seq=1142 egoSpeed=6.562343 pts=0 intervention=false warning=false braking=false lifecycle=armed range=null bearing=null rss=null
         1788690157.111  4644  4675 I AebsFrameSubscriber: onMessagesAvailable callback
         1788690157.112  4644  4675 I AebsFrameSubscriber: readNextMessages count=1
         1788690157.112  4644  4675 I MainActivity: onGatewayFrame: frame seq=1143 egoSpeed=6.562343 pts=0 intervention=false warning=false braking=false lifecycle=armed range=null bearing=null rss=null
         1788690157.211  4644  4675 I AebsFrameSubscriber: onMessagesAvailable callback
         1788690157.212  4644  4675 I AebsFrameSubscriber: readNextMessages count=1
         1788690157.212  4644  4675 I MainActivity: onGatewayFrame: frame seq=1144 egoSpeed=6.562343 pts=0 intervention=false warning=false braking=false lifecycle=armed range=null bearing=null rss=null
         1788690157.311  4644  4675 I AebsFrameSubscriber: onMessagesAvailable callback
         1788690157.312  4644  4675 I AebsFrameSubscriber: readNextMessages count=1
         1788690157.312  4644  4675 I MainActivity: onGatewayFrame: frame seq=1145 egoSpeed=6.562343 pts=0 intervention=false warning=false braking=false lifecycle=armed range=null bearing=null rss=null
         1788690157.411  4644  4675 I AebsFrameSubscriber: onMessagesAvailable callback
         1788690157.412  4644  4675 I AebsFrameSubscriber: readNextMessages count=1
         1788690157.412  4644  4675 I MainActivity: onGatewayFrame: frame seq=1146 egoSpeed=6.562343 pts=0 intervention=false warning=false braking=false lifecycle=armed range=null bearing=null rss=null
         1788690157.511  4644  4675 I AebsFrameSubscriber: onMessagesAvailable callback
         1788690157.512  4644  4675 I AebsFrameSubscriber: readNextMessages count=1
         1788690157.512  4644  4675 I MainActivity: onGatewayFrame: frame seq=1147 egoSpeed=6.562343 pts=0 intervention=false warning=false braking=false lifecycle=armed range=null bearing=null rss=null
         1788690157.611  4644  4675 I AebsFrameSubscriber: onMessagesAvailable callback
         1788690157.612  4644  4675 I AebsFrameSubscriber: readNextMessages count=1
         1788690157.612  4644  4675 I MainActivity: onGatewayFrame: frame seq=1148 egoSpeed=6.562343 pts=0 intervention=false warning=false braking=false lifecycle=armed range=null bearing=null rss=null
         1788690157.711  4644  4675 I AebsFrameSubscriber: onMessagesAvailable callback
         1788690157.712  4644  4675 I AebsFrameSubscriber: readNextMessages count=1
         1788690157.713  4644  4675 I MainActivity: onGatewayFrame: frame seq=1149 egoSpeed=6.562343 pts=0 intervention=false warning=false braking=false lifecycle=armed range=null bearing=null rss=null
         1788690157.811  4644  4675 I AebsFrameSubscriber: onMessagesAvailable callback
         1788690157.812  4644  4675 I AebsFrameSubscriber: readNextMessages count=1
         1788690157.812  4644  4675 I MainActivity: onGatewayFrame: frame seq=1150 egoSpeed=6.562343 pts=0 intervention=false warning=false braking=false lifecycle=armed range=null bearing=null rss=null
         1788690157.911  4644  4675 I AebsFrameSubscriber: onMessagesAvailable callback
         1788690157.912  4644  4675 I AebsFrameSubscriber: readNextMessages count=1
         1788690157.913  4644  4675 I MainActivity: onGatewayFrame: frame seq=1151 egoSpeed=6.562343 pts=0 intervention=false warning=false braking=false lifecycle=armed range=null bearing=null rss=null
         1788690158.011  4644  4675 I AebsFrameSubscriber: onMessagesAvailable callback
         1788690158.012  4644  4675 I AebsFrameSubscriber: readNextMessages count=1
         1788690158.012  4644  4675 I MainActivity: onGatewayFrame: frame seq=1152 egoSpeed=6.562343 pts=0 intervention=false warning=false braking=false lifecycle=armed range=null bearing=null rss=null
         1788690158.111  4644  4675 I AebsFrameSubscriber: onMessagesAvailable callback
         1788690158.112  4644  4675 I AebsFrameSubscriber: readNextMessages count=1
         1788690158.112  4644  4675 I MainActivity: onGatewayFrame: frame seq=1153 egoSpeed=6.562343 pts=0 intervention=false warning=false braking=false lifecycle=armed range=null bearing=null rss=null
         1788690158.211  4644  4675 I AebsFrameSubscriber: onMessagesAvailable callback
         1788690158.212  4644  4675 I AebsFrameSubscriber: readNextMessages count=1
         1788690158.212  4644  4675 I MainActivity: onGatewayFrame: frame seq=1154 egoSpeed=6.562343 pts=0 intervention=false warning=false braking=false lifecycle=armed range=null bearing=null rss=null
         1788690158.311  4644  4675 I AebsFrameSubscriber: onMessagesAvailable callback
         1788690158.312  4644  4675 I AebsFrameSubscriber: readNextMessages count=1
         1788690158.312  4644  4675 I MainActivity: onGatewayFrame: frame seq=1155 egoSpeed=6.562343 pts=0 intervention=false warning=false braking=false lifecycle=armed range=null bearing=null rss=null
         1788690158.411  4644  4675 I AebsFrameSubscriber: onMessagesAvailable callback
         1788690158.412  4644  4675 I AebsFrameSubscriber: readNextMessages count=1
         1788690158.412  4644  4675 I MainActivity: onGatewayFrame: frame seq=1156 egoSpeed=6.562343 pts=0 intervention=false warning=false braking=false lifecycle=armed range=null bearing=null rss=null
         1788690158.511  4644  4675 I AebsFrameSubscriber: onMessagesAvailable callback
         1788690158.512  4644  4675 I AebsFrameSubscriber: readNextMessages count=1
         1788690158.513  4644  4675 I MainActivity: onGatewayFrame: frame seq=1157 egoSpeed=6.562343 pts=0 intervention=false warning=false braking=false lifecycle=armed range=null bearing=null rss=null
         1788690158.611  4644  4675 I AebsFrameSubscriber: onMessagesAvailable callback
         1788690158.613  4644  4675 I AebsFrameSubscriber: readNextMessages count=1
         1788690158.613  4644  4675 I MainActivity: onGatewayFrame: frame seq=1158 egoSpeed=6.562343 pts=0 intervention=false warning=false braking=false lifecycle=armed range=null bearing=null rss=null
         1788690158.824  4644  4675 I AebsFrameSubscriber: readNextMessages count=2
         1788690158.824  4644  4675 I MainActivity: onGatewayFrame: frame seq=1159 egoSpeed=6.562343 pts=0 intervention=false warning=false braking=false lifecycle=armed range=null bearing=null rss=null
         1788690158.824  4644  4675 I MainActivity: onGatewayFrame: frame seq=1160 egoSpeed=6.562343 pts=0 intervention=false warning=false braking=false lifecycle=armed range=null bearing=null rss=null
         1788690158.825  4644  4675 I AebsFrameSubscriber: onMessagesAvailable callback
         1788690158.825  4644  4675 I AebsFrameSubscriber: onMessagesAvailable callback
         1788690158.911  4644  4675 I AebsFrameSubscriber: onMessagesAvailable callback
         1788690158.912  4644  4675 I AebsFrameSubscriber: readNextMessages count=1
         1788690158.913  4644  4675 I MainActivity: onGatewayFrame: frame seq=1161 egoSpeed=6.562343 pts=0 intervention=false warning=false braking=false lifecycle=armed range=null bearing=null rss=null
         1788690159.011  4644  4675 I AebsFrameSubscriber: onMessagesAvailable callback
         1788690159.012  4644  4675 I AebsFrameSubscriber: readNextMessages count=1
         1788690159.012  4644  4675 I MainActivity: onGatewayFrame: frame seq=1162 egoSpeed=6.562343 pts=0 intervention=false warning=false braking=false lifecycle=armed range=null bearing=null rss=null
         1788690159.111  4644  4675 I AebsFrameSubscriber: onMessagesAvailable callback
         1788690159.112  4644  4675 I AebsFrameSubscriber: readNextMessages count=1
         1788690159.112  4644  4675 I MainActivity: onGatewayFrame: frame seq=1163 egoSpeed=6.562343 pts=0 intervention=false warning=false braking=false lifecycle=armed range=null bearing=null rss=null
         1788690159.211  4644  4675 I AebsFrameSubscriber: onMessagesAvailable callback
         1788690159.212  4644  4675 I AebsFrameSubscriber: readNextMessages count=1
         1788690159.212  4644  4675 I MainActivity: onGatewayFrame: frame seq=1164 egoSpeed=6.562343 pts=0 intervention=false warning=false braking=false lifecycle=armed range=null bearing=null rss=null
         1788690159.311  4644  4675 I AebsFrameSubscriber: onMessagesAvailable callback
         1788690159.312  4644  4675 I AebsFrameSubscriber: readNextMessages count=1
         1788690159.312  4644  4675 I MainActivity: onGatewayFrame: frame seq=1165 egoSpeed=6.562343 pts=0 intervention=false warning=false braking=false lifecycle=armed range=null bearing=null rss=null
         1788690159.411  4644  4675 I AebsFrameSubscriber: onMessagesAvailable callback
         1788690159.412  4644  4675 I AebsFrameSubscriber: readNextMessages count=1
         1788690159.412  4644  4675 I MainActivity: onGatewayFrame: frame seq=1166 egoSpeed=6.562343 pts=0 intervention=false warning=false braking=false lifecycle=armed range=null bearing=null rss=null
         1788690159.511  4644  4675 I AebsFrameSubscriber: onMessagesAvailable callback
         1788690159.512  4644  4675 I AebsFrameSubscriber: readNextMessages count=1
         1788690159.512  4644  4675 I MainActivity: onGatewayFrame: frame seq=1167 egoSpeed=6.562343 pts=0 intervention=false warning=false braking=false lifecycle=armed range=null bearing=null rss=null
         1788690159.611  4644  4675 I AebsFrameSubscriber: onMessagesAvailable callback
         1788690159.612  4644  4675 I AebsFrameSubscriber: readNextMessages count=1
         1788690159.612  4644  4675 I MainActivity: onGatewayFrame: frame seq=1168 egoSpeed=6.562343 pts=0 intervention=false warning=false braking=false lifecycle=armed range=null bearing=null rss=null
         1788690159.711  4644  4675 I AebsFrameSubscriber: onMessagesAvailable callback
         1788690159.712  4644  4675 I AebsFrameSubscriber: readNextMessages count=1
         1788690159.712  4644  4675 I MainActivity: onGatewayFrame: frame seq=1169 egoSpeed=6.562343 pts=0 intervention=false warning=false braking=false lifecycle=armed range=null bearing=null rss=null
         1788690159.811  4644  4675 I AebsFrameSubscriber: onMessagesAvailable callback
         1788690159.812  4644  4675 I AebsFrameSubscriber: readNextMessages count=1
         1788690159.812  4644  4675 I MainActivity: onGatewayFrame: frame seq=1170 egoSpeed=6.562343 pts=0 intervention=false warning=false braking=false lifecycle=armed range=null bearing=null rss=null
         1788690159.911  4644  4675 I AebsFrameSubscriber: onMessagesAvailable callback
         1788690159.912  4644  4675 I AebsFrameSubscriber: readNextMessages count=1
         1788690159.912  4644  4675 I MainActivity: onGatewayFrame: frame seq=1171 egoSpeed=6.562343 pts=0 intervention=false warning=false braking=false lifecycle=armed range=null bearing=null rss=null
         1788690160.011  4644  4675 I AebsFrameSubscriber: onMessagesAvailable callback
         1788690160.012  4644  4675 I AebsFrameSubscriber: readNextMessages count=1
         1788690160.012  4644  4675 I MainActivity: onGatewayFrame: frame seq=1172 egoSpeed=6.562343 pts=0 intervention=false warning=false braking=false lifecycle=armed range=null bearing=null rss=null
         1788690160.111  4644  4675 I AebsFrameSubscriber: onMessagesAvailable callback
         1788690160.112  4644  4675 I AebsFrameSubscriber: readNextMessages count=1
         1788690160.112  4644  4675 I MainActivity: onGatewayFrame: frame seq=1173 egoSpeed=6.562343 pts=0 intervention=false warning=false braking=false lifecycle=armed range=null bearing=null rss=null
         1788690160.211  4644  4675 I AebsFrameSubscriber: onMessagesAvailable callback
         1788690160.212  4644  4675 I AebsFrameSubscriber: readNextMessages count=1
         1788690160.212  4644  4675 I MainActivity: onGatewayFrame: frame seq=1174 egoSpeed=6.562343 pts=0 intervention=false warning=false braking=false lifecycle=armed range=null bearing=null rss=null
         1788690160.311  4644  4675 I AebsFrameSubscriber: onMessagesAvailable callback
         1788690160.312  4644  4675 I AebsFrameSubscriber: readNextMessages count=1
         1788690160.312  4644  4675 I MainActivity: onGatewayFrame: frame seq=1175 egoSpeed=6.562343 pts=0 intervention=false warning=false braking=false lifecycle=armed range=null bearing=null rss=null
         1788690160.411  4644  4675 I AebsFrameSubscriber: onMessagesAvailable callback
         1788690160.412  4644  4675 I AebsFrameSubscriber: readNextMessages count=1
         1788690160.412  4644  4675 I MainActivity: onGatewayFrame: frame seq=1176 egoSpeed=6.562343 pts=0 intervention=false warning=false braking=false lifecycle=armed range=null bearing=null rss=null
         1788690160.511  4644  4675 I AebsFrameSubscriber: onMessagesAvailable callback
         1788690160.512  4644  4675 I AebsFrameSubscriber: readNextMessages count=1
         1788690160.512  4644  4675 I MainActivity: onGatewayFrame: frame seq=1177 egoSpeed=6.562343 pts=0 intervention=false warning=false braking=false lifecycle=armed range=null bearing=null rss=null
         1788690160.611  4644  4675 I AebsFrameSubscriber: onMessagesAvailable callback
         1788690160.611  4644  4675 I AebsFrameSubscriber: readNextMessages count=1
         1788690160.612  4644  4675 I MainActivity: onGatewayFrame: frame seq=1178 egoSpeed=6.562343 pts=0 intervention=false warning=false braking=false lifecycle=armed range=null bearing=null rss=null
         1788690160.711  4644  4675 I AebsFrameSubscriber: onMessagesAvailable callback
         1788690160.712  4644  4675 I AebsFrameSubscriber: readNextMessages count=1
         1788690160.712  4644  4675 I MainActivity: onGatewayFrame: frame seq=1179 egoSpeed=6.562343 pts=0 intervention=false warning=false braking=false lifecycle=armed range=null bearing=null rss=null
         1788690160.811  4644  4675 I AebsFrameSubscriber: onMessagesAvailable callback
         1788690160.812  4644  4675 I AebsFrameSubscriber: readNextMessages count=1
         1788690160.812  4644  4675 I MainActivity: onGatewayFrame: frame seq=1180 egoSpeed=6.562343 pts=0 intervention=false warning=false braking=false lifecycle=armed range=null bearing=null rss=null
         1788690160.911  4644  4675 I AebsFrameSubscriber: onMessagesAvailable callback
         1788690160.912  4644  4675 I AebsFrameSubscriber: readNextMessages count=1
         1788690160.912  4644  4675 I MainActivity: onGatewayFrame: frame seq=1181 egoSpeed=6.562343 pts=0 intervention=false warning=false braking=false lifecycle=armed range=null bearing=null rss=null
         1788690161.011  4644  4675 I AebsFrameSubscriber: onMessagesAvailable callback
         1788690161.012  4644  4675 I AebsFrameSubscriber: readNextMessages count=1
         1788690161.012  4644  4675 I MainActivity: onGatewayFrame: frame seq=1182 egoSpeed=6.562343 pts=0 intervention=false warning=false braking=false lifecycle=armed range=null bearing=null rss=null
         1788690161.111  4644  4675 I AebsFrameSubscriber: onMessagesAvailable callback
         1788690161.112  4644  4675 I AebsFrameSubscriber: readNextMessages count=1
         1788690161.112  4644  4675 I MainActivity: onGatewayFrame: frame seq=1183 egoSpeed=6.562343 pts=0 intervention=false warning=false braking=false lifecycle=armed range=null bearing=null rss=null
         1788690161.211  4644  4675 I AebsFrameSubscriber: onMessagesAvailable callback
         1788690161.212  4644  4675 I AebsFrameSubscriber: readNextMessages count=1
         1788690161.212  4644  4675 I MainActivity: onGatewayFrame: frame seq=1184 egoSpeed=6.562343 pts=0 intervention=false warning=false braking=false lifecycle=armed range=null bearing=null rss=null
         1788690161.311  4644  4675 I AebsFrameSubscriber: onMessagesAvailable callback
         1788690161.312  4644  4675 I AebsFrameSubscriber: readNextMessages count=1
         1788690161.312  4644  4675 I MainActivity: onGatewayFrame: frame seq=1185 egoSpeed=6.562343 pts=0 intervention=false warning=false braking=false lifecycle=armed range=null bearing=null rss=null
         1788690161.411  4644  4675 I AebsFrameSubscriber: onMessagesAvailable callback
         1788690161.412  4644  4675 I AebsFrameSubscriber: readNextMessages count=1
         1788690161.412  4644  4675 I MainActivity: onGatewayFrame: frame seq=1186 egoSpeed=6.562343 pts=0 intervention=false warning=false braking=false lifecycle=armed range=null bearing=null rss=null
         1788690161.511  4644  4675 I AebsFrameSubscriber: onMessagesAvailable callback
         1788690161.512  4644  4675 I AebsFrameSubscriber: readNextMessages count=1
         1788690161.512  4644  4675 I MainActivity: onGatewayFrame: frame seq=1187 egoSpeed=6.562343 pts=0 intervention=false warning=false braking=false lifecycle=armed range=null bearing=null rss=null
         1788690161.611  4644  4675 I AebsFrameSubscriber: onMessagesAvailable callback
         1788690161.612  4644  4675 I AebsFrameSubscriber: readNextMessages count=1
         1788690161.612  4644  4675 I MainActivity: onGatewayFrame: frame seq=1188 egoSpeed=6.562343 pts=0 intervention=false warning=false braking=false lifecycle=armed range=null bearing=null rss=null
         1788690161.711  4644  4675 I AebsFrameSubscriber: onMessagesAvailable callback
         1788690161.712  4644  4675 I AebsFrameSubscriber: readNextMessages count=1
         1788690161.712  4644  4675 I MainActivity: onGatewayFrame: frame seq=1189 egoSpeed=6.562343 pts=0 intervention=false warning=false braking=false lifecycle=armed range=null bearing=null rss=null
         1788690161.811  4644  4675 I AebsFrameSubscriber: onMessagesAvailable callback
         1788690161.812  4644  4675 I AebsFrameSubscriber: readNextMessages count=1
         1788690161.812  4644  4675 I MainActivity: onGatewayFrame: frame seq=1190 egoSpeed=6.562343 pts=0 intervention=false warning=false braking=false lifecycle=armed range=null bearing=null rss=null
         1788690161.911  4644  4675 I AebsFrameSubscriber: onMessagesAvailable callback
         1788690161.911  4644  4675 I AebsFrameSubscriber: readNextMessages count=1
         1788690161.912  4644  4675 I MainActivity: onGatewayFrame: frame seq=1191 egoSpeed=6.562343 pts=0 intervention=false warning=false braking=false lifecycle=armed range=null bearing=null rss=null
         1788690162.011  4644  4675 I AebsFrameSubscriber: onMessagesAvailable callback
         1788690162.011  4644  4675 I AebsFrameSubscriber: readNextMessages count=1
         1788690162.012  4644  4675 I MainActivity: onGatewayFrame: frame seq=1192 egoSpeed=6.562343 pts=0 intervention=false warning=false braking=false lifecycle=armed range=null bearing=null rss=null
         1788690162.111  4644  4675 I AebsFrameSubscriber: onMessagesAvailable callback
         1788690162.112  4644  4675 I AebsFrameSubscriber: readNextMessages count=1
         1788690162.112  4644  4675 I MainActivity: onGatewayFrame: frame seq=1193 egoSpeed=6.562343 pts=0 intervention=false warning=false braking=false lifecycle=armed range=null bearing=null rss=null
         1788690162.211  4644  4675 I AebsFrameSubscriber: onMessagesAvailable callback
         1788690162.211  4644  4675 I AebsFrameSubscriber: readNextMessages count=1
         1788690162.212  4644  4675 I MainActivity: onGatewayFrame: frame seq=1194 egoSpeed=6.562343 pts=0 intervention=false warning=false braking=false lifecycle=armed range=null bearing=null rss=null
         1788690162.311  4644  4675 I AebsFrameSubscriber: onMessagesAvailable callback
         1788690162.312  4644  4675 I AebsFrameSubscriber: readNextMessages count=1
         1788690162.312  4644  4675 I MainActivity: onGatewayFrame: frame seq=1195 egoSpeed=6.562343 pts=0 intervention=false warning=false braking=false lifecycle=armed range=null bearing=null rss=null
         1788690162.411  4644  4675 I AebsFrameSubscriber: onMessagesAvailable callback
         1788690162.412  4644  4675 I AebsFrameSubscriber: readNextMessages count=1
         1788690162.412  4644  4675 I MainActivity: onGatewayFrame: frame seq=1196 egoSpeed=6.562343 pts=0 intervention=false warning=false braking=false lifecycle=armed range=null bearing=null rss=null
         1788690162.511  4644  4675 I AebsFrameSubscriber: onMessagesAvailable callback
         1788690162.511  4644  4675 I AebsFrameSubscriber: readNextMessages count=1
         1788690162.512  4644  4675 I MainActivity: onGatewayFrame: frame seq=1197 egoSpeed=6.562343 pts=0 intervention=false warning=false braking=false lifecycle=armed range=null bearing=null rss=null
         1788690162.611  4644  4675 I AebsFrameSubscriber: onMessagesAvailable callback
         1788690162.611  4644  4675 I AebsFrameSubscriber: readNextMessages count=1
         1788690162.612  4644  4675 I MainActivity: onGatewayFrame: frame seq=1198 egoSpeed=6.562343 pts=0 intervention=false warning=false braking=false lifecycle=armed range=null bearing=null rss=null
         1788690162.826  4644  4675 I AebsFrameSubscriber: readNextMessages count=2
         1788690162.826  4644  4675 I MainActivity: onGatewayFrame: frame seq=1199 egoSpeed=6.562343 pts=0 intervention=false warning=false braking=false lifecycle=armed range=null bearing=null rss=null
         1788690162.827  4644  4675 I MainActivity: onGatewayFrame: frame seq=1200 egoSpeed=6.562343 pts=0 intervention=false warning=false braking=false lifecycle=armed range=null bearing=null rss=null
         1788690162.827  4644  4675 I AebsFrameSubscriber: onMessagesAvailable callback
         1788690162.827  4644  4675 I AebsFrameSubscriber: onMessagesAvailable callback
         1788690162.911  4644  4675 I AebsFrameSubscriber: onMessagesAvailable callback
         1788690162.911  4644  4675 I AebsFrameSubscriber: readNextMessages count=1
         1788690162.912  4644  4675 I MainActivity: onGatewayFrame: frame seq=1201 egoSpeed=6.562343 pts=0 intervention=false warning=false braking=false lifecycle=armed range=null bearing=null rss=null
         1788690163.011  4644  4675 I AebsFrameSubscriber: onMessagesAvailable callback
         1788690163.012  4644  4675 I AebsFrameSubscriber: readNextMessages count=1
         1788690163.012  4644  4675 I MainActivity: onGatewayFrame: frame seq=1202 egoSpeed=6.562343 pts=0 intervention=false warning=false braking=false lifecycle=armed range=null bearing=null rss=null
         1788690163.111  4644  4675 I AebsFrameSubscriber: onMessagesAvailable callback
         1788690163.111  4644  4675 I AebsFrameSubscriber: readNextMessages count=1
         1788690163.111  4644  4675 I MainActivity: onGatewayFrame: frame seq=1203 egoSpeed=6.562343 pts=0 intervention=false warning=false braking=false lifecycle=armed range=null bearing=null rss=null
         1788690163.211  4644  4675 I AebsFrameSubscriber: onMessagesAvailable callback
         1788690163.212  4644  4675 I AebsFrameSubscriber: readNextMessages count=1
         1788690163.212  4644  4675 I MainActivity: onGatewayFrame: frame seq=1204 egoSpeed=6.562343 pts=0 intervention=false warning=false braking=false lifecycle=armed range=null bearing=null rss=null
         1788690163.311  4644  4675 I AebsFrameSubscriber: onMessagesAvailable callback
         1788690163.311  4644  4675 I AebsFrameSubscriber: readNextMessages count=1
         1788690163.311  4644  4675 I MainActivity: onGatewayFrame: frame seq=1205 egoSpeed=6.562343 pts=0 intervention=false warning=false braking=false lifecycle=armed range=null bearing=null rss=null
         1788690163.411  4644  4675 I AebsFrameSubscriber: onMessagesAvailable callback
         1788690163.411  4644  4675 I AebsFrameSubscriber: readNextMessages count=1
         1788690163.412  4644  4675 I MainActivity: onGatewayFrame: frame seq=1206 egoSpeed=6.562343 pts=0 intervention=false warning=false braking=false lifecycle=armed range=null bearing=null rss=null
         1788690163.511  4644  4675 I AebsFrameSubscriber: onMessagesAvailable callback
         1788690163.511  4644  4675 I AebsFrameSubscriber: readNextMessages count=1
         1788690163.512  4644  4675 I MainActivity: onGatewayFrame: frame seq=1207 egoSpeed=6.562343 pts=0 intervention=false warning=false braking=false lifecycle=armed range=null bearing=null rss=null
         1788690163.611  4644  4675 I AebsFrameSubscriber: onMessagesAvailable callback
         1788690163.612  4644  4675 I AebsFrameSubscriber: readNextMessages count=1
         1788690163.612  4644  4675 I MainActivity: onGatewayFrame: frame seq=1208 egoSpeed=6.562343 pts=0 intervention=false warning=false braking=false lifecycle=armed range=null bearing=null rss=null
         1788690163.711  4644  4675 I AebsFrameSubscriber: onMessagesAvailable callback
         1788690163.711  4644  4675 I AebsFrameSubscriber: readNextMessages count=1
         1788690163.712  4644  4675 I MainActivity: onGatewayFrame: frame seq=1209 egoSpeed=6.562343 pts=0 intervention=false warning=false braking=false lifecycle=armed range=null bearing=null rss=null
         1788690163.811  4644  4675 I AebsFrameSubscriber: onMessagesAvailable callback
         1788690163.812  4644  4675 I AebsFrameSubscriber: readNextMessages count=1
         1788690163.812  4644  4675 I MainActivity: onGatewayFrame: frame seq=1210 egoSpeed=6.562343 pts=0 intervention=false warning=false braking=false lifecycle=armed range=null bearing=null rss=null
         1788690163.911  4644  4675 I AebsFrameSubscriber: onMessagesAvailable callback
         1788690163.911  4644  4675 I AebsFrameSubscriber: readNextMessages count=1
         1788690163.911  4644  4675 I MainActivity: onGatewayFrame: frame seq=1211 egoSpeed=6.562343 pts=0 intervention=false warning=false braking=false lifecycle=armed range=null bearing=null rss=null
         1788690164.011  4644  4675 I AebsFrameSubscriber: onMessagesAvailable callback
         1788690164.011  4644  4675 I AebsFrameSubscriber: readNextMessages count=1
         1788690164.012  4644  4675 I MainActivity: onGatewayFrame: frame seq=1212 egoSpeed=6.562343 pts=0 intervention=false warning=false braking=false lifecycle=armed range=null bearing=null rss=null
         1788690164.111  4644  4675 I AebsFrameSubscriber: onMessagesAvailable callback
         1788690164.111  4644  4675 I AebsFrameSubscriber: readNextMessages count=1
         1788690164.111  4644  4675 I MainActivity: onGatewayFrame: frame seq=1213 egoSpeed=6.562343 pts=0 intervention=false warning=false braking=false lifecycle=armed range=null bearing=null rss=null
         1788690164.211  4644  4675 I AebsFrameSubscriber: onMessagesAvailable callback
         1788690164.211  4644  4675 I AebsFrameSubscriber: readNextMessages count=1
         1788690164.211  4644  4675 I MainActivity: onGatewayFrame: frame seq=1214 egoSpeed=6.562343 pts=0 intervention=false warning=false braking=false lifecycle=armed range=null bearing=null rss=null
         1788690164.311  4644  4675 I AebsFrameSubscriber: onMessagesAvailable callback
         1788690164.311  4644  4675 I AebsFrameSubscriber: readNextMessages count=1
         1788690164.311  4644  4675 I MainActivity: onGatewayFrame: frame seq=1215 egoSpeed=6.562343 pts=0 intervention=false warning=false braking=false lifecycle=armed range=null bearing=null rss=null
         1788690164.411  4644  4675 I AebsFrameSubscriber: onMessagesAvailable callback
         1788690164.412  4644  4675 I AebsFrameSubscriber: readNextMessages count=1
         1788690164.412  4644  4675 I MainActivity: onGatewayFrame: frame seq=1216 egoSpeed=6.562343 pts=0 intervention=false warning=false braking=false lifecycle=armed range=null bearing=null rss=null
         1788690164.510  4644  4675 I AebsFrameSubscriber: onMessagesAvailable callback
         1788690164.511  4644  4675 I AebsFrameSubscriber: readNextMessages count=1
         1788690164.511  4644  4675 I MainActivity: onGatewayFrame: frame seq=1217 egoSpeed=6.562343 pts=0 intervention=false warning=false braking=false lifecycle=armed range=null bearing=null rss=null
         1788690164.611  4644  4675 I AebsFrameSubscriber: onMessagesAvailable callback
         1788690164.611  4644  4675 I AebsFrameSubscriber: readNextMessages count=1
         1788690164.612  4644  4675 I MainActivity: onGatewayFrame: frame seq=1218 egoSpeed=6.562343 pts=0 intervention=false warning=false braking=false lifecycle=armed range=null bearing=null rss=null
         1788690164.711  4644  4675 I AebsFrameSubscriber: onMessagesAvailable callback
         1788690164.711  4644  4675 I AebsFrameSubscriber: readNextMessages count=1
         1788690164.711  4644  4675 I MainActivity: onGatewayFrame: frame seq=1219 egoSpeed=6.562343 pts=0 intervention=false warning=false braking=false lifecycle=armed range=null bearing=null rss=null
         1788690164.811  4644  4675 I AebsFrameSubscriber: onMessagesAvailable callback
         1788690164.812  4644  4675 I AebsFrameSubscriber: readNextMessages count=1
         1788690164.812  4644  4675 I MainActivity: onGatewayFrame: frame seq=1220 egoSpeed=6.562343 pts=0 intervention=false warning=false braking=false lifecycle=armed range=null bearing=null rss=null
         1788690164.911  4644  4675 I AebsFrameSubscriber: onMessagesAvailable callback
         1788690164.911  4644  4675 I AebsFrameSubscriber: readNextMessages count=1
         1788690164.911  4644  4675 I MainActivity: onGatewayFrame: frame seq=1221 egoSpeed=6.562343 pts=0 intervention=false warning=false braking=false lifecycle=armed range=null bearing=null rss=null
         1788690165.011  4644  4675 I AebsFrameSubscriber: onMessagesAvailable callback
         1788690165.011  4644  4675 I AebsFrameSubscriber: readNextMessages count=1
         1788690165.011  4644  4675 I MainActivity: onGatewayFrame: frame seq=1222 egoSpeed=6.562343 pts=0 intervention=false warning=false braking=false lifecycle=armed range=null bearing=null rss=null
         1788690165.111  4644  4675 I AebsFrameSubscriber: onMessagesAvailable callback
         1788690165.111  4644  4675 I AebsFrameSubscriber: readNextMessages count=1
         1788690165.111  4644  4675 I MainActivity: onGatewayFrame: frame seq=1223 egoSpeed=6.562343 pts=0 intervention=false warning=false braking=false lifecycle=armed range=null bearing=null rss=null
         1788690165.211  4644  4675 I AebsFrameSubscriber: onMessagesAvailable callback
         1788690165.212  4644  4675 I AebsFrameSubscriber: readNextMessages count=1
         1788690165.212  4644  4675 I MainActivity: onGatewayFrame: frame seq=1224 egoSpeed=6.562343 pts=0 intervention=false warning=false braking=false lifecycle=armed range=null bearing=null rss=null
         1788690165.311  4644  4675 I AebsFrameSubscriber: onMessagesAvailable callback
         1788690165.311  4644  4675 I AebsFrameSubscriber: readNextMessages count=1
         1788690165.312  4644  4675 I MainActivity: onGatewayFrame: frame seq=1225 egoSpeed=6.562343 pts=0 intervention=false warning=false braking=false lifecycle=armed range=null bearing=null rss=null
         1788690165.411  4644  4675 I AebsFrameSubscriber: onMessagesAvailable callback
         1788690165.411  4644  4675 I AebsFrameSubscriber: readNextMessages count=1
         1788690165.412  4644  4675 I MainActivity: onGatewayFrame: frame seq=1226 egoSpeed=6.562343 pts=0 intervention=false warning=false braking=false lifecycle=armed range=null bearing=null rss=null
         1788690165.511  4644  4675 I AebsFrameSubscriber: onMessagesAvailable callback
         1788690165.511  4644  4675 I AebsFrameSubscriber: readNextMessages count=1
         1788690165.511  4644  4675 I MainActivity: onGatewayFrame: frame seq=1227 egoSpeed=6.562343 pts=0 intervention=false warning=false braking=false lifecycle=armed range=null bearing=null rss=null
         1788690165.611  4644  4675 I AebsFrameSubscriber: onMessagesAvailable callback
         1788690165.611  4644  4675 I AebsFrameSubscriber: readNextMessages count=1
         1788690165.612  4644  4675 I MainActivity: onGatewayFrame: frame seq=1228 egoSpeed=6.562343 pts=0 intervention=false warning=false braking=false lifecycle=armed range=null bearing=null rss=null
         1788690165.711  4644  4675 I AebsFrameSubscriber: onMessagesAvailable callback
         1788690165.711  4644  4675 I AebsFrameSubscriber: readNextMessages count=1
         1788690165.711  4644  4675 I MainActivity: onGatewayFrame: frame seq=1229 egoSpeed=6.562343 pts=0 intervention=false warning=false braking=false lifecycle=armed range=null bearing=null rss=null
         1788690165.811  4644  4675 I AebsFrameSubscriber: onMessagesAvailable callback
         1788690165.811  4644  4675 I AebsFrameSubscriber: readNextMessages count=1
         1788690165.811  4644  4675 I MainActivity: onGatewayFrame: frame seq=1230 egoSpeed=6.562343 pts=0 intervention=false warning=false braking=false lifecycle=armed range=null bearing=null rss=null
         1788690165.911  4644  4675 I AebsFrameSubscriber: onMessagesAvailable callback
         1788690165.911  4644  4675 I AebsFrameSubscriber: readNextMessages count=1
         1788690165.911  4644  4675 I MainActivity: onGatewayFrame: frame seq=1231 egoSpeed=6.562343 pts=0 intervention=false warning=false braking=false lifecycle=armed range=null bearing=null rss=null
         1788690166.011  4644  4675 I AebsFrameSubscriber: onMessagesAvailable callback
         1788690166.011  4644  4675 I AebsFrameSubscriber: readNextMessages count=1
         1788690166.011  4644  4675 I MainActivity: onGatewayFrame: frame seq=1232 egoSpeed=6.562343 pts=0 intervention=false warning=false braking=false lifecycle=armed range=null bearing=null rss=null
         1788690166.111  4644  4675 I AebsFrameSubscriber: onMessagesAvailable callback
         1788690166.111  4644  4675 I AebsFrameSubscriber: readNextMessages count=1
         1788690166.111  4644  4675 I MainActivity: onGatewayFrame: frame seq=1233 egoSpeed=6.562343 pts=0 intervention=false warning=false braking=false lifecycle=armed range=null bearing=null rss=null
         1788690166.210  4644  4675 I AebsFrameSubscriber: onMessagesAvailable callback
         1788690166.211  4644  4675 I AebsFrameSubscriber: readNextMessages count=1
         1788690166.211  4644  4675 I MainActivity: onGatewayFrame: frame seq=1234 egoSpeed=6.562343 pts=0 intervention=false warning=false braking=false lifecycle=armed range=null bearing=null rss=null
         1788690166.310  4644  4675 I AebsFrameSubscriber: onMessagesAvailable callback
         1788690166.311  4644  4675 I AebsFrameSubscriber: readNextMessages count=1
         1788690166.311  4644  4675 I MainActivity: onGatewayFrame: frame seq=1235 egoSpeed=6.562343 pts=0 intervention=false warning=false braking=false lifecycle=armed range=null bearing=null rss=null
         1788690166.411  4644  4675 I AebsFrameSubscriber: onMessagesAvailable callback
         1788690166.411  4644  4675 I AebsFrameSubscriber: readNextMessages count=1
         1788690166.411  4644  4675 I MainActivity: onGatewayFrame: frame seq=1236 egoSpeed=6.562343 pts=0 intervention=false warning=false braking=false lifecycle=armed range=null bearing=null rss=null
         1788690166.510  4644  4675 I AebsFrameSubscriber: onMessagesAvailable callback
         1788690166.511  4644  4675 I AebsFrameSubscriber: readNextMessages count=1
         1788690166.511  4644  4675 I MainActivity: onGatewayFrame: frame seq=1237 egoSpeed=6.562343 pts=0 intervention=false warning=false braking=false lifecycle=armed range=null bearing=null rss=null
         1788690166.610  4644  4675 I AebsFrameSubscriber: onMessagesAvailable callback
         1788690166.611  4644  4675 I AebsFrameSubscriber: readNextMessages count=1
         1788690166.611  4644  4675 I MainActivity: onGatewayFrame: frame seq=1238 egoSpeed=6.562343 pts=0 intervention=false warning=false braking=false lifecycle=armed range=null bearing=null rss=null
         1788690166.827  4644  4675 I AebsFrameSubscriber: readNextMessages count=2
         1788690166.827  4644  4675 I MainActivity: onGatewayFrame: frame seq=1239 egoSpeed=6.562343 pts=0 intervention=false warning=false braking=false lifecycle=armed range=null bearing=null rss=null
         1788690166.828  4644  4675 I MainActivity: onGatewayFrame: frame seq=1240 egoSpeed=6.562343 pts=0 intervention=false warning=false braking=false lifecycle=armed range=null bearing=null rss=null
         1788690166.828  4644  4675 I AebsFrameSubscriber: onMessagesAvailable callback
         1788690166.828  4644  4675 I AebsFrameSubscriber: onMessagesAvailable callback
         1788690166.910  4644  4675 I AebsFrameSubscriber: onMessagesAvailable callback
         1788690166.911  4644  4675 I AebsFrameSubscriber: readNextMessages count=1
         1788690166.911  4644  4675 I MainActivity: onGatewayFrame: frame seq=1241 egoSpeed=6.562343 pts=0 intervention=false warning=false braking=false lifecycle=armed range=null bearing=null rss=null
         1788690167.010  4644  4675 I AebsFrameSubscriber: onMessagesAvailable callback
         1788690167.011  4644  4675 I AebsFrameSubscriber: readNextMessages count=1
         1788690167.011  4644  4675 I MainActivity: onGatewayFrame: frame seq=1242 egoSpeed=6.562343 pts=0 intervention=false warning=false braking=false lifecycle=armed range=null bearing=null rss=null
         1788690167.110  4644  4675 I AebsFrameSubscriber: onMessagesAvailable callback
         1788690167.111  4644  4675 I AebsFrameSubscriber: readNextMessages count=1
         1788690167.111  4644  4675 I MainActivity: onGatewayFrame: frame seq=1243 egoSpeed=6.562343 pts=0 intervention=false warning=false braking=false lifecycle=armed range=null bearing=null rss=null
         1788690167.210  4644  4675 I AebsFrameSubscriber: onMessagesAvailable callback
         1788690167.211  4644  4675 I AebsFrameSubscriber: readNextMessages count=1
         1788690167.211  4644  4675 I MainActivity: onGatewayFrame: frame seq=1244 egoSpeed=6.562343 pts=0 intervention=false warning=false braking=false lifecycle=armed range=null bearing=null rss=null
         1788690167.310  4644  4675 I AebsFrameSubscriber: onMessagesAvailable callback
         1788690167.311  4644  4675 I AebsFrameSubscriber: readNextMessages count=1
         1788690167.311  4644  4675 I MainActivity: onGatewayFrame: frame seq=1245 egoSpeed=6.562343 pts=0 intervention=false warning=false braking=false lifecycle=armed range=null bearing=null rss=null
         1788690167.410  4644  4675 I AebsFrameSubscriber: onMessagesAvailable callback
         1788690167.411  4644  4675 I AebsFrameSubscriber: readNextMessages count=1
         1788690167.411  4644  4675 I MainActivity: onGatewayFrame: frame seq=1246 egoSpeed=6.562343 pts=0 intervention=false warning=false braking=false lifecycle=armed range=null bearing=null rss=null
         1788690167.510  4644  4675 I AebsFrameSubscriber: onMessagesAvailable callback
         1788690167.511  4644  4675 I AebsFrameSubscriber: readNextMessages count=1
         1788690167.511  4644  4675 I MainActivity: onGatewayFrame: frame seq=1247 egoSpeed=6.562343 pts=0 intervention=false warning=false braking=false lifecycle=armed range=null bearing=null rss=null
         1788690167.610  4644  4675 I AebsFrameSubscriber: onMessagesAvailable callback
         1788690167.611  4644  4675 I AebsFrameSubscriber: readNextMessages count=1
         1788690167.611  4644  4675 I MainActivity: onGatewayFrame: frame seq=1248 egoSpeed=6.562343 pts=0 intervention=false warning=false braking=false lifecycle=armed range=null bearing=null rss=null
         1788690167.710  4644  4675 I AebsFrameSubscriber: onMessagesAvailable callback
         1788690167.711  4644  4675 I AebsFrameSubscriber: readNextMessages count=1
         1788690167.711  4644  4675 I MainActivity: onGatewayFrame: frame seq=1249 egoSpeed=6.562343 pts=0 intervention=false warning=false braking=false lifecycle=armed range=null bearing=null rss=null
         1788690167.810  4644  4675 I AebsFrameSubscriber: onMessagesAvailable callback
         1788690167.811  4644  4675 I AebsFrameSubscriber: readNextMessages count=1
         1788690167.811  4644  4675 I MainActivity: onGatewayFrame: frame seq=1250 egoSpeed=6.562343 pts=0 intervention=false warning=false braking=false lifecycle=armed range=null bearing=null rss=null
         1788690167.910  4644  4675 I AebsFrameSubscriber: onMessagesAvailable callback
         1788690167.911  4644  4675 I AebsFrameSubscriber: readNextMessages count=1
         1788690167.911  4644  4675 I MainActivity: onGatewayFrame: frame seq=1251 egoSpeed=6.562343 pts=0 intervention=false warning=false braking=false lifecycle=armed range=null bearing=null rss=null
         1788690168.010  4644  4675 I AebsFrameSubscriber: onMessagesAvailable callback
         1788690168.011  4644  4675 I AebsFrameSubscriber: readNextMessages count=1
         1788690168.012  4644  4675 I MainActivity: onGatewayFrame: frame seq=1252 egoSpeed=6.562343 pts=0 intervention=false warning=false braking=false lifecycle=armed range=null bearing=null rss=null
         1788690168.110  4644  4675 I AebsFrameSubscriber: onMessagesAvailable callback
         1788690168.111  4644  4675 I AebsFrameSubscriber: readNextMessages count=1
         1788690168.111  4644  4675 I MainActivity: onGatewayFrame: frame seq=1253 egoSpeed=6.562343 pts=0 intervention=false warning=false braking=false lifecycle=armed range=null bearing=null rss=null
         1788690168.210  4644  4675 I AebsFrameSubscriber: onMessagesAvailable callback
         1788690168.211  4644  4675 I AebsFrameSubscriber: readNextMessages count=1
         1788690168.211  4644  4675 I MainActivity: onGatewayFrame: frame seq=1254 egoSpeed=6.562343 pts=0 intervention=false warning=false braking=false lifecycle=armed range=null bearing=null rss=null
         1788690168.310  4644  4675 I AebsFrameSubscriber: onMessagesAvailable callback
         1788690168.311  4644  4675 I AebsFrameSubscriber: readNextMessages count=1
         1788690168.311  4644  4675 I MainActivity: onGatewayFrame: frame seq=1255 egoSpeed=6.562343 pts=0 intervention=false warning=false braking=false lifecycle=armed range=null bearing=null rss=null
         1788690168.410  4644  4675 I AebsFrameSubscriber: onMessagesAvailable callback
         1788690168.411  4644  4675 I AebsFrameSubscriber: readNextMessages count=1
         1788690168.411  4644  4675 I MainActivity: onGatewayFrame: frame seq=1256 egoSpeed=6.562343 pts=0 intervention=false warning=false braking=false lifecycle=armed range=null bearing=null rss=null
         1788690168.510  4644  4675 I AebsFrameSubscriber: onMessagesAvailable callback
         1788690168.511  4644  4675 I AebsFrameSubscriber: readNextMessages count=1
         1788690168.511  4644  4675 I MainActivity: onGatewayFrame: frame seq=1257 egoSpeed=6.562343 pts=0 intervention=false warning=false braking=false lifecycle=armed range=null bearing=null rss=null
         1788690168.610  4644  4675 I AebsFrameSubscriber: onMessagesAvailable callback
         1788690168.611  4644  4675 I AebsFrameSubscriber: readNextMessages count=1
         1788690168.611  4644  4675 I MainActivity: onGatewayFrame: frame seq=1258 egoSpeed=6.562343 pts=0 intervention=false warning=false braking=false lifecycle=armed range=null bearing=null rss=null
         1788690168.710  4644  4675 I AebsFrameSubscriber: onMessagesAvailable callback
         1788690168.711  4644  4675 I AebsFrameSubscriber: readNextMessages count=1
         1788690168.711  4644  4675 I MainActivity: onGatewayFrame: frame seq=1259 egoSpeed=6.562343 pts=0 intervention=false warning=false braking=false lifecycle=armed range=null bearing=null rss=null
         1788690168.810  4644  4675 I AebsFrameSubscriber: onMessagesAvailable callback
         1788690168.811  4644  4675 I AebsFrameSubscriber: readNextMessages count=1
         1788690168.811  4644  4675 I MainActivity: onGatewayFrame: frame seq=1260 egoSpeed=6.562343 pts=0 intervention=false warning=false braking=false lifecycle=armed range=null bearing=null rss=null
         1788690168.910  4644  4675 I AebsFrameSubscriber: onMessagesAvailable callback
         1788690168.911  4644  4675 I AebsFrameSubscriber: readNextMessages count=1
         1788690168.911  4644  4675 I MainActivity: onGatewayFrame: frame seq=1261 egoSpeed=6.562343 pts=0 intervention=false warning=false braking=false lifecycle=armed range=null bearing=null rss=null
         1788690169.010  4644  4675 I AebsFrameSubscriber: onMessagesAvailable callback
         1788690169.011  4644  4675 I AebsFrameSubscriber: readNextMessages count=1
         1788690169.011  4644  4675 I MainActivity: onGatewayFrame: frame seq=1262 egoSpeed=6.562343 pts=0 intervention=false warning=false braking=false lifecycle=armed range=null bearing=null rss=null
         1788690169.110  4644  4675 I AebsFrameSubscriber: onMessagesAvailable callback
         1788690169.111  4644  4675 I AebsFrameSubscriber: readNextMessages count=1
         1788690169.111  4644  4675 I MainActivity: onGatewayFrame: frame seq=1263 egoSpeed=6.562343 pts=0 intervention=false warning=false braking=false lifecycle=armed range=null bearing=null rss=null
         1788690169.210  4644  4675 I AebsFrameSubscriber: onMessagesAvailable callback
         1788690169.211  4644  4675 I AebsFrameSubscriber: readNextMessages count=1
         1788690169.211  4644  4675 I MainActivity: onGatewayFrame: frame seq=1264 egoSpeed=6.562343 pts=0 intervention=false warning=false braking=false lifecycle=armed range=null bearing=null rss=null
         1788690169.310  4644  4675 I AebsFrameSubscriber: onMessagesAvailable callback
         1788690169.311  4644  4675 I AebsFrameSubscriber: readNextMessages count=1
         1788690169.311  4644  4675 I MainActivity: onGatewayFrame: frame seq=1265 egoSpeed=6.562343 pts=0 intervention=false warning=false braking=false lifecycle=armed range=null bearing=null rss=null
         1788690169.410  4644  4675 I AebsFrameSubscriber: onMessagesAvailable callback
         1788690169.411  4644  4675 I AebsFrameSubscriber: readNextMessages count=1
         1788690169.411  4644  4675 I MainActivity: onGatewayFrame: frame seq=1266 egoSpeed=6.562343 pts=0 intervention=false warning=false braking=false lifecycle=armed range=null bearing=null rss=null
         1788690169.510  4644  4675 I AebsFrameSubscriber: onMessagesAvailable callback
         1788690169.511  4644  4675 I AebsFrameSubscriber: readNextMessages count=1
         1788690169.511  4644  4675 I MainActivity: onGatewayFrame: frame seq=1267 egoSpeed=6.562343 pts=0 intervention=false warning=false braking=false lifecycle=armed range=null bearing=null rss=null
         1788690169.610  4644  4675 I AebsFrameSubscriber: onMessagesAvailable callback
         1788690169.611  4644  4675 I AebsFrameSubscriber: readNextMessages count=1
         1788690169.611  4644  4675 I MainActivity: onGatewayFrame: frame seq=1268 egoSpeed=6.562343 pts=0 intervention=false warning=false braking=false lifecycle=armed range=null bearing=null rss=null
         1788690169.710  4644  4675 I AebsFrameSubscriber: onMessagesAvailable callback
         1788690169.711  4644  4675 I AebsFrameSubscriber: readNextMessages count=1
         1788690169.711  4644  4675 I MainActivity: onGatewayFrame: frame seq=1269 egoSpeed=6.562343 pts=0 intervention=false warning=false braking=false lifecycle=armed range=null bearing=null rss=null
         1788690169.810  4644  4675 I AebsFrameSubscriber: onMessagesAvailable callback
         1788690169.811  4644  4675 I AebsFrameSubscriber: readNextMessages count=1
         1788690169.811  4644  4675 I MainActivity: onGatewayFrame: frame seq=1270 egoSpeed=6.562343 pts=0 intervention=false warning=false braking=false lifecycle=armed range=null bearing=null rss=null
         1788690169.910  4644  4675 I AebsFrameSubscriber: onMessagesAvailable callback
         1788690169.911  4644  4675 I AebsFrameSubscriber: readNextMessages count=1
         1788690169.911  4644  4675 I MainActivity: onGatewayFrame: frame seq=1271 egoSpeed=6.562343 pts=0 intervention=false warning=false braking=false lifecycle=armed range=null bearing=null rss=null
         1788690170.010  4644  4675 I AebsFrameSubscriber: onMessagesAvailable callback
         1788690170.011  4644  4675 I AebsFrameSubscriber: readNextMessages count=1
         1788690170.011  4644  4675 I MainActivity: onGatewayFrame: frame seq=1272 egoSpeed=6.562343 pts=0 intervention=false warning=false braking=false lifecycle=armed range=null bearing=null rss=null
         1788690170.110  4644  4675 I AebsFrameSubscriber: onMessagesAvailable callback
         1788690170.111  4644  4675 I AebsFrameSubscriber: readNextMessages count=1
         1788690170.111  4644  4675 I MainActivity: onGatewayFrame: frame seq=1273 egoSpeed=6.562343 pts=0 intervention=false warning=false braking=false lifecycle=armed range=null bearing=null rss=null
         1788690170.210  4644  4675 I AebsFrameSubscriber: onMessagesAvailable callback
         1788690170.211  4644  4675 I AebsFrameSubscriber: readNextMessages count=1
         1788690170.211  4644  4675 I MainActivity: onGatewayFrame: frame seq=1274 egoSpeed=6.562343 pts=0 intervention=false warning=false braking=false lifecycle=armed range=null bearing=null rss=null
         1788690170.310  4644  4675 I AebsFrameSubscriber: onMessagesAvailable callback
         1788690170.311  4644  4675 I AebsFrameSubscriber: readNextMessages count=1
         1788690170.311  4644  4675 I MainActivity: onGatewayFrame: frame seq=1275 egoSpeed=6.562343 pts=0 intervention=false warning=false braking=false lifecycle=armed range=null bearing=null rss=null
         1788690170.410  4644  4675 I AebsFrameSubscriber: onMessagesAvailable callback
         1788690170.411  4644  4675 I AebsFrameSubscriber: readNextMessages count=1
         1788690170.411  4644  4675 I MainActivity: onGatewayFrame: frame seq=1276 egoSpeed=6.562343 pts=0 intervention=false warning=false braking=false lifecycle=armed range=null bearing=null rss=null
         1788690170.510  4644  4675 I AebsFrameSubscriber: onMessagesAvailable callback
         1788690170.511  4644  4675 I AebsFrameSubscriber: readNextMessages count=1
         1788690170.511  4644  4675 I MainActivity: onGatewayFrame: frame seq=1277 egoSpeed=6.562343 pts=0 intervention=false warning=false braking=false lifecycle=armed range=null bearing=null rss=null
         1788690170.610  4644  4675 I AebsFrameSubscriber: onMessagesAvailable callback
         1788690170.611  4644  4675 I AebsFrameSubscriber: readNextMessages count=1
         1788690170.611  4644  4675 I MainActivity: onGatewayFrame: frame seq=1278 egoSpeed=6.562343 pts=0 intervention=false warning=false braking=false lifecycle=armed range=null bearing=null rss=null
         1788690170.848  4644  4675 I AebsFrameSubscriber: readNextMessages count=2
         1788690170.848  4644  4675 I MainActivity: onGatewayFrame: frame seq=1279 egoSpeed=6.562343 pts=0 intervention=false warning=false braking=false lifecycle=armed range=null bearing=null rss=null
         1788690170.848  4644  4675 I MainActivity: onGatewayFrame: frame seq=1280 egoSpeed=6.562343 pts=0 intervention=false warning=false braking=false lifecycle=armed range=null bearing=null rss=null
         1788690170.848  4644  4675 I AebsFrameSubscriber: onMessagesAvailable callback
         1788690170.848  4644  4675 I AebsFrameSubscriber: onMessagesAvailable callback
         1788690170.910  4644  4675 I AebsFrameSubscriber: onMessagesAvailable callback
         1788690170.911  4644  4675 I AebsFrameSubscriber: readNextMessages count=1
         1788690170.911  4644  4675 I MainActivity: onGatewayFrame: frame seq=1281 egoSpeed=6.562343 pts=0 intervention=false warning=false braking=false lifecycle=armed range=null bearing=null rss=null
         1788690171.010  4644  4675 I AebsFrameSubscriber: onMessagesAvailable callback
         1788690171.011  4644  4675 I AebsFrameSubscriber: readNextMessages count=1
         1788690171.011  4644  4675 I MainActivity: onGatewayFrame: frame seq=1282 egoSpeed=6.562343 pts=0 intervention=false warning=false braking=false lifecycle=armed range=null bearing=null rss=null
         1788690171.110  4644  4675 I AebsFrameSubscriber: onMessagesAvailable callback
         1788690171.111  4644  4675 I AebsFrameSubscriber: readNextMessages count=1
         1788690171.111  4644  4675 I MainActivity: onGatewayFrame: frame seq=1283 egoSpeed=6.562343 pts=0 intervention=false warning=false braking=false lifecycle=armed range=null bearing=null rss=null
         1788690171.210  4644  4675 I AebsFrameSubscriber: onMessagesAvailable callback
         1788690171.210  4644  4675 I AebsFrameSubscriber: readNextMessages count=1
         1788690171.211  4644  4675 I MainActivity: onGatewayFrame: frame seq=1284 egoSpeed=6.562343 pts=0 intervention=false warning=false braking=false lifecycle=armed range=null bearing=null rss=null
         1788690171.310  4644  4675 I AebsFrameSubscriber: onMessagesAvailable callback
         1788690171.311  4644  4675 I AebsFrameSubscriber: readNextMessages count=1
         1788690171.311  4644  4675 I MainActivity: onGatewayFrame: frame seq=1285 egoSpeed=6.562343 pts=0 intervention=false warning=false braking=false lifecycle=armed range=null bearing=null rss=null
         1788690171.410  4644  4675 I AebsFrameSubscriber: onMessagesAvailable callback
         1788690171.411  4644  4675 I AebsFrameSubscriber: readNextMessages count=1
         1788690171.411  4644  4675 I MainActivity: onGatewayFrame: frame seq=1286 egoSpeed=6.562343 pts=0 intervention=false warning=false braking=false lifecycle=armed range=null bearing=null rss=null
         1788690171.510  4644  4675 I AebsFrameSubscriber: onMessagesAvailable callback
         1788690171.511  4644  4675 I AebsFrameSubscriber: readNextMessages count=1
         1788690171.511  4644  4675 I MainActivity: onGatewayFrame: frame seq=1287 egoSpeed=6.562343 pts=0 intervention=false warning=false braking=false lifecycle=armed range=null bearing=null rss=null
         1788690171.610  4644  4675 I AebsFrameSubscriber: onMessagesAvailable callback
         1788690171.610  4644  4675 I AebsFrameSubscriber: readNextMessages count=1
         1788690171.611  4644  4675 I MainActivity: onGatewayFrame: frame seq=1288 egoSpeed=6.562343 pts=0 intervention=false warning=false braking=false lifecycle=armed range=null bearing=null rss=null
         1788690171.710  4644  4675 I AebsFrameSubscriber: onMessagesAvailable callback
         1788690171.711  4644  4675 I AebsFrameSubscriber: readNextMessages count=1
         1788690171.711  4644  4675 I MainActivity: onGatewayFrame: frame seq=1289 egoSpeed=6.562343 pts=0 intervention=false warning=false braking=false lifecycle=armed range=null bearing=null rss=null
         1788690171.810  4644  4675 I AebsFrameSubscriber: onMessagesAvailable callback
         1788690171.811  4644  4675 I AebsFrameSubscriber: readNextMessages count=1
         1788690171.811  4644  4675 I MainActivity: onGatewayFrame: frame seq=1290 egoSpeed=6.562343 pts=0 intervention=false warning=false braking=false lifecycle=armed range=null bearing=null rss=null
         1788690171.910  4644  4675 I AebsFrameSubscriber: onMessagesAvailable callback
         1788690171.910  4644  4675 I AebsFrameSubscriber: readNextMessages count=1
         1788690171.910  4644  4675 I MainActivity: onGatewayFrame: frame seq=1291 egoSpeed=6.562343 pts=0 intervention=false warning=false braking=false lifecycle=armed range=null bearing=null rss=null
         1788690172.010  4644  4675 I AebsFrameSubscriber: onMessagesAvailable callback
         1788690172.011  4644  4675 I AebsFrameSubscriber: readNextMessages count=1
         1788690172.011  4644  4675 I MainActivity: onGatewayFrame: frame seq=1292 egoSpeed=6.562343 pts=0 intervention=false warning=false braking=false lifecycle=armed range=null bearing=null rss=null
         1788690172.110  4644  4675 I AebsFrameSubscriber: onMessagesAvailable callback
         1788690172.110  4644  4675 I AebsFrameSubscriber: readNextMessages count=1
         1788690172.111  4644  4675 I MainActivity: onGatewayFrame: frame seq=1293 egoSpeed=6.562343 pts=0 intervention=false warning=false braking=false lifecycle=armed range=null bearing=null rss=null
         1788690172.210  4644  4675 I AebsFrameSubscriber: onMessagesAvailable callback
         1788690172.210  4644  4675 I AebsFrameSubscriber: readNextMessages count=1
         1788690172.210  4644  4675 I MainActivity: onGatewayFrame: frame seq=1294 egoSpeed=6.562343 pts=0 intervention=false warning=false braking=false lifecycle=armed range=null bearing=null rss=null
         1788690172.310  4644  4675 I AebsFrameSubscriber: onMessagesAvailable callback
         1788690172.310  4644  4675 I AebsFrameSubscriber: readNextMessages count=1
         1788690172.310  4644  4675 I MainActivity: onGatewayFrame: frame seq=1295 egoSpeed=6.562343 pts=0 intervention=false warning=false braking=false lifecycle=armed range=null bearing=null rss=null
         1788690172.410  4644  4675 I AebsFrameSubscriber: onMessagesAvailable callback
         1788690172.410  4644  4675 I AebsFrameSubscriber: readNextMessages count=1
         1788690172.410  4644  4675 I MainActivity: onGatewayFrame: frame seq=1296 egoSpeed=6.562343 pts=0 intervention=false warning=false braking=false lifecycle=armed range=null bearing=null rss=null
         1788690172.510  4644  4675 I AebsFrameSubscriber: onMessagesAvailable callback
         1788690172.511  4644  4675 I AebsFrameSubscriber: readNextMessages count=1
         1788690172.511  4644  4675 I MainActivity: onGatewayFrame: frame seq=1297 egoSpeed=6.562343 pts=0 intervention=false warning=false braking=false lifecycle=armed range=null bearing=null rss=null
         1788690172.610  4644  4675 I AebsFrameSubscriber: onMessagesAvailable callback
         1788690172.610  4644  4675 I AebsFrameSubscriber: readNextMessages count=1
         1788690172.610  4644  4675 I MainActivity: onGatewayFrame: frame seq=1298 egoSpeed=6.562343 pts=0 intervention=false warning=false braking=false lifecycle=armed range=null bearing=null rss=null
         1788690172.710  4644  4675 I AebsFrameSubscriber: onMessagesAvailable callback
         1788690172.710  4644  4675 I AebsFrameSubscriber: readNextMessages count=1
         1788690172.711  4644  4675 I MainActivity: onGatewayFrame: frame seq=1299 egoSpeed=6.562343 pts=0 intervention=false warning=false braking=false lifecycle=armed range=null bearing=null rss=null
         1788690172.810  4644  4675 I AebsFrameSubscriber: onMessagesAvailable callback
         1788690172.810  4644  4675 I AebsFrameSubscriber: readNextMessages count=1
         1788690172.810  4644  4675 I MainActivity: onGatewayFrame: frame seq=1300 egoSpeed=6.562343 pts=0 intervention=false warning=false braking=false lifecycle=armed range=null bearing=null rss=null
         1788690172.910  4644  4675 I AebsFrameSubscriber: onMessagesAvailable callback
         1788690172.911  4644  4675 I AebsFrameSubscriber: readNextMessages count=1
         1788690172.911  4644  4675 I MainActivity: onGatewayFrame: frame seq=1301 egoSpeed=6.562343 pts=0 intervention=false warning=false braking=false lifecycle=armed range=null bearing=null rss=null
         1788690173.010  4644  4675 I AebsFrameSubscriber: onMessagesAvailable callback
         1788690173.010  4644  4675 I AebsFrameSubscriber: readNextMessages count=1
         1788690173.010  4644  4675 I MainActivity: onGatewayFrame: frame seq=1302 egoSpeed=6.562343 pts=0 intervention=false warning=false braking=false lifecycle=armed range=null bearing=null rss=null
         1788690173.110  4644  4675 I AebsFrameSubscriber: onMessagesAvailable callback
         1788690173.110  4644  4675 I AebsFrameSubscriber: readNextMessages count=1
         1788690173.110  4644  4675 I MainActivity: onGatewayFrame: frame seq=1303 egoSpeed=6.562343 pts=0 intervention=false warning=false braking=false lifecycle=armed range=null bearing=null rss=null
         1788690173.210  4644  4675 I AebsFrameSubscriber: onMessagesAvailable callback
         1788690173.210  4644  4675 I AebsFrameSubscriber: readNextMessages count=1
         1788690173.210  4644  4675 I MainActivity: onGatewayFrame: frame seq=1304 egoSpeed=6.562343 pts=0 intervention=false warning=false braking=false lifecycle=armed range=null bearing=null rss=null
         1788690173.310  4644  4675 I AebsFrameSubscriber: onMessagesAvailable callback
         1788690173.310  4644  4675 I AebsFrameSubscriber: readNextMessages count=1
         1788690173.310  4644  4675 I MainActivity: onGatewayFrame: frame seq=1305 egoSpeed=6.562343 pts=0 intervention=false warning=false braking=false lifecycle=armed range=null bearing=null rss=null
         1788690173.410  4644  4675 I AebsFrameSubscriber: onMessagesAvailable callback
         1788690173.410  4644  4675 I AebsFrameSubscriber: readNextMessages count=1
         1788690173.410  4644  4675 I MainActivity: onGatewayFrame: frame seq=1306 egoSpeed=6.562343 pts=0 intervention=false warning=false braking=false lifecycle=armed range=null bearing=null rss=null
         1788690173.510  4644  4675 I AebsFrameSubscriber: onMessagesAvailable callback
         1788690173.510  4644  4675 I AebsFrameSubscriber: readNextMessages count=1
         1788690173.510  4644  4675 I MainActivity: onGatewayFrame: frame seq=1307 egoSpeed=6.562343 pts=0 intervention=false warning=false braking=false lifecycle=armed range=null bearing=null rss=null
         1788690173.610  4644  4675 I AebsFrameSubscriber: onMessagesAvailable callback
         1788690173.610  4644  4675 I AebsFrameSubscriber: readNextMessages count=1
         1788690173.610  4644  4675 I MainActivity: onGatewayFrame: frame seq=1308 egoSpeed=6.562343 pts=0 intervention=false warning=false braking=false lifecycle=armed range=null bearing=null rss=null
         1788690173.710  4644  4675 I AebsFrameSubscriber: onMessagesAvailable callback
         1788690173.710  4644  4675 I AebsFrameSubscriber: readNextMessages count=1
         1788690173.710  4644  4675 I MainActivity: onGatewayFrame: frame seq=1309 egoSpeed=6.562343 pts=0 intervention=false warning=false braking=false lifecycle=armed range=null bearing=null rss=null
         1788690173.810  4644  4675 I AebsFrameSubscriber: onMessagesAvailable callback
         1788690173.810  4644  4675 I AebsFrameSubscriber: readNextMessages count=1
         1788690173.811  4644  4675 I MainActivity: onGatewayFrame: frame seq=1310 egoSpeed=6.562343 pts=0 intervention=false warning=false braking=false lifecycle=armed range=null bearing=null rss=null
         1788690173.910  4644  4675 I AebsFrameSubscriber: onMessagesAvailable callback
         1788690173.910  4644  4675 I AebsFrameSubscriber: readNextMessages count=1
         1788690173.910  4644  4675 I MainActivity: onGatewayFrame: frame seq=1311 egoSpeed=6.562343 pts=0 intervention=false warning=false braking=false lifecycle=armed range=null bearing=null rss=null
         1788690174.010  4644  4675 I AebsFrameSubscriber: onMessagesAvailable callback
         1788690174.010  4644  4675 I AebsFrameSubscriber: readNextMessages count=1
         1788690174.010  4644  4675 I MainActivity: onGatewayFrame: frame seq=1312 egoSpeed=6.562343 pts=0 intervention=false warning=false braking=false lifecycle=armed range=null bearing=null rss=null
         1788690174.110  4644  4675 I AebsFrameSubscriber: onMessagesAvailable callback
         1788690174.110  4644  4675 I AebsFrameSubscriber: readNextMessages count=1
         1788690174.110  4644  4675 I MainActivity: onGatewayFrame: frame seq=1313 egoSpeed=6.562343 pts=0 intervention=false warning=false braking=false lifecycle=armed range=null bearing=null rss=null
         1788690174.210  4644  4675 I AebsFrameSubscriber: onMessagesAvailable callback
         1788690174.210  4644  4675 I AebsFrameSubscriber: readNextMessages count=1
         1788690174.210  4644  4675 I MainActivity: onGatewayFrame: frame seq=1314 egoSpeed=6.562343 pts=0 intervention=false warning=false braking=false lifecycle=armed range=null bearing=null rss=null
         1788690174.310  4644  4675 I AebsFrameSubscriber: onMessagesAvailable callback
         1788690174.310  4644  4675 I AebsFrameSubscriber: readNextMessages count=1
         1788690174.310  4644  4675 I MainActivity: onGatewayFrame: frame seq=1315 egoSpeed=6.562343 pts=0 intervention=false warning=false braking=false lifecycle=armed range=null bearing=null rss=null
         1788690174.410  4644  4675 I AebsFrameSubscriber: onMessagesAvailable callback
         1788690174.410  4644  4675 I AebsFrameSubscriber: readNextMessages count=1
         1788690174.410  4644  4675 I MainActivity: onGatewayFrame: frame seq=1316 egoSpeed=6.562343 pts=0 intervention=false warning=false braking=false lifecycle=armed range=null bearing=null rss=null
         1788690174.510  4644  4675 I AebsFrameSubscriber: onMessagesAvailable callback
         1788690174.510  4644  4675 I AebsFrameSubscriber: readNextMessages count=1
         1788690174.510  4644  4675 I MainActivity: onGatewayFrame: frame seq=1317 egoSpeed=6.562343 pts=0 intervention=false warning=false braking=false lifecycle=armed range=null bearing=null rss=null
         1788690174.610  4644  4675 I AebsFrameSubscriber: onMessagesAvailable callback
         1788690174.610  4644  4675 I AebsFrameSubscriber: readNextMessages count=1
         1788690174.610  4644  4675 I MainActivity: onGatewayFrame: frame seq=1318 egoSpeed=6.562343 pts=0 intervention=false warning=false braking=false lifecycle=armed range=null bearing=null rss=null
         1788690174.710  4644  4675 I AebsFrameSubscriber: onMessagesAvailable callback
         1788690174.710  4644  4675 I AebsFrameSubscriber: readNextMessages count=1
         1788690174.711  4644  4675 I MainActivity: onGatewayFrame: frame seq=1319 egoSpeed=6.562343 pts=0 intervention=false warning=false braking=false lifecycle=armed range=null bearing=null rss=null
         1788690174.810  4644  4675 I AebsFrameSubscriber: onMessagesAvailable callback
         1788690174.810  4644  4675 I AebsFrameSubscriber: readNextMessages count=1
         1788690174.811  4644  4675 I MainActivity: onGatewayFrame: frame seq=1320 egoSpeed=6.562343 pts=0 intervention=false warning=false braking=false lifecycle=armed range=null bearing=null rss=null
         1788690174.932  4644  4675 I AebsFrameSubscriber: readNextMessages count=1
         1788690174.932  4644  4675 I MainActivity: onGatewayFrame: frame seq=1321 egoSpeed=6.562343 pts=0 intervention=false warning=false braking=false lifecycle=armed range=null bearing=null rss=null
         1788690174.932  4644  4675 I AebsFrameSubscriber: onMessagesAvailable callback
         1788690175.010  4644  4675 I AebsFrameSubscriber: onMessagesAvailable callback
         1788690175.010  4644  4675 I AebsFrameSubscriber: readNextMessages count=1
         1788690175.010  4644  4675 I MainActivity: onGatewayFrame: frame seq=1322 egoSpeed=6.562343 pts=0 intervention=false warning=false braking=false lifecycle=armed range=null bearing=null rss=null
         1788690175.110  4644  4675 I AebsFrameSubscriber: onMessagesAvailable callback
         1788690175.110  4644  4675 I AebsFrameSubscriber: readNextMessages count=1
         1788690175.110  4644  4675 I MainActivity: onGatewayFrame: frame seq=1323 egoSpeed=6.562343 pts=0 intervention=false warning=false braking=false lifecycle=armed range=null bearing=null rss=null
         1788690175.210  4644  4675 I AebsFrameSubscriber: onMessagesAvailable callback
         1788690175.210  4644  4675 I AebsFrameSubscriber: readNextMessages count=1
         1788690175.210  4644  4675 I MainActivity: onGatewayFrame: frame seq=1324 egoSpeed=6.562343 pts=0 intervention=false warning=false braking=false lifecycle=armed range=null bearing=null rss=null
         1788690175.310  4644  4675 I AebsFrameSubscriber: onMessagesAvailable callback
         1788690175.310  4644  4675 I AebsFrameSubscriber: readNextMessages count=1
         1788690175.311  4644  4675 I MainActivity: onGatewayFrame: frame seq=1325 egoSpeed=6.562343 pts=0 intervention=false warning=false braking=false lifecycle=armed range=null bearing=null rss=null
         1788690175.410  4644  4675 I AebsFrameSubscriber: onMessagesAvailable callback
         1788690175.410  4644  4675 I AebsFrameSubscriber: readNextMessages count=1
         1788690175.410  4644  4675 I MainActivity: onGatewayFrame: frame seq=1326 egoSpeed=6.562343 pts=0 intervention=false warning=false braking=false lifecycle=armed range=null bearing=null rss=null
         1788690175.510  4644  4675 I AebsFrameSubscriber: onMessagesAvailable callback
         1788690175.510  4644  4675 I AebsFrameSubscriber: readNextMessages count=1
         1788690175.510  4644  4675 I MainActivity: onGatewayFrame: frame seq=1327 egoSpeed=6.562343 pts=0 intervention=false warning=false braking=false lifecycle=armed range=null bearing=null rss=null
         1788690175.610  4644  4675 I AebsFrameSubscriber: onMessagesAvailable callback
         1788690175.610  4644  4675 I AebsFrameSubscriber: readNextMessages count=1
         1788690175.610  4644  4675 I MainActivity: onGatewayFrame: frame seq=1328 egoSpeed=6.562343 pts=0 intervention=false warning=false braking=false lifecycle=armed range=null bearing=null rss=null
         1788690175.710  4644  4675 I AebsFrameSubscriber: onMessagesAvailable callback
         1788690175.710  4644  4675 I AebsFrameSubscriber: readNextMessages count=1
         1788690175.710  4644  4675 I MainActivity: onGatewayFrame: frame seq=1329 egoSpeed=6.562343 pts=0 intervention=false warning=false braking=false lifecycle=armed range=null bearing=null rss=null
         1788690175.810  4644  4675 I AebsFrameSubscriber: onMessagesAvailable callback
         1788690175.810  4644  4675 I AebsFrameSubscriber: readNextMessages count=1
         1788690175.810  4644  4675 I MainActivity: onGatewayFrame: frame seq=1330 egoSpeed=6.562343 pts=0 intervention=false warning=false braking=false lifecycle=armed range=null bearing=null rss=null
         1788690175.910  4644  4675 I AebsFrameSubscriber: onMessagesAvailable callback
         1788690175.910  4644  4675 I AebsFrameSubscriber: readNextMessages count=1
         1788690175.910  4644  4675 I MainActivity: onGatewayFrame: frame seq=1331 egoSpeed=6.562343 pts=0 intervention=false warning=false braking=false lifecycle=armed range=null bearing=null rss=null
         1788690176.009  4644  4675 I AebsFrameSubscriber: onMessagesAvailable callback
         1788690176.010  4644  4675 I AebsFrameSubscriber: readNextMessages count=1
         1788690176.010  4644  4675 I MainActivity: onGatewayFrame: frame seq=1332 egoSpeed=6.562343 pts=0 intervention=false warning=false braking=false lifecycle=armed range=null bearing=null rss=null
         1788690176.109  4644  4675 I AebsFrameSubscriber: onMessagesAvailable callback
         1788690176.110  4644  4675 I AebsFrameSubscriber: readNextMessages count=1
         1788690176.110  4644  4675 I MainActivity: onGatewayFrame: frame seq=1333 egoSpeed=6.562343 pts=0 intervention=false warning=false braking=false lifecycle=armed range=null bearing=null rss=null
         1788690176.209  4644  4675 I AebsFrameSubscriber: onMessagesAvailable callback
         1788690176.210  4644  4675 I AebsFrameSubscriber: readNextMessages count=1
         1788690176.210  4644  4675 I MainActivity: onGatewayFrame: frame seq=1334 egoSpeed=6.562343 pts=0 intervention=false warning=false braking=false lifecycle=armed range=null bearing=null rss=null
         1788690176.309  4644  4675 I AebsFrameSubscriber: onMessagesAvailable callback
         1788690176.310  4644  4675 I AebsFrameSubscriber: readNextMessages count=1
         1788690176.310  4644  4675 I MainActivity: onGatewayFrame: frame seq=1335 egoSpeed=6.562343 pts=0 intervention=false warning=false braking=false lifecycle=armed range=null bearing=null rss=null
         1788690176.409  4644  4675 I AebsFrameSubscriber: onMessagesAvailable callback
         1788690176.410  4644  4675 I AebsFrameSubscriber: readNextMessages count=1
         1788690176.410  4644  4675 I MainActivity: onGatewayFrame: frame seq=1336 egoSpeed=6.562343 pts=0 intervention=false warning=false braking=false lifecycle=armed range=null bearing=null rss=null
         1788690176.509  4644  4675 I AebsFrameSubscriber: onMessagesAvailable callback
         1788690176.510  4644  4675 I AebsFrameSubscriber: readNextMessages count=1
         1788690176.510  4644  4675 I MainActivity: onGatewayFrame: frame seq=1337 egoSpeed=6.562343 pts=0 intervention=false warning=false braking=false lifecycle=armed range=null bearing=null rss=null
         1788690176.609  4644  4675 I AebsFrameSubscriber: onMessagesAvailable callback
         1788690176.610  4644  4675 I AebsFrameSubscriber: readNextMessages count=1
         1788690176.610  4644  4675 I MainActivity: onGatewayFrame: frame seq=1338 egoSpeed=6.562343 pts=0 intervention=false warning=false braking=false lifecycle=armed range=null bearing=null rss=null
         1788690176.710  4644  4675 I AebsFrameSubscriber: onMessagesAvailable callback
         1788690176.711  4644  4675 I AebsFrameSubscriber: readNextMessages count=1
         1788690176.711  4644  4675 I MainActivity: onGatewayFrame: frame seq=1339 egoSpeed=6.562343 pts=0 intervention=false warning=false braking=false lifecycle=armed range=null bearing=null rss=null
         1788690176.810  4644  4675 I AebsFrameSubscriber: onMessagesAvailable callback
         1788690176.810  4644  4675 I AebsFrameSubscriber: readNextMessages count=1
         1788690176.811  4644  4675 I MainActivity: onGatewayFrame: frame seq=1340 egoSpeed=6.562343 pts=0 intervention=false warning=false braking=false lifecycle=armed range=null bearing=null rss=null
         1788690176.910  4644  4675 I AebsFrameSubscriber: onMessagesAvailable callback
         1788690176.910  4644  4675 I AebsFrameSubscriber: readNextMessages count=1
         1788690176.911  4644  4675 I MainActivity: onGatewayFrame: frame seq=1341 egoSpeed=6.562343 pts=0 intervention=false warning=false braking=false lifecycle=armed range=null bearing=null rss=null
         1788690177.010  4644  4675 I AebsFrameSubscriber: onMessagesAvailable callback
         1788690177.011  4644  4675 I AebsFrameSubscriber: readNextMessages count=1
         1788690177.011  4644  4675 I MainActivity: onGatewayFrame: frame seq=1342 egoSpeed=6.562343 pts=0 intervention=false warning=false braking=false lifecycle=armed range=null bearing=null rss=null
         1788690177.110  4644  4675 I AebsFrameSubscriber: onMessagesAvailable callback
         1788690177.110  4644  4675 I AebsFrameSubscriber: readNextMessages count=1
         1788690177.110  4644  4675 I MainActivity: onGatewayFrame: frame seq=1343 egoSpeed=6.562343 pts=0 intervention=false warning=false braking=false lifecycle=armed range=null bearing=null rss=null
         1788690177.210  4644  4675 I AebsFrameSubscriber: onMessagesAvailable callback
         1788690177.210  4644  4675 I AebsFrameSubscriber: readNextMessages count=1
         1788690177.210  4644  4675 I MainActivity: onGatewayFrame: frame seq=1344 egoSpeed=6.562343 pts=0 intervention=false warning=false braking=false lifecycle=armed range=null bearing=null rss=null
         1788690177.310  4644  4675 I AebsFrameSubscriber: onMessagesAvailable callback
         1788690177.310  4644  4675 I AebsFrameSubscriber: readNextMessages count=1
         1788690177.310  4644  4675 I MainActivity: onGatewayFrame: frame seq=1345 egoSpeed=6.562343 pts=0 intervention=false warning=false braking=false lifecycle=armed range=null bearing=null rss=null
         1788690177.410  4644  4675 I AebsFrameSubscriber: onMessagesAvailable callback
         1788690177.410  4644  4675 I AebsFrameSubscriber: readNextMessages count=1
         1788690177.411  4644  4675 I MainActivity: onGatewayFrame: frame seq=1346 egoSpeed=6.562343 pts=0 intervention=false warning=false braking=false lifecycle=armed range=null bearing=null rss=null
         1788690177.510  4644  4675 I AebsFrameSubscriber: onMessagesAvailable callback
         1788690177.510  4644  4675 I AebsFrameSubscriber: readNextMessages count=1
         1788690177.510  4644  4675 I MainActivity: onGatewayFrame: frame seq=1347 egoSpeed=6.562343 pts=0 intervention=false warning=false braking=false lifecycle=armed range=null bearing=null rss=null
         1788690177.610  4644  4675 I AebsFrameSubscriber: onMessagesAvailable callback
         1788690177.610  4644  4675 I AebsFrameSubscriber: readNextMessages count=1
         1788690177.610  4644  4675 I MainActivity: onGatewayFrame: frame seq=1348 egoSpeed=6.562343 pts=0 intervention=false warning=false braking=false lifecycle=armed range=null bearing=null rss=null
         1788690177.710  4644  4675 I AebsFrameSubscriber: onMessagesAvailable callback
         1788690177.710  4644  4675 I AebsFrameSubscriber: readNextMessages count=1
         1788690177.710  4644  4675 I MainActivity: onGatewayFrame: frame seq=1349 egoSpeed=6.562343 pts=0 intervention=false warning=false braking=false lifecycle=armed range=null bearing=null rss=null
         1788690177.810  4644  4675 I AebsFrameSubscriber: onMessagesAvailable callback
         1788690177.810  4644  4675 I AebsFrameSubscriber: readNextMessages count=1
         1788690177.810  4644  4675 I MainActivity: onGatewayFrame: frame seq=1350 egoSpeed=6.562343 pts=0 intervention=false warning=false braking=false lifecycle=armed range=null bearing=null rss=null
         1788690177.910  4644  4675 I AebsFrameSubscriber: onMessagesAvailable callback
         1788690177.910  4644  4675 I AebsFrameSubscriber: readNextMessages count=1
         1788690177.910  4644  4675 I MainActivity: onGatewayFrame: frame seq=1351 egoSpeed=6.562343 pts=0 intervention=false warning=false braking=false lifecycle=armed range=null bearing=null rss=null
         1788690178.009  4644  4675 I AebsFrameSubscriber: onMessagesAvailable callback
         1788690178.010  4644  4675 I AebsFrameSubscriber: readNextMessages count=1
         1788690178.010  4644  4675 I MainActivity: onGatewayFrame: frame seq=1352 egoSpeed=6.562343 pts=0 intervention=false warning=false braking=false lifecycle=armed range=null bearing=null rss=null
         1788690178.109  4644  4675 I AebsFrameSubscriber: onMessagesAvailable callback
         1788690178.110  4644  4675 I AebsFrameSubscriber: readNextMessages count=1
         1788690178.110  4644  4675 I MainActivity: onGatewayFrame: frame seq=1353 egoSpeed=6.562343 pts=0 intervention=false warning=false braking=false lifecycle=armed range=null bearing=null rss=null
         1788690178.210  4644  4675 I AebsFrameSubscriber: onMessagesAvailable callback
         1788690178.210  4644  4675 I AebsFrameSubscriber: readNextMessages count=1
         1788690178.210  4644  4675 I MainActivity: onGatewayFrame: frame seq=1354 egoSpeed=6.562343 pts=0 intervention=false warning=false braking=false lifecycle=armed range=null bearing=null rss=null
         1788690178.309  4644  4675 I AebsFrameSubscriber: onMessagesAvailable callback
         1788690178.310  4644  4675 I AebsFrameSubscriber: readNextMessages count=1
         1788690178.310  4644  4675 I MainActivity: onGatewayFrame: frame seq=1355 egoSpeed=6.562343 pts=0 intervention=false warning=false braking=false lifecycle=armed range=null bearing=null rss=null
         1788690178.409  4644  4675 I AebsFrameSubscriber: onMessagesAvailable callback
         1788690178.410  4644  4675 I AebsFrameSubscriber: readNextMessages count=1
         1788690178.410  4644  4675 I MainActivity: onGatewayFrame: frame seq=1356 egoSpeed=6.562343 pts=0 intervention=false warning=false braking=false lifecycle=armed range=null bearing=null rss=null
         1788690178.509  4644  4675 I AebsFrameSubscriber: onMessagesAvailable callback
         1788690178.510  4644  4675 I AebsFrameSubscriber: readNextMessages count=1
         1788690178.510  4644  4675 I MainActivity: onGatewayFrame: frame seq=1357 egoSpeed=6.562343 pts=0 intervention=false warning=false braking=false lifecycle=armed range=null bearing=null rss=null
         1788690178.609  4644  4675 I AebsFrameSubscriber: onMessagesAvailable callback
         1788690178.610  4644  4675 I AebsFrameSubscriber: readNextMessages count=1
         1788690178.610  4644  4675 I MainActivity: onGatewayFrame: frame seq=1358 egoSpeed=6.562343 pts=0 intervention=false warning=false braking=false lifecycle=armed range=null bearing=null rss=null
         1788690178.709  4644  4675 I AebsFrameSubscriber: onMessagesAvailable callback
         1788690178.710  4644  4675 I AebsFrameSubscriber: readNextMessages count=1
         1788690178.710  4644  4675 I MainActivity: onGatewayFrame: frame seq=1359 egoSpeed=6.562343 pts=0 intervention=false warning=false braking=false lifecycle=armed range=null bearing=null rss=null
         1788690178.935  4644  4675 I AebsFrameSubscriber: readNextMessages count=2
         1788690178.936  4644  4675 I MainActivity: onGatewayFrame: frame seq=1360 egoSpeed=6.562343 pts=0 intervention=false warning=false braking=false lifecycle=armed range=null bearing=null rss=null
         1788690178.936  4644  4675 I MainActivity: onGatewayFrame: frame seq=1361 egoSpeed=6.562343 pts=0 intervention=false warning=false braking=false lifecycle=armed range=null bearing=null rss=null
         1788690178.936  4644  4675 I AebsFrameSubscriber: onMessagesAvailable callback
         1788690178.936  4644  4675 I AebsFrameSubscriber: onMessagesAvailable callback
         1788690179.009  4644  4675 I AebsFrameSubscriber: onMessagesAvailable callback
         1788690179.010  4644  4675 I AebsFrameSubscriber: readNextMessages count=1
         1788690179.010  4644  4675 I MainActivity: onGatewayFrame: frame seq=1362 egoSpeed=6.562343 pts=0 intervention=false warning=false braking=false lifecycle=armed range=null bearing=null rss=null
         1788690179.109  4644  4675 I AebsFrameSubscriber: onMessagesAvailable callback
         1788690179.110  4644  4675 I AebsFrameSubscriber: readNextMessages count=1
         1788690179.110  4644  4675 I MainActivity: onGatewayFrame: frame seq=1363 egoSpeed=6.562343 pts=0 intervention=false warning=false braking=false lifecycle=armed range=null bearing=null rss=null
         1788690179.209  4644  4675 I AebsFrameSubscriber: onMessagesAvailable callback
         1788690179.209  4644  4675 I AebsFrameSubscriber: readNextMessages count=1
         1788690179.210  4644  4675 I MainActivity: onGatewayFrame: frame seq=1364 egoSpeed=6.562343 pts=0 intervention=false warning=false braking=false lifecycle=armed range=null bearing=null rss=null
         1788690179.309  4644  4675 I AebsFrameSubscriber: onMessagesAvailable callback
         1788690179.310  4644  4675 I AebsFrameSubscriber: readNextMessages count=1
         1788690179.310  4644  4675 I MainActivity: onGatewayFrame: frame seq=1365 egoSpeed=6.562343 pts=0 intervention=false warning=false braking=false lifecycle=armed range=null bearing=null rss=null
         1788690179.409  4644  4675 I AebsFrameSubscriber: onMessagesAvailable callback
         1788690179.410  4644  4675 I AebsFrameSubscriber: readNextMessages count=1
         1788690179.410  4644  4675 I MainActivity: onGatewayFrame: frame seq=1366 egoSpeed=6.562343 pts=0 intervention=false warning=false braking=false lifecycle=armed range=null bearing=null rss=null
         1788690179.509  4644  4675 I AebsFrameSubscriber: onMessagesAvailable callback
         1788690179.510  4644  4675 I AebsFrameSubscriber: readNextMessages count=1
         1788690179.510  4644  4675 I MainActivity: onGatewayFrame: frame seq=1367 egoSpeed=6.562343 pts=0 intervention=false warning=false braking=false lifecycle=armed range=null bearing=null rss=null
         1788690179.609  4644  4675 I AebsFrameSubscriber: onMessagesAvailable callback
         1788690179.610  4644  4675 I AebsFrameSubscriber: readNextMessages count=1
         1788690179.610  4644  4675 I MainActivity: onGatewayFrame: frame seq=1368 egoSpeed=6.562343 pts=0 intervention=false warning=false braking=false lifecycle=armed range=null bearing=null rss=null
         1788690179.709  4644  4675 I AebsFrameSubscriber: onMessagesAvailable callback
         1788690179.710  4644  4675 I AebsFrameSubscriber: readNextMessages count=1
         1788690179.710  4644  4675 I MainActivity: onGatewayFrame: frame seq=1369 egoSpeed=6.562343 pts=0 intervention=false warning=false braking=false lifecycle=armed range=null bearing=null rss=null
         1788690179.809  4644  4675 I AebsFrameSubscriber: onMessagesAvailable callback
         1788690179.810  4644  4675 I AebsFrameSubscriber: readNextMessages count=1
         1788690179.810  4644  4675 I MainActivity: onGatewayFrame: frame seq=1370 egoSpeed=6.562343 pts=0 intervention=false warning=false braking=false lifecycle=armed range=null bearing=null rss=null
         1788690179.909  4644  4675 I AebsFrameSubscriber: onMessagesAvailable callback
         1788690179.910  4644  4675 I AebsFrameSubscriber: readNextMessages count=1
         1788690179.910  4644  4675 I MainActivity: onGatewayFrame: frame seq=1371 egoSpeed=6.562343 pts=0 intervention=false warning=false braking=false lifecycle=armed range=null bearing=null rss=null
         1788690180.009  4644  4675 I AebsFrameSubscriber: onMessagesAvailable callback
         1788690180.010  4644  4675 I AebsFrameSubscriber: readNextMessages count=1
         1788690180.010  4644  4675 I MainActivity: onGatewayFrame: frame seq=1372 egoSpeed=6.562343 pts=0 intervention=false warning=false braking=false lifecycle=armed range=null bearing=null rss=null
         1788690180.109  4644  4675 I AebsFrameSubscriber: onMessagesAvailable callback
         1788690180.110  4644  4675 I AebsFrameSubscriber: readNextMessages count=1
         1788690180.110  4644  4675 I MainActivity: onGatewayFrame: frame seq=1373 egoSpeed=6.562343 pts=0 intervention=false warning=false braking=false lifecycle=armed range=null bearing=null rss=null
         1788690180.209  4644  4675 I AebsFrameSubscriber: onMessagesAvailable callback
         1788690180.210  4644  4675 I AebsFrameSubscriber: readNextMessages count=1
         1788690180.210  4644  4675 I MainActivity: onGatewayFrame: frame seq=1374 egoSpeed=6.562343 pts=0 intervention=false warning=false braking=false lifecycle=armed range=null bearing=null rss=null
         1788690180.309  4644  4675 I AebsFrameSubscriber: onMessagesAvailable callback
         1788690180.310  4644  4675 I AebsFrameSubscriber: readNextMessages count=1
         1788690180.310  4644  4675 I MainActivity: onGatewayFrame: frame seq=1375 egoSpeed=6.562343 pts=0 intervention=false warning=false braking=false lifecycle=armed range=null bearing=null rss=null
         1788690180.409  4644  4675 I AebsFrameSubscriber: onMessagesAvailable callback
         1788690180.410  4644  4675 I AebsFrameSubscriber: readNextMessages count=1
         1788690180.410  4644  4675 I MainActivity: onGatewayFrame: frame seq=1376 egoSpeed=6.562343 pts=0 intervention=false warning=false braking=false lifecycle=armed range=null bearing=null rss=null
         1788690180.509  4644  4675 I AebsFrameSubscriber: onMessagesAvailable callback
         1788690180.510  4644  4675 I AebsFrameSubscriber: readNextMessages count=1
         1788690180.510  4644  4675 I MainActivity: onGatewayFrame: frame seq=1377 egoSpeed=6.562343 pts=0 intervention=false warning=false braking=false lifecycle=armed range=null bearing=null rss=null
         1788690180.609  4644  4675 I AebsFrameSubscriber: onMessagesAvailable callback
         1788690180.610  4644  4675 I AebsFrameSubscriber: readNextMessages count=1
         1788690180.610  4644  4675 I MainActivity: onGatewayFrame: frame seq=1378 egoSpeed=6.562343 pts=0 intervention=false warning=false braking=false lifecycle=armed range=null bearing=null rss=null
         1788690180.709  4644  4675 I AebsFrameSubscriber: onMessagesAvailable callback
         1788690180.710  4644  4675 I AebsFrameSubscriber: readNextMessages count=1
         1788690180.710  4644  4675 I MainActivity: onGatewayFrame: frame seq=1379 egoSpeed=6.562343 pts=0 intervention=false warning=false braking=false lifecycle=armed range=null bearing=null rss=null
         1788690180.809  4644  4675 I AebsFrameSubscriber: onMessagesAvailable callback
         1788690180.810  4644  4675 I AebsFrameSubscriber: readNextMessages count=1
         1788690180.810  4644  4675 I MainActivity: onGatewayFrame: frame seq=1380 egoSpeed=6.562343 pts=0 intervention=false warning=false braking=false lifecycle=armed range=null bearing=null rss=null
         1788690180.909  4644  4675 I AebsFrameSubscriber: onMessagesAvailable callback
         1788690180.909  4644  4675 I AebsFrameSubscriber: readNextMessages count=1
         1788690180.910  4644  4675 I MainActivity: onGatewayFrame: frame seq=1381 egoSpeed=6.562343 pts=0 intervention=false warning=false braking=false lifecycle=armed range=null bearing=null rss=null
         1788690181.009  4644  4675 I AebsFrameSubscriber: onMessagesAvailable callback
         1788690181.009  4644  4675 I AebsFrameSubscriber: readNextMessages count=1
         1788690181.009  4644  4675 I MainActivity: onGatewayFrame: frame seq=1382 egoSpeed=6.562343 pts=0 intervention=false warning=false braking=false lifecycle=armed range=null bearing=null rss=null
         1788690181.109  4644  4675 I AebsFrameSubscriber: onMessagesAvailable callback
         1788690181.110  4644  4675 I AebsFrameSubscriber: readNextMessages count=1
         1788690181.110  4644  4675 I MainActivity: onGatewayFrame: frame seq=1383 egoSpeed=6.562343 pts=0 intervention=false warning=false braking=false lifecycle=armed range=null bearing=null rss=null
         1788690181.209  4644  4675 I AebsFrameSubscriber: onMessagesAvailable callback
         1788690181.209  4644  4675 I AebsFrameSubscriber: readNextMessages count=1
         1788690181.210  4644  4675 I MainActivity: onGatewayFrame: frame seq=1384 egoSpeed=6.562343 pts=0 intervention=false warning=false braking=false lifecycle=armed range=null bearing=null rss=null
         1788690181.309  4644  4675 I AebsFrameSubscriber: onMessagesAvailable callback
         1788690181.310  4644  4675 I AebsFrameSubscriber: readNextMessages count=1
         1788690181.310  4644  4675 I MainActivity: onGatewayFrame: frame seq=1385 egoSpeed=6.562343 pts=0 intervention=false warning=false braking=false lifecycle=armed range=null bearing=null rss=null
         1788690181.409  4644  4675 I AebsFrameSubscriber: onMessagesAvailable callback
         1788690181.409  4644  4675 I AebsFrameSubscriber: readNextMessages count=1
         1788690181.409  4644  4675 I MainActivity: onGatewayFrame: frame seq=1386 egoSpeed=6.562343 pts=0 intervention=false warning=false braking=false lifecycle=armed range=null bearing=null rss=null
         1788690181.509  4644  4675 I AebsFrameSubscriber: onMessagesAvailable callback
         1788690181.509  4644  4675 I AebsFrameSubscriber: readNextMessages count=1
         1788690181.509  4644  4675 I MainActivity: onGatewayFrame: frame seq=1387 egoSpeed=6.562343 pts=0 intervention=false warning=false braking=false lifecycle=armed range=null bearing=null rss=null
         1788690181.609  4644  4675 I AebsFrameSubscriber: onMessagesAvailable callback
         1788690181.609  4644  4675 I AebsFrameSubscriber: readNextMessages count=1
         1788690181.609  4644  4675 I MainActivity: onGatewayFrame: frame seq=1388 egoSpeed=6.562343 pts=0 intervention=false warning=false braking=false lifecycle=armed range=null bearing=null rss=null
         1788690181.709  4644  4675 I AebsFrameSubscriber: onMessagesAvailable callback
         1788690181.709  4644  4675 I AebsFrameSubscriber: readNextMessages count=1
         1788690181.709  4644  4675 I MainActivity: onGatewayFrame: frame seq=1389 egoSpeed=6.562343 pts=0 intervention=false warning=false braking=false lifecycle=armed range=null bearing=null rss=null
         1788690181.809  4644  4675 I AebsFrameSubscriber: onMessagesAvailable callback
         1788690181.809  4644  4675 I AebsFrameSubscriber: readNextMessages count=1
         1788690181.810  4644  4675 I MainActivity: onGatewayFrame: frame seq=1390 egoSpeed=6.562343 pts=0 intervention=false warning=false braking=false lifecycle=armed range=null bearing=null rss=null
         1788690181.909  4644  4675 I AebsFrameSubscriber: onMessagesAvailable callback
         1788690181.909  4644  4675 I AebsFrameSubscriber: readNextMessages count=1
         1788690181.910  4644  4675 I MainActivity: onGatewayFrame: frame seq=1391 egoSpeed=6.562343 pts=0 intervention=false warning=false braking=false lifecycle=armed range=null bearing=null rss=null
         1788690182.009  4644  4675 I AebsFrameSubscriber: onMessagesAvailable callback
         1788690182.009  4644  4675 I AebsFrameSubscriber: readNextMessages count=1
         1788690182.010  4644  4675 I MainActivity: onGatewayFrame: frame seq=1392 egoSpeed=6.562343 pts=0 intervention=false warning=false braking=false lifecycle=armed range=null bearing=null rss=null
         1788690182.109  4644  4675 I AebsFrameSubscriber: onMessagesAvailable callback
         1788690182.110  4644  4675 I AebsFrameSubscriber: readNextMessages count=1
         1788690182.110  4644  4675 I MainActivity: onGatewayFrame: frame seq=1393 egoSpeed=6.562343 pts=0 intervention=false warning=false braking=false lifecycle=armed range=null bearing=null rss=null
         1788690182.209  4644  4675 I AebsFrameSubscriber: onMessagesAvailable callback
         1788690182.209  4644  4675 I AebsFrameSubscriber: readNextMessages count=1
         1788690182.210  4644  4675 I MainActivity: onGatewayFrame: frame seq=1394 egoSpeed=6.562343 pts=0 intervention=false warning=false braking=false lifecycle=armed range=null bearing=null rss=null
         1788690182.309  4644  4675 I AebsFrameSubscriber: onMessagesAvailable callback
         1788690182.310  4644  4675 I AebsFrameSubscriber: readNextMessages count=1
         1788690182.310  4644  4675 I MainActivity: onGatewayFrame: frame seq=1395 egoSpeed=6.562343 pts=0 intervention=false warning=false braking=false lifecycle=armed range=null bearing=null rss=null
         1788690182.409  4644  4675 I AebsFrameSubscriber: onMessagesAvailable callback
         1788690182.409  4644  4675 I AebsFrameSubscriber: readNextMessages count=1
         1788690182.410  4644  4675 I MainActivity: onGatewayFrame: frame seq=1396 egoSpeed=6.562343 pts=0 intervention=false warning=false braking=false lifecycle=armed range=null bearing=null rss=null
         1788690182.509  4644  4675 I AebsFrameSubscriber: onMessagesAvailable callback
         1788690182.509  4644  4675 I AebsFrameSubscriber: readNextMessages count=1
         1788690182.510  4644  4675 I MainActivity: onGatewayFrame: frame seq=1397 egoSpeed=6.562343 pts=0 intervention=false warning=false braking=false lifecycle=armed range=null bearing=null rss=null
         1788690182.609  4644  4675 I AebsFrameSubscriber: onMessagesAvailable callback
         1788690182.609  4644  4675 I AebsFrameSubscriber: readNextMessages count=1
         1788690182.609  4644  4675 I MainActivity: onGatewayFrame: frame seq=1398 egoSpeed=6.562343 pts=0 intervention=false warning=false braking=false lifecycle=armed range=null bearing=null rss=null
         1788690182.709  4644  4675 I AebsFrameSubscriber: onMessagesAvailable callback
         1788690182.709  4644  4675 I AebsFrameSubscriber: readNextMessages count=1
         1788690182.709  4644  4675 I MainActivity: onGatewayFrame: frame seq=1399 egoSpeed=6.562343 pts=0 intervention=false warning=false braking=false lifecycle=armed range=null bearing=null rss=null
         1788690182.809  4644  4675 I AebsFrameSubscriber: onMessagesAvailable callback
         1788690182.810  4644  4675 I AebsFrameSubscriber: readNextMessages count=1
         1788690182.810  4644  4675 I MainActivity: onGatewayFrame: frame seq=1400 egoSpeed=6.562343 pts=0 intervention=false warning=false braking=false lifecycle=armed range=null bearing=null rss=null
         1788690183.034  4644  4675 I AebsFrameSubscriber: readNextMessages count=2
         1788690183.034  4644  4675 I MainActivity: onGatewayFrame: frame seq=1401 egoSpeed=6.562343 pts=0 intervention=false warning=false braking=false lifecycle=armed range=null bearing=null rss=null
         1788690183.034  4644  4675 I MainActivity: onGatewayFrame: frame seq=1402 egoSpeed=6.562343 pts=0 intervention=false warning=false braking=false lifecycle=armed range=null bearing=null rss=null
         1788690183.034  4644  4675 I AebsFrameSubscriber: onMessagesAvailable callback
         1788690183.034  4644  4675 I AebsFrameSubscriber: onMessagesAvailable callback
         1788690183.109  4644  4675 I AebsFrameSubscriber: onMessagesAvailable callback
         1788690183.109  4644  4675 I AebsFrameSubscriber: readNextMessages count=1
         1788690183.109  4644  4675 I MainActivity: onGatewayFrame: frame seq=1403 egoSpeed=6.562343 pts=0 intervention=false warning=false braking=false lifecycle=armed range=null bearing=null rss=null
         1788690183.209  4644  4675 I AebsFrameSubscriber: onMessagesAvailable callback
         1788690183.209  4644  4675 I AebsFrameSubscriber: readNextMessages count=1
         1788690183.210  4644  4675 I MainActivity: onGatewayFrame: frame seq=1404 egoSpeed=6.562343 pts=0 intervention=false warning=false braking=false lifecycle=armed range=null bearing=null rss=null
         1788690183.309  4644  4675 I AebsFrameSubscriber: onMessagesAvailable callback
         1788690183.309  4644  4675 I AebsFrameSubscriber: readNextMessages count=1
         1788690183.310  4644  4675 I MainActivity: onGatewayFrame: frame seq=1405 egoSpeed=6.562343 pts=0 intervention=false warning=false braking=false lifecycle=armed range=null bearing=null rss=null
         1788690183.409  4644  4675 I AebsFrameSubscriber: onMessagesAvailable callback
         1788690183.409  4644  4675 I AebsFrameSubscriber: readNextMessages count=1
         1788690183.410  4644  4675 I MainActivity: onGatewayFrame: frame seq=1406 egoSpeed=6.562343 pts=0 intervention=false warning=false braking=false lifecycle=armed range=null bearing=null rss=null
         1788690183.509  4644  4675 I AebsFrameSubscriber: onMessagesAvailable callback
         1788690183.509  4644  4675 I AebsFrameSubscriber: readNextMessages count=1
         1788690183.510  4644  4675 I MainActivity: onGatewayFrame: frame seq=1407 egoSpeed=6.562343 pts=0 intervention=false warning=false braking=false lifecycle=armed range=null bearing=null rss=null
         1788690183.609  4644  4675 I AebsFrameSubscriber: onMessagesAvailable callback
         1788690183.609  4644  4675 I AebsFrameSubscriber: readNextMessages count=1
         1788690183.609  4644  4675 I MainActivity: onGatewayFrame: frame seq=1408 egoSpeed=6.562343 pts=0 intervention=false warning=false braking=false lifecycle=armed range=null bearing=null rss=null
         1788690183.709  4644  4675 I AebsFrameSubscriber: onMessagesAvailable callback
         1788690183.709  4644  4675 I AebsFrameSubscriber: readNextMessages count=1
         1788690183.709  4644  4675 I MainActivity: onGatewayFrame: frame seq=1409 egoSpeed=6.562343 pts=0 intervention=false warning=false braking=false lifecycle=armed range=null bearing=null rss=null
         1788690183.809  4644  4675 I AebsFrameSubscriber: onMessagesAvailable callback
         1788690183.809  4644  4675 I AebsFrameSubscriber: readNextMessages count=1
         1788690183.809  4644  4675 I MainActivity: onGatewayFrame: frame seq=1410 egoSpeed=6.562343 pts=0 intervention=false warning=false braking=false lifecycle=armed range=null bearing=null rss=null
         1788690183.909  4644  4675 I AebsFrameSubscriber: onMessagesAvailable callback
         1788690183.909  4644  4675 I AebsFrameSubscriber: readNextMessages count=1
         1788690183.909  4644  4675 I MainActivity: onGatewayFrame: frame seq=1411 egoSpeed=6.562343 pts=0 intervention=false warning=false braking=false lifecycle=armed range=null bearing=null rss=null
         1788690184.009  4644  4675 I AebsFrameSubscriber: onMessagesAvailable callback
         1788690184.009  4644  4675 I AebsFrameSubscriber: readNextMessages count=1
         1788690184.009  4644  4675 I MainActivity: onGatewayFrame: frame seq=1412 egoSpeed=6.562343 pts=0 intervention=false warning=false braking=false lifecycle=armed range=null bearing=null rss=null
         1788690184.109  4644  4675 I AebsFrameSubscriber: onMessagesAvailable callback
         1788690184.109  4644  4675 I AebsFrameSubscriber: readNextMessages count=1
         1788690184.109  4644  4675 I MainActivity: onGatewayFrame: frame seq=1413 egoSpeed=6.562343 pts=0 intervention=false warning=false braking=false lifecycle=armed range=null bearing=null rss=null
         1788690184.209  4644  4675 I AebsFrameSubscriber: onMessagesAvailable callback
         1788690184.209  4644  4675 I AebsFrameSubscriber: readNextMessages count=1
         1788690184.209  4644  4675 I MainActivity: onGatewayFrame: frame seq=1414 egoSpeed=6.562343 pts=0 intervention=false warning=false braking=false lifecycle=armed range=null bearing=null rss=null
         1788690184.309  4644  4675 I AebsFrameSubscriber: onMessagesAvailable callback
         1788690184.309  4644  4675 I AebsFrameSubscriber: readNextMessages count=1
         1788690184.309  4644  4675 I MainActivity: onGatewayFrame: frame seq=1415 egoSpeed=6.562343 pts=0 intervention=false warning=false braking=false lifecycle=armed range=null bearing=null rss=null
         1788690184.409  4644  4675 I AebsFrameSubscriber: onMessagesAvailable callback
         1788690184.409  4644  4675 I AebsFrameSubscriber: readNextMessages count=1
         1788690184.409  4644  4675 I MainActivity: onGatewayFrame: frame seq=1416 egoSpeed=6.562343 pts=0 intervention=false warning=false braking=false lifecycle=armed range=null bearing=null rss=null
         1788690184.508  4644  4675 I AebsFrameSubscriber: onMessagesAvailable callback
         1788690184.509  4644  4675 I AebsFrameSubscriber: readNextMessages count=1
         1788690184.509  4644  4675 I MainActivity: onGatewayFrame: frame seq=1417 egoSpeed=6.562343 pts=0 intervention=false warning=false braking=false lifecycle=armed range=null bearing=null rss=null
         1788690184.609  4644  4675 I AebsFrameSubscriber: onMessagesAvailable callback
         1788690184.609  4644  4675 I AebsFrameSubscriber: readNextMessages count=1
         1788690184.609  4644  4675 I MainActivity: onGatewayFrame: frame seq=1418 egoSpeed=6.562343 pts=0 intervention=false warning=false braking=false lifecycle=armed range=null bearing=null rss=null
         1788690184.709  4644  4675 I AebsFrameSubscriber: onMessagesAvailable callback
         1788690184.709  4644  4675 I AebsFrameSubscriber: readNextMessages count=1
         1788690184.709  4644  4675 I MainActivity: onGatewayFrame: frame seq=1419 egoSpeed=6.562343 pts=0 intervention=false warning=false braking=false lifecycle=armed range=null bearing=null rss=null
         1788690184.809  4644  4675 I AebsFrameSubscriber: onMessagesAvailable callback
         1788690184.809  4644  4675 I AebsFrameSubscriber: readNextMessages count=1
         1788690184.809  4644  4675 I MainActivity: onGatewayFrame: frame seq=1420 egoSpeed=6.562343 pts=0 intervention=false warning=false braking=false lifecycle=armed range=null bearing=null rss=null
         1788690184.908  4644  4675 I AebsFrameSubscriber: onMessagesAvailable callback
         1788690184.909  4644  4675 I AebsFrameSubscriber: readNextMessages count=1
         1788690184.909  4644  4675 I MainActivity: onGatewayFrame: frame seq=1421 egoSpeed=6.562343 pts=0 intervention=false warning=false braking=false lifecycle=armed range=null bearing=null rss=null
         1788690185.009  4644  4675 I AebsFrameSubscriber: onMessagesAvailable callback
         1788690185.009  4644  4675 I AebsFrameSubscriber: readNextMessages count=1
         1788690185.009  4644  4675 I MainActivity: onGatewayFrame: frame seq=1422 egoSpeed=6.562343 pts=0 intervention=false warning=false braking=false lifecycle=armed range=null bearing=null rss=null
         1788690185.109  4644  4675 I AebsFrameSubscriber: onMessagesAvailable callback
         1788690185.109  4644  4675 I AebsFrameSubscriber: readNextMessages count=1
         1788690185.109  4644  4675 I MainActivity: onGatewayFrame: frame seq=1423 egoSpeed=6.562343 pts=0 intervention=false warning=false braking=false lifecycle=armed range=null bearing=null rss=null
         1788690185.209  4644  4675 I AebsFrameSubscriber: onMessagesAvailable callback
         1788690185.209  4644  4675 I AebsFrameSubscriber: readNextMessages count=1
         1788690185.209  4644  4675 I MainActivity: onGatewayFrame: frame seq=1424 egoSpeed=6.562343 pts=0 intervention=false warning=false braking=false lifecycle=armed range=null bearing=null rss=null
         1788690185.309  4644  4675 I AebsFrameSubscriber: onMessagesAvailable callback
         1788690185.309  4644  4675 I AebsFrameSubscriber: readNextMessages count=1
         1788690185.309  4644  4675 I MainActivity: onGatewayFrame: frame seq=1425 egoSpeed=6.562343 pts=0 intervention=false warning=false braking=false lifecycle=armed range=null bearing=null rss=null
         1788690185.409  4644  4675 I AebsFrameSubscriber: onMessagesAvailable callback
         1788690185.409  4644  4675 I AebsFrameSubscriber: readNextMessages count=1
         1788690185.409  4644  4675 I MainActivity: onGatewayFrame: frame seq=1426 egoSpeed=6.562343 pts=0 intervention=false warning=false braking=false lifecycle=armed range=null bearing=null rss=null
         1788690185.509  4644  4675 I AebsFrameSubscriber: onMessagesAvailable callback
         1788690185.509  4644  4675 I AebsFrameSubscriber: readNextMessages count=1
         1788690185.509  4644  4675 I MainActivity: onGatewayFrame: frame seq=1427 egoSpeed=6.562343 pts=0 intervention=false warning=false braking=false lifecycle=armed range=null bearing=null rss=null
         1788690185.609  4644  4675 I AebsFrameSubscriber: onMessagesAvailable callback
         1788690185.609  4644  4675 I AebsFrameSubscriber: readNextMessages count=1
         1788690185.609  4644  4675 I MainActivity: onGatewayFrame: frame seq=1428 egoSpeed=6.562343 pts=0 intervention=false warning=false braking=false lifecycle=armed range=null bearing=null rss=null
         1788690185.709  4644  4675 I AebsFrameSubscriber: onMessagesAvailable callback
         1788690185.709  4644  4675 I AebsFrameSubscriber: readNextMessages count=1
         1788690185.709  4644  4675 I MainActivity: onGatewayFrame: frame seq=1429 egoSpeed=6.562343 pts=0 intervention=false warning=false braking=false lifecycle=armed range=null bearing=null rss=null
         1788690185.808  4644  4675 I AebsFrameSubscriber: onMessagesAvailable callback
         1788690185.809  4644  4675 I AebsFrameSubscriber: readNextMessages count=1
         1788690185.809  4644  4675 I MainActivity: onGatewayFrame: frame seq=1430 egoSpeed=6.562343 pts=0 intervention=false warning=false braking=false lifecycle=armed range=null bearing=null rss=null
         1788690185.908  4644  4675 I AebsFrameSubscriber: onMessagesAvailable callback
         1788690185.909  4644  4675 I AebsFrameSubscriber: readNextMessages count=1
         1788690185.909  4644  4675 I MainActivity: onGatewayFrame: frame seq=1431 egoSpeed=6.562343 pts=0 intervention=false warning=false braking=false lifecycle=armed range=null bearing=null rss=null
         1788690186.008  4644  4675 I AebsFrameSubscriber: onMessagesAvailable callback
         1788690186.009  4644  4675 I AebsFrameSubscriber: readNextMessages count=1
         1788690186.009  4644  4675 I MainActivity: onGatewayFrame: frame seq=1432 egoSpeed=6.562343 pts=0 intervention=false warning=false braking=false lifecycle=armed range=null bearing=null rss=null
         1788690186.108  4644  4675 I AebsFrameSubscriber: onMessagesAvailable callback
         1788690186.109  4644  4675 I AebsFrameSubscriber: readNextMessages count=1
         1788690186.109  4644  4675 I MainActivity: onGatewayFrame: frame seq=1433 egoSpeed=6.562343 pts=0 intervention=false warning=false braking=false lifecycle=armed range=null bearing=null rss=null
         1788690186.208  4644  4675 I AebsFrameSubscriber: onMessagesAvailable callback
         1788690186.209  4644  4675 I AebsFrameSubscriber: readNextMessages count=1
         1788690186.209  4644  4675 I MainActivity: onGatewayFrame: frame seq=1434 egoSpeed=6.562343 pts=0 intervention=false warning=false braking=false lifecycle=armed range=null bearing=null rss=null
         1788690186.308  4644  4675 I AebsFrameSubscriber: onMessagesAvailable callback
         1788690186.309  4644  4675 I AebsFrameSubscriber: readNextMessages count=1
         1788690186.309  4644  4675 I MainActivity: onGatewayFrame: frame seq=1435 egoSpeed=6.562343 pts=0 intervention=false warning=false braking=false lifecycle=armed range=null bearing=null rss=null
         1788690186.408  4644  4675 I AebsFrameSubscriber: onMessagesAvailable callback
         1788690186.409  4644  4675 I AebsFrameSubscriber: readNextMessages count=1
         1788690186.409  4644  4675 I MainActivity: onGatewayFrame: frame seq=1436 egoSpeed=6.562343 pts=0 intervention=false warning=false braking=false lifecycle=armed range=null bearing=null rss=null
         1788690186.508  4644  4675 I AebsFrameSubscriber: onMessagesAvailable callback
         1788690186.509  4644  4675 I AebsFrameSubscriber: readNextMessages count=1
         1788690186.509  4644  4675 I MainActivity: onGatewayFrame: frame seq=1437 egoSpeed=6.562343 pts=0 intervention=false warning=false braking=false lifecycle=armed range=null bearing=null rss=null
         1788690186.609  4644  4675 I AebsFrameSubscriber: onMessagesAvailable callback
         1788690186.609  4644  4675 I AebsFrameSubscriber: readNextMessages count=1
         1788690186.609  4644  4675 I MainActivity: onGatewayFrame: frame seq=1438 egoSpeed=6.562343 pts=0 intervention=false warning=false braking=false lifecycle=armed range=null bearing=null rss=null
         1788690186.709  4644  4675 I AebsFrameSubscriber: onMessagesAvailable callback
         1788690186.710  4644  4675 I AebsFrameSubscriber: readNextMessages count=1
         1788690186.710  4644  4675 I MainActivity: onGatewayFrame: frame seq=1439 egoSpeed=6.562343 pts=0 intervention=false warning=false braking=false lifecycle=armed range=null bearing=null rss=null
         1788690186.918  4644  4675 I AebsFrameSubscriber: readNextMessages count=2
         1788690186.918  4644  4675 I MainActivity: onGatewayFrame: frame seq=1440 egoSpeed=6.562343 pts=0 intervention=false warning=false braking=false lifecycle=armed range=null bearing=null rss=null
         1788690186.918  4644  4675 I MainActivity: onGatewayFrame: frame seq=1441 egoSpeed=6.562343 pts=0 intervention=false warning=false braking=false lifecycle=armed range=null bearing=null rss=null
         1788690186.918  4644  4675 I AebsFrameSubscriber: onMessagesAvailable callback
         1788690186.918  4644  4675 I AebsFrameSubscriber: onMessagesAvailable callback
         1788690187.008  4644  4675 I AebsFrameSubscriber: onMessagesAvailable callback
         1788690187.009  4644  4675 I AebsFrameSubscriber: readNextMessages count=1
         1788690187.009  4644  4675 I MainActivity: onGatewayFrame: frame seq=1442 egoSpeed=6.562343 pts=0 intervention=false warning=false braking=false lifecycle=armed range=null bearing=null rss=null
         1788690187.108  4644  4675 I AebsFrameSubscriber: onMessagesAvailable callback
         1788690187.109  4644  4675 I AebsFrameSubscriber: readNextMessages count=1
         1788690187.109  4644  4675 I MainActivity: onGatewayFrame: frame seq=1443 egoSpeed=6.562343 pts=0 intervention=false warning=false braking=false lifecycle=armed range=null bearing=null rss=null
         1788690187.209  4644  4675 I AebsFrameSubscriber: onMessagesAvailable callback
         1788690187.209  4644  4675 I AebsFrameSubscriber: readNextMessages count=1
         1788690187.209  4644  4675 I MainActivity: onGatewayFrame: frame seq=1444 egoSpeed=6.562343 pts=0 intervention=false warning=false braking=false lifecycle=armed range=null bearing=null rss=null
         1788690187.308  4644  4675 I AebsFrameSubscriber: onMessagesAvailable callback
         1788690187.309  4644  4675 I AebsFrameSubscriber: readNextMessages count=1
         1788690187.309  4644  4675 I MainActivity: onGatewayFrame: frame seq=1445 egoSpeed=6.562343 pts=0 intervention=false warning=false braking=false lifecycle=armed range=null bearing=null rss=null
         1788690187.408  4644  4675 I AebsFrameSubscriber: onMessagesAvailable callback
         1788690187.409  4644  4675 I AebsFrameSubscriber: readNextMessages count=1
         1788690187.409  4644  4675 I MainActivity: onGatewayFrame: frame seq=1446 egoSpeed=6.562343 pts=0 intervention=false warning=false braking=false lifecycle=armed range=null bearing=null rss=null
         1788690187.508  4644  4675 I AebsFrameSubscriber: onMessagesAvailable callback
         1788690187.509  4644  4675 I AebsFrameSubscriber: readNextMessages count=1
         1788690187.509  4644  4675 I MainActivity: onGatewayFrame: frame seq=1447 egoSpeed=6.562343 pts=0 intervention=false warning=false braking=false lifecycle=armed range=null bearing=null rss=null
         1788690187.609  4644  4675 I AebsFrameSubscriber: onMessagesAvailable callback
         1788690187.609  4644  4675 I AebsFrameSubscriber: readNextMessages count=1
         1788690187.609  4644  4675 I MainActivity: onGatewayFrame: frame seq=1448 egoSpeed=6.562343 pts=0 intervention=false warning=false braking=false lifecycle=armed range=null bearing=null rss=null
         1788690187.708  4644  4675 I AebsFrameSubscriber: onMessagesAvailable callback
         1788690187.709  4644  4675 I AebsFrameSubscriber: readNextMessages count=1
         1788690187.709  4644  4675 I MainActivity: onGatewayFrame: frame seq=1449 egoSpeed=6.562343 pts=0 intervention=false warning=false braking=false lifecycle=armed range=null bearing=null rss=null
         1788690187.808  4644  4675 I AebsFrameSubscriber: onMessagesAvailable callback
         1788690187.809  4644  4675 I AebsFrameSubscriber: readNextMessages count=1
         1788690187.809  4644  4675 I MainActivity: onGatewayFrame: frame seq=1450 egoSpeed=6.562343 pts=0 intervention=false warning=false braking=false lifecycle=armed range=null bearing=null rss=null
         1788690187.908  4644  4675 I AebsFrameSubscriber: onMessagesAvailable callback
         1788690187.909  4644  4675 I AebsFrameSubscriber: readNextMessages count=1
         1788690187.909  4644  4675 I MainActivity: onGatewayFrame: frame seq=1451 egoSpeed=6.562343 pts=0 intervention=false warning=false braking=false lifecycle=armed range=null bearing=null rss=null
         1788690188.008  4644  4675 I AebsFrameSubscriber: onMessagesAvailable callback
         1788690188.009  4644  4675 I AebsFrameSubscriber: readNextMessages count=1
         1788690188.009  4644  4675 I MainActivity: onGatewayFrame: frame seq=1452 egoSpeed=6.562343 pts=0 intervention=false warning=false braking=false lifecycle=armed range=null bearing=null rss=null
         1788690188.108  4644  4675 I AebsFrameSubscriber: onMessagesAvailable callback
         1788690188.109  4644  4675 I AebsFrameSubscriber: readNextMessages count=1
         1788690188.109  4644  4675 I MainActivity: onGatewayFrame: frame seq=1453 egoSpeed=6.562343 pts=0 intervention=false warning=false braking=false lifecycle=armed range=null bearing=null rss=null
         1788690188.208  4644  4675 I AebsFrameSubscriber: onMessagesAvailable callback
         1788690188.209  4644  4675 I AebsFrameSubscriber: readNextMessages count=1
         1788690188.209  4644  4675 I MainActivity: onGatewayFrame: frame seq=1454 egoSpeed=6.562343 pts=0 intervention=false warning=false braking=false lifecycle=armed range=null bearing=null rss=null
         1788690188.308  4644  4675 I AebsFrameSubscriber: onMessagesAvailable callback
         1788690188.309  4644  4675 I AebsFrameSubscriber: readNextMessages count=1
         1788690188.309  4644  4675 I MainActivity: onGatewayFrame: frame seq=1455 egoSpeed=6.562343 pts=0 intervention=false warning=false braking=false lifecycle=armed range=null bearing=null rss=null
         1788690188.408  4644  4675 I AebsFrameSubscriber: onMessagesAvailable callback
         1788690188.409  4644  4675 I AebsFrameSubscriber: readNextMessages count=1
         1788690188.409  4644  4675 I MainActivity: onGatewayFrame: frame seq=1456 egoSpeed=6.562343 pts=0 intervention=false warning=false braking=false lifecycle=armed range=null bearing=null rss=null
         1788690188.508  4644  4675 I AebsFrameSubscriber: onMessagesAvailable callback
         1788690188.509  4644  4675 I AebsFrameSubscriber: readNextMessages count=1
         1788690188.509  4644  4675 I MainActivity: onGatewayFrame: frame seq=1457 egoSpeed=6.562343 pts=0 intervention=false warning=false braking=false lifecycle=armed range=null bearing=null rss=null
         1788690188.608  4644  4675 I AebsFrameSubscriber: onMessagesAvailable callback
         1788690188.609  4644  4675 I AebsFrameSubscriber: readNextMessages count=1
         1788690188.609  4644  4675 I MainActivity: onGatewayFrame: frame seq=1458 egoSpeed=6.562343 pts=0 intervention=false warning=false braking=false lifecycle=armed range=null bearing=null rss=null
         1788690188.708  4644  4675 I AebsFrameSubscriber: onMessagesAvailable callback
         1788690188.709  4644  4675 I AebsFrameSubscriber: readNextMessages count=1
         1788690188.709  4644  4675 I MainActivity: onGatewayFrame: frame seq=1459 egoSpeed=6.562343 pts=0 intervention=false warning=false braking=false lifecycle=armed range=null bearing=null rss=null
         1788690188.808  4644  4675 I AebsFrameSubscriber: onMessagesAvailable callback
         1788690188.809  4644  4675 I AebsFrameSubscriber: readNextMessages count=1
         1788690188.809  4644  4675 I MainActivity: onGatewayFrame: frame seq=1460 egoSpeed=6.562343 pts=0 intervention=false warning=false braking=false lifecycle=armed range=null bearing=null rss=null
         1788690188.908  4644  4675 I AebsFrameSubscriber: onMessagesAvailable callback
         1788690188.909  4644  4675 I AebsFrameSubscriber: readNextMessages count=1
         1788690188.909  4644  4675 I MainActivity: onGatewayFrame: frame seq=1461 egoSpeed=6.562343 pts=0 intervention=false warning=false braking=false lifecycle=armed range=null bearing=null rss=null
         1788690189.008  4644  4675 I AebsFrameSubscriber: onMessagesAvailable callback
         1788690189.009  4644  4675 I AebsFrameSubscriber: readNextMessages count=1
         1788690189.009  4644  4675 I MainActivity: onGatewayFrame: frame seq=1462 egoSpeed=6.562343 pts=0 intervention=false warning=false braking=false lifecycle=armed range=null bearing=null rss=null
         1788690189.108  4644  4675 I AebsFrameSubscriber: onMessagesAvailable callback
         1788690189.109  4644  4675 I AebsFrameSubscriber: readNextMessages count=1
         1788690189.109  4644  4675 I MainActivity: onGatewayFrame: frame seq=1463 egoSpeed=6.562343 pts=0 intervention=false warning=false braking=false lifecycle=armed range=null bearing=null rss=null
         1788690189.208  4644  4675 I AebsFrameSubscriber: onMessagesAvailable callback
         1788690189.209  4644  4675 I AebsFrameSubscriber: readNextMessages count=1
         1788690189.209  4644  4675 I MainActivity: onGatewayFrame: frame seq=1464 egoSpeed=6.562343 pts=0 intervention=false warning=false braking=false lifecycle=armed range=null bearing=null rss=null
         1788690189.308  4644  4675 I AebsFrameSubscriber: onMessagesAvailable callback
         1788690189.309  4644  4675 I AebsFrameSubscriber: readNextMessages count=1
         1788690189.309  4644  4675 I MainActivity: onGatewayFrame: frame seq=1465 egoSpeed=6.562343 pts=0 intervention=false warning=false braking=false lifecycle=armed range=null bearing=null rss=null
         1788690189.408  4644  4675 I AebsFrameSubscriber: onMessagesAvailable callback
         1788690189.409  4644  4675 I AebsFrameSubscriber: readNextMessages count=1
         1788690189.409  4644  4675 I MainActivity: onGatewayFrame: frame seq=1466 egoSpeed=6.562343 pts=0 intervention=false warning=false braking=false lifecycle=armed range=null bearing=null rss=null
         1788690189.508  4644  4675 I AebsFrameSubscriber: onMessagesAvailable callback
         1788690189.509  4644  4675 I AebsFrameSubscriber: readNextMessages count=1
         1788690189.509  4644  4675 I MainActivity: onGatewayFrame: frame seq=1467 egoSpeed=6.562343 pts=0 intervention=false warning=false braking=false lifecycle=armed range=null bearing=null rss=null
         1788690189.608  4644  4675 I AebsFrameSubscriber: onMessagesAvailable callback
         1788690189.609  4644  4675 I AebsFrameSubscriber: readNextMessages count=1
         1788690189.609  4644  4675 I MainActivity: onGatewayFrame: frame seq=1468 egoSpeed=6.562343 pts=0 intervention=false warning=false braking=false lifecycle=armed range=null bearing=null rss=null
         1788690189.708  4644  4675 I AebsFrameSubscriber: onMessagesAvailable callback
         1788690189.709  4644  4675 I AebsFrameSubscriber: readNextMessages count=1
         1788690189.709  4644  4675 I MainActivity: onGatewayFrame: frame seq=1469 egoSpeed=6.562343 pts=0 intervention=false warning=false braking=false lifecycle=armed range=null bearing=null rss=null
         1788690189.808  4644  4675 I AebsFrameSubscriber: onMessagesAvailable callback
         1788690189.809  4644  4675 I AebsFrameSubscriber: readNextMessages count=1
         1788690189.809  4644  4675 I MainActivity: onGatewayFrame: frame seq=1470 egoSpeed=6.562343 pts=0 intervention=false warning=false braking=false lifecycle=armed range=null bearing=null rss=null
         1788690189.908  4644  4675 I AebsFrameSubscriber: onMessagesAvailable callback
         1788690189.909  4644  4675 I AebsFrameSubscriber: readNextMessages count=1
         1788690189.909  4644  4675 I MainActivity: onGatewayFrame: frame seq=1471 egoSpeed=6.562343 pts=0 intervention=false warning=false braking=false lifecycle=armed range=null bearing=null rss=null
         1788690190.008  4644  4675 I AebsFrameSubscriber: onMessagesAvailable callback
         1788690190.009  4644  4675 I AebsFrameSubscriber: readNextMessages count=1
         1788690190.009  4644  4675 I MainActivity: onGatewayFrame: frame seq=1472 egoSpeed=6.562343 pts=0 intervention=false warning=false braking=false lifecycle=armed range=null bearing=null rss=null
         1788690190.108  4644  4675 I AebsFrameSubscriber: onMessagesAvailable callback
         1788690190.109  4644  4675 I AebsFrameSubscriber: readNextMessages count=1
         1788690190.109  4644  4675 I MainActivity: onGatewayFrame: frame seq=1473 egoSpeed=6.562343 pts=0 intervention=false warning=false braking=false lifecycle=armed range=null bearing=null rss=null
         1788690190.208  4644  4675 I AebsFrameSubscriber: onMessagesAvailable callback
         1788690190.209  4644  4675 I AebsFrameSubscriber: readNextMessages count=1
         1788690190.209  4644  4675 I MainActivity: onGatewayFrame: frame seq=1474 egoSpeed=6.562343 pts=0 intervention=false warning=false braking=false lifecycle=armed range=null bearing=null rss=null
         1788690190.308  4644  4675 I AebsFrameSubscriber: onMessagesAvailable callback
         1788690190.309  4644  4675 I AebsFrameSubscriber: readNextMessages count=1
         1788690190.309  4644  4675 I MainActivity: onGatewayFrame: frame seq=1475 egoSpeed=6.562343 pts=0 intervention=false warning=false braking=false lifecycle=armed range=null bearing=null rss=null
         1788690190.408  4644  4675 I AebsFrameSubscriber: onMessagesAvailable callback
         1788690190.409  4644  4675 I AebsFrameSubscriber: readNextMessages count=1
         1788690190.409  4644  4675 I MainActivity: onGatewayFrame: frame seq=1476 egoSpeed=6.562343 pts=0 intervention=false warning=false braking=false lifecycle=armed range=null bearing=null rss=null
         1788690190.508  4644  4675 I AebsFrameSubscriber: onMessagesAvailable callback
         1788690190.509  4644  4675 I AebsFrameSubscriber: readNextMessages count=1
         1788690190.509  4644  4675 I MainActivity: onGatewayFrame: frame seq=1477 egoSpeed=6.562343 pts=0 intervention=false warning=false braking=false lifecycle=armed range=null bearing=null rss=null
         1788690190.608  4644  4675 I AebsFrameSubscriber: onMessagesAvailable callback
         1788690190.609  4644  4675 I AebsFrameSubscriber: readNextMessages count=1
         1788690190.609  4644  4675 I MainActivity: onGatewayFrame: frame seq=1478 egoSpeed=6.562343 pts=0 intervention=false warning=false braking=false lifecycle=armed range=null bearing=null rss=null
         1788690190.708  4644  4675 I AebsFrameSubscriber: onMessagesAvailable callback
         1788690190.709  4644  4675 I AebsFrameSubscriber: readNextMessages count=1
         1788690190.709  4644  4675 I MainActivity: onGatewayFrame: frame seq=1479 egoSpeed=6.562343 pts=0 intervention=false warning=false braking=false lifecycle=armed range=null bearing=null rss=null
         1788690190.809  4644  4675 I AebsFrameSubscriber: onMessagesAvailable callback
         1788690190.809  4644  4675 I AebsFrameSubscriber: readNextMessages count=1
         1788690190.810  4644  4675 I MainActivity: onGatewayFrame: frame seq=1480 egoSpeed=6.562343 pts=0 intervention=false warning=false braking=false lifecycle=armed range=null bearing=null rss=null
         1788690190.933  4644  4675 I AebsFrameSubscriber: readNextMessages count=1
         1788690190.934  4644  4675 I MainActivity: onGatewayFrame: frame seq=1481 egoSpeed=6.562343 pts=0 intervention=false warning=false braking=false lifecycle=armed range=null bearing=null rss=null
         1788690190.934  4644  4675 I AebsFrameSubscriber: onMessagesAvailable callback
         1788690191.008  4644  4675 I AebsFrameSubscriber: onMessagesAvailable callback
         1788690191.009  4644  4675 I AebsFrameSubscriber: readNextMessages count=1
         1788690191.009  4644  4675 I MainActivity: onGatewayFrame: frame seq=1482 egoSpeed=6.562343 pts=0 intervention=false warning=false braking=false lifecycle=armed range=null bearing=null rss=null
         1788690191.108  4644  4675 I AebsFrameSubscriber: onMessagesAvailable callback
         1788690191.109  4644  4675 I AebsFrameSubscriber: readNextMessages count=1
         1788690191.109  4644  4675 I MainActivity: onGatewayFrame: frame seq=1483 egoSpeed=6.562343 pts=0 intervention=false warning=false braking=false lifecycle=armed range=null bearing=null rss=null
         1788690191.208  4644  4675 I AebsFrameSubscriber: onMessagesAvailable callback
         1788690191.209  4644  4675 I AebsFrameSubscriber: readNextMessages count=1
         1788690191.209  4644  4675 I MainActivity: onGatewayFrame: frame seq=1484 egoSpeed=6.562343 pts=0 intervention=false warning=false braking=false lifecycle=armed range=null bearing=null rss=null
         1788690191.308  4644  4675 I AebsFrameSubscriber: onMessagesAvailable callback
         1788690191.309  4644  4675 I AebsFrameSubscriber: readNextMessages count=1
         1788690191.309  4644  4675 I MainActivity: onGatewayFrame: frame seq=1485 egoSpeed=6.562343 pts=0 intervention=false warning=false braking=false lifecycle=armed range=null bearing=null rss=null
         1788690191.408  4644  4675 I AebsFrameSubscriber: onMessagesAvailable callback
         1788690191.409  4644  4675 I AebsFrameSubscriber: readNextMessages count=1
         1788690191.409  4644  4675 I MainActivity: onGatewayFrame: frame seq=1486 egoSpeed=6.562343 pts=0 intervention=false warning=false braking=false lifecycle=armed range=null bearing=null rss=null
         1788690191.508  4644  4675 I AebsFrameSubscriber: onMessagesAvailable callback
         1788690191.508  4644  4675 I AebsFrameSubscriber: readNextMessages count=1
         1788690191.509  4644  4675 I MainActivity: onGatewayFrame: frame seq=1487 egoSpeed=6.562343 pts=0 intervention=false warning=false braking=false lifecycle=armed range=null bearing=null rss=null
         1788690191.608  4644  4675 I AebsFrameSubscriber: onMessagesAvailable callback
         1788690191.609  4644  4675 I AebsFrameSubscriber: readNextMessages count=1
         1788690191.609  4644  4675 I MainActivity: onGatewayFrame: frame seq=1488 egoSpeed=6.562343 pts=0 intervention=false warning=false braking=false lifecycle=armed range=null bearing=null rss=null
         1788690191.708  4644  4675 I AebsFrameSubscriber: onMessagesAvailable callback
         1788690191.709  4644  4675 I AebsFrameSubscriber: readNextMessages count=1
         1788690191.709  4644  4675 I MainActivity: onGatewayFrame: frame seq=1489 egoSpeed=6.562343 pts=0 intervention=false warning=false braking=false lifecycle=armed range=null bearing=null rss=null
         1788690191.808  4644  4675 I AebsFrameSubscriber: onMessagesAvailable callback
         1788690191.808  4644  4675 I AebsFrameSubscriber: readNextMessages count=1
         1788690191.809  4644  4675 I MainActivity: onGatewayFrame: frame seq=1490 egoSpeed=6.562343 pts=0 intervention=false warning=false braking=false lifecycle=armed range=null bearing=null rss=null
         1788690191.908  4644  4675 I AebsFrameSubscriber: onMessagesAvailable callback
         1788690191.909  4644  4675 I AebsFrameSubscriber: readNextMessages count=1
         1788690191.909  4644  4675 I MainActivity: onGatewayFrame: frame seq=1491 egoSpeed=6.562343 pts=0 intervention=false warning=false braking=false lifecycle=armed range=null bearing=null rss=null
         1788690192.008  4644  4675 I AebsFrameSubscriber: onMessagesAvailable callback
         1788690192.009  4644  4675 I AebsFrameSubscriber: readNextMessages count=1
         1788690192.009  4644  4675 I MainActivity: onGatewayFrame: frame seq=1492 egoSpeed=6.562343 pts=0 intervention=false warning=false braking=false lifecycle=armed range=null bearing=null rss=null
         1788690192.108  4644  4675 I AebsFrameSubscriber: onMessagesAvailable callback
         1788690192.108  4644  4675 I AebsFrameSubscriber: readNextMessages count=1
         1788690192.109  4644  4675 I MainActivity: onGatewayFrame: frame seq=1493 egoSpeed=6.562343 pts=0 intervention=false warning=false braking=false lifecycle=armed range=null bearing=null rss=null
         1788690192.208  4644  4675 I AebsFrameSubscriber: onMessagesAvailable callback
         1788690192.209  4644  4675 I AebsFrameSubscriber: readNextMessages count=1
         1788690192.209  4644  4675 I MainActivity: onGatewayFrame: frame seq=1494 egoSpeed=6.562343 pts=0 intervention=false warning=false braking=false lifecycle=armed range=null bearing=null rss=null
         1788690192.308  4644  4675 I AebsFrameSubscriber: onMessagesAvailable callback
         1788690192.309  4644  4675 I AebsFrameSubscriber: readNextMessages count=1
         1788690192.309  4644  4675 I MainActivity: onGatewayFrame: frame seq=1495 egoSpeed=6.562343 pts=0 intervention=false warning=false braking=false lifecycle=armed range=null bearing=null rss=null
         1788690192.408  4644  4675 I AebsFrameSubscriber: onMessagesAvailable callback
         1788690192.408  4644  4675 I AebsFrameSubscriber: readNextMessages count=1
         1788690192.409  4644  4675 I MainActivity: onGatewayFrame: frame seq=1496 egoSpeed=6.562343 pts=0 intervention=false warning=false braking=false lifecycle=armed range=null bearing=null rss=null
         1788690192.508  4644  4675 I AebsFrameSubscriber: onMessagesAvailable callback
         1788690192.508  4644  4675 I AebsFrameSubscriber: readNextMessages count=1
         1788690192.509  4644  4675 I MainActivity: onGatewayFrame: frame seq=1497 egoSpeed=6.562343 pts=0 intervention=false warning=false braking=false lifecycle=armed range=null bearing=null rss=null
         1788690192.608  4644  4675 I AebsFrameSubscriber: onMessagesAvailable callback
         1788690192.608  4644  4675 I AebsFrameSubscriber: readNextMessages count=1
         1788690192.609  4644  4675 I MainActivity: onGatewayFrame: frame seq=1498 egoSpeed=6.562343 pts=0 intervention=false warning=false braking=false lifecycle=armed range=null bearing=null rss=null
         1788690192.708  4644  4675 I AebsFrameSubscriber: onMessagesAvailable callback
         1788690192.709  4644  4675 I AebsFrameSubscriber: readNextMessages count=1
         1788690192.709  4644  4675 I MainActivity: onGatewayFrame: frame seq=1499 egoSpeed=6.562343 pts=0 intervention=false warning=false braking=false lifecycle=armed range=null bearing=null rss=null
         1788690192.808  4644  4675 I AebsFrameSubscriber: onMessagesAvailable callback
         1788690192.808  4644  4675 I AebsFrameSubscriber: readNextMessages count=1
         1788690192.809  4644  4675 I MainActivity: onGatewayFrame: frame seq=1500 egoSpeed=6.562343 pts=0 intervention=false warning=false braking=false lifecycle=armed range=null bearing=null rss=null
         1788690192.908  4644  4675 I AebsFrameSubscriber: onMessagesAvailable callback
         1788690192.909  4644  4675 I AebsFrameSubscriber: readNextMessages count=1
         1788690192.909  4644  4675 I MainActivity: onGatewayFrame: frame seq=1501 egoSpeed=6.562343 pts=0 intervention=false warning=false braking=false lifecycle=armed range=null bearing=null rss=null
         1788690193.008  4644  4675 I AebsFrameSubscriber: onMessagesAvailable callback
         1788690193.009  4644  4675 I AebsFrameSubscriber: readNextMessages count=1
         1788690193.009  4644  4675 I MainActivity: onGatewayFrame: frame seq=1502 egoSpeed=6.562343 pts=0 intervention=false warning=false braking=false lifecycle=armed range=null bearing=null rss=null
         1788690193.108  4644  4675 I AebsFrameSubscriber: onMessagesAvailable callback
         1788690193.108  4644  4675 I AebsFrameSubscriber: readNextMessages count=1
         1788690193.109  4644  4675 I MainActivity: onGatewayFrame: frame seq=1503 egoSpeed=6.562343 pts=0 intervention=false warning=false braking=false lifecycle=armed range=null bearing=null rss=null
         1788690193.208  4644  4675 I AebsFrameSubscriber: onMessagesAvailable callback
         1788690193.208  4644  4675 I AebsFrameSubscriber: readNextMessages count=1
         1788690193.208  4644  4675 I MainActivity: onGatewayFrame: frame seq=1504 egoSpeed=6.562343 pts=0 intervention=false warning=false braking=false lifecycle=armed range=null bearing=null rss=null
         1788690193.308  4644  4675 I AebsFrameSubscriber: onMessagesAvailable callback
         1788690193.308  4644  4675 I AebsFrameSubscriber: readNextMessages count=1
         1788690193.309  4644  4675 I MainActivity: onGatewayFrame: frame seq=1505 egoSpeed=6.562343 pts=0 intervention=false warning=false braking=false lifecycle=armed range=null bearing=null rss=null
         1788690193.408  4644  4675 I AebsFrameSubscriber: onMessagesAvailable callback
         1788690193.408  4644  4675 I AebsFrameSubscriber: readNextMessages count=1
         1788690193.409  4644  4675 I MainActivity: onGatewayFrame: frame seq=1506 egoSpeed=6.562343 pts=0 intervention=false warning=false braking=false lifecycle=armed range=null bearing=null rss=null
         1788690193.508  4644  4675 I AebsFrameSubscriber: onMessagesAvailable callback
         1788690193.508  4644  4675 I AebsFrameSubscriber: readNextMessages count=1
         1788690193.509  4644  4675 I MainActivity: onGatewayFrame: frame seq=1507 egoSpeed=6.562343 pts=0 intervention=false warning=false braking=false lifecycle=armed range=null bearing=null rss=null
         1788690193.608  4644  4675 I AebsFrameSubscriber: onMessagesAvailable callback
         1788690193.608  4644  4675 I AebsFrameSubscriber: readNextMessages count=1
         1788690193.609  4644  4675 I MainActivity: onGatewayFrame: frame seq=1508 egoSpeed=6.562343 pts=0 intervention=false warning=false braking=false lifecycle=armed range=null bearing=null rss=null
         1788690193.708  4644  4675 I AebsFrameSubscriber: onMessagesAvailable callback
         1788690193.708  4644  4675 I AebsFrameSubscriber: readNextMessages count=1
         1788690193.708  4644  4675 I MainActivity: onGatewayFrame: frame seq=1509 egoSpeed=6.562343 pts=0 intervention=false warning=false braking=false lifecycle=armed range=null bearing=null rss=null
         1788690193.808  4644  4675 I AebsFrameSubscriber: onMessagesAvailable callback
         1788690193.808  4644  4675 I AebsFrameSubscriber: readNextMessages count=1
         1788690193.809  4644  4675 I MainActivity: onGatewayFrame: frame seq=1510 egoSpeed=6.562343 pts=0 intervention=false warning=false braking=false lifecycle=armed range=null bearing=null rss=null
         1788690193.908  4644  4675 I AebsFrameSubscriber: onMessagesAvailable callback
         1788690193.908  4644  4675 I AebsFrameSubscriber: readNextMessages count=1
         1788690193.908  4644  4675 I MainActivity: onGatewayFrame: frame seq=1511 egoSpeed=6.562343 pts=0 intervention=false warning=false braking=false lifecycle=armed range=null bearing=null rss=null
         1788690194.008  4644  4675 I AebsFrameSubscriber: onMessagesAvailable callback
         1788690194.008  4644  4675 I AebsFrameSubscriber: readNextMessages count=1
         1788690194.008  4644  4675 I MainActivity: onGatewayFrame: frame seq=1512 egoSpeed=6.562343 pts=0 intervention=false warning=false braking=false lifecycle=armed range=null bearing=null rss=null
         1788690194.108  4644  4675 I AebsFrameSubscriber: onMessagesAvailable callback
         1788690194.108  4644  4675 I AebsFrameSubscriber: readNextMessages count=1
         1788690194.108  4644  4675 I MainActivity: onGatewayFrame: frame seq=1513 egoSpeed=6.562343 pts=0 intervention=false warning=false braking=false lifecycle=armed range=null bearing=null rss=null
         1788690194.208  4644  4675 I AebsFrameSubscriber: onMessagesAvailable callback
         1788690194.208  4644  4675 I AebsFrameSubscriber: readNextMessages count=1
         1788690194.208  4644  4675 I MainActivity: onGatewayFrame: frame seq=1514 egoSpeed=6.562343 pts=0 intervention=false warning=false braking=false lifecycle=armed range=null bearing=null rss=null
         1788690194.308  4644  4675 I AebsFrameSubscriber: onMessagesAvailable callback
         1788690194.308  4644  4675 I AebsFrameSubscriber: readNextMessages count=1
         1788690194.309  4644  4675 I MainActivity: onGatewayFrame: frame seq=1515 egoSpeed=6.562343 pts=0 intervention=false warning=false braking=false lifecycle=armed range=null bearing=null rss=null
         1788690194.408  4644  4675 I AebsFrameSubscriber: onMessagesAvailable callback
         1788690194.408  4644  4675 I AebsFrameSubscriber: readNextMessages count=1
         1788690194.408  4644  4675 I MainActivity: onGatewayFrame: frame seq=1516 egoSpeed=6.562343 pts=0 intervention=false warning=false braking=false lifecycle=armed range=null bearing=null rss=null
         1788690194.508  4644  4675 I AebsFrameSubscriber: onMessagesAvailable callback
         1788690194.508  4644  4675 I AebsFrameSubscriber: readNextMessages count=1
         1788690194.508  4644  4675 I MainActivity: onGatewayFrame: frame seq=1517 egoSpeed=6.562343 pts=0 intervention=false warning=false braking=false lifecycle=armed range=null bearing=null rss=null
         1788690194.608  4644  4675 I AebsFrameSubscriber: onMessagesAvailable callback
         1788690194.608  4644  4675 I AebsFrameSubscriber: readNextMessages count=1
         1788690194.608  4644  4675 I MainActivity: onGatewayFrame: frame seq=1518 egoSpeed=6.562343 pts=0 intervention=false warning=false braking=false lifecycle=armed range=null bearing=null rss=null
         1788690194.708  4644  4675 I AebsFrameSubscriber: onMessagesAvailable callback
         1788690194.708  4644  4675 I AebsFrameSubscriber: readNextMessages count=1
         1788690194.708  4644  4675 I MainActivity: onGatewayFrame: frame seq=1519 egoSpeed=6.562343 pts=0 intervention=false warning=false braking=false lifecycle=armed range=null bearing=null rss=null
         1788690194.919  4644  4675 I AebsFrameSubscriber: readNextMessages count=2
         1788690194.920  4644  4675 I MainActivity: onGatewayFrame: frame seq=1520 egoSpeed=6.562343 pts=0 intervention=false warning=false braking=false lifecycle=armed range=null bearing=null rss=null
         1788690194.920  4644  4675 I MainActivity: onGatewayFrame: frame seq=1521 egoSpeed=6.562343 pts=0 intervention=false warning=false braking=false lifecycle=armed range=null bearing=null rss=null
         1788690194.920  4644  4675 I AebsFrameSubscriber: onMessagesAvailable callback
         1788690194.920  4644  4675 I AebsFrameSubscriber: onMessagesAvailable callback
         1788690195.008  4644  4675 I AebsFrameSubscriber: onMessagesAvailable callback
         1788690195.008  4644  4675 I AebsFrameSubscriber: readNextMessages count=1
         1788690195.009  4644  4675 I MainActivity: onGatewayFrame: frame seq=1522 egoSpeed=6.562343 pts=0 intervention=false warning=false braking=false lifecycle=armed range=null bearing=null rss=null
         1788690195.107  4644  4675 I AebsFrameSubscriber: onMessagesAvailable callback
         1788690195.108  4644  4675 I AebsFrameSubscriber: readNextMessages count=1
         1788690195.108  4644  4675 I MainActivity: onGatewayFrame: frame seq=1523 egoSpeed=6.562343 pts=0 intervention=false warning=false braking=false lifecycle=armed range=null bearing=null rss=null
         1788690195.208  4644  4675 I AebsFrameSubscriber: onMessagesAvailable callback
         1788690195.208  4644  4675 I AebsFrameSubscriber: readNextMessages count=1
         1788690195.208  4644  4675 I MainActivity: onGatewayFrame: frame seq=1524 egoSpeed=6.562343 pts=0 intervention=false warning=false braking=false lifecycle=armed range=null bearing=null rss=null
         1788690195.308  4644  4675 I AebsFrameSubscriber: onMessagesAvailable callback
         1788690195.308  4644  4675 I AebsFrameSubscriber: readNextMessages count=1
         1788690195.308  4644  4675 I MainActivity: onGatewayFrame: frame seq=1525 egoSpeed=6.562343 pts=0 intervention=false warning=false braking=false lifecycle=armed range=null bearing=null rss=null
         1788690195.408  4644  4675 I AebsFrameSubscriber: onMessagesAvailable callback
         1788690195.408  4644  4675 I AebsFrameSubscriber: readNextMessages count=1
         1788690195.408  4644  4675 I MainActivity: onGatewayFrame: frame seq=1526 egoSpeed=6.562343 pts=0 intervention=false warning=false braking=false lifecycle=armed range=null bearing=null rss=null
         1788690195.508  4644  4675 I AebsFrameSubscriber: onMessagesAvailable callback
         1788690195.508  4644  4675 I AebsFrameSubscriber: readNextMessages count=1
         1788690195.508  4644  4675 I MainActivity: onGatewayFrame: frame seq=1527 egoSpeed=6.562343 pts=0 intervention=false warning=false braking=false lifecycle=armed range=null bearing=null rss=null
         1788690195.608  4644  4675 I AebsFrameSubscriber: onMessagesAvailable callback
         1788690195.608  4644  4675 I AebsFrameSubscriber: readNextMessages count=1
         1788690195.608  4644  4675 I MainActivity: onGatewayFrame: frame seq=1528 egoSpeed=6.562343 pts=0 intervention=false warning=false braking=false lifecycle=armed range=null bearing=null rss=null
         1788690195.708  4644  4675 I AebsFrameSubscriber: onMessagesAvailable callback
         1788690195.708  4644  4675 I AebsFrameSubscriber: readNextMessages count=1
         1788690195.708  4644  4675 I MainActivity: onGatewayFrame: frame seq=1529 egoSpeed=6.562343 pts=0 intervention=false warning=false braking=false lifecycle=armed range=null bearing=null rss=null
         1788690195.808  4644  4675 I AebsFrameSubscriber: onMessagesAvailable callback
         1788690195.808  4644  4675 I AebsFrameSubscriber: readNextMessages count=1
         1788690195.808  4644  4675 I MainActivity: onGatewayFrame: frame seq=1530 egoSpeed=6.562343 pts=0 intervention=false warning=false braking=false lifecycle=armed range=null bearing=null rss=null
         1788690195.907  4644  4675 I AebsFrameSubscriber: onMessagesAvailable callback
         1788690195.908  4644  4675 I AebsFrameSubscriber: readNextMessages count=1
         1788690195.908  4644  4675 I MainActivity: onGatewayFrame: frame seq=1531 egoSpeed=6.562343 pts=0 intervention=false warning=false braking=false lifecycle=armed range=null bearing=null rss=null
         1788690196.007  4644  4675 I AebsFrameSubscriber: onMessagesAvailable callback
         1788690196.008  4644  4675 I AebsFrameSubscriber: readNextMessages count=1
         1788690196.008  4644  4675 I MainActivity: onGatewayFrame: frame seq=1532 egoSpeed=6.562343 pts=0 intervention=false warning=false braking=false lifecycle=armed range=null bearing=null rss=null
         1788690196.107  4644  4675 I AebsFrameSubscriber: onMessagesAvailable callback
         1788690196.108  4644  4675 I AebsFrameSubscriber: readNextMessages count=1
         1788690196.108  4644  4675 I MainActivity: onGatewayFrame: frame seq=1533 egoSpeed=6.562343 pts=0 intervention=false warning=false braking=false lifecycle=armed range=null bearing=null rss=null
         1788690196.208  4644  4675 I AebsFrameSubscriber: onMessagesAvailable callback
         1788690196.212  4644  4675 I AebsFrameSubscriber: readNextMessages count=1
         1788690196.212  4644  4675 I MainActivity: onGatewayFrame: frame seq=1534 egoSpeed=6.562343 pts=24 intervention=false warning=true braking=false lifecycle=armed range=24.746216 bearing=0.0 rss=14.739735
         1788690196.308  4644  4675 I AebsFrameSubscriber: onMessagesAvailable callback
         1788690196.309  4644  4675 I AebsFrameSubscriber: readNextMessages count=1
         1788690196.309  4644  4675 I MainActivity: onGatewayFrame: frame seq=1535 egoSpeed=6.562343 pts=24 intervention=false warning=true braking=false lifecycle=armed range=24.834417 bearing=0.0 rss=14.739735
         1788690196.408  4644  4675 I AebsFrameSubscriber: onMessagesAvailable callback
         1788690196.409  4644  4675 I AebsFrameSubscriber: readNextMessages count=1
         1788690196.410  4644  4675 I MainActivity: onGatewayFrame: frame seq=1536 egoSpeed=6.562343 pts=24 intervention=false warning=true braking=false lifecycle=armed range=23.778162 bearing=0.0 rss=14.739735
         1788690196.507  4644  4675 I AebsFrameSubscriber: onMessagesAvailable callback
         1788690196.509  4644  4675 I AebsFrameSubscriber: readNextMessages count=1
         1788690196.509  4644  4675 I MainActivity: onGatewayFrame: frame seq=1537 egoSpeed=6.562343 pts=24 intervention=false warning=true braking=false lifecycle=armed range=23.886992 bearing=0.0 rss=14.739735
         1788690196.608  4644  4675 I AebsFrameSubscriber: onMessagesAvailable callback
         1788690196.609  4644  4675 I AebsFrameSubscriber: readNextMessages count=1
         1788690196.609  4644  4675 I MainActivity: onGatewayFrame: frame seq=1538 egoSpeed=6.562343 pts=24 intervention=false warning=true braking=false lifecycle=armed range=22.671015 bearing=0.0 rss=14.739735
         1788690196.707  4644  4675 I AebsFrameSubscriber: onMessagesAvailable callback
         1788690196.708  4644  4675 I AebsFrameSubscriber: readNextMessages count=1
         1788690196.709  4644  4675 I MainActivity: onGatewayFrame: frame seq=1539 egoSpeed=6.562343 pts=24 intervention=false warning=true braking=false lifecycle=armed range=22.762918 bearing=0.0 rss=14.739735
         1788690196.808  4644  4675 I AebsFrameSubscriber: onMessagesAvailable callback
         1788690196.808  4644  4675 I AebsFrameSubscriber: readNextMessages count=1
         1788690196.809  4644  4675 I MainActivity: onGatewayFrame: frame seq=1540 egoSpeed=6.562343 pts=24 intervention=false warning=true braking=false lifecycle=armed range=21.555069 bearing=0.0 rss=14.739735
         1788690196.907  4644  4675 I AebsFrameSubscriber: onMessagesAvailable callback
         1788690196.909  4644  4675 I AebsFrameSubscriber: readNextMessages count=1
         1788690196.909  4644  4675 I MainActivity: onGatewayFrame: frame seq=1541 egoSpeed=6.562343 pts=24 intervention=false warning=true braking=false lifecycle=armed range=21.645533 bearing=0.0 rss=14.739735
         1788690197.007  4644  4675 I AebsFrameSubscriber: onMessagesAvailable callback
         1788690197.008  4644  4675 I AebsFrameSubscriber: readNextMessages count=1
         1788690197.009  4644  4675 I MainActivity: onGatewayFrame: frame seq=1542 egoSpeed=6.562343 pts=24 intervention=false warning=true braking=false lifecycle=armed range=20.587229 bearing=0.0 rss=14.739735
         1788690197.107  4644  4675 I AebsFrameSubscriber: onMessagesAvailable callback
         1788690197.108  4644  4675 I AebsFrameSubscriber: readNextMessages count=1
         1788690197.109  4644  4675 I MainActivity: onGatewayFrame: frame seq=1543 egoSpeed=6.562343 pts=24 intervention=false warning=true braking=false lifecycle=armed range=20.677711 bearing=0.0 rss=14.739735
         1788690197.209  4644  4675 I AebsFrameSubscriber: onMessagesAvailable callback
         1788690197.209  4644  4675 I AebsFrameSubscriber: readNextMessages count=1
         1788690197.210  4644  4675 I MainActivity: onGatewayFrame: frame seq=1544 egoSpeed=6.562343 pts=24 intervention=false warning=true braking=false lifecycle=armed range=19.471344 bearing=0.0 rss=14.739735
         1788690197.308  4644  4675 I AebsFrameSubscriber: onMessagesAvailable callback
         1788690197.309  4644  4675 I AebsFrameSubscriber: readNextMessages count=1
         1788690197.309  4644  4675 I MainActivity: onGatewayFrame: frame seq=1545 egoSpeed=6.562343 pts=24 intervention=false warning=true braking=false lifecycle=armed range=19.567364 bearing=0.0 rss=14.739735
         1788690197.408  4644  4675 I AebsFrameSubscriber: onMessagesAvailable callback
         1788690197.409  4644  4675 I AebsFrameSubscriber: readNextMessages count=1
         1788690197.409  4644  4675 I MainActivity: onGatewayFrame: frame seq=1546 egoSpeed=6.562343 pts=24 intervention=false warning=true braking=false lifecycle=armed range=18.510708 bearing=0.0 rss=14.739735
         1788690197.507  4644  4675 I AebsFrameSubscriber: onMessagesAvailable callback
         1788690197.508  4644  4675 I AebsFrameSubscriber: readNextMessages count=1
         1788690197.509  4644  4675 I MainActivity: onGatewayFrame: frame seq=1547 egoSpeed=6.562343 pts=24 intervention=false warning=true braking=false lifecycle=armed range=18.62522 bearing=0.0 rss=14.739735
         1788690197.608  4644  4675 I AebsFrameSubscriber: onMessagesAvailable callback
         1788690197.609  4644  4675 I AebsFrameSubscriber: readNextMessages count=1
         1788690197.609  4644  4675 I MainActivity: onGatewayFrame: frame seq=1548 egoSpeed=6.562343 pts=24 intervention=false warning=true braking=true lifecycle=braking_latched range=17.3975 bearing=0.0 rss=14.739735
         1788690197.707  4644  4675 I AebsFrameSubscriber: onMessagesAvailable callback
         1788690197.708  4644  4675 I AebsFrameSubscriber: readNextMessages count=1
         1788690197.708  4644  4675 I MainActivity: onGatewayFrame: frame seq=1549 egoSpeed=6.5616207 pts=24 intervention=false warning=true braking=true lifecycle=braking_latched range=17.491556 bearing=0.0 rss=14.739735
         1788690197.807  4644  4675 I AebsFrameSubscriber: onMessagesAvailable callback
         1788690197.809  4644  4675 I AebsFrameSubscriber: readNextMessages count=1
         1788690197.809  4644  4675 I MainActivity: onGatewayFrame: frame seq=1550 egoSpeed=6.5426135 pts=24 intervention=false warning=true braking=true lifecycle=braking_latched range=16.266918 bearing=0.0 rss=14.731222
         1788690197.907  4644  4675 I AebsFrameSubscriber: onMessagesAvailable callback
         1788690197.908  4644  4675 I AebsFrameSubscriber: readNextMessages count=1
         1788690197.908  4644  4675 I MainActivity: onGatewayFrame: frame seq=1551 egoSpeed=6.4856243 pts=24 intervention=false warning=true braking=true lifecycle=braking_latched range=16.379824 bearing=0.0 rss=14.644273
         1788690198.008  4644  4675 I AebsFrameSubscriber: onMessagesAvailable callback
         1788690198.009  4644  4675 I AebsFrameSubscriber: readNextMessages count=1
         1788690198.009  4644  4675 I MainActivity: onGatewayFrame: frame seq=1552 egoSpeed=6.383035 pts=24 intervention=false warning=true braking=true lifecycle=braking_latched range=15.159357 bearing=0.0 rss=14.429114
         1788690198.107  4644  4675 I AebsFrameSubscriber: onMessagesAvailable callback
         1788690198.108  4644  4675 I AebsFrameSubscriber: readNextMessages count=1
         1788690198.108  4644  4675 I MainActivity: onGatewayFrame: frame seq=1553 egoSpeed=6.232125 pts=24 intervention=false warning=true braking=true lifecycle=braking_latched range=15.245245 bearing=0.0 rss=14.068763
         1788690198.207  4644  4675 I AebsFrameSubscriber: onMessagesAvailable callback
         1788690198.209  4644  4675 I AebsFrameSubscriber: readNextMessages count=1
         1788690198.209  4644  4675 I MainActivity: onGatewayFrame: frame seq=1554 egoSpeed=6.031831 pts=24 intervention=false warning=true braking=true lifecycle=braking_latched range=14.1388035 bearing=0.0 rss=13.565764
         1788690198.307  4644  4675 I AebsFrameSubscriber: onMessagesAvailable callback
         1788690198.308  4644  4675 I AebsFrameSubscriber: readNextMessages count=1
         1788690198.308  4644  4675 I MainActivity: onGatewayFrame: frame seq=1555 egoSpeed=5.7816434 pts=24 intervention=false warning=true braking=true lifecycle=braking_latched range=13.27086 bearing=0.0 rss=12.921575
         1788690198.407  4644  4675 I AebsFrameSubscriber: onMessagesAvailable callback
         1788690198.408  4644  4675 I AebsFrameSubscriber: readNextMessages count=1
         1788690198.408  4644  4675 I MainActivity: onGatewayFrame: frame seq=1556 egoSpeed=5.481558 pts=24 intervention=false warning=true braking=true lifecycle=braking_latched range=13.352873 bearing=0.0 rss=12.147522
         1788690198.507  4644  4675 I AebsFrameSubscriber: onMessagesAvailable callback
         1788690198.508  4644  4675 I AebsFrameSubscriber: readNextMessages count=1
         1788690198.508  4644  4675 I MainActivity: onGatewayFrame: frame seq=1557 egoSpeed=5.1316557 pts=24 intervention=false warning=true braking=true lifecycle=braking_latched range=12.245416 bearing=0.0 rss=11.2561865
         1788690198.607  4644  4675 I AebsFrameSubscriber: onMessagesAvailable callback
         1788690198.609  4644  4675 I AebsFrameSubscriber: readNextMessages count=1
         1788690198.609  4644  4675 I MainActivity: onGatewayFrame: frame seq=1558 egoSpeed=4.7316313 pts=24 intervention=false warning=true braking=true lifecycle=braking_latched range=12.326817 bearing=0.0 rss=10.263482
         1788690198.707  4644  4675 I AebsFrameSubscriber: onMessagesAvailable callback
         1788690198.710  4644  4675 I AebsFrameSubscriber: readNextMessages count=1
         1788690198.710  4644  4675 I MainActivity: onGatewayFrame: frame seq=1559 egoSpeed=4.2824416 pts=24 intervention=false warning=true braking=true lifecycle=braking_latched range=11.575924 bearing=0.0 rss=9.186978
         1788690198.843  4644  4675 I AebsFrameSubscriber: readNextMessages count=1
         1788690198.843  4644  4675 I MainActivity: onGatewayFrame: frame seq=1560 egoSpeed=3.8013113 pts=24 intervention=false warning=true braking=true lifecycle=braking_latched range=10.882792 bearing=0.0 rss=8.053582
         1788690198.843  4644  4675 I AebsFrameSubscriber: onMessagesAvailable callback
         1788690198.907  4644  4675 I AebsFrameSubscriber: onMessagesAvailable callback
         1788690198.909  4644  4675 I AebsFrameSubscriber: readNextMessages count=1
         1788690198.909  4644  4675 I MainActivity: onGatewayFrame: frame seq=1561 egoSpeed=3.3082426 pts=24 intervention=false warning=true braking=true lifecycle=braking_latched range=10.964969 bearing=0.0 rss=6.9339056
         1788690199.007  4644  4675 I AebsFrameSubscriber: onMessagesAvailable callback
         1788690199.008  4644  4675 I AebsFrameSubscriber: readNextMessages count=1
         1788690199.008  4644  4675 I MainActivity: onGatewayFrame: frame seq=1562 egoSpeed=2.8106227 pts=24 intervention=false warning=true braking=true lifecycle=braking_latched range=10.309421 bearing=0.0 rss=5.8738537
         1788690199.107  4644  4675 I AebsFrameSubscriber: onMessagesAvailable callback
         1788690199.108  4644  4675 I AebsFrameSubscriber: readNextMessages count=1
         1788690199.108  4644  4675 I MainActivity: onGatewayFrame: frame seq=1563 egoSpeed=2.3118765 pts=24 intervention=false warning=true braking=true lifecycle=braking_latched range=10.40639 bearing=0.0 rss=4.888671
         1788690199.207  4644  4675 I AebsFrameSubscriber: onMessagesAvailable callback
         1788690199.208  4644  4675 I AebsFrameSubscriber: readNextMessages count=1
         1788690199.208  4644  4675 I MainActivity: onGatewayFrame: frame seq=1564 egoSpeed=1.8122383 pts=24 intervention=false warning=true braking=true lifecycle=braking_latched range=9.900622 bearing=0.0 rss=3.9841256
         1788690199.307  4644  4675 I AebsFrameSubscriber: onMessagesAvailable callback
         1788690199.308  4644  4675 I AebsFrameSubscriber: readNextMessages count=1
         1788690199.308  4644  4675 I MainActivity: onGatewayFrame: frame seq=1565 egoSpeed=1.3121866 pts=24 intervention=false warning=true braking=true lifecycle=braking_latched range=9.983404 bearing=0.0 rss=3.161406
         1788690199.407  4644  4675 I AebsFrameSubscriber: onMessagesAvailable callback
         1788690199.408  4644  4675 I AebsFrameSubscriber: readNextMessages count=1
         1788690199.408  4644  4675 I MainActivity: onGatewayFrame: frame seq=1566 egoSpeed=0.8123953 pts=24 intervention=false warning=true braking=true lifecycle=braking_latched range=9.596668 bearing=0.0 rss=2.4221709
         1788690199.507  4644  4675 I AebsFrameSubscriber: onMessagesAvailable callback
         1788690199.508  4644  4675 I AebsFrameSubscriber: readNextMessages count=1
         1788690199.508  4644  4675 I MainActivity: onGatewayFrame: frame seq=1567 egoSpeed=0.31237105 pts=24 intervention=false warning=true braking=true lifecycle=braking_latched range=9.528839 bearing=0.0 rss=1.765924
         1788690199.607  4644  4675 I AebsFrameSubscriber: onMessagesAvailable callback
         1788690199.609  4644  4675 I AebsFrameSubscriber: readNextMessages count=1
         1788690199.609  4644  4675 I MainActivity: onGatewayFrame: frame seq=1568 egoSpeed=0.0 pts=24 intervention=false warning=true braking=true lifecycle=braking_latched range=9.611069 bearing=0.0 rss=1.1919254
         1788690199.707  4644  4675 I AebsFrameSubscriber: onMessagesAvailable callback
         1788690199.709  4644  4675 I AebsFrameSubscriber: readNextMessages count=1
         1788690199.709  4644  4675 I MainActivity: onGatewayFrame: frame seq=1569 egoSpeed=0.0 pts=24 intervention=false warning=true braking=true lifecycle=braking_latched range=9.611069 bearing=0.0 rss=1.1919254
         1788690199.807  4644  4675 I AebsFrameSubscriber: onMessagesAvailable callback
         1788690199.808  4644  4675 I AebsFrameSubscriber: readNextMessages count=1
         1788690199.808  4644  4675 I MainActivity: onGatewayFrame: frame seq=1570 egoSpeed=0.0 pts=24 intervention=false warning=true braking=true lifecycle=braking_latched range=9.611069 bearing=0.0 rss=1.1919254
         1788690199.907  4644  4675 I AebsFrameSubscriber: onMessagesAvailable callback
         1788690199.908  4644  4675 I AebsFrameSubscriber: readNextMessages count=1
         1788690199.908  4644  4675 I MainActivity: onGatewayFrame: frame seq=1571 egoSpeed=0.0 pts=24 intervention=false warning=true braking=true lifecycle=braking_latched range=9.611069 bearing=0.0 rss=1.1919254
         1788690200.007  4644  4675 I AebsFrameSubscriber: onMessagesAvailable callback
         1788690200.009  4644  4675 I AebsFrameSubscriber: readNextMessages count=1
         1788690200.009  4644  4675 I MainActivity: onGatewayFrame: frame seq=1572 egoSpeed=0.0 pts=24 intervention=false warning=true braking=true lifecycle=braking_latched range=9.611069 bearing=0.0 rss=1.1919254
         1788690200.107  4644  4675 I AebsFrameSubscriber: onMessagesAvailable callback
         1788690200.108  4644  4675 I AebsFrameSubscriber: readNextMessages count=1
         1788690200.108  4644  4675 I MainActivity: onGatewayFrame: frame seq=1573 egoSpeed=0.0 pts=0 intervention=false warning=false braking=true lifecycle=released_verified_stop range=null bearing=null rss=1.1919254
         1788690200.207  4644  4675 I AebsFrameSubscriber: onMessagesAvailable callback
         1788690200.208  4644  4675 I AebsFrameSubscriber: readNextMessages count=1
         1788690200.208  4644  4675 I MainActivity: onGatewayFrame: frame seq=1574 egoSpeed=0.0 pts=0 intervention=false warning=false braking=true lifecycle=released_verified_stop range=null bearing=null rss=1.1919254
         1788690200.307  4644  4675 I AebsFrameSubscriber: onMessagesAvailable callback
         1788690200.308  4644  4675 I AebsFrameSubscriber: readNextMessages count=1
         1788690200.308  4644  4675 I MainActivity: onGatewayFrame: frame seq=1575 egoSpeed=0.0 pts=0 intervention=false warning=false braking=true lifecycle=released_verified_stop range=null bearing=null rss=1.1919254
         1788690200.407  4644  4675 I AebsFrameSubscriber: onMessagesAvailable callback
         1788690200.407  4644  4675 I AebsFrameSubscriber: readNextMessages count=1
         1788690200.408  4644  4675 I MainActivity: onGatewayFrame: frame seq=1576 egoSpeed=0.03335419 pts=0 intervention=false warning=false braking=true lifecycle=released_verified_stop range=null bearing=null rss=1.1919254
         1788690200.507  4644  4675 I AebsFrameSubscriber: onMessagesAvailable callback
         1788690200.508  4644  4675 I AebsFrameSubscriber: readNextMessages count=1
         1788690200.508  4644  4675 I MainActivity: onGatewayFrame: frame seq=1577 egoSpeed=0.13853288 pts=0 intervention=false warning=false braking=true lifecycle=released_verified_stop range=null bearing=null rss=1.1919254
         1788690200.607  4644  4675 I AebsFrameSubscriber: onMessagesAvailable callback
         1788690200.608  4644  4675 I AebsFrameSubscriber: readNextMessages count=1
         1788690200.608  4644  4675 I MainActivity: onGatewayFrame: frame seq=1578 egoSpeed=0.2720851 pts=24 intervention=false warning=false braking=true lifecycle=released_verified_stop range=10.463814 bearing=0.0 rss=1.1751564
         1788690200.707  4644  4675 I AebsFrameSubscriber: onMessagesAvailable callback
         1788690200.708  4644  4675 I AebsFrameSubscriber: readNextMessages count=1
         1788690200.708  4644  4675 I MainActivity: onGatewayFrame: frame seq=1579 egoSpeed=0.4159948 pts=24 intervention=false warning=false braking=true lifecycle=released_verified_stop range=10.548516 bearing=0.0 rss=1.3233354
         1788690200.807  4644  4675 I AebsFrameSubscriber: onMessagesAvailable callback
         1788690200.808  4644  4675 I AebsFrameSubscriber: readNextMessages count=1
         1788690200.808  4644  4675 I MainActivity: onGatewayFrame: frame seq=1580 egoSpeed=0.5637742 pts=24 intervention=false warning=false braking=true lifecycle=released_verified_stop range=10.609371 bearing=0.0 rss=1.4869169
         1788690200.907  4644  4675 I AebsFrameSubscriber: onMessagesAvailable callback
         1788690200.908  4644  4675 I AebsFrameSubscriber: readNextMessages count=1
         1788690200.908  4644  4675 I MainActivity: onGatewayFrame: frame seq=1581 egoSpeed=0.7129726 pts=24 intervention=false warning=false braking=true lifecycle=released_verified_stop range=10.701493 bearing=0.0 rss=1.6612773
         1788690201.007  4644  4675 I AebsFrameSubscriber: onMessagesAvailable callback
         1788690201.008  4644  4675 I AebsFrameSubscriber: readNextMessages count=1
         1788690201.008  4644  4675 I MainActivity: onGatewayFrame: frame seq=1582 egoSpeed=0.8626483 pts=24 intervention=false warning=false braking=true lifecycle=released_verified_stop range=10.722656 bearing=0.0 rss=1.8442315
         1788690201.107  4644  4675 I AebsFrameSubscriber: onMessagesAvailable callback
         1788690201.108  4644  4675 I AebsFrameSubscriber: readNextMessages count=1
         1788690201.108  4644  4675 I MainActivity: onGatewayFrame: frame seq=1583 egoSpeed=1.0125214 pts=24 intervention=false warning=false braking=true lifecycle=released_verified_stop range=10.805499 bearing=0.0 rss=2.0352046
         1788690201.207  4644  4675 I AebsFrameSubscriber: onMessagesAvailable callback
         1788690201.208  4644  4675 I AebsFrameSubscriber: readNextMessages count=1
         1788690201.208  4644  4675 I MainActivity: onGatewayFrame: frame seq=1584 egoSpeed=1.1625594 pts=24 intervention=false warning=false braking=true lifecycle=released_verified_stop range=10.896304 bearing=0.0 rss=2.2338326
         1788690201.307  4644  4675 I AebsFrameSubscriber: onMessagesAvailable callback
         1788690201.308  4644  4675 I AebsFrameSubscriber: readNextMessages count=1
         1788690201.308  4644  4675 I MainActivity: onGatewayFrame: frame seq=1585 egoSpeed=1.3125174 pts=24 intervention=false warning=false braking=true lifecycle=released_verified_stop range=10.802589 bearing=0.0 rss=2.4401028
         1788690201.407  4644  4675 I AebsFrameSubscriber: onMessagesAvailable callback
         1788690201.408  4644  4675 I AebsFrameSubscriber: readNextMessages count=1
         1788690201.408  4644  4675 I MainActivity: onGatewayFrame: frame seq=1586 egoSpeed=1.4624964 pts=24 intervention=false warning=false braking=true lifecycle=released_verified_stop range=10.888494 bearing=0.0 rss=2.653818
         1788690201.507  4644  4675 I AebsFrameSubscriber: onMessagesAvailable callback
         1788690201.508  4644  4675 I AebsFrameSubscriber: readNextMessages count=1
         1788690201.508  4644  4675 I MainActivity: onGatewayFrame: frame seq=1587 egoSpeed=1.6125197 pts=24 intervention=false warning=false braking=true lifecycle=released_verified_stop range=10.797153 bearing=0.0 rss=2.8751867
         1788690201.607  4644  4675 I AebsFrameSubscriber: onMessagesAvailable callback
         1788690201.608  4644  4675 I AebsFrameSubscriber: readNextMessages count=1
         1788690201.608  4644  4675 I MainActivity: onGatewayFrame: frame seq=1588 egoSpeed=1.762531 pts=24 intervention=false warning=false braking=true lifecycle=released_verified_stop range=10.758529 bearing=0.0 rss=3.1038187
         1788690201.707  4644  4675 I AebsFrameSubscriber: onMessagesAvailable callback
         1788690201.708  4644  4675 I AebsFrameSubscriber: readNextMessages count=1
         1788690201.708  4644  4675 I MainActivity: onGatewayFrame: frame seq=1589 egoSpeed=1.9125282 pts=24 intervention=false warning=false braking=true lifecycle=released_verified_stop range=10.840907 bearing=0.0 rss=3.3400486
         1788690201.807  4644  4675 I AebsFrameSubscriber: onMessagesAvailable callback
         1788690201.808  4644  4675 I AebsFrameSubscriber: readNextMessages count=1
         1788690201.808  4644  4675 I MainActivity: onGatewayFrame: frame seq=1590 egoSpeed=2.0624993 pts=24 intervention=false warning=false braking=true lifecycle=released_verified_stop range=10.651346 bearing=0.0 rss=3.5837939
         1788690201.907  4644  4675 I AebsFrameSubscriber: onMessagesAvailable callback
         1788690201.908  4644  4675 I AebsFrameSubscriber: readNextMessages count=1
         1788690201.908  4644  4675 I MainActivity: onGatewayFrame: frame seq=1591 egoSpeed=2.2124834 pts=24 intervention=false warning=false braking=true lifecycle=released_verified_stop range=10.51163 bearing=0.0 rss=3.8351438
         1788690202.007  4644  4675 I AebsFrameSubscriber: onMessagesAvailable callback
         1788690202.008  4644  4675 I AebsFrameSubscriber: readNextMessages count=1
         1788690202.008  4644  4675 I MainActivity: onGatewayFrame: frame seq=1592 egoSpeed=2.3624723 pts=24 intervention=false warning=false braking=true lifecycle=released_verified_stop range=10.594122 bearing=0.0 rss=4.093792
         1788690202.107  4644  4675 I AebsFrameSubscriber: onMessagesAvailable callback
         1788690202.108  4644  4675 I AebsFrameSubscriber: readNextMessages count=1
         1788690202.108  4644  4675 I MainActivity: onGatewayFrame: frame seq=1593 egoSpeed=2.5125768 pts=24 intervention=false warning=false braking=true lifecycle=released_verified_stop range=10.3132305 bearing=0.0 rss=4.360127
         1788690202.207  4644  4675 I AebsFrameSubscriber: onMessagesAvailable callback
         1788690202.208  4644  4675 I AebsFrameSubscriber: readNextMessages count=1
         1788690202.208  4644  4675 I MainActivity: onGatewayFrame: frame seq=1594 egoSpeed=2.662461 pts=24 intervention=false warning=false braking=true lifecycle=released_verified_stop range=10.40922 bearing=0.0 rss=4.6338215
         1788690202.331  4644  4675 I AebsFrameSubscriber: onMessagesAvailable callback
         1788690202.332  4644  4675 I AebsFrameSubscriber: readNextMessages count=1
         1788690202.332  4644  4675 I MainActivity: onGatewayFrame: frame seq=1595 egoSpeed=2.812429 pts=24 intervention=false warning=false braking=true lifecycle=released_verified_stop range=10.082432 bearing=0.0 rss=4.915004
         1788690202.473  4644  4675 I AebsFrameSubscriber: readNextMessages count=1
         1788690202.473  4644  4675 I MainActivity: onGatewayFrame: frame seq=1596 egoSpeed=2.9624164 pts=24 intervention=false warning=false braking=true lifecycle=released_verified_stop range=10.165293 bearing=0.0 rss=5.203587
         1788690202.473  4644  4675 I AebsFrameSubscriber: onMessagesAvailable callback
         1788690202.507  4644  4675 I AebsFrameSubscriber: onMessagesAvailable callback
         1788690202.508  4644  4675 I AebsFrameSubscriber: readNextMessages count=1
         1788690202.508  4644  4675 I MainActivity: onGatewayFrame: frame seq=1597 egoSpeed=3.112451 pts=24 intervention=false warning=false braking=true lifecycle=released_verified_stop range=9.889661 bearing=0.0 rss=5.4999046
         1788690202.607  4644  4675 I AebsFrameSubscriber: onMessagesAvailable callback
         1788690202.608  4644  4675 I AebsFrameSubscriber: readNextMessages count=1
         1788690202.608  4644  4675 I MainActivity: onGatewayFrame: frame seq=1598 egoSpeed=3.2624316 pts=24 intervention=false warning=false braking=true lifecycle=released_verified_stop range=9.472799 bearing=0.0 rss=5.803741
         1788690202.707  4644  4675 I AebsFrameSubscriber: onMessagesAvailable callback
         1788690202.708  4644  4675 I AebsFrameSubscriber: readNextMessages count=1
         1788690202.708  4644  4675 I MainActivity: onGatewayFrame: frame seq=1599 egoSpeed=3.412511 pts=24 intervention=false warning=false braking=true lifecycle=released_verified_stop range=9.55761 bearing=0.0 rss=6.115103
         1788690202.807  4644  4675 I AebsFrameSubscriber: onMessagesAvailable callback
         1788690202.808  4644  4675 I AebsFrameSubscriber: readNextMessages count=1
         1788690202.808  4644  4675 I MainActivity: onGatewayFrame: frame seq=1600 egoSpeed=3.562535 pts=24 intervention=false warning=false braking=true lifecycle=released_verified_stop range=9.110829 bearing=0.0 rss=6.433764
         1788690202.907  4644  4675 I AebsFrameSubscriber: onMessagesAvailable callback
         1788690202.908  4644  4675 I AebsFrameSubscriber: readNextMessages count=1
         1788690202.908  4644  4675 I MainActivity: onGatewayFrame: frame seq=1601 egoSpeed=3.7125542 pts=24 intervention=false warning=false braking=true lifecycle=released_verified_stop range=9.20947 bearing=0.0 rss=6.7601247
         1788690203.007  4644  4675 I AebsFrameSubscriber: onMessagesAvailable callback
         1788690203.008  4644  4675 I AebsFrameSubscriber: readNextMessages count=1
         1788690203.008  4644  4675 I MainActivity: onGatewayFrame: frame seq=1602 egoSpeed=3.8625028 pts=24 intervention=false warning=false braking=true lifecycle=released_verified_stop range=8.618686 bearing=0.0 rss=7.093823
         1788690203.107  4644  4675 I AebsFrameSubscriber: onMessagesAvailable callback
         1788690203.108  4644  4675 I AebsFrameSubscriber: readNextMessages count=1
         1788690203.108  4644  4675 I MainActivity: onGatewayFrame: frame seq=1603 egoSpeed=4.012528 pts=24 intervention=false warning=false braking=true lifecycle=released_verified_stop range=8.731973 bearing=0.0 rss=7.43507
         1788690203.207  4644  4675 I AebsFrameSubscriber: onMessagesAvailable callback
         1788690203.208  4644  4675 I AebsFrameSubscriber: readNextMessages count=1
         1788690203.208  4644  4675 I MainActivity: onGatewayFrame: frame seq=1604 egoSpeed=4.1625395 pts=24 intervention=false warning=false braking=true lifecycle=released_verified_stop range=8.080814 bearing=0.0 rss=7.7850423
         1788690203.307  4644  4675 I AebsFrameSubscriber: onMessagesAvailable callback
         1788690203.308  4644  4675 I AebsFrameSubscriber: readNextMessages count=1
         1788690203.308  4644  4675 I MainActivity: onGatewayFrame: frame seq=1605 egoSpeed=4.312516 pts=24 intervention=false warning=false braking=true lifecycle=released_verified_stop range=8.181749 bearing=0.0 rss=8.140066
         1788690203.407  4644  4675 I AebsFrameSubscriber: onMessagesAvailable callback
         1788690203.407  4644  4675 I AebsFrameSubscriber: readNextMessages count=1
         1788690203.408  4644  4675 I MainActivity: onGatewayFrame: frame seq=1606 egoSpeed=4.462513 pts=24 intervention=false warning=false braking=true lifecycle=released_verified_stop range=7.4767637 bearing=0.0 rss=8.503804
         1788690203.507  4644  4675 I AebsFrameSubscriber: onMessagesAvailable callback
         1788690203.508  4644  4675 I AebsFrameSubscriber: readNextMessages count=1
         1788690203.508  4644  4675 I MainActivity: onGatewayFrame: frame seq=1607 egoSpeed=4.6124716 pts=24 intervention=false warning=false braking=true lifecycle=released_verified_stop range=7.5874567 bearing=0.0 rss=8.874884
         1788690203.607  4644  4675 I AebsFrameSubscriber: onMessagesAvailable callback
         1788690203.607  4644  4675 I AebsFrameSubscriber: readNextMessages count=1
         1788690203.608  4644  4675 I MainActivity: onGatewayFrame: frame seq=1608 egoSpeed=4.762576 pts=24 intervention=false warning=false braking=true lifecycle=released_verified_stop range=6.818549 bearing=0.0 rss=9.253771
         1788690203.707  4644  4675 I AebsFrameSubscriber: onMessagesAvailable callback
         1788690203.708  4644  4675 I AebsFrameSubscriber: readNextMessages count=1
         1788690203.708  4644  4675 I MainActivity: onGatewayFrame: frame seq=1609 egoSpeed=4.912578 pts=24 intervention=false warning=false braking=true lifecycle=released_verified_stop range=6.910355 bearing=0.0 rss=9.640038
         1788690203.807  4644  4675 I AebsFrameSubscriber: onMessagesAvailable callback
         1788690203.807  4644  4675 I AebsFrameSubscriber: readNextMessages count=1
         1788690203.808  4644  4675 I MainActivity: onGatewayFrame: frame seq=1610 egoSpeed=5.062578 pts=24 intervention=false warning=false braking=true lifecycle=released_verified_stop range=6.0950036 bearing=0.0 rss=10.033734
         1788690203.907  4644  4675 I AebsFrameSubscriber: onMessagesAvailable callback
         1788690203.908  4644  4675 I AebsFrameSubscriber: readNextMessages count=1
         1788690203.908  4644  4675 I MainActivity: onGatewayFrame: frame seq=1611 egoSpeed=5.212576 pts=24 intervention=false warning=false braking=true lifecycle=released_verified_stop range=6.1860223 bearing=0.0 rss=10.435156
         1788690204.007  4644  4675 I AebsFrameSubscriber: onMessagesAvailable callback
         1788690204.008  4644  4675 I AebsFrameSubscriber: readNextMessages count=1
         1788690204.008  4644  4675 I MainActivity: onGatewayFrame: frame seq=1612 egoSpeed=5.3626146 pts=24 intervention=false warning=false braking=true lifecycle=released_verified_stop range=5.296778 bearing=0.0 rss=10.843896
         1788690204.107  4644  4675 I AebsFrameSubscriber: onMessagesAvailable callback
         1788690204.108  4644  4675 I AebsFrameSubscriber: readNextMessages count=1
         1788690204.108  4644  4675 I MainActivity: onGatewayFrame: frame seq=1613 egoSpeed=5.5125847 pts=24 intervention=false warning=false braking=true lifecycle=released_verified_stop range=5.387906 bearing=0.0 rss=11.260039
         1788690204.207  4644  4675 I AebsFrameSubscriber: onMessagesAvailable callback
         1788690204.207  4644  4675 I AebsFrameSubscriber: readNextMessages count=1
         1788690204.208  4644  4675 I MainActivity: onGatewayFrame: frame seq=1614 egoSpeed=5.662452 pts=24 intervention=false warning=false braking=true lifecycle=released_verified_stop range=4.4552946 bearing=0.0 rss=11.683919
         1788690204.307  4644  4675 I AebsFrameSubscriber: onMessagesAvailable callback
         1788690204.307  4644  4675 I AebsFrameSubscriber: readNextMessages count=1
         1788690204.308  4644  4675 I MainActivity: onGatewayFrame: frame seq=1615 egoSpeed=5.8124733 pts=24 intervention=false warning=false braking=true lifecycle=released_verified_stop range=4.5472527 bearing=0.0 rss=12.114982
         1788690204.407  4644  4675 I AebsFrameSubscriber: onMessagesAvailable callback
         1788690204.407  4644  4675 I AebsFrameSubscriber: readNextMessages count=1
         1788690204.408  4644  4675 I MainActivity: onGatewayFrame: frame seq=1616 egoSpeed=5.962466 pts=24 intervention=false warning=false braking=true lifecycle=released_verified_stop range=3.6802351 bearing=0.0 rss=12.553809
         1788690204.506  4644  4675 I AebsFrameSubscriber: onMessagesAvailable callback
         1788690204.507  4644  4675 I AebsFrameSubscriber: readNextMessages count=1
         1788690204.507  4644  4675 I MainActivity: onGatewayFrame: frame seq=1617 egoSpeed=6.1124506 pts=24 intervention=false warning=false braking=true lifecycle=released_verified_stop range=3.787432 bearing=0.0 rss=13.000125
         1788690204.607  4644  4675 I AebsFrameSubscriber: onMessagesAvailable callback
         1788690204.607  4644  4675 I AebsFrameSubscriber: readNextMessages count=1
         1788690204.607  4644  4675 I MainActivity: onGatewayFrame: frame seq=1618 egoSpeed=6.262485 pts=24 intervention=false warning=false braking=true lifecycle=released_verified_stop range=2.7271874 bearing=0.0 rss=13.453818
         1788690204.707  4644  4675 I AebsFrameSubscriber: onMessagesAvailable callback
         1788690204.707  4644  4675 I AebsFrameSubscriber: readNextMessages count=1
         1788690204.707  4644  4675 I MainActivity: onGatewayFrame: frame seq=1619 egoSpeed=6.412452 pts=24 intervention=false warning=false braking=true lifecycle=released_verified_stop range=2.8192165 bearing=0.0 rss=13.915174
         1788690204.806  4644  4675 I AebsFrameSubscriber: onMessagesAvailable callback
         1788690204.807  4644  4675 I AebsFrameSubscriber: readNextMessages count=1
         1788690204.807  4644  4675 I MainActivity: onGatewayFrame: frame seq=1620 egoSpeed=6.562455 pts=24 intervention=false warning=false braking=true lifecycle=released_verified_stop range=1.6986113 bearing=0.0 rss=14.38383
         1788690204.907  4644  4675 I AebsFrameSubscriber: onMessagesAvailable callback
         1788690204.908  4644  4675 I AebsFrameSubscriber: readNextMessages count=1
         1788690204.908  4644  4675 I MainActivity: onGatewayFrame: frame seq=1621 egoSpeed=6.707402 pts=24 intervention=false warning=false braking=true lifecycle=released_verified_stop range=1.806078 bearing=0.0 rss=14.860122
         1788690205.007  4644  4675 I AebsFrameSubscriber: onMessagesAvailable callback
         1788690205.007  4644  4675 I AebsFrameSubscriber: readNextMessages count=1
         1788690205.007  4644  4675 I MainActivity: onGatewayFrame: frame seq=1622 egoSpeed=6.8241034 pts=24 intervention=false warning=false braking=true lifecycle=released_verified_stop range=0.6227755 bearing=0.0 rss=15.3111515
         1788690205.107  4644  4675 I AebsFrameSubscriber: onMessagesAvailable callback
         1788690205.107  4644  4675 I AebsFrameSubscriber: readNextMessages count=1
         1788690205.107  4644  4675 I MainActivity: onGatewayFrame: frame seq=1623 egoSpeed=6.899302 pts=24 intervention=false warning=false braking=true lifecycle=released_verified_stop range=0.71295375 bearing=0.0 rss=15.660887
         1788690205.206  4644  4675 I AebsFrameSubscriber: onMessagesAvailable callback
         1788690205.207  4644  4675 I AebsFrameSubscriber: readNextMessages count=1
         1788690205.208  4644  4675 I MainActivity: onGatewayFrame: frame seq=1624 egoSpeed=6.9327145 pts=24 intervention=false warning=false braking=true lifecycle=released_verified_stop range=0.03254121 bearing=0.0 rss=15.871159
         1788690205.306  4644  4675 I AebsFrameSubscriber: onMessagesAvailable callback
         1788690205.307  4644  4675 I AebsFrameSubscriber: readNextMessages count=1
         1788690205.307  4644  4675 I MainActivity: onGatewayFrame: frame seq=1625 egoSpeed=6.94506 pts=24 intervention=false warning=false braking=true lifecycle=released_verified_stop range=0.014304998 bearing=0.0 rss=15.957398
         1788690205.406  4644  4675 I AebsFrameSubscriber: onMessagesAvailable callback
         1788690205.407  4644  4675 I AebsFrameSubscriber: readNextMessages count=1
         1788690205.407  4644  4675 I MainActivity: onGatewayFrame: frame seq=1626 egoSpeed=6.949604 pts=24 intervention=false warning=false braking=true lifecycle=released_verified_stop range=7.741809E-4 bearing=0.0 rss=15.9893
         1788690205.507  4644  4675 I AebsFrameSubscriber: onMessagesAvailable callback
         1788690205.507  4644  4675 I AebsFrameSubscriber: readNextMessages count=1
         1788690205.508  4644  4675 I MainActivity: onGatewayFrame: frame seq=1627 egoSpeed=6.951278 pts=24 intervention=false warning=false braking=true lifecycle=released_verified_stop range=0.086614765 bearing=0.0 rss=16.001049
         1788690205.606  4644  4675 I AebsFrameSubscriber: onMessagesAvailable callback
         1788690205.607  4644  4675 I AebsFrameSubscriber: readNextMessages count=1
         1788690205.607  4644  4675 I MainActivity: onGatewayFrame: frame seq=1628 egoSpeed=6.951894 pts=24 intervention=false warning=false braking=true lifecycle=released_verified_stop range=0.06892246 bearing=0.0 rss=16.005373
         1788690205.706  4644  4675 I AebsFrameSubscriber: onMessagesAvailable callback
         1788690205.707  4644  4675 I AebsFrameSubscriber: readNextMessages count=1
         1788690205.707  4644  4675 I MainActivity: onGatewayFrame: frame seq=1629 egoSpeed=6.9521203 pts=24 intervention=false warning=false braking=true lifecycle=released_verified_stop range=0.035031855 bearing=0.0 rss=16.006962
         1788690205.807  4644  4675 I AebsFrameSubscriber: onMessagesAvailable callback
         1788690205.807  4644  4675 I AebsFrameSubscriber: readNextMessages count=1
         1788690205.807  4644  4675 I MainActivity: onGatewayFrame: frame seq=1630 egoSpeed=6.9522038 pts=24 intervention=false warning=false braking=true lifecycle=released_verified_stop range=0.0339862 bearing=0.0 rss=16.007545
         1788690205.907  4644  4675 I AebsFrameSubscriber: onMessagesAvailable callback
         1788690205.907  4644  4675 I AebsFrameSubscriber: readNextMessages count=1
         1788690205.907  4644  4675 I MainActivity: onGatewayFrame: frame seq=1631 egoSpeed=6.9522343 pts=24 intervention=false warning=false braking=true lifecycle=released_verified_stop range=0.0339862 bearing=0.0 rss=16.007545
         1788690206.006  4644  4675 I AebsFrameSubscriber: onMessagesAvailable callback
         1788690206.008  4644  4675 I AebsFrameSubscriber: readNextMessages count=1
         1788690206.008  4644  4675 I MainActivity: onGatewayFrame: frame seq=1632 egoSpeed=6.9522457 pts=24 intervention=false warning=false braking=true lifecycle=released_verified_stop range=0.0339862 bearing=0.0 rss=16.007545
         1788690206.107  4644  4675 I AebsFrameSubscriber: onMessagesAvailable callback
         1788690206.107  4644  4675 I AebsFrameSubscriber: readNextMessages count=1
         1788690206.107  4644  4675 I MainActivity: onGatewayFrame: frame seq=1633 egoSpeed=6.95225 pts=24 intervention=false warning=false braking=true lifecycle=released_verified_stop range=0.0339862 bearing=0.0 rss=16.007545
         1788690206.235  4644  4675 I AebsFrameSubscriber: readNextMessages count=1
         1788690206.236  4644  4675 I MainActivity: onGatewayFrame: frame seq=1634 egoSpeed=6.9522514 pts=24 intervention=false warning=false braking=true lifecycle=released_verified_stop range=0.0339862 bearing=0.0 rss=16.007545
         1788690206.236  4644  4675 I AebsFrameSubscriber: onMessagesAvailable callback
         1788690206.308  4644  4675 I AebsFrameSubscriber: onMessagesAvailable callback
         1788690206.308  4644  4675 I AebsFrameSubscriber: readNextMessages count=1
         1788690206.309  4644  4675 I MainActivity: onGatewayFrame: frame seq=1635 egoSpeed=6.952252 pts=0 intervention=false warning=false braking=true lifecycle=released_verified_stop range=null bearing=null rss=16.007545
         1788690206.406  4644  4675 I AebsFrameSubscriber: onMessagesAvailable callback
         1788690206.407  4644  4675 I AebsFrameSubscriber: readNextMessages count=1
         1788690206.407  4644  4675 I MainActivity: onGatewayFrame: frame seq=1636 egoSpeed=6.952252 pts=0 intervention=false warning=false braking=true lifecycle=released_verified_stop range=null bearing=null rss=16.007545
         1788690206.507  4644  4675 I AebsFrameSubscriber: onMessagesAvailable callback
         1788690206.508  4644  4675 I AebsFrameSubscriber: readNextMessages count=1
         1788690206.508  4644  4675 I MainActivity: onGatewayFrame: frame seq=1637 egoSpeed=6.9522524 pts=0 intervention=false warning=false braking=true lifecycle=released_verified_stop range=null bearing=null rss=16.007545
         1788690206.606  4644  4675 I AebsFrameSubscriber: onMessagesAvailable callback
         1788690206.607  4644  4675 I AebsFrameSubscriber: readNextMessages count=1
         1788690206.607  4644  4675 I MainActivity: onGatewayFrame: frame seq=1638 egoSpeed=6.9522524 pts=0 intervention=false warning=false braking=true lifecycle=released_verified_stop range=null bearing=null rss=16.007545
         1788690206.706  4644  4675 I AebsFrameSubscriber: onMessagesAvailable callback
         1788690206.707  4644  4675 I AebsFrameSubscriber: readNextMessages count=1
         1788690206.707  4644  4675 I MainActivity: onGatewayFrame: frame seq=1639 egoSpeed=6.9522524 pts=0 intervention=false warning=false braking=true lifecycle=released_verified_stop range=null bearing=null rss=16.007545
         1788690206.806  4644  4675 I AebsFrameSubscriber: onMessagesAvailable callback
         1788690206.807  4644  4675 I AebsFrameSubscriber: readNextMessages count=1
         1788690206.807  4644  4675 I MainActivity: onGatewayFrame: frame seq=1640 egoSpeed=6.9522524 pts=0 intervention=false warning=false braking=true lifecycle=released_verified_stop range=null bearing=null rss=16.007545
         1788690206.906  4644  4675 I AebsFrameSubscriber: onMessagesAvailable callback
         1788690206.907  4644  4675 I AebsFrameSubscriber: readNextMessages count=1
         1788690206.907  4644  4675 I MainActivity: onGatewayFrame: frame seq=1641 egoSpeed=6.9522524 pts=0 intervention=false warning=false braking=true lifecycle=released_verified_stop range=null bearing=null rss=16.007545
         1788690207.006  4644  4675 I AebsFrameSubscriber: onMessagesAvailable callback
         1788690207.007  4644  4675 I AebsFrameSubscriber: readNextMessages count=1
         1788690207.007  4644  4675 I MainActivity: onGatewayFrame: frame seq=1642 egoSpeed=6.9522524 pts=0 intervention=false warning=false braking=true lifecycle=released_verified_stop range=null bearing=null rss=16.007545
         1788690207.106  4644  4675 I AebsFrameSubscriber: onMessagesAvailable callback
         1788690207.107  4644  4675 I AebsFrameSubscriber: readNextMessages count=1
         1788690207.107  4644  4675 I MainActivity: onGatewayFrame: frame seq=1643 egoSpeed=6.9522524 pts=0 intervention=false warning=false braking=true lifecycle=released_verified_stop range=null bearing=null rss=16.007545
         1788690207.206  4644  4675 I AebsFrameSubscriber: onMessagesAvailable callback
         1788690207.207  4644  4675 I AebsFrameSubscriber: readNextMessages count=1
         1788690207.207  4644  4675 I MainActivity: onGatewayFrame: frame seq=1644 egoSpeed=6.9522524 pts=0 intervention=false warning=false braking=true lifecycle=released_verified_stop range=null bearing=null rss=16.007545
         1788690207.306  4644  4675 I AebsFrameSubscriber: onMessagesAvailable callback
         1788690207.307  4644  4675 I AebsFrameSubscriber: readNextMessages count=1
         1788690207.307  4644  4675 I MainActivity: onGatewayFrame: frame seq=1645 egoSpeed=6.9522524 pts=0 intervention=false warning=false braking=true lifecycle=released_verified_stop range=null bearing=null rss=16.007545
         1788690207.406  4644  4675 I AebsFrameSubscriber: onMessagesAvailable callback
         1788690207.407  4644  4675 I AebsFrameSubscriber: readNextMessages count=1
         1788690207.407  4644  4675 I MainActivity: onGatewayFrame: frame seq=1646 egoSpeed=6.9522524 pts=0 intervention=false warning=false braking=true lifecycle=released_verified_stop range=null bearing=null rss=16.007545
         1788690207.506  4644  4675 I AebsFrameSubscriber: onMessagesAvailable callback
         1788690207.507  4644  4675 I AebsFrameSubscriber: readNextMessages count=1
         1788690207.507  4644  4675 I MainActivity: onGatewayFrame: frame seq=1647 egoSpeed=6.9522524 pts=0 intervention=false warning=false braking=true lifecycle=released_verified_stop range=null bearing=null rss=16.007545
         1788690207.606  4644  4675 I AebsFrameSubscriber: onMessagesAvailable callback
         1788690207.607  4644  4675 I AebsFrameSubscriber: readNextMessages count=1
         1788690207.607  4644  4675 I MainActivity: onGatewayFrame: frame seq=1648 egoSpeed=6.9522524 pts=0 intervention=false warning=false braking=true lifecycle=released_verified_stop range=null bearing=null rss=16.007545
         1788690207.706  4644  4675 I AebsFrameSubscriber: onMessagesAvailable callback
         1788690207.707  4644  4675 I AebsFrameSubscriber: readNextMessages count=1
         1788690207.707  4644  4675 I MainActivity: onGatewayFrame: frame seq=1649 egoSpeed=6.9522524 pts=0 intervention=false warning=false braking=true lifecycle=released_verified_stop range=null bearing=null rss=16.007545
         1788690207.806  4644  4675 I AebsFrameSubscriber: onMessagesAvailable callback
         1788690207.807  4644  4675 I AebsFrameSubscriber: readNextMessages count=1
         1788690207.807  4644  4675 I MainActivity: onGatewayFrame: frame seq=1650 egoSpeed=6.9522524 pts=0 intervention=false warning=false braking=true lifecycle=released_verified_stop range=null bearing=null rss=16.007545
         1788690207.906  4644  4675 I AebsFrameSubscriber: onMessagesAvailable callback
         1788690207.907  4644  4675 I AebsFrameSubscriber: readNextMessages count=1
         1788690207.907  4644  4675 I MainActivity: onGatewayFrame: frame seq=1651 egoSpeed=6.9522524 pts=0 intervention=false warning=false braking=true lifecycle=released_verified_stop range=null bearing=null rss=16.007545
         1788690208.006  4644  4675 I AebsFrameSubscriber: onMessagesAvailable callback
         1788690208.007  4644  4675 I AebsFrameSubscriber: readNextMessages count=1
         1788690208.007  4644  4675 I MainActivity: onGatewayFrame: frame seq=1652 egoSpeed=6.9522524 pts=0 intervention=false warning=false braking=true lifecycle=released_verified_stop range=null bearing=null rss=16.007545
         1788690208.106  4644  4675 I AebsFrameSubscriber: onMessagesAvailable callback
         1788690208.107  4644  4675 I AebsFrameSubscriber: readNextMessages count=1
         1788690208.107  4644  4675 I MainActivity: onGatewayFrame: frame seq=1653 egoSpeed=6.9522524 pts=0 intervention=false warning=false braking=true lifecycle=released_verified_stop range=null bearing=null rss=16.007545
         1788690208.206  4644  4675 I AebsFrameSubscriber: onMessagesAvailable callback
         1788690208.207  4644  4675 I AebsFrameSubscriber: readNextMessages count=1
         1788690208.207  4644  4675 I MainActivity: onGatewayFrame: frame seq=1654 egoSpeed=6.9522524 pts=0 intervention=false warning=false braking=true lifecycle=released_verified_stop range=null bearing=null rss=16.007545
         1788690208.306  4644  4675 I AebsFrameSubscriber: onMessagesAvailable callback
         1788690208.306  4644  4675 I AebsFrameSubscriber: readNextMessages count=1
         1788690208.307  4644  4675 I MainActivity: onGatewayFrame: frame seq=1655 egoSpeed=6.9522524 pts=0 intervention=false warning=false braking=true lifecycle=released_verified_stop range=null bearing=null rss=16.007545
         1788690208.406  4644  4675 I AebsFrameSubscriber: onMessagesAvailable callback
         1788690208.406  4644  4675 I AebsFrameSubscriber: readNextMessages count=1
         1788690208.407  4644  4675 I MainActivity: onGatewayFrame: frame seq=1656 egoSpeed=6.9522524 pts=0 intervention=false warning=false braking=true lifecycle=released_verified_stop range=null bearing=null rss=16.007545
         1788690208.506  4644  4675 I AebsFrameSubscriber: onMessagesAvailable callback
         1788690208.506  4644  4675 I AebsFrameSubscriber: readNextMessages count=1
         1788690208.507  4644  4675 I MainActivity: onGatewayFrame: frame seq=1657 egoSpeed=6.9522524 pts=0 intervention=false warning=false braking=true lifecycle=released_verified_stop range=null bearing=null rss=16.007545
         1788690208.606  4644  4675 I AebsFrameSubscriber: onMessagesAvailable callback
         1788690208.606  4644  4675 I AebsFrameSubscriber: readNextMessages count=1
         1788690208.606  4644  4675 I MainActivity: onGatewayFrame: frame seq=1658 egoSpeed=6.9522524 pts=0 intervention=false warning=false braking=true lifecycle=released_verified_stop range=null bearing=null rss=16.007545
         1788690208.706  4644  4675 I AebsFrameSubscriber: onMessagesAvailable callback
         1788690208.706  4644  4675 I AebsFrameSubscriber: readNextMessages count=1
         1788690208.706  4644  4675 I MainActivity: onGatewayFrame: frame seq=1659 egoSpeed=6.9522524 pts=0 intervention=false warning=false braking=true lifecycle=released_verified_stop range=null bearing=null rss=16.007545
         1788690208.806  4644  4675 I AebsFrameSubscriber: onMessagesAvailable callback
         1788690208.807  4644  4675 I AebsFrameSubscriber: readNextMessages count=1
         1788690208.807  4644  4675 I MainActivity: onGatewayFrame: frame seq=1660 egoSpeed=6.9522524 pts=0 intervention=false warning=false braking=true lifecycle=released_verified_stop range=null bearing=null rss=16.007545
         1788690208.906  4644  4675 I AebsFrameSubscriber: onMessagesAvailable callback
         1788690208.907  4644  4675 I AebsFrameSubscriber: readNextMessages count=1
         1788690208.907  4644  4675 I MainActivity: onGatewayFrame: frame seq=1661 egoSpeed=6.9522524 pts=0 intervention=false warning=false braking=true lifecycle=released_verified_stop range=null bearing=null rss=16.007545
         1788690209.006  4644  4675 I AebsFrameSubscriber: onMessagesAvailable callback
         1788690209.007  4644  4675 I AebsFrameSubscriber: readNextMessages count=1
         1788690209.007  4644  4675 I MainActivity: onGatewayFrame: frame seq=1662 egoSpeed=6.9522524 pts=0 intervention=false warning=false braking=true lifecycle=released_verified_stop range=null bearing=null rss=16.007545
         1788690209.106  4644  4675 I AebsFrameSubscriber: onMessagesAvailable callback
         1788690209.107  4644  4675 I AebsFrameSubscriber: readNextMessages count=1
         1788690209.107  4644  4675 I MainActivity: onGatewayFrame: frame seq=1663 egoSpeed=6.9522524 pts=0 intervention=false warning=false braking=true lifecycle=released_verified_stop range=null bearing=null rss=16.007545
         1788690209.206  4644  4675 I AebsFrameSubscriber: onMessagesAvailable callback
         1788690209.207  4644  4675 I AebsFrameSubscriber: readNextMessages count=1
         1788690209.207  4644  4675 I MainActivity: onGatewayFrame: frame seq=1664 egoSpeed=6.9522524 pts=0 intervention=false warning=false braking=true lifecycle=released_verified_stop range=null bearing=null rss=16.007545
         1788690209.306  4644  4675 I AebsFrameSubscriber: onMessagesAvailable callback
         1788690209.307  4644  4675 I AebsFrameSubscriber: readNextMessages count=1
         1788690209.307  4644  4675 I MainActivity: onGatewayFrame: frame seq=1665 egoSpeed=6.9522524 pts=0 intervention=false warning=false braking=true lifecycle=released_verified_stop range=null bearing=null rss=16.007545
         1788690209.406  4644  4675 I AebsFrameSubscriber: onMessagesAvailable callback
         1788690209.406  4644  4675 I AebsFrameSubscriber: readNextMessages count=1
         1788690209.407  4644  4675 I MainActivity: onGatewayFrame: frame seq=1666 egoSpeed=6.9522524 pts=0 intervention=false warning=false braking=true lifecycle=released_verified_stop range=null bearing=null rss=16.007545
         1788690209.506  4644  4675 I AebsFrameSubscriber: onMessagesAvailable callback
         1788690209.507  4644  4675 I AebsFrameSubscriber: readNextMessages count=1
         1788690209.507  4644  4675 I MainActivity: onGatewayFrame: frame seq=1667 egoSpeed=6.9522524 pts=0 intervention=false warning=false braking=true lifecycle=released_verified_stop range=null bearing=null rss=16.007545
         1788690209.606  4644  4675 I AebsFrameSubscriber: onMessagesAvailable callback
         1788690209.607  4644  4675 I AebsFrameSubscriber: readNextMessages count=1
         1788690209.607  4644  4675 I MainActivity: onGatewayFrame: frame seq=1668 egoSpeed=6.9522524 pts=0 intervention=false warning=false braking=true lifecycle=released_verified_stop range=null bearing=null rss=16.007545
         1788690209.706  4644  4675 I AebsFrameSubscriber: onMessagesAvailable callback
         1788690209.707  4644  4675 I AebsFrameSubscriber: readNextMessages count=1
         1788690209.707  4644  4675 I MainActivity: onGatewayFrame: frame seq=1669 egoSpeed=6.9522524 pts=0 intervention=false warning=false braking=true lifecycle=released_verified_stop range=null bearing=null rss=16.007545
         1788690209.806  4644  4675 I AebsFrameSubscriber: onMessagesAvailable callback
         1788690209.807  4644  4675 I AebsFrameSubscriber: readNextMessages count=1
         1788690209.807  4644  4675 I MainActivity: onGatewayFrame: frame seq=1670 egoSpeed=6.9522524 pts=0 intervention=false warning=false braking=true lifecycle=released_verified_stop range=null bearing=null rss=16.007545
         1788690209.906  4644  4675 I AebsFrameSubscriber: onMessagesAvailable callback
         1788690209.907  4644  4675 I AebsFrameSubscriber: readNextMessages count=1
         1788690209.907  4644  4675 I MainActivity: onGatewayFrame: frame seq=1671 egoSpeed=6.9522524 pts=0 intervention=false warning=false braking=true lifecycle=released_verified_stop range=null bearing=null rss=16.007545
         1788690210.006  4644  4675 I AebsFrameSubscriber: onMessagesAvailable callback
         1788690210.007  4644  4675 I AebsFrameSubscriber: readNextMessages count=1
         1788690210.007  4644  4675 I MainActivity: onGatewayFrame: frame seq=1672 egoSpeed=6.9522524 pts=0 intervention=false warning=false braking=true lifecycle=released_verified_stop range=null bearing=null rss=16.007545
         1788690210.141  4644  4675 I AebsFrameSubscriber: readNextMessages count=1
         1788690210.141  4644  4675 I MainActivity: onGatewayFrame: frame seq=1673 egoSpeed=6.9522524 pts=0 intervention=false warning=false braking=true lifecycle=released_verified_stop range=null bearing=null rss=16.007545
         1788690210.141  4644  4675 I AebsFrameSubscriber: onMessagesAvailable callback
         1788690210.206  4644  4675 I AebsFrameSubscriber: onMessagesAvailable callback
         1788690210.206  4644  4675 I AebsFrameSubscriber: readNextMessages count=1
         1788690210.206  4644  4675 I MainActivity: onGatewayFrame: frame seq=1674 egoSpeed=6.9522524 pts=0 intervention=false warning=false braking=true lifecycle=released_verified_stop range=null bearing=null rss=16.007545
         1788690210.306  4644  4675 I AebsFrameSubscriber: onMessagesAvailable callback
         1788690210.307  4644  4675 I AebsFrameSubscriber: readNextMessages count=1
         1788690210.307  4644  4675 I MainActivity: onGatewayFrame: frame seq=1675 egoSpeed=6.9522524 pts=0 intervention=false warning=false braking=true lifecycle=released_verified_stop range=null bearing=null rss=16.007545
         1788690210.406  4644  4675 I AebsFrameSubscriber: onMessagesAvailable callback
         1788690210.407  4644  4675 I AebsFrameSubscriber: readNextMessages count=1
         1788690210.407  4644  4675 I MainActivity: onGatewayFrame: frame seq=1676 egoSpeed=6.9522524 pts=0 intervention=false warning=false braking=true lifecycle=released_verified_stop range=null bearing=null rss=16.007545
         1788690210.506  4644  4675 I AebsFrameSubscriber: onMessagesAvailable callback
         1788690210.506  4644  4675 I AebsFrameSubscriber: readNextMessages count=1
         1788690210.507  4644  4675 I MainActivity: onGatewayFrame: frame seq=1677 egoSpeed=6.9522524 pts=0 intervention=false warning=false braking=true lifecycle=released_verified_stop range=null bearing=null rss=16.007545
         1788690210.606  4644  4675 I AebsFrameSubscriber: onMessagesAvailable callback
         1788690210.607  4644  4675 I AebsFrameSubscriber: readNextMessages count=1
         1788690210.607  4644  4675 I MainActivity: onGatewayFrame: frame seq=1678 egoSpeed=6.9522524 pts=0 intervention=false warning=false braking=true lifecycle=released_verified_stop range=null bearing=null rss=16.007545
         1788690210.706  4644  4675 I AebsFrameSubscriber: onMessagesAvailable callback
         1788690210.707  4644  4675 I AebsFrameSubscriber: readNextMessages count=1
         1788690210.707  4644  4675 I MainActivity: onGatewayFrame: frame seq=1679 egoSpeed=6.9522524 pts=0 intervention=false warning=false braking=true lifecycle=released_verified_stop range=null bearing=null rss=16.007545
         1788690210.806  4644  4675 I AebsFrameSubscriber: onMessagesAvailable callback
         1788690210.807  4644  4675 I AebsFrameSubscriber: readNextMessages count=1
         1788690210.807  4644  4675 I MainActivity: onGatewayFrame: frame seq=1680 egoSpeed=6.9522524 pts=0 intervention=false warning=false braking=true lifecycle=released_verified_stop range=null bearing=null rss=16.007545
         1788690210.906  4644  4675 I AebsFrameSubscriber: onMessagesAvailable callback
         1788690210.906  4644  4675 I AebsFrameSubscriber: readNextMessages count=1
         1788690210.907  4644  4675 I MainActivity: onGatewayFrame: frame seq=1681 egoSpeed=6.9522524 pts=0 intervention=false warning=false braking=true lifecycle=released_verified_stop range=null bearing=null rss=16.007545
         1788690211.006  4644  4675 I AebsFrameSubscriber: onMessagesAvailable callback
         1788690211.007  4644  4675 I AebsFrameSubscriber: readNextMessages count=1
         1788690211.007  4644  4675 I MainActivity: onGatewayFrame: frame seq=1682 egoSpeed=6.9522524 pts=0 intervention=false warning=false braking=true lifecycle=released_verified_stop range=null bearing=null rss=16.007545
         1788690211.106  4644  4675 I AebsFrameSubscriber: onMessagesAvailable callback
         1788690211.106  4644  4675 I AebsFrameSubscriber: readNextMessages count=1
         1788690211.107  4644  4675 I MainActivity: onGatewayFrame: frame seq=1683 egoSpeed=6.9522524 pts=0 intervention=false warning=false braking=true lifecycle=released_verified_stop range=null bearing=null rss=16.007545
         1788690211.206  4644  4675 I AebsFrameSubscriber: onMessagesAvailable callback
         1788690211.206  4644  4675 I AebsFrameSubscriber: readNextMessages count=1
         1788690211.207  4644  4675 I MainActivity: onGatewayFrame: frame seq=1684 egoSpeed=6.9522524 pts=0 intervention=false warning=false braking=true lifecycle=released_verified_stop range=null bearing=null rss=16.007545
         1788690211.306  4644  4675 I AebsFrameSubscriber: onMessagesAvailable callback
         1788690211.306  4644  4675 I AebsFrameSubscriber: readNextMessages count=1
         1788690211.307  4644  4675 I MainActivity: onGatewayFrame: frame seq=1685 egoSpeed=6.9522524 pts=0 intervention=false warning=false braking=true lifecycle=released_verified_stop range=null bearing=null rss=16.007545
         1788690211.406  4644  4675 I AebsFrameSubscriber: onMessagesAvailable callback
         1788690211.406  4644  4675 I AebsFrameSubscriber: readNextMessages count=1
         1788690211.407  4644  4675 I MainActivity: onGatewayFrame: frame seq=1686 egoSpeed=6.9522524 pts=0 intervention=false warning=false braking=true lifecycle=released_verified_stop range=null bearing=null rss=16.007545
         1788690211.506  4644  4675 I AebsFrameSubscriber: onMessagesAvailable callback
         1788690211.506  4644  4675 I AebsFrameSubscriber: readNextMessages count=1
         1788690211.507  4644  4675 I MainActivity: onGatewayFrame: frame seq=1687 egoSpeed=6.9522524 pts=0 intervention=false warning=false braking=true lifecycle=released_verified_stop range=null bearing=null rss=16.007545
         1788690211.606  4644  4675 I AebsFrameSubscriber: onMessagesAvailable callback
         1788690211.606  4644  4675 I AebsFrameSubscriber: readNextMessages count=1
         1788690211.606  4644  4675 I MainActivity: onGatewayFrame: frame seq=1688 egoSpeed=6.9522524 pts=0 intervention=false warning=false braking=true lifecycle=released_verified_stop range=null bearing=null rss=16.007545
         1788690211.706  4644  4675 I AebsFrameSubscriber: onMessagesAvailable callback
         1788690211.706  4644  4675 I AebsFrameSubscriber: readNextMessages count=1
         1788690211.706  4644  4675 I MainActivity: onGatewayFrame: frame seq=1689 egoSpeed=6.9522524 pts=0 intervention=false warning=false braking=true lifecycle=released_verified_stop range=null bearing=null rss=16.007545
         1788690211.806  4644  4675 I AebsFrameSubscriber: onMessagesAvailable callback
         1788690211.807  4644  4675 I AebsFrameSubscriber: readNextMessages count=1
         1788690211.807  4644  4675 I MainActivity: onGatewayFrame: frame seq=1690 egoSpeed=6.9522524 pts=0 intervention=false warning=false braking=true lifecycle=released_verified_stop range=null bearing=null rss=16.007545
         1788690211.906  4644  4675 I AebsFrameSubscriber: onMessagesAvailable callback
         1788690211.907  4644  4675 I AebsFrameSubscriber: readNextMessages count=1
         1788690211.907  4644  4675 I MainActivity: onGatewayFrame: frame seq=1691 egoSpeed=6.9522524 pts=0 intervention=false warning=false braking=true lifecycle=released_verified_stop range=null bearing=null rss=16.007545
         1788690212.006  4644  4675 I AebsFrameSubscriber: onMessagesAvailable callback
         1788690212.007  4644  4675 I AebsFrameSubscriber: readNextMessages count=1
         1788690212.007  4644  4675 I MainActivity: onGatewayFrame: frame seq=1692 egoSpeed=6.9522524 pts=0 intervention=false warning=false braking=true lifecycle=released_verified_stop range=null bearing=null rss=16.007545
         1788690212.106  4644  4675 I AebsFrameSubscriber: onMessagesAvailable callback
         1788690212.106  4644  4675 I AebsFrameSubscriber: readNextMessages count=1
         1788690212.107  4644  4675 I MainActivity: onGatewayFrame: frame seq=1693 egoSpeed=6.9522524 pts=0 intervention=false warning=false braking=true lifecycle=released_verified_stop range=null bearing=null rss=16.007545
         1788690212.206  4644  4675 I AebsFrameSubscriber: onMessagesAvailable callback
         1788690212.206  4644  4675 I AebsFrameSubscriber: readNextMessages count=1
         1788690212.206  4644  4675 I MainActivity: onGatewayFrame: frame seq=1694 egoSpeed=6.9522524 pts=0 intervention=false warning=false braking=true lifecycle=released_verified_stop range=null bearing=null rss=16.007545
         1788690212.306  4644  4675 I AebsFrameSubscriber: onMessagesAvailable callback
         1788690212.306  4644  4675 I AebsFrameSubscriber: readNextMessages count=1
         1788690212.307  4644  4675 I MainActivity: onGatewayFrame: frame seq=1695 egoSpeed=6.9522524 pts=0 intervention=false warning=false braking=true lifecycle=released_verified_stop range=null bearing=null rss=16.007545
         1788690212.406  4644  4675 I AebsFrameSubscriber: onMessagesAvailable callback
         1788690212.407  4644  4675 I AebsFrameSubscriber: readNextMessages count=1
         1788690212.407  4644  4675 I MainActivity: onGatewayFrame: frame seq=1696 egoSpeed=6.9522524 pts=0 intervention=false warning=false braking=true lifecycle=released_verified_stop range=null bearing=null rss=16.007545
         1788690212.506  4644  4675 I AebsFrameSubscriber: onMessagesAvailable callback
         1788690212.506  4644  4675 I AebsFrameSubscriber: readNextMessages count=1
         1788690212.507  4644  4675 I MainActivity: onGatewayFrame: frame seq=1697 egoSpeed=6.9522524 pts=0 intervention=false warning=false braking=true lifecycle=released_verified_stop range=null bearing=null rss=16.007545
         1788690212.606  4644  4675 I AebsFrameSubscriber: onMessagesAvailable callback
         1788690212.606  4644  4675 I AebsFrameSubscriber: readNextMessages count=1
         1788690212.607  4644  4675 I MainActivity: onGatewayFrame: frame seq=1698 egoSpeed=6.9522524 pts=0 intervention=false warning=false braking=true lifecycle=released_verified_stop range=null bearing=null rss=16.007545
         1788690212.706  4644  4675 I AebsFrameSubscriber: onMessagesAvailable callback
         1788690212.706  4644  4675 I AebsFrameSubscriber: readNextMessages count=1
         1788690212.707  4644  4675 I MainActivity: onGatewayFrame: frame seq=1699 egoSpeed=6.9522524 pts=0 intervention=false warning=false braking=true lifecycle=released_verified_stop range=null bearing=null rss=16.007545
         1788690212.806  4644  4675 I AebsFrameSubscriber: onMessagesAvailable callback
         1788690212.806  4644  4675 I AebsFrameSubscriber: readNextMessages count=1
         1788690212.806  4644  4675 I MainActivity: onGatewayFrame: frame seq=1700 egoSpeed=6.9522524 pts=0 intervention=false warning=false braking=true lifecycle=released_verified_stop range=null bearing=null rss=16.007545
         1788690212.906  4644  4675 I AebsFrameSubscriber: onMessagesAvailable callback
         1788690212.906  4644  4675 I AebsFrameSubscriber: readNextMessages count=1
         1788690212.906  4644  4675 I MainActivity: onGatewayFrame: frame seq=1701 egoSpeed=6.9522524 pts=0 intervention=false warning=false braking=true lifecycle=released_verified_stop range=null bearing=null rss=16.007545
         1788690213.006  4644  4675 I AebsFrameSubscriber: onMessagesAvailable callback
         1788690213.007  4644  4675 I AebsFrameSubscriber: readNextMessages count=1
         1788690213.007  4644  4675 I MainActivity: onGatewayFrame: frame seq=1702 egoSpeed=6.9522524 pts=0 intervention=false warning=false braking=true lifecycle=released_verified_stop range=null bearing=null rss=16.007545
         1788690213.106  4644  4675 I AebsFrameSubscriber: onMessagesAvailable callback
         1788690213.106  4644  4675 I AebsFrameSubscriber: readNextMessages count=1
         1788690213.106  4644  4675 I MainActivity: onGatewayFrame: frame seq=1703 egoSpeed=6.9522524 pts=0 intervention=false warning=false braking=true lifecycle=released_verified_stop range=null bearing=null rss=16.007545
         1788690213.206  4644  4675 I AebsFrameSubscriber: onMessagesAvailable callback
         1788690213.206  4644  4675 I AebsFrameSubscriber: readNextMessages count=1
         1788690213.206  4644  4675 I MainActivity: onGatewayFrame: frame seq=1704 egoSpeed=6.9522524 pts=0 intervention=false warning=false braking=true lifecycle=released_verified_stop range=null bearing=null rss=16.007545
         1788690213.306  4644  4675 I AebsFrameSubscriber: onMessagesAvailable callback
         1788690213.306  4644  4675 I AebsFrameSubscriber: readNextMessages count=1
         1788690213.306  4644  4675 I MainActivity: onGatewayFrame: frame seq=1705 egoSpeed=6.9522524 pts=0 intervention=false warning=false braking=true lifecycle=released_verified_stop range=null bearing=null rss=16.007545
         1788690213.406  4644  4675 I AebsFrameSubscriber: onMessagesAvailable callback
         1788690213.406  4644  4675 I AebsFrameSubscriber: readNextMessages count=1
         1788690213.406  4644  4675 I MainActivity: onGatewayFrame: frame seq=1706 egoSpeed=6.9522524 pts=0 intervention=false warning=false braking=true lifecycle=released_verified_stop range=null bearing=null rss=16.007545
         1788690213.506  4644  4675 I AebsFrameSubscriber: onMessagesAvailable callback
         1788690213.506  4644  4675 I AebsFrameSubscriber: readNextMessages count=1
         1788690213.507  4644  4675 I MainActivity: onGatewayFrame: frame seq=1707 egoSpeed=6.9522524 pts=0 intervention=false warning=false braking=true lifecycle=released_verified_stop range=null bearing=null rss=16.007545
         1788690213.606  4644  4675 I AebsFrameSubscriber: onMessagesAvailable callback
         1788690213.606  4644  4675 I AebsFrameSubscriber: readNextMessages count=1
         1788690213.606  4644  4675 I MainActivity: onGatewayFrame: frame seq=1708 egoSpeed=6.9522524 pts=0 intervention=false warning=false braking=true lifecycle=released_verified_stop range=null bearing=null rss=16.007545
         1788690213.706  4644  4675 I AebsFrameSubscriber: onMessagesAvailable callback
         1788690213.706  4644  4675 I AebsFrameSubscriber: readNextMessages count=1
         1788690213.706  4644  4675 I MainActivity: onGatewayFrame: frame seq=1709 egoSpeed=6.9522524 pts=0 intervention=false warning=false braking=true lifecycle=released_verified_stop range=null bearing=null rss=16.007545
         1788690213.806  4644  4675 I AebsFrameSubscriber: onMessagesAvailable callback
         1788690213.806  4644  4675 I AebsFrameSubscriber: readNextMessages count=1
         1788690213.806  4644  4675 I MainActivity: onGatewayFrame: frame seq=1710 egoSpeed=6.9522524 pts=0 intervention=false warning=false braking=true lifecycle=released_verified_stop range=null bearing=null rss=16.007545
         1788690213.906  4644  4675 I AebsFrameSubscriber: onMessagesAvailable callback
         1788690213.906  4644  4675 I AebsFrameSubscriber: readNextMessages count=1
         1788690213.907  4644  4675 I MainActivity: onGatewayFrame: frame seq=1711 egoSpeed=6.9522524 pts=0 intervention=false warning=false braking=true lifecycle=released_verified_stop range=null bearing=null rss=16.007545
         1788690214.126  4644  4675 I AebsFrameSubscriber: readNextMessages count=2
         1788690214.127  4644  4675 I MainActivity: onGatewayFrame: frame seq=1712 egoSpeed=6.9522524 pts=0 intervention=false warning=false braking=true lifecycle=released_verified_stop range=null bearing=null rss=16.007545
         1788690214.127  4644  4675 I MainActivity: onGatewayFrame: frame seq=1713 egoSpeed=6.9522524 pts=0 intervention=false warning=false braking=true lifecycle=released_verified_stop range=null bearing=null rss=16.007545
         1788690214.127  4644  4675 I AebsFrameSubscriber: onMessagesAvailable callback
         1788690214.127  4644  4675 I AebsFrameSubscriber: onMessagesAvailable callback
         1788690214.206  4644  4675 I AebsFrameSubscriber: onMessagesAvailable callback
         1788690214.206  4644  4675 I AebsFrameSubscriber: readNextMessages count=1
         1788690214.207  4644  4675 I MainActivity: onGatewayFrame: frame seq=1714 egoSpeed=6.9522524 pts=0 intervention=false warning=false braking=true lifecycle=released_verified_stop range=null bearing=null rss=16.007545
         1788690214.306  4644  4675 I AebsFrameSubscriber: onMessagesAvailable callback
         1788690214.306  4644  4675 I AebsFrameSubscriber: readNextMessages count=1
         1788690214.306  4644  4675 I MainActivity: onGatewayFrame: frame seq=1715 egoSpeed=6.9522524 pts=0 intervention=false warning=false braking=true lifecycle=released_verified_stop range=null bearing=null rss=16.007545
         1788690214.406  4644  4675 I AebsFrameSubscriber: onMessagesAvailable callback
         1788690214.407  4644  4675 I AebsFrameSubscriber: readNextMessages count=1
         1788690214.407  4644  4675 I MainActivity: onGatewayFrame: frame seq=1716 egoSpeed=6.9522524 pts=0 intervention=false warning=false braking=true lifecycle=released_verified_stop range=null bearing=null rss=16.007545
         1788690214.506  4644  4675 I AebsFrameSubscriber: onMessagesAvailable callback
         1788690214.506  4644  4675 I AebsFrameSubscriber: readNextMessages count=1
         1788690214.506  4644  4675 I MainActivity: onGatewayFrame: frame seq=1717 egoSpeed=6.9522524 pts=0 intervention=false warning=false braking=true lifecycle=released_verified_stop range=null bearing=null rss=16.007545
         1788690214.606  4644  4675 I AebsFrameSubscriber: onMessagesAvailable callback
         1788690214.607  4644  4675 I AebsFrameSubscriber: readNextMessages count=1
         1788690214.607  4644  4675 I MainActivity: onGatewayFrame: frame seq=1718 egoSpeed=6.9522524 pts=0 intervention=false warning=false braking=true lifecycle=released_verified_stop range=null bearing=null rss=16.007545
         1788690214.706  4644  4675 I AebsFrameSubscriber: onMessagesAvailable callback
         1788690214.706  4644  4675 I AebsFrameSubscriber: readNextMessages count=1
         1788690214.706  4644  4675 I MainActivity: onGatewayFrame: frame seq=1719 egoSpeed=6.9522524 pts=0 intervention=false warning=false braking=true lifecycle=released_verified_stop range=null bearing=null rss=16.007545
         1788690214.806  4644  4675 I AebsFrameSubscriber: onMessagesAvailable callback
         1788690214.806  4644  4675 I AebsFrameSubscriber: readNextMessages count=1
         1788690214.806  4644  4675 I MainActivity: onGatewayFrame: frame seq=1720 egoSpeed=6.9522524 pts=0 intervention=false warning=false braking=true lifecycle=released_verified_stop range=null bearing=null rss=16.007545
         1788690214.905  4644  4675 I AebsFrameSubscriber: onMessagesAvailable callback
         1788690214.906  4644  4675 I AebsFrameSubscriber: readNextMessages count=1
         1788690214.906  4644  4675 I MainActivity: onGatewayFrame: frame seq=1721 egoSpeed=6.9522524 pts=0 intervention=false warning=false braking=true lifecycle=released_verified_stop range=null bearing=null rss=16.007545
         1788690215.006  4644  4675 I AebsFrameSubscriber: onMessagesAvailable callback
         1788690215.006  4644  4675 I AebsFrameSubscriber: readNextMessages count=1
         1788690215.006  4644  4675 I MainActivity: onGatewayFrame: frame seq=1722 egoSpeed=6.9522524 pts=0 intervention=false warning=false braking=true lifecycle=released_verified_stop range=null bearing=null rss=16.007545
         1788690215.105  4644  4675 I AebsFrameSubscriber: onMessagesAvailable callback
         1788690215.106  4644  4675 I AebsFrameSubscriber: readNextMessages count=1
         1788690215.106  4644  4675 I MainActivity: onGatewayFrame: frame seq=1723 egoSpeed=6.9522524 pts=0 intervention=false warning=false braking=true lifecycle=released_verified_stop range=null bearing=null rss=16.007545
         1788690215.206  4644  4675 I AebsFrameSubscriber: onMessagesAvailable callback
         1788690215.207  4644  4675 I AebsFrameSubscriber: readNextMessages count=1
         1788690215.207  4644  4675 I MainActivity: onGatewayFrame: frame seq=1724 egoSpeed=6.9522524 pts=0 intervention=false warning=false braking=true lifecycle=released_verified_stop range=null bearing=null rss=16.007545
         1788690215.306  4644  4675 I AebsFrameSubscriber: onMessagesAvailable callback
         1788690215.306  4644  4675 I AebsFrameSubscriber: readNextMessages count=1
         1788690215.306  4644  4675 I MainActivity: onGatewayFrame: frame seq=1725 egoSpeed=6.9522524 pts=0 intervention=false warning=false braking=true lifecycle=released_verified_stop range=null bearing=null rss=16.007545
         1788690215.406  4644  4675 I AebsFrameSubscriber: onMessagesAvailable callback
         1788690215.406  4644  4675 I AebsFrameSubscriber: readNextMessages count=1
         1788690215.407  4644  4675 I MainActivity: onGatewayFrame: frame seq=1726 egoSpeed=6.9522524 pts=0 intervention=false warning=false braking=true lifecycle=released_verified_stop range=null bearing=null rss=16.007545
         1788690215.505  4644  4675 I AebsFrameSubscriber: onMessagesAvailable callback
         1788690215.506  4644  4675 I AebsFrameSubscriber: readNextMessages count=1
         1788690215.506  4644  4675 I MainActivity: onGatewayFrame: frame seq=1727 egoSpeed=6.9522524 pts=0 intervention=false warning=false braking=true lifecycle=released_verified_stop range=null bearing=null rss=16.007545
         1788690215.606  4644  4675 I AebsFrameSubscriber: onMessagesAvailable callback
         1788690215.606  4644  4675 I AebsFrameSubscriber: readNextMessages count=1
         1788690215.607  4644  4675 I MainActivity: onGatewayFrame: frame seq=1728 egoSpeed=6.9522524 pts=0 intervention=false warning=false braking=true lifecycle=released_verified_stop range=null bearing=null rss=16.007545
         1788690215.705  4644  4675 I AebsFrameSubscriber: onMessagesAvailable callback
         1788690215.706  4644  4675 I AebsFrameSubscriber: readNextMessages count=1
         1788690215.706  4644  4675 I MainActivity: onGatewayFrame: frame seq=1729 egoSpeed=6.9522524 pts=0 intervention=false warning=false braking=true lifecycle=released_verified_stop range=null bearing=null rss=16.007545
         1788690215.806  4644  4675 I AebsFrameSubscriber: onMessagesAvailable callback
         1788690215.806  4644  4675 I AebsFrameSubscriber: readNextMessages count=1
         1788690215.806  4644  4675 I MainActivity: onGatewayFrame: frame seq=1730 egoSpeed=6.9522524 pts=0 intervention=false warning=false braking=true lifecycle=released_verified_stop range=null bearing=null rss=16.007545
         1788690215.905  4644  4675 I AebsFrameSubscriber: onMessagesAvailable callback
         1788690215.906  4644  4675 I AebsFrameSubscriber: readNextMessages count=1
         1788690215.906  4644  4675 I MainActivity: onGatewayFrame: frame seq=1731 egoSpeed=6.9522524 pts=0 intervention=false warning=false braking=true lifecycle=released_verified_stop range=null bearing=null rss=16.007545
         1788690216.006  4644  4675 I AebsFrameSubscriber: onMessagesAvailable callback
         1788690216.006  4644  4675 I AebsFrameSubscriber: readNextMessages count=1
         1788690216.007  4644  4675 I MainActivity: onGatewayFrame: frame seq=1732 egoSpeed=6.9522524 pts=0 intervention=false warning=false braking=true lifecycle=released_verified_stop range=null bearing=null rss=16.007545
         1788690216.105  4644  4675 I AebsFrameSubscriber: onMessagesAvailable callback
         1788690216.106  4644  4675 I AebsFrameSubscriber: readNextMessages count=1
         1788690216.106  4644  4675 I MainActivity: onGatewayFrame: frame seq=1733 egoSpeed=6.9522524 pts=0 intervention=false warning=false braking=true lifecycle=released_verified_stop range=null bearing=null rss=16.007545
         1788690216.206  4644  4675 I AebsFrameSubscriber: onMessagesAvailable callback
         1788690216.206  4644  4675 I AebsFrameSubscriber: readNextMessages count=1
         1788690216.206  4644  4675 I MainActivity: onGatewayFrame: frame seq=1734 egoSpeed=6.9522524 pts=0 intervention=false warning=false braking=true lifecycle=released_verified_stop range=null bearing=null rss=16.007545
         1788690216.305  4644  4675 I AebsFrameSubscriber: onMessagesAvailable callback
         1788690216.306  4644  4675 I AebsFrameSubscriber: readNextMessages count=1
         1788690216.306  4644  4675 I MainActivity: onGatewayFrame: frame seq=1735 egoSpeed=6.9522524 pts=0 intervention=false warning=false braking=true lifecycle=released_verified_stop range=null bearing=null rss=16.007545
         1788690216.406  4644  4675 I AebsFrameSubscriber: onMessagesAvailable callback
         1788690216.406  4644  4675 I AebsFrameSubscriber: readNextMessages count=1
         1788690216.406  4644  4675 I MainActivity: onGatewayFrame: frame seq=1736 egoSpeed=6.9522524 pts=0 intervention=false warning=false braking=true lifecycle=released_verified_stop range=null bearing=null rss=16.007545
         1788690216.505  4644  4675 I AebsFrameSubscriber: onMessagesAvailable callback
         1788690216.506  4644  4675 I AebsFrameSubscriber: readNextMessages count=1
         1788690216.506  4644  4675 I MainActivity: onGatewayFrame: frame seq=1737 egoSpeed=6.9522524 pts=0 intervention=false warning=false braking=true lifecycle=released_verified_stop range=null bearing=null rss=16.007545
         1788690216.606  4644  4675 I AebsFrameSubscriber: onMessagesAvailable callback
         1788690216.606  4644  4675 I AebsFrameSubscriber: readNextMessages count=1
         1788690216.607  4644  4675 I MainActivity: onGatewayFrame: frame seq=1738 egoSpeed=6.9522524 pts=0 intervention=false warning=false braking=true lifecycle=released_verified_stop range=null bearing=null rss=16.007545
         1788690216.705  4644  4675 I AebsFrameSubscriber: onMessagesAvailable callback
         1788690216.706  4644  4675 I AebsFrameSubscriber: readNextMessages count=1
         1788690216.706  4644  4675 I MainActivity: onGatewayFrame: frame seq=1739 egoSpeed=6.9522524 pts=0 intervention=false warning=false braking=true lifecycle=released_verified_stop range=null bearing=null rss=16.007545
         1788690216.805  4644  4675 I AebsFrameSubscriber: onMessagesAvailable callback
         1788690216.806  4644  4675 I AebsFrameSubscriber: readNextMessages count=1
         1788690216.806  4644  4675 I MainActivity: onGatewayFrame: frame seq=1740 egoSpeed=6.9522524 pts=0 intervention=false warning=false braking=true lifecycle=released_verified_stop range=null bearing=null rss=16.007545
         1788690216.905  4644  4675 I AebsFrameSubscriber: onMessagesAvailable callback
         1788690216.906  4644  4675 I AebsFrameSubscriber: readNextMessages count=1
         1788690216.906  4644  4675 I MainActivity: onGatewayFrame: frame seq=1741 egoSpeed=6.9522524 pts=0 intervention=false warning=false braking=true lifecycle=released_verified_stop range=null bearing=null rss=16.007545
         1788690217.006  4644  4675 I AebsFrameSubscriber: onMessagesAvailable callback
         1788690217.006  4644  4675 I AebsFrameSubscriber: readNextMessages count=1
         1788690217.006  4644  4675 I MainActivity: onGatewayFrame: frame seq=1742 egoSpeed=6.9522524 pts=0 intervention=false warning=false braking=true lifecycle=released_verified_stop range=null bearing=null rss=16.007545
         1788690217.105  4644  4675 I AebsFrameSubscriber: onMessagesAvailable callback
         1788690217.106  4644  4675 I AebsFrameSubscriber: readNextMessages count=1
         1788690217.106  4644  4675 I MainActivity: onGatewayFrame: frame seq=1743 egoSpeed=6.9522524 pts=0 intervention=false warning=false braking=true lifecycle=released_verified_stop range=null bearing=null rss=16.007545
         1788690217.205  4644  4675 I AebsFrameSubscriber: onMessagesAvailable callback
         1788690217.206  4644  4675 I AebsFrameSubscriber: readNextMessages count=1
         1788690217.206  4644  4675 I MainActivity: onGatewayFrame: frame seq=1744 egoSpeed=6.9522524 pts=0 intervention=false warning=false braking=true lifecycle=released_verified_stop range=null bearing=null rss=16.007545
         1788690217.305  4644  4675 I AebsFrameSubscriber: onMessagesAvailable callback
         1788690217.306  4644  4675 I AebsFrameSubscriber: readNextMessages count=1
         1788690217.306  4644  4675 I MainActivity: onGatewayFrame: frame seq=1745 egoSpeed=6.9522524 pts=0 intervention=false warning=false braking=true lifecycle=released_verified_stop range=null bearing=null rss=16.007545
         1788690217.405  4644  4675 I AebsFrameSubscriber: onMessagesAvailable callback
         1788690217.406  4644  4675 I AebsFrameSubscriber: readNextMessages count=1
         1788690217.406  4644  4675 I MainActivity: onGatewayFrame: frame seq=1746 egoSpeed=6.9522524 pts=0 intervention=false warning=false braking=true lifecycle=released_verified_stop range=null bearing=null rss=16.007545
         1788690217.505  4644  4675 I AebsFrameSubscriber: onMessagesAvailable callback
         1788690217.506  4644  4675 I AebsFrameSubscriber: readNextMessages count=1
         1788690217.506  4644  4675 I MainActivity: onGatewayFrame: frame seq=1747 egoSpeed=6.9522524 pts=0 intervention=false warning=false braking=true lifecycle=released_verified_stop range=null bearing=null rss=16.007545
         1788690217.605  4644  4675 I AebsFrameSubscriber: onMessagesAvailable callback
         1788690217.606  4644  4675 I AebsFrameSubscriber: readNextMessages count=1
         1788690217.606  4644  4675 I MainActivity: onGatewayFrame: frame seq=1748 egoSpeed=6.9522524 pts=0 intervention=false warning=false braking=true lifecycle=released_verified_stop range=null bearing=null rss=16.007545
         1788690217.705  4644  4675 I AebsFrameSubscriber: onMessagesAvailable callback
         1788690217.706  4644  4675 I AebsFrameSubscriber: readNextMessages count=1
         1788690217.706  4644  4675 I MainActivity: onGatewayFrame: frame seq=1749 egoSpeed=6.9522524 pts=0 intervention=false warning=false braking=true lifecycle=released_verified_stop range=null bearing=null rss=16.007545
         1788690217.805  4644  4675 I AebsFrameSubscriber: onMessagesAvailable callback
         1788690217.806  4644  4675 I AebsFrameSubscriber: readNextMessages count=1
         1788690217.806  4644  4675 I MainActivity: onGatewayFrame: frame seq=1750 egoSpeed=6.9522524 pts=0 intervention=false warning=false braking=true lifecycle=released_verified_stop range=null bearing=null rss=16.007545
         1788690218.024  4644  4675 I AebsFrameSubscriber: readNextMessages count=2
         1788690218.024  4644  4675 I MainActivity: onGatewayFrame: frame seq=1751 egoSpeed=6.9522524 pts=0 intervention=false warning=false braking=true lifecycle=released_verified_stop range=null bearing=null rss=16.007545
         1788690218.024  4644  4675 I MainActivity: onGatewayFrame: frame seq=1752 egoSpeed=6.9522524 pts=0 intervention=false warning=false braking=true lifecycle=released_verified_stop range=null bearing=null rss=16.007545
         1788690218.024  4644  4675 I AebsFrameSubscriber: onMessagesAvailable callback
         1788690218.024  4644  4675 I AebsFrameSubscriber: onMessagesAvailable callback
         1788690218.105  4644  4675 I AebsFrameSubscriber: onMessagesAvailable callback
         1788690218.106  4644  4675 I AebsFrameSubscriber: readNextMessages count=1
         1788690218.106  4644  4675 I MainActivity: onGatewayFrame: frame seq=1753 egoSpeed=6.9522524 pts=0 intervention=false warning=false braking=true lifecycle=released_verified_stop range=null bearing=null rss=16.007545
         1788690218.205  4644  4675 I AebsFrameSubscriber: onMessagesAvailable callback
         1788690218.206  4644  4675 I AebsFrameSubscriber: readNextMessages count=1
         1788690218.206  4644  4675 I MainActivity: onGatewayFrame: frame seq=1754 egoSpeed=6.9522524 pts=0 intervention=false warning=false braking=true lifecycle=released_verified_stop range=null bearing=null rss=16.007545
         1788690218.305  4644  4675 I AebsFrameSubscriber: onMessagesAvailable callback
         1788690218.306  4644  4675 I AebsFrameSubscriber: readNextMessages count=1
         1788690218.306  4644  4675 I MainActivity: onGatewayFrame: frame seq=1755 egoSpeed=6.9522524 pts=0 intervention=false warning=false braking=true lifecycle=released_verified_stop range=null bearing=null rss=16.007545
         1788690218.405  4644  4675 I AebsFrameSubscriber: onMessagesAvailable callback
         1788690218.406  4644  4675 I AebsFrameSubscriber: readNextMessages count=1
         1788690218.406  4644  4675 I MainActivity: onGatewayFrame: frame seq=1756 egoSpeed=6.9522524 pts=0 intervention=false warning=false braking=true lifecycle=released_verified_stop range=null bearing=null rss=16.007545
         1788690218.505  4644  4675 I AebsFrameSubscriber: onMessagesAvailable callback
         1788690218.506  4644  4675 I AebsFrameSubscriber: readNextMessages count=1
         1788690218.506  4644  4675 I MainActivity: onGatewayFrame: frame seq=1757 egoSpeed=6.9522524 pts=0 intervention=false warning=false braking=true lifecycle=released_verified_stop range=null bearing=null rss=16.007545
         1788690218.605  4644  4675 I AebsFrameSubscriber: onMessagesAvailable callback
         1788690218.606  4644  4675 I AebsFrameSubscriber: readNextMessages count=1
         1788690218.606  4644  4675 I MainActivity: onGatewayFrame: frame seq=1758 egoSpeed=6.9522524 pts=0 intervention=false warning=false braking=true lifecycle=released_verified_stop range=null bearing=null rss=16.007545
         1788690218.705  4644  4675 I AebsFrameSubscriber: onMessagesAvailable callback
         1788690218.706  4644  4675 I AebsFrameSubscriber: readNextMessages count=1
         1788690218.706  4644  4675 I MainActivity: onGatewayFrame: frame seq=1759 egoSpeed=6.9522524 pts=0 intervention=false warning=false braking=true lifecycle=released_verified_stop range=null bearing=null rss=16.007545
         1788690218.805  4644  4675 I AebsFrameSubscriber: onMessagesAvailable callback
         1788690218.806  4644  4675 I AebsFrameSubscriber: readNextMessages count=1
         1788690218.806  4644  4675 I MainActivity: onGatewayFrame: frame seq=1760 egoSpeed=6.9522524 pts=0 intervention=false warning=false braking=true lifecycle=released_verified_stop range=null bearing=null rss=16.007545
         1788690218.905  4644  4675 I AebsFrameSubscriber: onMessagesAvailable callback
         1788690218.906  4644  4675 I AebsFrameSubscriber: readNextMessages count=1
         1788690218.906  4644  4675 I MainActivity: onGatewayFrame: frame seq=1761 egoSpeed=6.9522524 pts=0 intervention=false warning=false braking=true lifecycle=released_verified_stop range=null bearing=null rss=16.007545
         1788690219.005  4644  4675 I AebsFrameSubscriber: onMessagesAvailable callback
         1788690219.005  4644  4675 I AebsFrameSubscriber: readNextMessages count=1
         1788690219.005  4644  4675 I MainActivity: onGatewayFrame: frame seq=1762 egoSpeed=6.9522524 pts=0 intervention=false warning=false braking=true lifecycle=released_verified_stop range=null bearing=null rss=16.007545
         1788690219.105  4644  4675 I AebsFrameSubscriber: onMessagesAvailable callback
         1788690219.105  4644  4675 I AebsFrameSubscriber: readNextMessages count=1
         1788690219.106  4644  4675 I MainActivity: onGatewayFrame: frame seq=1763 egoSpeed=6.9522524 pts=0 intervention=false warning=false braking=true lifecycle=released_verified_stop range=null bearing=null rss=16.007545
         1788690219.205  4644  4675 I AebsFrameSubscriber: onMessagesAvailable callback
         1788690219.205  4644  4675 I AebsFrameSubscriber: readNextMessages count=1
         1788690219.206  4644  4675 I MainActivity: onGatewayFrame: frame seq=1764 egoSpeed=6.9522524 pts=0 intervention=false warning=false braking=true lifecycle=released_verified_stop range=null bearing=null rss=16.007545
         1788690219.305  4644  4675 I AebsFrameSubscriber: onMessagesAvailable callback
         1788690219.305  4644  4675 I AebsFrameSubscriber: readNextMessages count=1
         1788690219.306  4644  4675 I MainActivity: onGatewayFrame: frame seq=1765 egoSpeed=6.9522524 pts=0 intervention=false warning=false braking=true lifecycle=released_verified_stop range=null bearing=null rss=16.007545
         1788690219.405  4644  4675 I AebsFrameSubscriber: onMessagesAvailable callback
         1788690219.405  4644  4675 I AebsFrameSubscriber: readNextMessages count=1
         1788690219.405  4644  4675 I MainActivity: onGatewayFrame: frame seq=1766 egoSpeed=6.9522524 pts=0 intervention=false warning=false braking=true lifecycle=released_verified_stop range=null bearing=null rss=16.007545
         1788690219.505  4644  4675 I AebsFrameSubscriber: onMessagesAvailable callback
         1788690219.505  4644  4675 I AebsFrameSubscriber: readNextMessages count=1
         1788690219.505  4644  4675 I MainActivity: onGatewayFrame: frame seq=1767 egoSpeed=6.9522524 pts=0 intervention=false warning=false braking=true lifecycle=released_verified_stop range=null bearing=null rss=16.007545
         1788690219.605  4644  4675 I AebsFrameSubscriber: onMessagesAvailable callback
         1788690219.606  4644  4675 I AebsFrameSubscriber: readNextMessages count=1
         1788690219.606  4644  4675 I MainActivity: onGatewayFrame: frame seq=1768 egoSpeed=6.9522524 pts=0 intervention=false warning=false braking=true lifecycle=released_verified_stop range=null bearing=null rss=16.007545
         1788690219.705  4644  4675 I AebsFrameSubscriber: onMessagesAvailable callback
         1788690219.705  4644  4675 I AebsFrameSubscriber: readNextMessages count=1
         1788690219.705  4644  4675 I MainActivity: onGatewayFrame: frame seq=1769 egoSpeed=6.9522524 pts=0 intervention=false warning=false braking=true lifecycle=released_verified_stop range=null bearing=null rss=16.007545
         1788690219.805  4644  4675 I AebsFrameSubscriber: onMessagesAvailable callback
         1788690219.806  4644  4675 I AebsFrameSubscriber: readNextMessages count=1
         1788690219.806  4644  4675 I MainActivity: onGatewayFrame: frame seq=1770 egoSpeed=6.9522524 pts=0 intervention=false warning=false braking=true lifecycle=released_verified_stop range=null bearing=null rss=16.007545
         1788690219.905  4644  4675 I AebsFrameSubscriber: onMessagesAvailable callback
         1788690219.905  4644  4675 I AebsFrameSubscriber: readNextMessages count=1
         1788690219.905  4644  4675 I MainActivity: onGatewayFrame: frame seq=1771 egoSpeed=6.9522524 pts=0 intervention=false warning=false braking=true lifecycle=released_verified_stop range=null bearing=null rss=16.007545
         1788690220.005  4644  4675 I AebsFrameSubscriber: onMessagesAvailable callback
         1788690220.006  4644  4675 I AebsFrameSubscriber: readNextMessages count=1
         1788690220.006  4644  4675 I MainActivity: onGatewayFrame: frame seq=1772 egoSpeed=6.9522524 pts=0 intervention=false warning=false braking=true lifecycle=released_verified_stop range=null bearing=null rss=16.007545
         1788690220.105  4644  4675 I AebsFrameSubscriber: onMessagesAvailable callback
         1788690220.106  4644  4675 I AebsFrameSubscriber: readNextMessages count=1
         1788690220.106  4644  4675 I MainActivity: onGatewayFrame: frame seq=1773 egoSpeed=6.9522524 pts=0 intervention=false warning=false braking=true lifecycle=released_verified_stop range=null bearing=null rss=16.007545
         1788690220.205  4644  4675 I AebsFrameSubscriber: onMessagesAvailable callback
         1788690220.205  4644  4675 I AebsFrameSubscriber: readNextMessages count=1
         1788690220.205  4644  4675 I MainActivity: onGatewayFrame: frame seq=1774 egoSpeed=6.9522524 pts=0 intervention=false warning=false braking=true lifecycle=released_verified_stop range=null bearing=null rss=16.007545
         1788690220.305  4644  4675 I AebsFrameSubscriber: onMessagesAvailable callback
         1788690220.305  4644  4675 I AebsFrameSubscriber: readNextMessages count=1
         1788690220.305  4644  4675 I MainActivity: onGatewayFrame: frame seq=1775 egoSpeed=6.9522524 pts=0 intervention=false warning=false braking=true lifecycle=released_verified_stop range=null bearing=null rss=16.007545
         1788690220.405  4644  4675 I AebsFrameSubscriber: onMessagesAvailable callback
         1788690220.405  4644  4675 I AebsFrameSubscriber: readNextMessages count=1
         1788690220.406  4644  4675 I MainActivity: onGatewayFrame: frame seq=1776 egoSpeed=6.9522524 pts=0 intervention=false warning=false braking=true lifecycle=released_verified_stop range=null bearing=null rss=16.007545
         1788690220.505  4644  4675 I AebsFrameSubscriber: onMessagesAvailable callback
         1788690220.505  4644  4675 I AebsFrameSubscriber: readNextMessages count=1
         1788690220.506  4644  4675 I MainActivity: onGatewayFrame: frame seq=1777 egoSpeed=6.9522524 pts=0 intervention=false warning=false braking=true lifecycle=released_verified_stop range=null bearing=null rss=16.007545
         1788690220.605  4644  4675 I AebsFrameSubscriber: onMessagesAvailable callback
         1788690220.605  4644  4675 I AebsFrameSubscriber: readNextMessages count=1
         1788690220.606  4644  4675 I MainActivity: onGatewayFrame: frame seq=1778 egoSpeed=6.9522524 pts=0 intervention=false warning=false braking=true lifecycle=released_verified_stop range=null bearing=null rss=16.007545
         1788690220.705  4644  4675 I AebsFrameSubscriber: onMessagesAvailable callback
         1788690220.706  4644  4675 I AebsFrameSubscriber: readNextMessages count=1
         1788690220.706  4644  4675 I MainActivity: onGatewayFrame: frame seq=1779 egoSpeed=6.9522524 pts=0 intervention=false warning=false braking=true lifecycle=released_verified_stop range=null bearing=null rss=16.007545
         1788690220.805  4644  4675 I AebsFrameSubscriber: onMessagesAvailable callback
         1788690220.805  4644  4675 I AebsFrameSubscriber: readNextMessages count=1
         1788690220.805  4644  4675 I MainActivity: onGatewayFrame: frame seq=1780 egoSpeed=6.9522524 pts=0 intervention=false warning=false braking=true lifecycle=released_verified_stop range=null bearing=null rss=16.007545
         1788690220.905  4644  4675 I AebsFrameSubscriber: onMessagesAvailable callback
         1788690220.906  4644  4675 I AebsFrameSubscriber: readNextMessages count=1
         1788690220.906  4644  4675 I MainActivity: onGatewayFrame: frame seq=1781 egoSpeed=6.9522524 pts=0 intervention=false warning=false braking=true lifecycle=released_verified_stop range=null bearing=null rss=16.007545
         1788690221.005  4644  4675 I AebsFrameSubscriber: onMessagesAvailable callback
         1788690221.005  4644  4675 I AebsFrameSubscriber: readNextMessages count=1
         1788690221.005  4644  4675 I MainActivity: onGatewayFrame: frame seq=1782 egoSpeed=6.9522524 pts=0 intervention=false warning=false braking=true lifecycle=released_verified_stop range=null bearing=null rss=16.007545
         1788690221.105  4644  4675 I AebsFrameSubscriber: onMessagesAvailable callback
         1788690221.105  4644  4675 I AebsFrameSubscriber: readNextMessages count=1
         1788690221.105  4644  4675 I MainActivity: onGatewayFrame: frame seq=1783 egoSpeed=6.9522524 pts=0 intervention=false warning=false braking=true lifecycle=released_verified_stop range=null bearing=null rss=16.007545
         1788690221.205  4644  4675 I AebsFrameSubscriber: onMessagesAvailable callback
         1788690221.205  4644  4675 I AebsFrameSubscriber: readNextMessages count=1
         1788690221.206  4644  4675 I MainActivity: onGatewayFrame: frame seq=1784 egoSpeed=6.9522524 pts=0 intervention=false warning=false braking=true lifecycle=released_verified_stop range=null bearing=null rss=16.007545
         1788690221.305  4644  4675 I AebsFrameSubscriber: onMessagesAvailable callback
         1788690221.305  4644  4675 I AebsFrameSubscriber: readNextMessages count=1
         1788690221.306  4644  4675 I MainActivity: onGatewayFrame: frame seq=1785 egoSpeed=6.9522524 pts=0 intervention=false warning=false braking=true lifecycle=released_verified_stop range=null bearing=null rss=16.007545
         1788690221.405  4644  4675 I AebsFrameSubscriber: onMessagesAvailable callback
         1788690221.405  4644  4675 I AebsFrameSubscriber: readNextMessages count=1
         1788690221.406  4644  4675 I MainActivity: onGatewayFrame: frame seq=1786 egoSpeed=6.9522524 pts=0 intervention=false warning=false braking=true lifecycle=released_verified_stop range=null bearing=null rss=16.007545
         1788690221.505  4644  4675 I AebsFrameSubscriber: onMessagesAvailable callback
         1788690221.505  4644  4675 I AebsFrameSubscriber: readNextMessages count=1
         1788690221.506  4644  4675 I MainActivity: onGatewayFrame: frame seq=1787 egoSpeed=6.9522524 pts=0 intervention=false warning=false braking=true lifecycle=released_verified_stop range=null bearing=null rss=16.007545
         1788690221.605  4644  4675 I AebsFrameSubscriber: onMessagesAvailable callback
         1788690221.605  4644  4675 I AebsFrameSubscriber: readNextMessages count=1
         1788690221.606  4644  4675 I MainActivity: onGatewayFrame: frame seq=1788 egoSpeed=6.9522524 pts=0 intervention=false warning=false braking=true lifecycle=released_verified_stop range=null bearing=null rss=16.007545
         1788690221.705  4644  4675 I AebsFrameSubscriber: onMessagesAvailable callback
         1788690221.706  4644  4675 I AebsFrameSubscriber: readNextMessages count=1
         1788690221.706  4644  4675 I MainActivity: onGatewayFrame: frame seq=1789 egoSpeed=6.9522524 pts=0 intervention=false warning=false braking=true lifecycle=released_verified_stop range=null bearing=null rss=16.007545
         1788690221.805  4644  4675 I AebsFrameSubscriber: onMessagesAvailable callback
         1788690221.806  4644  4675 I AebsFrameSubscriber: readNextMessages count=1
         1788690221.806  4644  4675 I MainActivity: onGatewayFrame: frame seq=1790 egoSpeed=6.9522524 pts=0 intervention=false warning=false braking=true lifecycle=released_verified_stop range=null bearing=null rss=16.007545
         1788690222.019  4644  4675 I AebsFrameSubscriber: readNextMessages count=2
         1788690222.019  4644  4675 I MainActivity: onGatewayFrame: frame seq=1791 egoSpeed=6.9522524 pts=0 intervention=false warning=false braking=true lifecycle=released_verified_stop range=null bearing=null rss=16.007545
         1788690222.019  4644  4675 I MainActivity: onGatewayFrame: frame seq=1792 egoSpeed=6.9522524 pts=0 intervention=false warning=false braking=true lifecycle=released_verified_stop range=null bearing=null rss=16.007545
         1788690222.019  4644  4675 I AebsFrameSubscriber: onMessagesAvailable callback
         1788690222.019  4644  4675 I AebsFrameSubscriber: onMessagesAvailable callback
         1788690222.105  4644  4675 I AebsFrameSubscriber: onMessagesAvailable callback
         1788690222.106  4644  4675 I AebsFrameSubscriber: readNextMessages count=1
         1788690222.106  4644  4675 I MainActivity: onGatewayFrame: frame seq=1793 egoSpeed=6.9522524 pts=0 intervention=false warning=false braking=true lifecycle=released_verified_stop range=null bearing=null rss=16.007545
         1788690222.205  4644  4675 I AebsFrameSubscriber: onMessagesAvailable callback
         1788690222.205  4644  4675 I AebsFrameSubscriber: readNextMessages count=1
         1788690222.206  4644  4675 I MainActivity: onGatewayFrame: frame seq=1794 egoSpeed=6.9522524 pts=0 intervention=false warning=false braking=true lifecycle=released_verified_stop range=null bearing=null rss=16.007545
         1788690222.305  4644  4675 I AebsFrameSubscriber: onMessagesAvailable callback
         1788690222.305  4644  4675 I AebsFrameSubscriber: readNextMessages count=1
         1788690222.306  4644  4675 I MainActivity: onGatewayFrame: frame seq=1795 egoSpeed=6.9522524 pts=0 intervention=false warning=false braking=true lifecycle=released_verified_stop range=null bearing=null rss=16.007545
         1788690222.405  4644  4675 I AebsFrameSubscriber: onMessagesAvailable callback
         1788690222.405  4644  4675 I AebsFrameSubscriber: readNextMessages count=1
         1788690222.405  4644  4675 I MainActivity: onGatewayFrame: frame seq=1796 egoSpeed=6.9522524 pts=0 intervention=false warning=false braking=true lifecycle=released_verified_stop range=null bearing=null rss=16.007545
         1788690222.506  4644  4675 I AebsFrameSubscriber: onMessagesAvailable callback
         1788690222.506  4644  4675 I AebsFrameSubscriber: readNextMessages count=1
         1788690222.506  4644  4675 I MainActivity: onGatewayFrame: frame seq=1797 egoSpeed=6.9522524 pts=0 intervention=false warning=false braking=true lifecycle=released_verified_stop range=null bearing=null rss=16.007545
         1788690222.605  4644  4675 I AebsFrameSubscriber: onMessagesAvailable callback
         1788690222.605  4644  4675 I AebsFrameSubscriber: readNextMessages count=1
         1788690222.605  4644  4675 I MainActivity: onGatewayFrame: frame seq=1798 egoSpeed=6.9522524 pts=0 intervention=false warning=false braking=true lifecycle=released_verified_stop range=null bearing=null rss=16.007545
         1788690222.706  4644  4675 I AebsFrameSubscriber: onMessagesAvailable callback
         1788690222.706  4644  4675 I AebsFrameSubscriber: readNextMessages count=1
         1788690222.706  4644  4675 I MainActivity: onGatewayFrame: frame seq=1799 egoSpeed=6.9522524 pts=0 intervention=false warning=false braking=true lifecycle=released_verified_stop range=null bearing=null rss=16.007545
         1788690222.805  4644  4675 I AebsFrameSubscriber: onMessagesAvailable callback
         1788690222.805  4644  4675 I AebsFrameSubscriber: readNextMessages count=1
         1788690222.805  4644  4675 I MainActivity: onGatewayFrame: frame seq=1800 egoSpeed=6.9522524 pts=0 intervention=false warning=false braking=true lifecycle=released_verified_stop range=null bearing=null rss=16.007545
         1788690222.905  4644  4675 I AebsFrameSubscriber: onMessagesAvailable callback
         1788690222.905  4644  4675 I AebsFrameSubscriber: readNextMessages count=1
         1788690222.906  4644  4675 I MainActivity: onGatewayFrame: frame seq=1801 egoSpeed=6.9522524 pts=0 intervention=false warning=false braking=true lifecycle=released_verified_stop range=null bearing=null rss=16.007545
         1788690223.005  4644  4675 I AebsFrameSubscriber: onMessagesAvailable callback
         1788690223.005  4644  4675 I AebsFrameSubscriber: readNextMessages count=1
         1788690223.005  4644  4675 I MainActivity: onGatewayFrame: frame seq=1802 egoSpeed=6.9522524 pts=0 intervention=false warning=false braking=true lifecycle=released_verified_stop range=null bearing=null rss=16.007545
         1788690223.105  4644  4675 I AebsFrameSubscriber: onMessagesAvailable callback
         1788690223.106  4644  4675 I AebsFrameSubscriber: readNextMessages count=1
         1788690223.106  4644  4675 I MainActivity: onGatewayFrame: frame seq=1803 egoSpeed=6.9522524 pts=0 intervention=false warning=false braking=true lifecycle=released_verified_stop range=null bearing=null rss=16.007545
         1788690223.205  4644  4675 I AebsFrameSubscriber: onMessagesAvailable callback
         1788690223.205  4644  4675 I AebsFrameSubscriber: readNextMessages count=1
         1788690223.205  4644  4675 I MainActivity: onGatewayFrame: frame seq=1804 egoSpeed=6.9522524 pts=0 intervention=false warning=false braking=true lifecycle=released_verified_stop range=null bearing=null rss=16.007545
         1788690223.306  4644  4675 I AebsFrameSubscriber: onMessagesAvailable callback
         1788690223.307  4644  4675 I AebsFrameSubscriber: readNextMessages count=1
         1788690223.307  4644  4675 I MainActivity: onGatewayFrame: frame seq=1805 egoSpeed=6.9522524 pts=0 intervention=false warning=false braking=true lifecycle=released_verified_stop range=null bearing=null rss=16.007545
         1788690223.404  4644  4675 I AebsFrameSubscriber: onMessagesAvailable callback
         1788690223.405  4644  4675 I AebsFrameSubscriber: readNextMessages count=1
         1788690223.405  4644  4675 I MainActivity: onGatewayFrame: frame seq=1806 egoSpeed=6.9522524 pts=0 intervention=false warning=false braking=true lifecycle=released_verified_stop range=null bearing=null rss=16.007545
         1788690223.505  4644  4675 I AebsFrameSubscriber: onMessagesAvailable callback
         1788690223.506  4644  4675 I AebsFrameSubscriber: readNextMessages count=1
         1788690223.506  4644  4675 I MainActivity: onGatewayFrame: frame seq=1807 egoSpeed=6.9522524 pts=0 intervention=false warning=false braking=true lifecycle=released_verified_stop range=null bearing=null rss=16.007545
         1788690223.605  4644  4675 I AebsFrameSubscriber: onMessagesAvailable callback
         1788690223.605  4644  4675 I AebsFrameSubscriber: readNextMessages count=1
         1788690223.605  4644  4675 I MainActivity: onGatewayFrame: frame seq=1808 egoSpeed=6.9522524 pts=0 intervention=false warning=false braking=true lifecycle=released_verified_stop range=null bearing=null rss=16.007545
         1788690223.705  4644  4675 I AebsFrameSubscriber: onMessagesAvailable callback
         1788690223.705  4644  4675 I AebsFrameSubscriber: readNextMessages count=1
         1788690223.705  4644  4675 I MainActivity: onGatewayFrame: frame seq=1809 egoSpeed=6.9522524 pts=0 intervention=false warning=false braking=true lifecycle=released_verified_stop range=null bearing=null rss=16.007545
         1788690223.805  4644  4675 I AebsFrameSubscriber: onMessagesAvailable callback
         1788690223.805  4644  4675 I AebsFrameSubscriber: readNextMessages count=1
         1788690223.805  4644  4675 I MainActivity: onGatewayFrame: frame seq=1810 egoSpeed=6.9522524 pts=0 intervention=false warning=false braking=true lifecycle=released_verified_stop range=null bearing=null rss=16.007545
         1788690223.904  4644  4675 I AebsFrameSubscriber: onMessagesAvailable callback
         1788690223.905  4644  4675 I AebsFrameSubscriber: readNextMessages count=1
         1788690223.905  4644  4675 I MainActivity: onGatewayFrame: frame seq=1811 egoSpeed=6.9522524 pts=0 intervention=false warning=false braking=true lifecycle=released_verified_stop range=null bearing=null rss=16.007545
         1788690224.005  4644  4675 I AebsFrameSubscriber: onMessagesAvailable callback
         1788690224.005  4644  4675 I AebsFrameSubscriber: readNextMessages count=1
         1788690224.005  4644  4675 I MainActivity: onGatewayFrame: frame seq=1812 egoSpeed=6.9522524 pts=0 intervention=false warning=false braking=true lifecycle=released_verified_stop range=null bearing=null rss=16.007545
         1788690224.105  4644  4675 I AebsFrameSubscriber: onMessagesAvailable callback
         1788690224.105  4644  4675 I AebsFrameSubscriber: readNextMessages count=1
         1788690224.106  4644  4675 I MainActivity: onGatewayFrame: frame seq=1813 egoSpeed=6.9522524 pts=0 intervention=false warning=false braking=true lifecycle=released_verified_stop range=null bearing=null rss=16.007545
         1788690224.205  4644  4675 I AebsFrameSubscriber: onMessagesAvailable callback
         1788690224.205  4644  4675 I AebsFrameSubscriber: readNextMessages count=1
         1788690224.205  4644  4675 I MainActivity: onGatewayFrame: frame seq=1814 egoSpeed=6.9522524 pts=0 intervention=false warning=false braking=true lifecycle=released_verified_stop range=null bearing=null rss=16.007545
         1788690224.305  4644  4675 I AebsFrameSubscriber: onMessagesAvailable callback
         1788690224.305  4644  4675 I AebsFrameSubscriber: readNextMessages count=1
         1788690224.306  4644  4675 I MainActivity: onGatewayFrame: frame seq=1815 egoSpeed=6.9522524 pts=0 intervention=false warning=false braking=true lifecycle=released_verified_stop range=null bearing=null rss=16.007545
         1788690224.405  4644  4675 I AebsFrameSubscriber: onMessagesAvailable callback
         1788690224.405  4644  4675 I AebsFrameSubscriber: readNextMessages count=1
         1788690224.405  4644  4675 I MainActivity: onGatewayFrame: frame seq=1816 egoSpeed=6.9522524 pts=0 intervention=false warning=false braking=true lifecycle=released_verified_stop range=null bearing=null rss=16.007545
         1788690224.505  4644  4675 I AebsFrameSubscriber: onMessagesAvailable callback
         1788690224.505  4644  4675 I AebsFrameSubscriber: readNextMessages count=1
         1788690224.505  4644  4675 I MainActivity: onGatewayFrame: frame seq=1817 egoSpeed=6.9522524 pts=0 intervention=false warning=false braking=true lifecycle=released_verified_stop range=null bearing=null rss=16.007545
         1788690224.605  4644  4675 I AebsFrameSubscriber: onMessagesAvailable callback
         1788690224.605  4644  4675 I AebsFrameSubscriber: readNextMessages count=1
         1788690224.605  4644  4675 I MainActivity: onGatewayFrame: frame seq=1818 egoSpeed=6.9522524 pts=0 intervention=false warning=false braking=true lifecycle=released_verified_stop range=null bearing=null rss=16.007545
         1788690224.705  4644  4675 I AebsFrameSubscriber: onMessagesAvailable callback
         1788690224.706  4644  4675 I AebsFrameSubscriber: readNextMessages count=1
         1788690224.706  4644  4675 I MainActivity: onGatewayFrame: frame seq=1819 egoSpeed=6.9522524 pts=0 intervention=false warning=false braking=true lifecycle=released_verified_stop range=null bearing=null rss=16.007545
         1788690224.805  4644  4675 I AebsFrameSubscriber: onMessagesAvailable callback
         1788690224.805  4644  4675 I AebsFrameSubscriber: readNextMessages count=1
         1788690224.805  4644  4675 I MainActivity: onGatewayFrame: frame seq=1820 egoSpeed=6.9522524 pts=0 intervention=false warning=false braking=true lifecycle=released_verified_stop range=null bearing=null rss=16.007545
         1788690224.905  4644  4675 I AebsFrameSubscriber: onMessagesAvailable callback
         1788690224.905  4644  4675 I AebsFrameSubscriber: readNextMessages count=1
         1788690224.905  4644  4675 I MainActivity: onGatewayFrame: frame seq=1821 egoSpeed=6.9522524 pts=0 intervention=false warning=false braking=true lifecycle=released_verified_stop range=null bearing=null rss=16.007545
         1788690225.005  4644  4675 I AebsFrameSubscriber: onMessagesAvailable callback
         1788690225.005  4644  4675 I AebsFrameSubscriber: readNextMessages count=1
         1788690225.005  4644  4675 I MainActivity: onGatewayFrame: frame seq=1822 egoSpeed=6.9522524 pts=0 intervention=false warning=false braking=true lifecycle=released_verified_stop range=null bearing=null rss=16.007545
         1788690225.105  4644  4675 I AebsFrameSubscriber: onMessagesAvailable callback
         1788690225.105  4644  4675 I AebsFrameSubscriber: readNextMessages count=1
         1788690225.105  4644  4675 I MainActivity: onGatewayFrame: frame seq=1823 egoSpeed=6.9522524 pts=0 intervention=false warning=false braking=true lifecycle=released_verified_stop range=null bearing=null rss=16.007545
         1788690225.205  4644  4675 I AebsFrameSubscriber: onMessagesAvailable callback
         1788690225.205  4644  4675 I AebsFrameSubscriber: readNextMessages count=1
         1788690225.205  4644  4675 I MainActivity: onGatewayFrame: frame seq=1824 egoSpeed=6.9522524 pts=0 intervention=false warning=false braking=true lifecycle=released_verified_stop range=null bearing=null rss=16.007545
         1788690225.305  4644  4675 I AebsFrameSubscriber: onMessagesAvailable callback
         1788690225.305  4644  4675 I AebsFrameSubscriber: readNextMessages count=1
         1788690225.305  4644  4675 I MainActivity: onGatewayFrame: frame seq=1825 egoSpeed=6.9522524 pts=0 intervention=false warning=false braking=true lifecycle=released_verified_stop range=null bearing=null rss=16.007545
         1788690225.404  4644  4675 I AebsFrameSubscriber: onMessagesAvailable callback
         1788690225.405  4644  4675 I AebsFrameSubscriber: readNextMessages count=1
         1788690225.405  4644  4675 I MainActivity: onGatewayFrame: frame seq=1826 egoSpeed=6.9522524 pts=0 intervention=false warning=false braking=true lifecycle=released_verified_stop range=null bearing=null rss=16.007545
         1788690225.504  4644  4675 I AebsFrameSubscriber: onMessagesAvailable callback
         1788690225.505  4644  4675 I AebsFrameSubscriber: readNextMessages count=1
         1788690225.505  4644  4675 I MainActivity: onGatewayFrame: frame seq=1827 egoSpeed=6.9522524 pts=0 intervention=false warning=false braking=true lifecycle=released_verified_stop range=null bearing=null rss=16.007545
         1788690225.605  4644  4675 I AebsFrameSubscriber: onMessagesAvailable callback
         1788690225.605  4644  4675 I AebsFrameSubscriber: readNextMessages count=1
         1788690225.605  4644  4675 I MainActivity: onGatewayFrame: frame seq=1828 egoSpeed=6.9522524 pts=0 intervention=false warning=false braking=true lifecycle=released_verified_stop range=null bearing=null rss=16.007545
         1788690225.705  4644  4675 I AebsFrameSubscriber: onMessagesAvailable callback
         1788690225.705  4644  4675 I AebsFrameSubscriber: readNextMessages count=1
         1788690225.706  4644  4675 I MainActivity: onGatewayFrame: frame seq=1829 egoSpeed=6.9522524 pts=0 intervention=false warning=false braking=true lifecycle=released_verified_stop range=null bearing=null rss=16.007545
         1788690225.924  4644  4675 I AebsFrameSubscriber: readNextMessages count=2
         1788690225.925  4644  4675 I MainActivity: onGatewayFrame: frame seq=1830 egoSpeed=6.9522524 pts=0 intervention=false warning=false braking=true lifecycle=released_verified_stop range=null bearing=null rss=16.007545
         1788690225.925  4644  4675 I MainActivity: onGatewayFrame: frame seq=1831 egoSpeed=6.9522524 pts=0 intervention=false warning=false braking=true lifecycle=released_verified_stop range=null bearing=null rss=16.007545
         1788690225.925  4644  4675 I AebsFrameSubscriber: onMessagesAvailable callback
         1788690225.925  4644  4675 I AebsFrameSubscriber: onMessagesAvailable callback
         1788690226.004  4644  4675 I AebsFrameSubscriber: onMessagesAvailable callback
         1788690226.005  4644  4675 I AebsFrameSubscriber: readNextMessages count=1
         1788690226.005  4644  4675 I MainActivity: onGatewayFrame: frame seq=1832 egoSpeed=6.9522524 pts=0 intervention=false warning=false braking=true lifecycle=released_verified_stop range=null bearing=null rss=16.007545
         1788690226.104  4644  4675 I AebsFrameSubscriber: onMessagesAvailable callback
         1788690226.105  4644  4675 I AebsFrameSubscriber: readNextMessages count=1
         1788690226.105  4644  4675 I MainActivity: onGatewayFrame: frame seq=1833 egoSpeed=6.9522524 pts=0 intervention=false warning=false braking=true lifecycle=released_verified_stop range=null bearing=null rss=16.007545
         1788690226.204  4644  4675 I AebsFrameSubscriber: onMessagesAvailable callback
         1788690226.205  4644  4675 I AebsFrameSubscriber: readNextMessages count=1
         1788690226.205  4644  4675 I MainActivity: onGatewayFrame: frame seq=1834 egoSpeed=6.9522524 pts=0 intervention=false warning=false braking=true lifecycle=released_verified_stop range=null bearing=null rss=16.007545
         1788690226.304  4644  4675 I AebsFrameSubscriber: onMessagesAvailable callback
         1788690226.305  4644  4675 I AebsFrameSubscriber: readNextMessages count=1
         1788690226.305  4644  4675 I MainActivity: onGatewayFrame: frame seq=1835 egoSpeed=6.9522524 pts=0 intervention=false warning=false braking=true lifecycle=released_verified_stop range=null bearing=null rss=16.007545
         1788690226.404  4644  4675 I AebsFrameSubscriber: onMessagesAvailable callback
         1788690226.405  4644  4675 I AebsFrameSubscriber: readNextMessages count=1
         1788690226.405  4644  4675 I MainActivity: onGatewayFrame: frame seq=1836 egoSpeed=6.9522524 pts=0 intervention=false warning=false braking=true lifecycle=released_verified_stop range=null bearing=null rss=16.007545
         1788690226.504  4644  4675 I AebsFrameSubscriber: onMessagesAvailable callback
         1788690226.505  4644  4675 I AebsFrameSubscriber: readNextMessages count=1
         1788690226.505  4644  4675 I MainActivity: onGatewayFrame: frame seq=1837 egoSpeed=6.9522524 pts=0 intervention=false warning=false braking=true lifecycle=released_verified_stop range=null bearing=null rss=16.007545
         1788690226.604  4644  4675 I AebsFrameSubscriber: onMessagesAvailable callback
         1788690226.605  4644  4675 I AebsFrameSubscriber: readNextMessages count=1
         1788690226.605  4644  4675 I MainActivity: onGatewayFrame: frame seq=1838 egoSpeed=6.9522524 pts=0 intervention=false warning=false braking=true lifecycle=released_verified_stop range=null bearing=null rss=16.007545
         1788690226.704  4644  4675 I AebsFrameSubscriber: onMessagesAvailable callback
         1788690226.705  4644  4675 I AebsFrameSubscriber: readNextMessages count=1
         1788690226.705  4644  4675 I MainActivity: onGatewayFrame: frame seq=1839 egoSpeed=6.9522524 pts=0 intervention=false warning=false braking=true lifecycle=released_verified_stop range=null bearing=null rss=16.007545
         1788690226.804  4644  4675 I AebsFrameSubscriber: onMessagesAvailable callback
         1788690226.805  4644  4675 I AebsFrameSubscriber: readNextMessages count=1
         1788690226.805  4644  4675 I MainActivity: onGatewayFrame: frame seq=1840 egoSpeed=6.9522524 pts=0 intervention=false warning=false braking=true lifecycle=released_verified_stop range=null bearing=null rss=16.007545
         1788690226.904  4644  4675 I AebsFrameSubscriber: onMessagesAvailable callback
         1788690226.905  4644  4675 I AebsFrameSubscriber: readNextMessages count=1
         1788690226.905  4644  4675 I MainActivity: onGatewayFrame: frame seq=1841 egoSpeed=6.9522524 pts=0 intervention=false warning=false braking=true lifecycle=released_verified_stop range=null bearing=null rss=16.007545
         1788690227.004  4644  4675 I AebsFrameSubscriber: onMessagesAvailable callback
         1788690227.005  4644  4675 I AebsFrameSubscriber: readNextMessages count=1
         1788690227.005  4644  4675 I MainActivity: onGatewayFrame: frame seq=1842 egoSpeed=6.9522524 pts=0 intervention=false warning=false braking=true lifecycle=released_verified_stop range=null bearing=null rss=16.007545
         1788690227.104  4644  4675 I AebsFrameSubscriber: onMessagesAvailable callback
         1788690227.105  4644  4675 I AebsFrameSubscriber: readNextMessages count=1
         1788690227.105  4644  4675 I MainActivity: onGatewayFrame: frame seq=1843 egoSpeed=6.9522524 pts=0 intervention=false warning=false braking=true lifecycle=released_verified_stop range=null bearing=null rss=16.007545
         1788690227.204  4644  4675 I AebsFrameSubscriber: onMessagesAvailable callback
         1788690227.205  4644  4675 I AebsFrameSubscriber: readNextMessages count=1
         1788690227.205  4644  4675 I MainActivity: onGatewayFrame: frame seq=1844 egoSpeed=6.9522524 pts=0 intervention=false warning=false braking=true lifecycle=released_verified_stop range=null bearing=null rss=16.007545
         1788690227.304  4644  4675 I AebsFrameSubscriber: onMessagesAvailable callback
         1788690227.304  4644  4675 I AebsFrameSubscriber: readNextMessages count=1
         1788690227.305  4644  4675 I MainActivity: onGatewayFrame: frame seq=1845 egoSpeed=6.9522524 pts=0 intervention=false warning=false braking=true lifecycle=released_verified_stop range=null bearing=null rss=16.007545
         1788690227.404  4644  4675 I AebsFrameSubscriber: onMessagesAvailable callback
         1788690227.405  4644  4675 I AebsFrameSubscriber: readNextMessages count=1
         1788690227.405  4644  4675 I MainActivity: onGatewayFrame: frame seq=1846 egoSpeed=6.9522524 pts=0 intervention=false warning=false braking=true lifecycle=released_verified_stop range=null bearing=null rss=16.007545
         1788690227.504  4644  4675 I AebsFrameSubscriber: onMessagesAvailable callback
         1788690227.505  4644  4675 I AebsFrameSubscriber: readNextMessages count=1
         1788690227.505  4644  4675 I MainActivity: onGatewayFrame: frame seq=1847 egoSpeed=6.9522524 pts=0 intervention=false warning=false braking=true lifecycle=released_verified_stop range=null bearing=null rss=16.007545
         1788690227.604  4644  4675 I AebsFrameSubscriber: onMessagesAvailable callback
         1788690227.605  4644  4675 I AebsFrameSubscriber: readNextMessages count=1
         1788690227.605  4644  4675 I MainActivity: onGatewayFrame: frame seq=1848 egoSpeed=6.9522524 pts=0 intervention=false warning=false braking=true lifecycle=released_verified_stop range=null bearing=null rss=16.007545
         1788690227.704  4644  4675 I AebsFrameSubscriber: onMessagesAvailable callback
         1788690227.705  4644  4675 I AebsFrameSubscriber: readNextMessages count=1
         1788690227.705  4644  4675 I MainActivity: onGatewayFrame: frame seq=1849 egoSpeed=6.9522524 pts=0 intervention=false warning=false braking=true lifecycle=released_verified_stop range=null bearing=null rss=16.007545
         1788690227.804  4644  4675 I AebsFrameSubscriber: onMessagesAvailable callback
         1788690227.805  4644  4675 I AebsFrameSubscriber: readNextMessages count=1
         1788690227.805  4644  4675 I MainActivity: onGatewayFrame: frame seq=1850 egoSpeed=6.9522524 pts=0 intervention=false warning=false braking=true lifecycle=released_verified_stop range=null bearing=null rss=16.007545
         1788690227.904  4644  4675 I AebsFrameSubscriber: onMessagesAvailable callback
         1788690227.905  4644  4675 I AebsFrameSubscriber: readNextMessages count=1
         1788690227.905  4644  4675 I MainActivity: onGatewayFrame: frame seq=1851 egoSpeed=6.9522524 pts=0 intervention=false warning=false braking=true lifecycle=released_verified_stop range=null bearing=null rss=16.007545
         1788690228.004  4644  4675 I AebsFrameSubscriber: onMessagesAvailable callback
         1788690228.005  4644  4675 I AebsFrameSubscriber: readNextMessages count=1
         1788690228.005  4644  4675 I MainActivity: onGatewayFrame: frame seq=1852 egoSpeed=6.9522524 pts=0 intervention=false warning=false braking=true lifecycle=released_verified_stop range=null bearing=null rss=16.007545
         1788690228.104  4644  4675 I AebsFrameSubscriber: onMessagesAvailable callback
         1788690228.105  4644  4675 I AebsFrameSubscriber: readNextMessages count=1
         1788690228.105  4644  4675 I MainActivity: onGatewayFrame: frame seq=1853 egoSpeed=6.9522524 pts=0 intervention=false warning=false braking=true lifecycle=released_verified_stop range=null bearing=null rss=16.007545
         1788690228.204  4644  4675 I AebsFrameSubscriber: onMessagesAvailable callback
         1788690228.205  4644  4675 I AebsFrameSubscriber: readNextMessages count=1
         1788690228.205  4644  4675 I MainActivity: onGatewayFrame: frame seq=1854 egoSpeed=6.9522524 pts=0 intervention=false warning=false braking=true lifecycle=released_verified_stop range=null bearing=null rss=16.007545
         1788690228.304  4644  4675 I AebsFrameSubscriber: onMessagesAvailable callback
         1788690228.305  4644  4675 I AebsFrameSubscriber: readNextMessages count=1
         1788690228.305  4644  4675 I MainActivity: onGatewayFrame: frame seq=1855 egoSpeed=6.9522524 pts=0 intervention=false warning=false braking=true lifecycle=released_verified_stop range=null bearing=null rss=16.007545
         1788690228.404  4644  4675 I AebsFrameSubscriber: onMessagesAvailable callback
         1788690228.405  4644  4675 I AebsFrameSubscriber: readNextMessages count=1
         1788690228.405  4644  4675 I MainActivity: onGatewayFrame: frame seq=1856 egoSpeed=6.9522524 pts=0 intervention=false warning=false braking=true lifecycle=released_verified_stop range=null bearing=null rss=16.007545
         1788690228.504  4644  4675 I AebsFrameSubscriber: onMessagesAvailable callback
         1788690228.505  4644  4675 I AebsFrameSubscriber: readNextMessages count=1
         1788690228.505  4644  4675 I MainActivity: onGatewayFrame: frame seq=1857 egoSpeed=6.9522524 pts=0 intervention=false warning=false braking=true lifecycle=released_verified_stop range=null bearing=null rss=16.007545
         1788690228.604  4644  4675 I AebsFrameSubscriber: onMessagesAvailable callback
         1788690228.605  4644  4675 I AebsFrameSubscriber: readNextMessages count=1
         1788690228.605  4644  4675 I MainActivity: onGatewayFrame: frame seq=1858 egoSpeed=6.9522524 pts=0 intervention=false warning=false braking=true lifecycle=released_verified_stop range=null bearing=null rss=16.007545
         1788690228.704  4644  4675 I AebsFrameSubscriber: onMessagesAvailable callback
         1788690228.705  4644  4675 I AebsFrameSubscriber: readNextMessages count=1
         1788690228.705  4644  4675 I MainActivity: onGatewayFrame: frame seq=1859 egoSpeed=6.9522524 pts=0 intervention=false warning=false braking=true lifecycle=released_verified_stop range=null bearing=null rss=16.007545
         1788690228.804  4644  4675 I AebsFrameSubscriber: onMessagesAvailable callback
         1788690228.805  4644  4675 I AebsFrameSubscriber: readNextMessages count=1
         1788690228.805  4644  4675 I MainActivity: onGatewayFrame: frame seq=1860 egoSpeed=6.9522524 pts=0 intervention=false warning=false braking=true lifecycle=released_verified_stop range=null bearing=null rss=16.007545
         1788690228.904  4644  4675 I AebsFrameSubscriber: onMessagesAvailable callback
         1788690228.905  4644  4675 I AebsFrameSubscriber: readNextMessages count=1
         1788690228.905  4644  4675 I MainActivity: onGatewayFrame: frame seq=1861 egoSpeed=6.9522524 pts=0 intervention=false warning=false braking=true lifecycle=released_verified_stop range=null bearing=null rss=16.007545
         1788690229.004  4644  4675 I AebsFrameSubscriber: onMessagesAvailable callback
         1788690229.005  4644  4675 I AebsFrameSubscriber: readNextMessages count=1
         1788690229.005  4644  4675 I MainActivity: onGatewayFrame: frame seq=1862 egoSpeed=6.9522524 pts=0 intervention=false warning=false braking=true lifecycle=released_verified_stop range=null bearing=null rss=16.007545
         1788690229.104  4644  4675 I AebsFrameSubscriber: onMessagesAvailable callback
         1788690229.105  4644  4675 I AebsFrameSubscriber: readNextMessages count=1
         1788690229.105  4644  4675 I MainActivity: onGatewayFrame: frame seq=1863 egoSpeed=6.9522524 pts=0 intervention=false warning=false braking=true lifecycle=released_verified_stop range=null bearing=null rss=16.007545
         1788690229.204  4644  4675 I AebsFrameSubscriber: onMessagesAvailable callback
         1788690229.204  4644  4675 I AebsFrameSubscriber: readNextMessages count=1
         1788690229.205  4644  4675 I MainActivity: onGatewayFrame: frame seq=1864 egoSpeed=6.9522524 pts=0 intervention=false warning=false braking=true lifecycle=released_verified_stop range=null bearing=null rss=16.007545
         1788690229.304  4644  4675 I AebsFrameSubscriber: onMessagesAvailable callback
         1788690229.304  4644  4675 I AebsFrameSubscriber: readNextMessages count=1
         1788690229.305  4644  4675 I MainActivity: onGatewayFrame: frame seq=1865 egoSpeed=6.9522524 pts=0 intervention=false warning=false braking=true lifecycle=released_verified_stop range=null bearing=null rss=16.007545
         1788690229.404  4644  4675 I AebsFrameSubscriber: onMessagesAvailable callback
         1788690229.405  4644  4675 I AebsFrameSubscriber: readNextMessages count=1
         1788690229.405  4644  4675 I MainActivity: onGatewayFrame: frame seq=1866 egoSpeed=6.9522524 pts=0 intervention=false warning=false braking=true lifecycle=released_verified_stop range=null bearing=null rss=16.007545
         1788690229.504  4644  4675 I AebsFrameSubscriber: onMessagesAvailable callback
         1788690229.504  4644  4675 I AebsFrameSubscriber: readNextMessages count=1
         1788690229.505  4644  4675 I MainActivity: onGatewayFrame: frame seq=1867 egoSpeed=6.9522524 pts=0 intervention=false warning=false braking=true lifecycle=released_verified_stop range=null bearing=null rss=16.007545
         1788690229.604  4644  4675 I AebsFrameSubscriber: onMessagesAvailable callback
         1788690229.605  4644  4675 I AebsFrameSubscriber: readNextMessages count=1
         1788690229.605  4644  4675 I MainActivity: onGatewayFrame: frame seq=1868 egoSpeed=6.9522524 pts=0 intervention=false warning=false braking=true lifecycle=released_verified_stop range=null bearing=null rss=16.007545
         1788690229.710  4644  4675 I AebsFrameSubscriber: readNextMessages count=1
         1788690229.711  4644  4675 I MainActivity: onGatewayFrame: frame seq=1869 egoSpeed=6.9522524 pts=0 intervention=false warning=false braking=true lifecycle=released_verified_stop range=null bearing=null rss=16.007545
         1788690229.711  4644  4675 I AebsFrameSubscriber: onMessagesAvailable callback
         1788690229.856  4644  4675 I AebsFrameSubscriber: readNextMessages count=1
         1788690229.856  4644  4675 I MainActivity: onGatewayFrame: frame seq=1870 egoSpeed=6.9522524 pts=0 intervention=false warning=false braking=true lifecycle=released_verified_stop range=null bearing=null rss=16.007545
         1788690229.856  4644  4675 I AebsFrameSubscriber: onMessagesAvailable callback
         1788690229.905  4644  4675 I AebsFrameSubscriber: onMessagesAvailable callback
         1788690229.905  4644  4675 I AebsFrameSubscriber: readNextMessages count=1
         1788690229.906  4644  4675 I MainActivity: onGatewayFrame: frame seq=1871 egoSpeed=6.9522524 pts=0 intervention=false warning=false braking=true lifecycle=released_verified_stop range=null bearing=null rss=16.007545
         1788690230.004  4644  4675 I AebsFrameSubscriber: onMessagesAvailable callback
         1788690230.004  4644  4675 I AebsFrameSubscriber: readNextMessages count=1
         1788690230.005  4644  4675 I MainActivity: onGatewayFrame: frame seq=1872 egoSpeed=6.9522524 pts=0 intervention=false warning=false braking=true lifecycle=released_verified_stop range=null bearing=null rss=16.007545
         1788690230.104  4644  4675 I AebsFrameSubscriber: onMessagesAvailable callback
         1788690230.104  4644  4675 I AebsFrameSubscriber: readNextMessages count=1
         1788690230.105  4644  4675 I MainActivity: onGatewayFrame: frame seq=1873 egoSpeed=6.9522524 pts=0 intervention=false warning=false braking=true lifecycle=released_verified_stop range=null bearing=null rss=16.007545
         1788690230.204  4644  4675 I AebsFrameSubscriber: onMessagesAvailable callback
         1788690230.204  4644  4675 I AebsFrameSubscriber: readNextMessages count=1
         1788690230.204  4644  4675 I MainActivity: onGatewayFrame: frame seq=1874 egoSpeed=6.9522524 pts=0 intervention=false warning=false braking=true lifecycle=released_verified_stop range=null bearing=null rss=16.007545
         1788690230.304  4644  4675 I AebsFrameSubscriber: onMessagesAvailable callback
         1788690230.304  4644  4675 I AebsFrameSubscriber: readNextMessages count=1
         1788690230.305  4644  4675 I MainActivity: onGatewayFrame: frame seq=1875 egoSpeed=6.9522524 pts=0 intervention=false warning=false braking=true lifecycle=released_verified_stop range=null bearing=null rss=16.007545
         1788690230.404  4644  4675 I AebsFrameSubscriber: onMessagesAvailable callback
         1788690230.405  4644  4675 I AebsFrameSubscriber: readNextMessages count=1
         1788690230.405  4644  4675 I MainActivity: onGatewayFrame: frame seq=1876 egoSpeed=6.9522524 pts=0 intervention=false warning=false braking=true lifecycle=released_verified_stop range=null bearing=null rss=16.007545
         1788690230.504  4644  4675 I AebsFrameSubscriber: onMessagesAvailable callback
         1788690230.505  4644  4675 I AebsFrameSubscriber: readNextMessages count=1
         1788690230.505  4644  4675 I MainActivity: onGatewayFrame: frame seq=1877 egoSpeed=6.9522524 pts=0 intervention=false warning=false braking=true lifecycle=released_verified_stop range=null bearing=null rss=16.007545
         1788690230.604  4644  4675 I AebsFrameSubscriber: onMessagesAvailable callback
         1788690230.604  4644  4675 I AebsFrameSubscriber: readNextMessages count=1
         1788690230.604  4644  4675 I MainActivity: onGatewayFrame: frame seq=1878 egoSpeed=6.9522524 pts=0 intervention=false warning=false braking=true lifecycle=released_verified_stop range=null bearing=null rss=16.007545
         1788690230.704  4644  4675 I AebsFrameSubscriber: onMessagesAvailable callback
         1788690230.704  4644  4675 I AebsFrameSubscriber: readNextMessages count=1
         1788690230.704  4644  4675 I MainActivity: onGatewayFrame: frame seq=1879 egoSpeed=6.9522524 pts=0 intervention=false warning=false braking=true lifecycle=released_verified_stop range=null bearing=null rss=16.007545
         1788690230.804  4644  4675 I AebsFrameSubscriber: onMessagesAvailable callback
         1788690230.804  4644  4675 I AebsFrameSubscriber: readNextMessages count=1
         1788690230.804  4644  4675 I MainActivity: onGatewayFrame: frame seq=1880 egoSpeed=6.9522524 pts=0 intervention=false warning=false braking=true lifecycle=released_verified_stop range=null bearing=null rss=16.007545
         1788690230.904  4644  4675 I AebsFrameSubscriber: onMessagesAvailable callback
         1788690230.904  4644  4675 I AebsFrameSubscriber: readNextMessages count=1
         1788690230.904  4644  4675 I MainActivity: onGatewayFrame: frame seq=1881 egoSpeed=6.9522524 pts=0 intervention=false warning=false braking=true lifecycle=released_verified_stop range=null bearing=null rss=16.007545
         1788690231.004  4644  4675 I AebsFrameSubscriber: onMessagesAvailable callback
         1788690231.004  4644  4675 I AebsFrameSubscriber: readNextMessages count=1
         1788690231.004  4644  4675 I MainActivity: onGatewayFrame: frame seq=1882 egoSpeed=6.9522524 pts=0 intervention=false warning=false braking=true lifecycle=released_verified_stop range=null bearing=null rss=16.007545
         1788690231.104  4644  4675 I AebsFrameSubscriber: onMessagesAvailable callback
         1788690231.104  4644  4675 I AebsFrameSubscriber: readNextMessages count=1
         1788690231.104  4644  4675 I MainActivity: onGatewayFrame: frame seq=1883 egoSpeed=6.9522524 pts=0 intervention=false warning=false braking=true lifecycle=released_verified_stop range=null bearing=null rss=16.007545
         1788690231.204  4644  4675 I AebsFrameSubscriber: onMessagesAvailable callback
         1788690231.204  4644  4675 I AebsFrameSubscriber: readNextMessages count=1
         1788690231.204  4644  4675 I MainActivity: onGatewayFrame: frame seq=1884 egoSpeed=6.9522524 pts=0 intervention=false warning=false braking=true lifecycle=released_verified_stop range=null bearing=null rss=16.007545
         1788690231.304  4644  4675 I AebsFrameSubscriber: onMessagesAvailable callback
         1788690231.304  4644  4675 I AebsFrameSubscriber: readNextMessages count=1
         1788690231.304  4644  4675 I MainActivity: onGatewayFrame: frame seq=1885 egoSpeed=6.9522524 pts=0 intervention=false warning=false braking=true lifecycle=released_verified_stop range=null bearing=null rss=16.007545
         1788690231.404  4644  4675 I AebsFrameSubscriber: onMessagesAvailable callback
         1788690231.404  4644  4675 I AebsFrameSubscriber: readNextMessages count=1
         1788690231.404  4644  4675 I MainActivity: onGatewayFrame: frame seq=1886 egoSpeed=6.9522524 pts=0 intervention=false warning=false braking=true lifecycle=released_verified_stop range=null bearing=null rss=16.007545
         1788690231.504  4644  4675 I AebsFrameSubscriber: onMessagesAvailable callback
         1788690231.504  4644  4675 I AebsFrameSubscriber: readNextMessages count=1
         1788690231.504  4644  4675 I MainActivity: onGatewayFrame: frame seq=1887 egoSpeed=6.9522524 pts=0 intervention=false warning=false braking=true lifecycle=released_verified_stop range=null bearing=null rss=16.007545
         1788690231.604  4644  4675 I AebsFrameSubscriber: onMessagesAvailable callback
         1788690231.604  4644  4675 I AebsFrameSubscriber: readNextMessages count=1
         1788690231.605  4644  4675 I MainActivity: onGatewayFrame: frame seq=1888 egoSpeed=6.9522524 pts=0 intervention=false warning=false braking=true lifecycle=released_verified_stop range=null bearing=null rss=16.007545
         1788690231.704  4644  4675 I AebsFrameSubscriber: onMessagesAvailable callback
         1788690231.704  4644  4675 I AebsFrameSubscriber: readNextMessages count=1
         1788690231.704  4644  4675 I MainActivity: onGatewayFrame: frame seq=1889 egoSpeed=6.9522524 pts=0 intervention=false warning=false braking=true lifecycle=released_verified_stop range=null bearing=null rss=16.007545
         1788690231.804  4644  4675 I AebsFrameSubscriber: onMessagesAvailable callback
         1788690231.804  4644  4675 I AebsFrameSubscriber: readNextMessages count=1
         1788690231.804  4644  4675 I MainActivity: onGatewayFrame: frame seq=1890 egoSpeed=6.9522524 pts=0 intervention=false warning=false braking=true lifecycle=released_verified_stop range=null bearing=null rss=16.007545
         1788690231.904  4644  4675 I AebsFrameSubscriber: onMessagesAvailable callback
         1788690231.904  4644  4675 I AebsFrameSubscriber: readNextMessages count=1
         1788690231.904  4644  4675 I MainActivity: onGatewayFrame: frame seq=1891 egoSpeed=6.9522524 pts=0 intervention=false warning=false braking=true lifecycle=released_verified_stop range=null bearing=null rss=16.007545
         1788690232.004  4644  4675 I AebsFrameSubscriber: onMessagesAvailable callback
         1788690232.004  4644  4675 I AebsFrameSubscriber: readNextMessages count=1
         1788690232.004  4644  4675 I MainActivity: onGatewayFrame: frame seq=1892 egoSpeed=6.9522524 pts=0 intervention=false warning=false braking=true lifecycle=released_verified_stop range=null bearing=null rss=16.007545
         1788690232.104  4644  4675 I AebsFrameSubscriber: onMessagesAvailable callback
         1788690232.104  4644  4675 I AebsFrameSubscriber: readNextMessages count=1
         1788690232.104  4644  4675 I MainActivity: onGatewayFrame: frame seq=1893 egoSpeed=6.9522524 pts=0 intervention=false warning=false braking=true lifecycle=released_verified_stop range=null bearing=null rss=16.007545
         1788690232.204  4644  4675 I AebsFrameSubscriber: onMessagesAvailable callback
         1788690232.204  4644  4675 I AebsFrameSubscriber: readNextMessages count=1
         1788690232.204  4644  4675 I MainActivity: onGatewayFrame: frame seq=1894 egoSpeed=6.9522524 pts=0 intervention=false warning=false braking=true lifecycle=released_verified_stop range=null bearing=null rss=16.007545
         1788690232.304  4644  4675 I AebsFrameSubscriber: onMessagesAvailable callback
         1788690232.304  4644  4675 I AebsFrameSubscriber: readNextMessages count=1
         1788690232.304  4644  4675 I MainActivity: onGatewayFrame: frame seq=1895 egoSpeed=6.9522524 pts=0 intervention=false warning=false braking=true lifecycle=released_verified_stop range=null bearing=null rss=16.007545
         1788690232.404  4644  4675 I AebsFrameSubscriber: onMessagesAvailable callback
         1788690232.404  4644  4675 I AebsFrameSubscriber: readNextMessages count=1
         1788690232.404  4644  4675 I MainActivity: onGatewayFrame: frame seq=1896 egoSpeed=6.9522524 pts=0 intervention=false warning=false braking=true lifecycle=released_verified_stop range=null bearing=null rss=16.007545
         1788690232.504  4644  4675 I AebsFrameSubscriber: onMessagesAvailable callback
         1788690232.504  4644  4675 I AebsFrameSubscriber: readNextMessages count=1
         1788690232.504  4644  4675 I MainActivity: onGatewayFrame: frame seq=1897 egoSpeed=6.9522524 pts=0 intervention=false warning=false braking=true lifecycle=released_verified_stop range=null bearing=null rss=16.007545
         1788690232.604  4644  4675 I AebsFrameSubscriber: onMessagesAvailable callback
         1788690232.604  4644  4675 I AebsFrameSubscriber: readNextMessages count=1
         1788690232.604  4644  4675 I MainActivity: onGatewayFrame: frame seq=1898 egoSpeed=6.9522524 pts=0 intervention=false warning=false braking=true lifecycle=released_verified_stop range=null bearing=null rss=16.007545
         1788690232.704  4644  4675 I AebsFrameSubscriber: onMessagesAvailable callback
         1788690232.704  4644  4675 I AebsFrameSubscriber: readNextMessages count=1
         1788690232.704  4644  4675 I MainActivity: onGatewayFrame: frame seq=1899 egoSpeed=6.9522524 pts=0 intervention=false warning=false braking=true lifecycle=released_verified_stop range=null bearing=null rss=16.007545
         1788690232.804  4644  4675 I AebsFrameSubscriber: onMessagesAvailable callback
         1788690232.804  4644  4675 I AebsFrameSubscriber: readNextMessages count=1
         1788690232.804  4644  4675 I MainActivity: onGatewayFrame: frame seq=1900 egoSpeed=6.9522524 pts=0 intervention=false warning=false braking=true lifecycle=released_verified_stop range=null bearing=null rss=16.007545
         1788690232.904  4644  4675 I AebsFrameSubscriber: onMessagesAvailable callback
         1788690232.904  4644  4675 I AebsFrameSubscriber: readNextMessages count=1
         1788690232.905  4644  4675 I MainActivity: onGatewayFrame: frame seq=1901 egoSpeed=6.9522524 pts=0 intervention=false warning=false braking=true lifecycle=released_verified_stop range=null bearing=null rss=16.007545
         1788690233.004  4644  4675 I AebsFrameSubscriber: onMessagesAvailable callback
         1788690233.004  4644  4675 I AebsFrameSubscriber: readNextMessages count=1
         1788690233.005  4644  4675 I MainActivity: onGatewayFrame: frame seq=1902 egoSpeed=6.9522524 pts=0 intervention=false warning=false braking=true lifecycle=released_verified_stop range=null bearing=null rss=16.007545
         1788690233.104  4644  4675 I AebsFrameSubscriber: onMessagesAvailable callback
         1788690233.104  4644  4675 I AebsFrameSubscriber: readNextMessages count=1
         1788690233.104  4644  4675 I MainActivity: onGatewayFrame: frame seq=1903 egoSpeed=6.9522524 pts=0 intervention=false warning=false braking=true lifecycle=released_verified_stop range=null bearing=null rss=16.007545
         1788690233.204  4644  4675 I AebsFrameSubscriber: onMessagesAvailable callback
         1788690233.204  4644  4675 I AebsFrameSubscriber: readNextMessages count=1
         1788690233.204  4644  4675 I MainActivity: onGatewayFrame: frame seq=1904 egoSpeed=6.9522524 pts=0 intervention=false warning=false braking=true lifecycle=released_verified_stop range=null bearing=null rss=16.007545
         1788690233.304  4644  4675 I AebsFrameSubscriber: onMessagesAvailable callback
         1788690233.304  4644  4675 I AebsFrameSubscriber: readNextMessages count=1
         1788690233.304  4644  4675 I MainActivity: onGatewayFrame: frame seq=1905 egoSpeed=6.9522524 pts=0 intervention=false warning=false braking=true lifecycle=released_verified_stop range=null bearing=null rss=16.007545
         1788690233.404  4644  4675 I AebsFrameSubscriber: onMessagesAvailable callback
         1788690233.404  4644  4675 I AebsFrameSubscriber: readNextMessages count=1
         1788690233.404  4644  4675 I MainActivity: onGatewayFrame: frame seq=1906 egoSpeed=6.9522524 pts=0 intervention=false warning=false braking=true lifecycle=released_verified_stop range=null bearing=null rss=16.007545
         1788690233.504  4644  4675 I AebsFrameSubscriber: onMessagesAvailable callback
         1788690233.504  4644  4675 I AebsFrameSubscriber: readNextMessages count=1
         1788690233.504  4644  4675 I MainActivity: onGatewayFrame: frame seq=1907 egoSpeed=6.9522524 pts=0 intervention=false warning=false braking=true lifecycle=released_verified_stop range=null bearing=null rss=16.007545
         1788690233.715  4644  4675 I AebsFrameSubscriber: readNextMessages count=2
         1788690233.716  4644  4675 I MainActivity: onGatewayFrame: frame seq=1908 egoSpeed=6.9522524 pts=0 intervention=false warning=false braking=true lifecycle=released_verified_stop range=null bearing=null rss=16.007545
         1788690233.716  4644  4675 I MainActivity: onGatewayFrame: frame seq=1909 egoSpeed=6.9522524 pts=0 intervention=false warning=false braking=true lifecycle=released_verified_stop range=null bearing=null rss=16.007545
         1788690233.716  4644  4675 I AebsFrameSubscriber: onMessagesAvailable callback
         1788690233.716  4644  4675 I AebsFrameSubscriber: onMessagesAvailable callback
         1788690233.804  4644  4675 I AebsFrameSubscriber: onMessagesAvailable callback
         1788690233.804  4644  4675 I AebsFrameSubscriber: readNextMessages count=1
         1788690233.805  4644  4675 I MainActivity: onGatewayFrame: frame seq=1910 egoSpeed=6.9522524 pts=0 intervention=false warning=false braking=true lifecycle=released_verified_stop range=null bearing=null rss=16.007545
         1788690233.904  4644  4675 I AebsFrameSubscriber: onMessagesAvailable callback
         1788690233.904  4644  4675 I AebsFrameSubscriber: readNextMessages count=1
         1788690233.904  4644  4675 I MainActivity: onGatewayFrame: frame seq=1911 egoSpeed=6.9522524 pts=0 intervention=false warning=false braking=true lifecycle=released_verified_stop range=null bearing=null rss=16.007545
         1788690234.004  4644  4675 I AebsFrameSubscriber: onMessagesAvailable callback
         1788690234.004  4644  4675 I AebsFrameSubscriber: readNextMessages count=1
         1788690234.005  4644  4675 I MainActivity: onGatewayFrame: frame seq=1912 egoSpeed=6.9522524 pts=0 intervention=false warning=false braking=true lifecycle=released_verified_stop range=null bearing=null rss=16.007545
         1788690234.104  4644  4675 I AebsFrameSubscriber: onMessagesAvailable callback
         1788690234.104  4644  4675 I AebsFrameSubscriber: readNextMessages count=1
         1788690234.104  4644  4675 I MainActivity: onGatewayFrame: frame seq=1913 egoSpeed=6.9522524 pts=0 intervention=false warning=false braking=true lifecycle=released_verified_stop range=null bearing=null rss=16.007545
         1788690234.204  4644  4675 I AebsFrameSubscriber: onMessagesAvailable callback
         1788690234.204  4644  4675 I AebsFrameSubscriber: readNextMessages count=1
         1788690234.204  4644  4675 I MainActivity: onGatewayFrame: frame seq=1914 egoSpeed=6.9522524 pts=0 intervention=false warning=false braking=true lifecycle=released_verified_stop range=null bearing=null rss=16.007545
         1788690234.304  4644  4675 I AebsFrameSubscriber: onMessagesAvailable callback
         1788690234.304  4644  4675 I AebsFrameSubscriber: readNextMessages count=1
         1788690234.304  4644  4675 I MainActivity: onGatewayFrame: frame seq=1915 egoSpeed=6.9522524 pts=0 intervention=false warning=false braking=true lifecycle=released_verified_stop range=null bearing=null rss=16.007545
         1788690234.403  4644  4675 I AebsFrameSubscriber: onMessagesAvailable callback
         1788690234.404  4644  4675 I AebsFrameSubscriber: readNextMessages count=1
         1788690234.404  4644  4675 I MainActivity: onGatewayFrame: frame seq=1916 egoSpeed=6.9522524 pts=0 intervention=false warning=false braking=true lifecycle=released_verified_stop range=null bearing=null rss=16.007545
         1788690234.504  4644  4675 I AebsFrameSubscriber: onMessagesAvailable callback
         1788690234.504  4644  4675 I AebsFrameSubscriber: readNextMessages count=1
         1788690234.504  4644  4675 I MainActivity: onGatewayFrame: frame seq=1917 egoSpeed=6.9522524 pts=0 intervention=false warning=false braking=true lifecycle=released_verified_stop range=null bearing=null rss=16.007545
         1788690234.604  4644  4675 I AebsFrameSubscriber: onMessagesAvailable callback
         1788690234.604  4644  4675 I AebsFrameSubscriber: readNextMessages count=1
         1788690234.604  4644  4675 I MainActivity: onGatewayFrame: frame seq=1918 egoSpeed=6.9522524 pts=0 intervention=false warning=false braking=true lifecycle=released_verified_stop range=null bearing=null rss=16.007545
         1788690234.704  4644  4675 I AebsFrameSubscriber: onMessagesAvailable callback
         1788690234.704  4644  4675 I AebsFrameSubscriber: readNextMessages count=1
         1788690234.704  4644  4675 I MainActivity: onGatewayFrame: frame seq=1919 egoSpeed=6.9522524 pts=0 intervention=false warning=false braking=true lifecycle=released_verified_stop range=null bearing=null rss=16.007545
         1788690234.804  4644  4675 I AebsFrameSubscriber: onMessagesAvailable callback
         1788690234.804  4644  4675 I AebsFrameSubscriber: readNextMessages count=1
         1788690234.805  4644  4675 I MainActivity: onGatewayFrame: frame seq=1920 egoSpeed=6.9522524 pts=0 intervention=false warning=false braking=true lifecycle=released_verified_stop range=null bearing=null rss=16.007545
         1788690234.904  4644  4675 I AebsFrameSubscriber: onMessagesAvailable callback
         1788690234.904  4644  4675 I AebsFrameSubscriber: readNextMessages count=1
         1788690234.904  4644  4675 I MainActivity: onGatewayFrame: frame seq=1921 egoSpeed=6.9522524 pts=0 intervention=false warning=false braking=true lifecycle=released_verified_stop range=null bearing=null rss=16.007545
         1788690235.004  4644  4675 I AebsFrameSubscriber: onMessagesAvailable callback
         1788690235.004  4644  4675 I AebsFrameSubscriber: readNextMessages count=1
         1788690235.004  4644  4675 I MainActivity: onGatewayFrame: frame seq=1922 egoSpeed=6.9522524 pts=0 intervention=false warning=false braking=true lifecycle=released_verified_stop range=null bearing=null rss=16.007545
         1788690235.104  4644  4675 I AebsFrameSubscriber: onMessagesAvailable callback
         1788690235.104  4644  4675 I AebsFrameSubscriber: readNextMessages count=1
         1788690235.104  4644  4675 I MainActivity: onGatewayFrame: frame seq=1923 egoSpeed=6.9522524 pts=0 intervention=false warning=false braking=true lifecycle=released_verified_stop range=null bearing=null rss=16.007545
         1788690235.203  4644  4675 I AebsFrameSubscriber: onMessagesAvailable callback
         1788690235.204  4644  4675 I AebsFrameSubscriber: readNextMessages count=1
         1788690235.204  4644  4675 I MainActivity: onGatewayFrame: frame seq=1924 egoSpeed=6.9522524 pts=0 intervention=false warning=false braking=true lifecycle=released_verified_stop range=null bearing=null rss=16.007545
         1788690235.303  4644  4675 I AebsFrameSubscriber: onMessagesAvailable callback
         1788690235.304  4644  4675 I AebsFrameSubscriber: readNextMessages count=1
         1788690235.304  4644  4675 I MainActivity: onGatewayFrame: frame seq=1925 egoSpeed=6.9522524 pts=0 intervention=false warning=false braking=true lifecycle=released_verified_stop range=null bearing=null rss=16.007545
         1788690235.404  4644  4675 I AebsFrameSubscriber: onMessagesAvailable callback
         1788690235.404  4644  4675 I AebsFrameSubscriber: readNextMessages count=1
         1788690235.404  4644  4675 I MainActivity: onGatewayFrame: frame seq=1926 egoSpeed=6.9522524 pts=0 intervention=false warning=false braking=true lifecycle=released_verified_stop range=null bearing=null rss=16.007545
         1788690235.504  4644  4675 I AebsFrameSubscriber: onMessagesAvailable callback
         1788690235.504  4644  4675 I AebsFrameSubscriber: readNextMessages count=1
         1788690235.504  4644  4675 I MainActivity: onGatewayFrame: frame seq=1927 egoSpeed=6.9522524 pts=0 intervention=false warning=false braking=true lifecycle=released_verified_stop range=null bearing=null rss=16.007545
         1788690235.603  4644  4675 I AebsFrameSubscriber: onMessagesAvailable callback
         1788690235.604  4644  4675 I AebsFrameSubscriber: readNextMessages count=1
         1788690235.604  4644  4675 I MainActivity: onGatewayFrame: frame seq=1928 egoSpeed=6.9522524 pts=0 intervention=false warning=false braking=true lifecycle=released_verified_stop range=null bearing=null rss=16.007545
         1788690235.704  4644  4675 I AebsFrameSubscriber: onMessagesAvailable callback
         1788690235.704  4644  4675 I AebsFrameSubscriber: readNextMessages count=1
         1788690235.704  4644  4675 I MainActivity: onGatewayFrame: frame seq=1929 egoSpeed=6.9522524 pts=0 intervention=false warning=false braking=true lifecycle=released_verified_stop range=null bearing=null rss=16.007545
         1788690235.803  4644  4675 I AebsFrameSubscriber: onMessagesAvailable callback
         1788690235.804  4644  4675 I AebsFrameSubscriber: readNextMessages count=1
         1788690235.804  4644  4675 I MainActivity: onGatewayFrame: frame seq=1930 egoSpeed=6.9522524 pts=0 intervention=false warning=false braking=true lifecycle=released_verified_stop range=null bearing=null rss=16.007545
         1788690235.904  4644  4675 I AebsFrameSubscriber: onMessagesAvailable callback
         1788690235.904  4644  4675 I AebsFrameSubscriber: readNextMessages count=1
         1788690235.904  4644  4675 I MainActivity: onGatewayFrame: frame seq=1931 egoSpeed=6.9522524 pts=0 intervention=false warning=false braking=true lifecycle=released_verified_stop range=null bearing=null rss=16.007545
         1788690236.003  4644  4675 I AebsFrameSubscriber: onMessagesAvailable callback
         1788690236.004  4644  4675 I AebsFrameSubscriber: readNextMessages count=1
         1788690236.004  4644  4675 I MainActivity: onGatewayFrame: frame seq=1932 egoSpeed=6.9522524 pts=0 intervention=false warning=false braking=true lifecycle=released_verified_stop range=null bearing=null rss=16.007545
         1788690236.103  4644  4675 I AebsFrameSubscriber: onMessagesAvailable callback
         1788690236.104  4644  4675 I AebsFrameSubscriber: readNextMessages count=1
         1788690236.104  4644  4675 I MainActivity: onGatewayFrame: frame seq=1933 egoSpeed=6.9522524 pts=0 intervention=false warning=false braking=true lifecycle=released_verified_stop range=null bearing=null rss=16.007545
         1788690236.204  4644  4675 I AebsFrameSubscriber: onMessagesAvailable callback
         1788690236.204  4644  4675 I AebsFrameSubscriber: readNextMessages count=1
         1788690236.204  4644  4675 I MainActivity: onGatewayFrame: frame seq=1934 egoSpeed=6.9522524 pts=0 intervention=false warning=false braking=true lifecycle=released_verified_stop range=null bearing=null rss=16.007545
         1788690236.304  4644  4675 I AebsFrameSubscriber: onMessagesAvailable callback
         1788690236.304  4644  4675 I AebsFrameSubscriber: readNextMessages count=1
         1788690236.304  4644  4675 I MainActivity: onGatewayFrame: frame seq=1935 egoSpeed=6.9522524 pts=0 intervention=false warning=false braking=true lifecycle=released_verified_stop range=null bearing=null rss=16.007545
         1788690236.404  4644  4675 I AebsFrameSubscriber: onMessagesAvailable callback
         1788690236.404  4644  4675 I AebsFrameSubscriber: readNextMessages count=1
         1788690236.404  4644  4675 I MainActivity: onGatewayFrame: frame seq=1936 egoSpeed=6.9522524 pts=0 intervention=false warning=false braking=true lifecycle=released_verified_stop range=null bearing=null rss=16.007545
         1788690236.504  4644  4675 I AebsFrameSubscriber: onMessagesAvailable callback
         1788690236.504  4644  4675 I AebsFrameSubscriber: readNextMessages count=1
         1788690236.504  4644  4675 I MainActivity: onGatewayFrame: frame seq=1937 egoSpeed=6.9522524 pts=0 intervention=false warning=false braking=true lifecycle=released_verified_stop range=null bearing=null rss=16.007545
         1788690236.604  4644  4675 I AebsFrameSubscriber: onMessagesAvailable callback
         1788690236.604  4644  4675 I AebsFrameSubscriber: readNextMessages count=1
         1788690236.604  4644  4675 I MainActivity: onGatewayFrame: frame seq=1938 egoSpeed=6.9522524 pts=0 intervention=false warning=false braking=true lifecycle=released_verified_stop range=null bearing=null rss=16.007545
         1788690236.704  4644  4675 I AebsFrameSubscriber: onMessagesAvailable callback
         1788690236.704  4644  4675 I AebsFrameSubscriber: readNextMessages count=1
         1788690236.704  4644  4675 I MainActivity: onGatewayFrame: frame seq=1939 egoSpeed=6.9522524 pts=0 intervention=false warning=false braking=true lifecycle=released_verified_stop range=null bearing=null rss=16.007545
         1788690236.803  4644  4675 I AebsFrameSubscriber: onMessagesAvailable callback
         1788690236.804  4644  4675 I AebsFrameSubscriber: readNextMessages count=1
         1788690236.804  4644  4675 I MainActivity: onGatewayFrame: frame seq=1940 egoSpeed=6.9522524 pts=0 intervention=false warning=false braking=true lifecycle=released_verified_stop range=null bearing=null rss=16.007545
         1788690236.903  4644  4675 I AebsFrameSubscriber: onMessagesAvailable callback
         1788690236.904  4644  4675 I AebsFrameSubscriber: readNextMessages count=1
         1788690236.904  4644  4675 I MainActivity: onGatewayFrame: frame seq=1941 egoSpeed=6.9522524 pts=0 intervention=false warning=false braking=true lifecycle=released_verified_stop range=null bearing=null rss=16.007545
         1788690237.003  4644  4675 I AebsFrameSubscriber: onMessagesAvailable callback
         1788690237.004  4644  4675 I AebsFrameSubscriber: readNextMessages count=1
         1788690237.004  4644  4675 I MainActivity: onGatewayFrame: frame seq=1942 egoSpeed=6.9522524 pts=0 intervention=false warning=false braking=true lifecycle=released_verified_stop range=null bearing=null rss=16.007545
         1788690237.103  4644  4675 I AebsFrameSubscriber: onMessagesAvailable callback
         1788690237.104  4644  4675 I AebsFrameSubscriber: readNextMessages count=1
         1788690237.104  4644  4675 I MainActivity: onGatewayFrame: frame seq=1943 egoSpeed=6.9522524 pts=0 intervention=false warning=false braking=true lifecycle=released_verified_stop range=null bearing=null rss=16.007545
         1788690237.203  4644  4675 I AebsFrameSubscriber: onMessagesAvailable callback
         1788690237.204  4644  4675 I AebsFrameSubscriber: readNextMessages count=1
         1788690237.204  4644  4675 I MainActivity: onGatewayFrame: frame seq=1944 egoSpeed=6.9522524 pts=0 intervention=false warning=false braking=true lifecycle=released_verified_stop range=null bearing=null rss=16.007545
         1788690237.303  4644  4675 I AebsFrameSubscriber: onMessagesAvailable callback
         1788690237.304  4644  4675 I AebsFrameSubscriber: readNextMessages count=1
         1788690237.304  4644  4675 I MainActivity: onGatewayFrame: frame seq=1945 egoSpeed=6.9522524 pts=0 intervention=false warning=false braking=true lifecycle=released_verified_stop range=null bearing=null rss=16.007545
         1788690237.403  4644  4675 I AebsFrameSubscriber: onMessagesAvailable callback
         1788690237.404  4644  4675 I AebsFrameSubscriber: readNextMessages count=1
         1788690237.404  4644  4675 I MainActivity: onGatewayFrame: frame seq=1946 egoSpeed=6.9522524 pts=0 intervention=false warning=false braking=true lifecycle=released_verified_stop range=null bearing=null rss=16.007545
         1788690237.503  4644  4675 I AebsFrameSubscriber: onMessagesAvailable callback
         1788690237.504  4644  4675 I AebsFrameSubscriber: readNextMessages count=1
         1788690237.504  4644  4675 I MainActivity: onGatewayFrame: frame seq=1947 egoSpeed=6.9522524 pts=0 intervention=false warning=false braking=true lifecycle=released_verified_stop range=null bearing=null rss=16.007545
         1788690237.605  4644  4675 I AebsFrameSubscriber: onMessagesAvailable callback
         1788690237.606  4644  4675 I AebsFrameSubscriber: readNextMessages count=1
         1788690237.606  4644  4675 I MainActivity: onGatewayFrame: frame seq=1948 egoSpeed=6.9522524 pts=0 intervention=false warning=false braking=true lifecycle=released_verified_stop range=null bearing=null rss=16.007545
         1788690237.730  4644  4675 I AebsFrameSubscriber: readNextMessages count=1
         1788690237.730  4644  4675 I MainActivity: onGatewayFrame: frame seq=1949 egoSpeed=6.9522524 pts=0 intervention=false warning=false braking=true lifecycle=released_verified_stop range=null bearing=null rss=16.007545
         1788690237.730  4644  4675 I AebsFrameSubscriber: onMessagesAvailable callback
         1788690237.803  4644  4675 I AebsFrameSubscriber: onMessagesAvailable callback
         1788690237.804  4644  4675 I AebsFrameSubscriber: readNextMessages count=1
         1788690237.804  4644  4675 I MainActivity: onGatewayFrame: frame seq=1950 egoSpeed=6.9522524 pts=0 intervention=false warning=false braking=true lifecycle=released_verified_stop range=null bearing=null rss=16.007545
         1788690237.903  4644  4675 I AebsFrameSubscriber: onMessagesAvailable callback
         1788690237.904  4644  4675 I AebsFrameSubscriber: readNextMessages count=1
         1788690237.904  4644  4675 I MainActivity: onGatewayFrame: frame seq=1951 egoSpeed=6.9522524 pts=0 intervention=false warning=false braking=true lifecycle=released_verified_stop range=null bearing=null rss=16.007545
         1788690238.003  4644  4675 I AebsFrameSubscriber: onMessagesAvailable callback
         1788690238.004  4644  4675 I AebsFrameSubscriber: readNextMessages count=1
         1788690238.004  4644  4675 I MainActivity: onGatewayFrame: frame seq=1952 egoSpeed=6.9522524 pts=0 intervention=false warning=false braking=true lifecycle=released_verified_stop range=null bearing=null rss=16.007545
         1788690238.103  4644  4675 I AebsFrameSubscriber: onMessagesAvailable callback
         1788690238.104  4644  4675 I AebsFrameSubscriber: readNextMessages count=1
         1788690238.104  4644  4675 I MainActivity: onGatewayFrame: frame seq=1953 egoSpeed=6.9522524 pts=0 intervention=false warning=false braking=true lifecycle=released_verified_stop range=null bearing=null rss=16.007545
         1788690238.203  4644  4675 I AebsFrameSubscriber: onMessagesAvailable callback
         1788690238.204  4644  4675 I AebsFrameSubscriber: readNextMessages count=1
         1788690238.204  4644  4675 I MainActivity: onGatewayFrame: frame seq=1954 egoSpeed=6.9522524 pts=0 intervention=false warning=false braking=true lifecycle=released_verified_stop range=null bearing=null rss=16.007545
         1788690238.303  4644  4675 I AebsFrameSubscriber: onMessagesAvailable callback
         1788690238.304  4644  4675 I AebsFrameSubscriber: readNextMessages count=1
         1788690238.304  4644  4675 I MainActivity: onGatewayFrame: frame seq=1955 egoSpeed=6.9522524 pts=0 intervention=false warning=false braking=true lifecycle=released_verified_stop range=null bearing=null rss=16.007545
         1788690238.403  4644  4675 I AebsFrameSubscriber: onMessagesAvailable callback
         1788690238.404  4644  4675 I AebsFrameSubscriber: readNextMessages count=1
         1788690238.404  4644  4675 I MainActivity: onGatewayFrame: frame seq=1956 egoSpeed=6.9522524 pts=0 intervention=false warning=false braking=true lifecycle=released_verified_stop range=null bearing=null rss=16.007545
         1788690238.503  4644  4675 I AebsFrameSubscriber: onMessagesAvailable callback
         1788690238.504  4644  4675 I AebsFrameSubscriber: readNextMessages count=1
         1788690238.504  4644  4675 I MainActivity: onGatewayFrame: frame seq=1957 egoSpeed=6.9522524 pts=0 intervention=false warning=false braking=true lifecycle=released_verified_stop range=null bearing=null rss=16.007545
         1788690238.603  4644  4675 I AebsFrameSubscriber: onMessagesAvailable callback
         1788690238.604  4644  4675 I AebsFrameSubscriber: readNextMessages count=1
         1788690238.604  4644  4675 I MainActivity: onGatewayFrame: frame seq=1958 egoSpeed=6.9522524 pts=0 intervention=false warning=false braking=true lifecycle=released_verified_stop range=null bearing=null rss=16.007545
         1788690238.703  4644  4675 I AebsFrameSubscriber: onMessagesAvailable callback
         1788690238.704  4644  4675 I AebsFrameSubscriber: readNextMessages count=1
         1788690238.704  4644  4675 I MainActivity: onGatewayFrame: frame seq=1959 egoSpeed=6.9522524 pts=0 intervention=false warning=false braking=true lifecycle=released_verified_stop range=null bearing=null rss=16.007545
         1788690238.803  4644  4675 I AebsFrameSubscriber: onMessagesAvailable callback
         1788690238.804  4644  4675 I AebsFrameSubscriber: readNextMessages count=1
         1788690238.804  4644  4675 I MainActivity: onGatewayFrame: frame seq=1960 egoSpeed=6.9522524 pts=0 intervention=false warning=false braking=true lifecycle=released_verified_stop range=null bearing=null rss=16.007545
         1788690238.903  4644  4675 I AebsFrameSubscriber: onMessagesAvailable callback
         1788690238.903  4644  4675 I AebsFrameSubscriber: readNextMessages count=1
         1788690238.904  4644  4675 I MainActivity: onGatewayFrame: frame seq=1961 egoSpeed=6.9522524 pts=0 intervention=false warning=false braking=true lifecycle=released_verified_stop range=null bearing=null rss=16.007545
         1788690239.003  4644  4675 I AebsFrameSubscriber: onMessagesAvailable callback
         1788690239.003  4644  4675 I AebsFrameSubscriber: readNextMessages count=1
         1788690239.004  4644  4675 I MainActivity: onGatewayFrame: frame seq=1962 egoSpeed=6.9522524 pts=0 intervention=false warning=false braking=true lifecycle=released_verified_stop range=null bearing=null rss=16.007545
         1788690239.103  4644  4675 I AebsFrameSubscriber: onMessagesAvailable callback
         1788690239.103  4644  4675 I AebsFrameSubscriber: readNextMessages count=1
         1788690239.104  4644  4675 I MainActivity: onGatewayFrame: frame seq=1963 egoSpeed=6.9522524 pts=0 intervention=false warning=false braking=true lifecycle=released_verified_stop range=null bearing=null rss=16.007545
         1788690239.203  4644  4675 I AebsFrameSubscriber: onMessagesAvailable callback
         1788690239.203  4644  4675 I AebsFrameSubscriber: readNextMessages count=1
         1788690239.203  4644  4675 I MainActivity: onGatewayFrame: frame seq=1964 egoSpeed=6.9522524 pts=0 intervention=false warning=false braking=true lifecycle=released_verified_stop range=null bearing=null rss=16.007545
         1788690239.303  4644  4675 I AebsFrameSubscriber: onMessagesAvailable callback
         1788690239.303  4644  4675 I AebsFrameSubscriber: readNextMessages count=1
         1788690239.304  4644  4675 I MainActivity: onGatewayFrame: frame seq=1965 egoSpeed=6.9522524 pts=0 intervention=false warning=false braking=true lifecycle=released_verified_stop range=null bearing=null rss=16.007545
         1788690239.403  4644  4675 I AebsFrameSubscriber: onMessagesAvailable callback
         1788690239.403  4644  4675 I AebsFrameSubscriber: readNextMessages count=1
         1788690239.404  4644  4675 I MainActivity: onGatewayFrame: frame seq=1966 egoSpeed=6.9522524 pts=0 intervention=false warning=false braking=true lifecycle=released_verified_stop range=null bearing=null rss=16.007545
         1788690239.503  4644  4675 I AebsFrameSubscriber: onMessagesAvailable callback
         1788690239.503  4644  4675 I AebsFrameSubscriber: readNextMessages count=1
         1788690239.504  4644  4675 I MainActivity: onGatewayFrame: frame seq=1967 egoSpeed=6.9522524 pts=0 intervention=false warning=false braking=true lifecycle=released_verified_stop range=null bearing=null rss=16.007545
         1788690239.603  4644  4675 I AebsFrameSubscriber: onMessagesAvailable callback
         1788690239.603  4644  4675 I AebsFrameSubscriber: readNextMessages count=1
         1788690239.604  4644  4675 I MainActivity: onGatewayFrame: frame seq=1968 egoSpeed=6.9522524 pts=0 intervention=false warning=false braking=true lifecycle=released_verified_stop range=null bearing=null rss=16.007545
         1788690239.703  4644  4675 I AebsFrameSubscriber: onMessagesAvailable callback
         1788690239.703  4644  4675 I AebsFrameSubscriber: readNextMessages count=1
         1788690239.704  4644  4675 I MainActivity: onGatewayFrame: frame seq=1969 egoSpeed=6.9522524 pts=0 intervention=false warning=false braking=true lifecycle=released_verified_stop range=null bearing=null rss=16.007545
         1788690239.803  4644  4675 I AebsFrameSubscriber: onMessagesAvailable callback
         1788690239.804  4644  4675 I AebsFrameSubscriber: readNextMessages count=1
         1788690239.804  4644  4675 I MainActivity: onGatewayFrame: frame seq=1970 egoSpeed=6.9522524 pts=0 intervention=false warning=false braking=true lifecycle=released_verified_stop range=null bearing=null rss=16.007545
         1788690239.903  4644  4675 I AebsFrameSubscriber: onMessagesAvailable callback
         1788690239.903  4644  4675 I AebsFrameSubscriber: readNextMessages count=1
         1788690239.904  4644  4675 I MainActivity: onGatewayFrame: frame seq=1971 egoSpeed=6.9522524 pts=0 intervention=false warning=false braking=true lifecycle=released_verified_stop range=null bearing=null rss=16.007545
         1788690240.003  4644  4675 I AebsFrameSubscriber: onMessagesAvailable callback
         1788690240.003  4644  4675 I AebsFrameSubscriber: readNextMessages count=1
         1788690240.004  4644  4675 I MainActivity: onGatewayFrame: frame seq=1972 egoSpeed=6.9522524 pts=0 intervention=false warning=false braking=true lifecycle=released_verified_stop range=null bearing=null rss=16.007545
         1788690240.103  4644  4675 I AebsFrameSubscriber: onMessagesAvailable callback
         1788690240.103  4644  4675 I AebsFrameSubscriber: readNextMessages count=1
         1788690240.104  4644  4675 I MainActivity: onGatewayFrame: frame seq=1973 egoSpeed=6.9522524 pts=0 intervention=false warning=false braking=true lifecycle=released_verified_stop range=null bearing=null rss=16.007545
         1788690240.203  4644  4675 I AebsFrameSubscriber: onMessagesAvailable callback
         1788690240.203  4644  4675 I AebsFrameSubscriber: readNextMessages count=1
         1788690240.204  4644  4675 I MainActivity: onGatewayFrame: frame seq=1974 egoSpeed=6.9522524 pts=0 intervention=false warning=false braking=true lifecycle=released_verified_stop range=null bearing=null rss=16.007545
         1788690240.303  4644  4675 I AebsFrameSubscriber: onMessagesAvailable callback
         1788690240.303  4644  4675 I AebsFrameSubscriber: readNextMessages count=1
         1788690240.304  4644  4675 I MainActivity: onGatewayFrame: frame seq=1975 egoSpeed=6.9522524 pts=0 intervention=false warning=false braking=true lifecycle=released_verified_stop range=null bearing=null rss=16.007545
         1788690240.403  4644  4675 I AebsFrameSubscriber: onMessagesAvailable callback
         1788690240.403  4644  4675 I AebsFrameSubscriber: readNextMessages count=1
         1788690240.404  4644  4675 I MainActivity: onGatewayFrame: frame seq=1976 egoSpeed=6.9522524 pts=0 intervention=false warning=false braking=true lifecycle=released_verified_stop range=null bearing=null rss=16.007545
         1788690240.503  4644  4675 I AebsFrameSubscriber: onMessagesAvailable callback
         1788690240.503  4644  4675 I AebsFrameSubscriber: readNextMessages count=1
         1788690240.504  4644  4675 I MainActivity: onGatewayFrame: frame seq=1977 egoSpeed=6.9522524 pts=0 intervention=false warning=false braking=true lifecycle=released_verified_stop range=null bearing=null rss=16.007545
         1788690240.603  4644  4675 I AebsFrameSubscriber: onMessagesAvailable callback
         1788690240.603  4644  4675 I AebsFrameSubscriber: readNextMessages count=1
         1788690240.603  4644  4675 I MainActivity: onGatewayFrame: frame seq=1978 egoSpeed=6.9522524 pts=0 intervention=false warning=false braking=true lifecycle=released_verified_stop range=null bearing=null rss=16.007545
         1788690240.703  4644  4675 I AebsFrameSubscriber: onMessagesAvailable callback
         1788690240.703  4644  4675 I AebsFrameSubscriber: readNextMessages count=1
         1788690240.703  4644  4675 I MainActivity: onGatewayFrame: frame seq=1979 egoSpeed=6.9522524 pts=0 intervention=false warning=false braking=true lifecycle=released_verified_stop range=null bearing=null rss=16.007545
         1788690240.803  4644  4675 I AebsFrameSubscriber: onMessagesAvailable callback
         1788690240.803  4644  4675 I AebsFrameSubscriber: readNextMessages count=1
         1788690240.803  4644  4675 I MainActivity: onGatewayFrame: frame seq=1980 egoSpeed=6.9522524 pts=0 intervention=false warning=false braking=true lifecycle=released_verified_stop range=null bearing=null rss=16.007545
         1788690240.903  4644  4675 I AebsFrameSubscriber: onMessagesAvailable callback
         1788690240.903  4644  4675 I AebsFrameSubscriber: readNextMessages count=1
         1788690240.903  4644  4675 I MainActivity: onGatewayFrame: frame seq=1981 egoSpeed=6.9522524 pts=0 intervention=false warning=false braking=true lifecycle=released_verified_stop range=null bearing=null rss=16.007545
         1788690241.004  4644  4675 I AebsFrameSubscriber: onMessagesAvailable callback
         1788690241.004  4644  4675 I AebsFrameSubscriber: readNextMessages count=1
         1788690241.005  4644  4675 I MainActivity: onGatewayFrame: frame seq=1982 egoSpeed=6.9522524 pts=0 intervention=false warning=false braking=true lifecycle=released_verified_stop range=null bearing=null rss=16.007545
         1788690241.103  4644  4675 I AebsFrameSubscriber: onMessagesAvailable callback
         1788690241.103  4644  4675 I AebsFrameSubscriber: readNextMessages count=1
         1788690241.103  4644  4675 I MainActivity: onGatewayFrame: frame seq=1983 egoSpeed=6.9522524 pts=0 intervention=false warning=false braking=true lifecycle=released_verified_stop range=null bearing=null rss=16.007545
         1788690241.203  4644  4675 I AebsFrameSubscriber: onMessagesAvailable callback
         1788690241.203  4644  4675 I AebsFrameSubscriber: readNextMessages count=1
         1788690241.203  4644  4675 I MainActivity: onGatewayFrame: frame seq=1984 egoSpeed=6.9522524 pts=0 intervention=false warning=false braking=true lifecycle=released_verified_stop range=null bearing=null rss=16.007545
         1788690241.303  4644  4675 I AebsFrameSubscriber: onMessagesAvailable callback
         1788690241.303  4644  4675 I AebsFrameSubscriber: readNextMessages count=1
         1788690241.303  4644  4675 I MainActivity: onGatewayFrame: frame seq=1985 egoSpeed=6.9522524 pts=0 intervention=false warning=false braking=true lifecycle=released_verified_stop range=null bearing=null rss=16.007545
         1788690241.403  4644  4675 I AebsFrameSubscriber: onMessagesAvailable callback
         1788690241.403  4644  4675 I AebsFrameSubscriber: readNextMessages count=1
         1788690241.403  4644  4675 I MainActivity: onGatewayFrame: frame seq=1986 egoSpeed=6.9522524 pts=0 intervention=false warning=false braking=true lifecycle=released_verified_stop range=null bearing=null rss=16.007545
         1788690241.506  4644  4675 I AebsFrameSubscriber: readNextMessages count=1
         1788690241.506  4644  4675 I MainActivity: onGatewayFrame: frame seq=1987 egoSpeed=6.9522524 pts=0 intervention=false warning=false braking=true lifecycle=released_verified_stop range=null bearing=null rss=16.007545
         1788690241.506  4644  4675 I AebsFrameSubscriber: onMessagesAvailable callback
         1788690241.640  4644  4675 I AebsFrameSubscriber: readNextMessages count=1
         1788690241.640  4644  4675 I MainActivity: onGatewayFrame: frame seq=1988 egoSpeed=6.9522524 pts=0 intervention=false warning=false braking=true lifecycle=released_verified_stop range=null bearing=null rss=16.007545
         1788690241.640  4644  4675 I AebsFrameSubscriber: onMessagesAvailable callback
         1788690241.703  4644  4675 I AebsFrameSubscriber: onMessagesAvailable callback
         1788690241.703  4644  4675 I AebsFrameSubscriber: readNextMessages count=1
         1788690241.703  4644  4675 I MainActivity: onGatewayFrame: frame seq=1989 egoSpeed=6.9522524 pts=0 intervention=false warning=false braking=true lifecycle=released_verified_stop range=null bearing=null rss=16.007545
         1788690241.803  4644  4675 I AebsFrameSubscriber: onMessagesAvailable callback
         1788690241.803  4644  4675 I AebsFrameSubscriber: readNextMessages count=1
         1788690241.803  4644  4675 I MainActivity: onGatewayFrame: frame seq=1990 egoSpeed=6.9522524 pts=0 intervention=false warning=false braking=true lifecycle=released_verified_stop range=null bearing=null rss=16.007545
         1788690241.903  4644  4675 I AebsFrameSubscriber: onMessagesAvailable callback
         1788690241.903  4644  4675 I AebsFrameSubscriber: readNextMessages count=1
         1788690241.904  4644  4675 I MainActivity: onGatewayFrame: frame seq=1991 egoSpeed=6.9522524 pts=0 intervention=false warning=false braking=true lifecycle=released_verified_stop range=null bearing=null rss=16.007545
         1788690242.003  4644  4675 I AebsFrameSubscriber: onMessagesAvailable callback
         1788690242.003  4644  4675 I AebsFrameSubscriber: readNextMessages count=1
         1788690242.003  4644  4675 I MainActivity: onGatewayFrame: frame seq=1992 egoSpeed=6.9522524 pts=0 intervention=false warning=false braking=true lifecycle=released_verified_stop range=null bearing=null rss=16.007545
         1788690242.103  4644  4675 I AebsFrameSubscriber: onMessagesAvailable callback
         1788690242.103  4644  4675 I AebsFrameSubscriber: readNextMessages count=1
         1788690242.103  4644  4675 I MainActivity: onGatewayFrame: frame seq=1993 egoSpeed=6.9522524 pts=0 intervention=false warning=false braking=true lifecycle=released_verified_stop range=null bearing=null rss=16.007545
         1788690242.203  4644  4675 I AebsFrameSubscriber: onMessagesAvailable callback
         1788690242.203  4644  4675 I AebsFrameSubscriber: readNextMessages count=1
         1788690242.203  4644  4675 I MainActivity: onGatewayFrame: frame seq=1994 egoSpeed=6.9522524 pts=0 intervention=false warning=false braking=true lifecycle=released_verified_stop range=null bearing=null rss=16.007545
         1788690242.303  4644  4675 I AebsFrameSubscriber: onMessagesAvailable callback
         1788690242.303  4644  4675 I AebsFrameSubscriber: readNextMessages count=1
         1788690242.303  4644  4675 I MainActivity: onGatewayFrame: frame seq=1995 egoSpeed=6.9522524 pts=0 intervention=false warning=false braking=true lifecycle=released_verified_stop range=null bearing=null rss=16.007545
         1788690242.403  4644  4675 I AebsFrameSubscriber: onMessagesAvailable callback
         1788690242.403  4644  4675 I AebsFrameSubscriber: readNextMessages count=1
         1788690242.403  4644  4675 I MainActivity: onGatewayFrame: frame seq=1996 egoSpeed=6.9522524 pts=0 intervention=false warning=false braking=true lifecycle=released_verified_stop range=null bearing=null rss=16.007545
         1788690242.503  4644  4675 I AebsFrameSubscriber: onMessagesAvailable callback
         1788690242.503  4644  4675 I AebsFrameSubscriber: readNextMessages count=1
         1788690242.503  4644  4675 I MainActivity: onGatewayFrame: frame seq=1997 egoSpeed=6.9522524 pts=0 intervention=false warning=false braking=true lifecycle=released_verified_stop range=null bearing=null rss=16.007545
         1788690242.603  4644  4675 I AebsFrameSubscriber: onMessagesAvailable callback
         1788690242.603  4644  4675 I AebsFrameSubscriber: readNextMessages count=1
         1788690242.604  4644  4675 I MainActivity: onGatewayFrame: frame seq=1998 egoSpeed=6.9522524 pts=0 intervention=false warning=false braking=true lifecycle=released_verified_stop range=null bearing=null rss=16.007545
         1788690242.703  4644  4675 I AebsFrameSubscriber: onMessagesAvailable callback
         1788690242.703  4644  4675 I AebsFrameSubscriber: readNextMessages count=1
         1788690242.704  4644  4675 I MainActivity: onGatewayFrame: frame seq=1999 egoSpeed=6.9522524 pts=0 intervention=false warning=false braking=true lifecycle=released_verified_stop range=null bearing=null rss=16.007545
         1788690242.803  4644  4675 I AebsFrameSubscriber: onMessagesAvailable callback
         1788690242.803  4644  4675 I AebsFrameSubscriber: readNextMessages count=1
         1788690242.803  4644  4675 I MainActivity: onGatewayFrame: frame seq=2000 egoSpeed=6.9522524 pts=0 intervention=false warning=false braking=true lifecycle=released_verified_stop range=null bearing=null rss=16.007545
         1788690242.903  4644  4675 I AebsFrameSubscriber: onMessagesAvailable callback
         1788690242.903  4644  4675 I AebsFrameSubscriber: readNextMessages count=1
         1788690242.903  4644  4675 I MainActivity: onGatewayFrame: frame seq=2001 egoSpeed=6.9522524 pts=0 intervention=false warning=false braking=true lifecycle=released_verified_stop range=null bearing=null rss=16.007545
         1788690243.003  4644  4675 I AebsFrameSubscriber: onMessagesAvailable callback
         1788690243.003  4644  4675 I AebsFrameSubscriber: readNextMessages count=1
         1788690243.003  4644  4675 I MainActivity: onGatewayFrame: frame seq=2002 egoSpeed=6.9522524 pts=0 intervention=false warning=false braking=true lifecycle=released_verified_stop range=null bearing=null rss=16.007545
         1788690243.103  4644  4675 I AebsFrameSubscriber: onMessagesAvailable callback
         1788690243.103  4644  4675 I AebsFrameSubscriber: readNextMessages count=1
         1788690243.103  4644  4675 I MainActivity: onGatewayFrame: frame seq=2003 egoSpeed=6.9522524 pts=0 intervention=false warning=false braking=true lifecycle=released_verified_stop range=null bearing=null rss=16.007545
         1788690243.203  4644  4675 I AebsFrameSubscriber: onMessagesAvailable callback
         1788690243.203  4644  4675 I AebsFrameSubscriber: readNextMessages count=1
         1788690243.203  4644  4675 I MainActivity: onGatewayFrame: frame seq=2004 egoSpeed=6.9522524 pts=0 intervention=false warning=false braking=true lifecycle=released_verified_stop range=null bearing=null rss=16.007545
         1788690243.303  4644  4675 I AebsFrameSubscriber: onMessagesAvailable callback
         1788690243.303  4644  4675 I AebsFrameSubscriber: readNextMessages count=1
         1788690243.303  4644  4675 I MainActivity: onGatewayFrame: frame seq=2005 egoSpeed=6.9522524 pts=0 intervention=false warning=false braking=true lifecycle=released_verified_stop range=null bearing=null rss=16.007545
         1788690243.403  4644  4675 I AebsFrameSubscriber: onMessagesAvailable callback
         1788690243.403  4644  4675 I AebsFrameSubscriber: readNextMessages count=1
         1788690243.403  4644  4675 I MainActivity: onGatewayFrame: frame seq=2006 egoSpeed=6.9522524 pts=0 intervention=false warning=false braking=true lifecycle=released_verified_stop range=null bearing=null rss=16.007545
         1788690243.503  4644  4675 I AebsFrameSubscriber: onMessagesAvailable callback
         1788690243.503  4644  4675 I AebsFrameSubscriber: readNextMessages count=1
         1788690243.503  4644  4675 I MainActivity: onGatewayFrame: frame seq=2007 egoSpeed=6.9522524 pts=0 intervention=false warning=false braking=true lifecycle=released_verified_stop range=null bearing=null rss=16.007545
         1788690243.603  4644  4675 I AebsFrameSubscriber: onMessagesAvailable callback
         1788690243.603  4644  4675 I AebsFrameSubscriber: readNextMessages count=1
         1788690243.603  4644  4675 I MainActivity: onGatewayFrame: frame seq=2008 egoSpeed=6.9522524 pts=0 intervention=false warning=false braking=true lifecycle=released_verified_stop range=null bearing=null rss=16.007545
         1788690243.703  4644  4675 I AebsFrameSubscriber: onMessagesAvailable callback
         1788690243.703  4644  4675 I AebsFrameSubscriber: readNextMessages count=1
         1788690243.703  4644  4675 I MainActivity: onGatewayFrame: frame seq=2009 egoSpeed=6.9522524 pts=0 intervention=false warning=false braking=true lifecycle=released_verified_stop range=null bearing=null rss=16.007545
         1788690243.803  4644  4675 I AebsFrameSubscriber: onMessagesAvailable callback
         1788690243.803  4644  4675 I AebsFrameSubscriber: readNextMessages count=1
         1788690243.803  4644  4675 I MainActivity: onGatewayFrame: frame seq=2010 egoSpeed=6.9522524 pts=0 intervention=false warning=false braking=true lifecycle=released_verified_stop range=null bearing=null rss=16.007545
         1788690243.903  4644  4675 I AebsFrameSubscriber: onMessagesAvailable callback
         1788690243.903  4644  4675 I AebsFrameSubscriber: readNextMessages count=1
         1788690243.903  4644  4675 I MainActivity: onGatewayFrame: frame seq=2011 egoSpeed=6.9522524 pts=0 intervention=false warning=false braking=true lifecycle=released_verified_stop range=null bearing=null rss=16.007545
         1788690244.003  4644  4675 I AebsFrameSubscriber: onMessagesAvailable callback
         1788690244.003  4644  4675 I AebsFrameSubscriber: readNextMessages count=1
         1788690244.003  4644  4675 I MainActivity: onGatewayFrame: frame seq=2012 egoSpeed=6.9522524 pts=0 intervention=false warning=false braking=true lifecycle=released_verified_stop range=null bearing=null rss=16.007545
         1788690244.103  4644  4675 I AebsFrameSubscriber: onMessagesAvailable callback
         1788690244.103  4644  4675 I AebsFrameSubscriber: readNextMessages count=1
         1788690244.103  4644  4675 I MainActivity: onGatewayFrame: frame seq=2013 egoSpeed=6.9522524 pts=0 intervention=false warning=false braking=true lifecycle=released_verified_stop range=null bearing=null rss=16.007545
         1788690244.202  4644  4675 I AebsFrameSubscriber: onMessagesAvailable callback
         1788690244.203  4644  4675 I AebsFrameSubscriber: readNextMessages count=1
         1788690244.203  4644  4675 I MainActivity: onGatewayFrame: frame seq=2014 egoSpeed=6.9522524 pts=0 intervention=false warning=false braking=true lifecycle=released_verified_stop range=null bearing=null rss=16.007545
         1788690244.303  4644  4675 I AebsFrameSubscriber: onMessagesAvailable callback
         1788690244.303  4644  4675 I AebsFrameSubscriber: readNextMessages count=1
         1788690244.303  4644  4675 I MainActivity: onGatewayFrame: frame seq=2015 egoSpeed=6.9522524 pts=0 intervention=false warning=false braking=true lifecycle=released_verified_stop range=null bearing=null rss=16.007545
         1788690244.402  4644  4675 I AebsFrameSubscriber: onMessagesAvailable callback
         1788690244.403  4644  4675 I AebsFrameSubscriber: readNextMessages count=1
         1788690244.403  4644  4675 I MainActivity: onGatewayFrame: frame seq=2016 egoSpeed=6.9522524 pts=0 intervention=false warning=false braking=true lifecycle=released_verified_stop range=null bearing=null rss=16.007545
         1788690244.503  4644  4675 I AebsFrameSubscriber: onMessagesAvailable callback
         1788690244.503  4644  4675 I AebsFrameSubscriber: readNextMessages count=1
         1788690244.503  4644  4675 I MainActivity: onGatewayFrame: frame seq=2017 egoSpeed=6.9522524 pts=0 intervention=false warning=false braking=true lifecycle=released_verified_stop range=null bearing=null rss=16.007545
         1788690244.603  4644  4675 I AebsFrameSubscriber: onMessagesAvailable callback
         1788690244.603  4644  4675 I AebsFrameSubscriber: readNextMessages count=1
         1788690244.603  4644  4675 I MainActivity: onGatewayFrame: frame seq=2018 egoSpeed=6.9522524 pts=0 intervention=false warning=false braking=true lifecycle=released_verified_stop range=null bearing=null rss=16.007545
         1788690244.703  4644  4675 I AebsFrameSubscriber: onMessagesAvailable callback
         1788690244.703  4644  4675 I AebsFrameSubscriber: readNextMessages count=1
         1788690244.703  4644  4675 I MainActivity: onGatewayFrame: frame seq=2019 egoSpeed=6.9522524 pts=0 intervention=false warning=false braking=true lifecycle=released_verified_stop range=null bearing=null rss=16.007545
         1788690244.802  4644  4675 I AebsFrameSubscriber: onMessagesAvailable callback
         1788690244.803  4644  4675 I AebsFrameSubscriber: readNextMessages count=1
         1788690244.803  4644  4675 I MainActivity: onGatewayFrame: frame seq=2020 egoSpeed=6.9522524 pts=0 intervention=false warning=false braking=true lifecycle=released_verified_stop range=null bearing=null rss=16.007545
         1788690244.902  4644  4675 I AebsFrameSubscriber: onMessagesAvailable callback
         1788690244.903  4644  4675 I AebsFrameSubscriber: readNextMessages count=1
         1788690244.903  4644  4675 I MainActivity: onGatewayFrame: frame seq=2021 egoSpeed=6.9522524 pts=0 intervention=false warning=false braking=true lifecycle=released_verified_stop range=null bearing=null rss=16.007545
         1788690245.002  4644  4675 I AebsFrameSubscriber: onMessagesAvailable callback
         1788690245.003  4644  4675 I AebsFrameSubscriber: readNextMessages count=1
         1788690245.003  4644  4675 I MainActivity: onGatewayFrame: frame seq=2022 egoSpeed=6.9522524 pts=0 intervention=false warning=false braking=true lifecycle=released_verified_stop range=null bearing=null rss=16.007545
         1788690245.102  4644  4675 I AebsFrameSubscriber: onMessagesAvailable callback
         1788690245.103  4644  4675 I AebsFrameSubscriber: readNextMessages count=1
         1788690245.103  4644  4675 I MainActivity: onGatewayFrame: frame seq=2023 egoSpeed=6.9522524 pts=0 intervention=false warning=false braking=true lifecycle=released_verified_stop range=null bearing=null rss=16.007545
         1788690245.202  4644  4675 I AebsFrameSubscriber: onMessagesAvailable callback
         1788690245.203  4644  4675 I AebsFrameSubscriber: readNextMessages count=1
         1788690245.203  4644  4675 I MainActivity: onGatewayFrame: frame seq=2024 egoSpeed=6.9522524 pts=0 intervention=false warning=false braking=true lifecycle=released_verified_stop range=null bearing=null rss=16.007545
         1788690245.302  4644  4675 I AebsFrameSubscriber: onMessagesAvailable callback
         1788690245.303  4644  4675 I AebsFrameSubscriber: readNextMessages count=1
         1788690245.303  4644  4675 I MainActivity: onGatewayFrame: frame seq=2025 egoSpeed=6.9522524 pts=0 intervention=false warning=false braking=true lifecycle=released_verified_stop range=null bearing=null rss=16.007545
         1788690245.402  4644  4675 I AebsFrameSubscriber: onMessagesAvailable callback
         1788690245.403  4644  4675 I AebsFrameSubscriber: readNextMessages count=1
         1788690245.403  4644  4675 I MainActivity: onGatewayFrame: frame seq=2026 egoSpeed=6.9522524 pts=0 intervention=false warning=false braking=true lifecycle=released_verified_stop range=null bearing=null rss=16.007545
         1788690245.503  4644  4675 I AebsFrameSubscriber: onMessagesAvailable callback
         1788690245.504  4644  4675 I AebsFrameSubscriber: readNextMessages count=1
         1788690245.504  4644  4675 I MainActivity: onGatewayFrame: frame seq=2027 egoSpeed=6.9522524 pts=0 intervention=false warning=false braking=true lifecycle=released_verified_stop range=null bearing=null rss=16.007545
         1788690245.722  4644  4675 I AebsFrameSubscriber: readNextMessages count=2
         1788690245.722  4644  4675 I MainActivity: onGatewayFrame: frame seq=2028 egoSpeed=6.9522524 pts=0 intervention=false warning=false braking=true lifecycle=released_verified_stop range=null bearing=null rss=16.007545
         1788690245.722  4644  4675 I MainActivity: onGatewayFrame: frame seq=2029 egoSpeed=6.9522524 pts=0 intervention=false warning=false braking=true lifecycle=released_verified_stop range=null bearing=null rss=16.007545
         1788690245.722  4644  4675 I AebsFrameSubscriber: onMessagesAvailable callback
         1788690245.722  4644  4675 I AebsFrameSubscriber: onMessagesAvailable callback
         1788690245.802  4644  4675 I AebsFrameSubscriber: onMessagesAvailable callback
         1788690245.803  4644  4675 I AebsFrameSubscriber: readNextMessages count=1
         1788690245.803  4644  4675 I MainActivity: onGatewayFrame: frame seq=2030 egoSpeed=6.9522524 pts=0 intervention=false warning=false braking=true lifecycle=released_verified_stop range=null bearing=null rss=16.007545
         1788690245.902  4644  4675 I AebsFrameSubscriber: onMessagesAvailable callback
         1788690245.903  4644  4675 I AebsFrameSubscriber: readNextMessages count=1
         1788690245.903  4644  4675 I MainActivity: onGatewayFrame: frame seq=2031 egoSpeed=6.9522524 pts=0 intervention=false warning=false braking=true lifecycle=released_verified_stop range=null bearing=null rss=16.007545
         1788690246.002  4644  4675 I AebsFrameSubscriber: onMessagesAvailable callback
         1788690246.003  4644  4675 I AebsFrameSubscriber: readNextMessages count=1
         1788690246.003  4644  4675 I MainActivity: onGatewayFrame: frame seq=2032 egoSpeed=6.9522524 pts=0 intervention=false warning=false braking=true lifecycle=released_verified_stop range=null bearing=null rss=16.007545
         1788690246.103  4644  4675 I AebsFrameSubscriber: onMessagesAvailable callback
         1788690246.103  4644  4675 I AebsFrameSubscriber: readNextMessages count=1
         1788690246.103  4644  4675 I MainActivity: onGatewayFrame: frame seq=2033 egoSpeed=6.9522524 pts=0 intervention=false warning=false braking=true lifecycle=released_verified_stop range=null bearing=null rss=16.007545
         1788690246.202  4644  4675 I AebsFrameSubscriber: onMessagesAvailable callback
         1788690246.203  4644  4675 I AebsFrameSubscriber: readNextMessages count=1
         1788690246.203  4644  4675 I MainActivity: onGatewayFrame: frame seq=2034 egoSpeed=6.9522524 pts=0 intervention=false warning=false braking=true lifecycle=released_verified_stop range=null bearing=null rss=16.007545
         1788690246.302  4644  4675 I AebsFrameSubscriber: onMessagesAvailable callback
         1788690246.303  4644  4675 I AebsFrameSubscriber: readNextMessages count=1
         1788690246.303  4644  4675 I MainActivity: onGatewayFrame: frame seq=2035 egoSpeed=6.9522524 pts=0 intervention=false warning=false braking=true lifecycle=released_verified_stop range=null bearing=null rss=16.007545
         1788690246.402  4644  4675 I AebsFrameSubscriber: onMessagesAvailable callback
         1788690246.403  4644  4675 I AebsFrameSubscriber: readNextMessages count=1
         1788690246.403  4644  4675 I MainActivity: onGatewayFrame: frame seq=2036 egoSpeed=6.9522524 pts=0 intervention=false warning=false braking=true lifecycle=released_verified_stop range=null bearing=null rss=16.007545
         1788690246.502  4644  4675 I AebsFrameSubscriber: onMessagesAvailable callback
         1788690246.503  4644  4675 I AebsFrameSubscriber: readNextMessages count=1
         1788690246.503  4644  4675 I MainActivity: onGatewayFrame: frame seq=2037 egoSpeed=6.9522524 pts=0 intervention=false warning=false braking=true lifecycle=released_verified_stop range=null bearing=null rss=16.007545
         1788690246.602  4644  4675 I AebsFrameSubscriber: onMessagesAvailable callback
         1788690246.603  4644  4675 I AebsFrameSubscriber: readNextMessages count=1
         1788690246.603  4644  4675 I MainActivity: onGatewayFrame: frame seq=2038 egoSpeed=6.9522524 pts=0 intervention=false warning=false braking=true lifecycle=released_verified_stop range=null bearing=null rss=16.007545
         1788690246.702  4644  4675 I AebsFrameSubscriber: onMessagesAvailable callback
         1788690246.703  4644  4675 I AebsFrameSubscriber: readNextMessages count=1
         1788690246.703  4644  4675 I MainActivity: onGatewayFrame: frame seq=2039 egoSpeed=6.9522524 pts=0 intervention=false warning=false braking=true lifecycle=released_verified_stop range=null bearing=null rss=16.007545
         1788690246.802  4644  4675 I AebsFrameSubscriber: onMessagesAvailable callback
         1788690246.803  4644  4675 I AebsFrameSubscriber: readNextMessages count=1
         1788690246.803  4644  4675 I MainActivity: onGatewayFrame: frame seq=2040 egoSpeed=6.9522524 pts=0 intervention=false warning=false braking=true lifecycle=released_verified_stop range=null bearing=null rss=16.007545
         1788690246.902  4644  4675 I AebsFrameSubscriber: onMessagesAvailable callback
         1788690246.903  4644  4675 I AebsFrameSubscriber: readNextMessages count=1
         1788690246.903  4644  4675 I MainActivity: onGatewayFrame: frame seq=2041 egoSpeed=6.9522524 pts=0 intervention=false warning=false braking=true lifecycle=released_verified_stop range=null bearing=null rss=16.007545
         1788690247.002  4644  4675 I AebsFrameSubscriber: onMessagesAvailable callback
         1788690247.003  4644  4675 I AebsFrameSubscriber: readNextMessages count=1
         1788690247.003  4644  4675 I MainActivity: onGatewayFrame: frame seq=2042 egoSpeed=6.9522524 pts=0 intervention=false warning=false braking=true lifecycle=released_verified_stop range=null bearing=null rss=16.007545
         1788690247.102  4644  4675 I AebsFrameSubscriber: onMessagesAvailable callback
         1788690247.103  4644  4675 I AebsFrameSubscriber: readNextMessages count=1
         1788690247.103  4644  4675 I MainActivity: onGatewayFrame: frame seq=2043 egoSpeed=6.9522524 pts=0 intervention=false warning=false braking=true lifecycle=released_verified_stop range=null bearing=null rss=16.007545
         1788690247.202  4644  4675 I AebsFrameSubscriber: onMessagesAvailable callback
         1788690247.203  4644  4675 I AebsFrameSubscriber: readNextMessages count=1
         1788690247.203  4644  4675 I MainActivity: onGatewayFrame: frame seq=2044 egoSpeed=6.9522524 pts=0 intervention=false warning=false braking=true lifecycle=released_verified_stop range=null bearing=null rss=16.007545
         1788690247.302  4644  4675 I AebsFrameSubscriber: onMessagesAvailable callback
         1788690247.303  4644  4675 I AebsFrameSubscriber: readNextMessages count=1
         1788690247.303  4644  4675 I MainActivity: onGatewayFrame: frame seq=2045 egoSpeed=6.9522524 pts=0 intervention=false warning=false braking=true lifecycle=released_verified_stop range=null bearing=null rss=16.007545
         1788690247.402  4644  4675 I AebsFrameSubscriber: onMessagesAvailable callback
         1788690247.403  4644  4675 I AebsFrameSubscriber: readNextMessages count=1
         1788690247.403  4644  4675 I MainActivity: onGatewayFrame: frame seq=2046 egoSpeed=6.9522524 pts=0 intervention=false warning=false braking=true lifecycle=released_verified_stop range=null bearing=null rss=16.007545
         1788690247.502  4644  4675 I AebsFrameSubscriber: onMessagesAvailable callback
         1788690247.503  4644  4675 I AebsFrameSubscriber: readNextMessages count=1
         1788690247.503  4644  4675 I MainActivity: onGatewayFrame: frame seq=2047 egoSpeed=6.9522524 pts=0 intervention=false warning=false braking=true lifecycle=released_verified_stop range=null bearing=null rss=16.007545
         1788690247.602  4644  4675 I AebsFrameSubscriber: onMessagesAvailable callback
         1788690247.603  4644  4675 I AebsFrameSubscriber: readNextMessages count=1
         1788690247.603  4644  4675 I MainActivity: onGatewayFrame: frame seq=2048 egoSpeed=6.9522524 pts=0 intervention=false warning=false braking=true lifecycle=released_verified_stop range=null bearing=null rss=16.007545
         1788690247.702  4644  4675 I AebsFrameSubscriber: onMessagesAvailable callback
         1788690247.703  4644  4675 I AebsFrameSubscriber: readNextMessages count=1
         1788690247.703  4644  4675 I MainActivity: onGatewayFrame: frame seq=2049 egoSpeed=6.9522524 pts=0 intervention=false warning=false braking=true lifecycle=released_verified_stop range=null bearing=null rss=16.007545
         1788690247.802  4644  4675 I AebsFrameSubscriber: onMessagesAvailable callback
         1788690247.803  4644  4675 I AebsFrameSubscriber: readNextMessages count=1
         1788690247.803  4644  4675 I MainActivity: onGatewayFrame: frame seq=2050 egoSpeed=6.9522524 pts=0 intervention=false warning=false braking=true lifecycle=released_verified_stop range=null bearing=null rss=16.007545
         1788690247.902  4644  4675 I AebsFrameSubscriber: onMessagesAvailable callback
         1788690247.903  4644  4675 I AebsFrameSubscriber: readNextMessages count=1
         1788690247.903  4644  4675 I MainActivity: onGatewayFrame: frame seq=2051 egoSpeed=6.9522524 pts=0 intervention=false warning=false braking=true lifecycle=released_verified_stop range=null bearing=null rss=16.007545
         1788690248.002  4644  4675 I AebsFrameSubscriber: onMessagesAvailable callback
         1788690248.002  4644  4675 I AebsFrameSubscriber: readNextMessages count=1
         1788690248.003  4644  4675 I MainActivity: onGatewayFrame: frame seq=2052 egoSpeed=6.9522524 pts=0 intervention=false warning=false braking=true lifecycle=released_verified_stop range=null bearing=null rss=16.007545
         1788690248.102  4644  4675 I AebsFrameSubscriber: onMessagesAvailable callback
         1788690248.103  4644  4675 I AebsFrameSubscriber: readNextMessages count=1
         1788690248.103  4644  4675 I MainActivity: onGatewayFrame: frame seq=2053 egoSpeed=6.9522524 pts=0 intervention=false warning=false braking=true lifecycle=released_verified_stop range=null bearing=null rss=16.007545
         1788690248.202  4644  4675 I AebsFrameSubscriber: onMessagesAvailable callback
         1788690248.202  4644  4675 I AebsFrameSubscriber: readNextMessages count=1
         1788690248.203  4644  4675 I MainActivity: onGatewayFrame: frame seq=2054 egoSpeed=6.9522524 pts=0 intervention=false warning=false braking=true lifecycle=released_verified_stop range=null bearing=null rss=16.007545
         1788690248.302  4644  4675 I AebsFrameSubscriber: onMessagesAvailable callback
         1788690248.302  4644  4675 I AebsFrameSubscriber: readNextMessages count=1
         1788690248.303  4644  4675 I MainActivity: onGatewayFrame: frame seq=2055 egoSpeed=6.9522524 pts=0 intervention=false warning=false braking=true lifecycle=released_verified_stop range=null bearing=null rss=16.007545
         1788690248.402  4644  4675 I AebsFrameSubscriber: onMessagesAvailable callback
         1788690248.402  4644  4675 I AebsFrameSubscriber: readNextMessages count=1
         1788690248.402  4644  4675 I MainActivity: onGatewayFrame: frame seq=2056 egoSpeed=6.9522524 pts=0 intervention=false warning=false braking=true lifecycle=released_verified_stop range=null bearing=null rss=16.007545
         1788690248.502  4644  4675 I AebsFrameSubscriber: onMessagesAvailable callback
         1788690248.502  4644  4675 I AebsFrameSubscriber: readNextMessages count=1
         1788690248.502  4644  4675 I MainActivity: onGatewayFrame: frame seq=2057 egoSpeed=6.9522524 pts=0 intervention=false warning=false braking=true lifecycle=released_verified_stop range=null bearing=null rss=16.007545
         1788690248.602  4644  4675 I AebsFrameSubscriber: onMessagesAvailable callback
         1788690248.602  4644  4675 I AebsFrameSubscriber: readNextMessages count=1
         1788690248.603  4644  4675 I MainActivity: onGatewayFrame: frame seq=2058 egoSpeed=6.9522524 pts=0 intervention=false warning=false braking=true lifecycle=released_verified_stop range=null bearing=null rss=16.007545
         1788690248.702  4644  4675 I AebsFrameSubscriber: onMessagesAvailable callback
         1788690248.702  4644  4675 I AebsFrameSubscriber: readNextMessages count=1
         1788690248.703  4644  4675 I MainActivity: onGatewayFrame: frame seq=2059 egoSpeed=6.9522524 pts=0 intervention=false warning=false braking=true lifecycle=released_verified_stop range=null bearing=null rss=16.007545
         1788690248.802  4644  4675 I AebsFrameSubscriber: onMessagesAvailable callback
         1788690248.802  4644  4675 I AebsFrameSubscriber: readNextMessages count=1
         1788690248.803  4644  4675 I MainActivity: onGatewayFrame: frame seq=2060 egoSpeed=6.9522524 pts=0 intervention=false warning=false braking=true lifecycle=released_verified_stop range=null bearing=null rss=16.007545
         1788690248.902  4644  4675 I AebsFrameSubscriber: onMessagesAvailable callback
         1788690248.902  4644  4675 I AebsFrameSubscriber: readNextMessages count=1
         1788690248.902  4644  4675 I MainActivity: onGatewayFrame: frame seq=2061 egoSpeed=6.9522524 pts=0 intervention=false warning=false braking=true lifecycle=released_verified_stop range=null bearing=null rss=16.007545
         1788690249.002  4644  4675 I AebsFrameSubscriber: onMessagesAvailable callback
         1788690249.002  4644  4675 I AebsFrameSubscriber: readNextMessages count=1
         1788690249.002  4644  4675 I MainActivity: onGatewayFrame: frame seq=2062 egoSpeed=6.9522524 pts=0 intervention=false warning=false braking=true lifecycle=released_verified_stop range=null bearing=null rss=16.007545
         1788690249.102  4644  4675 I AebsFrameSubscriber: onMessagesAvailable callback
         1788690249.102  4644  4675 I AebsFrameSubscriber: readNextMessages count=1
         1788690249.102  4644  4675 I MainActivity: onGatewayFrame: frame seq=2063 egoSpeed=6.9522524 pts=0 intervention=false warning=false braking=true lifecycle=released_verified_stop range=null bearing=null rss=16.007545
         1788690249.202  4644  4675 I AebsFrameSubscriber: onMessagesAvailable callback
         1788690249.202  4644  4675 I AebsFrameSubscriber: readNextMessages count=1
         1788690249.202  4644  4675 I MainActivity: onGatewayFrame: frame seq=2064 egoSpeed=6.9522524 pts=0 intervention=false warning=false braking=true lifecycle=released_verified_stop range=null bearing=null rss=16.007545
         1788690249.302  4644  4675 I AebsFrameSubscriber: onMessagesAvailable callback
         1788690249.302  4644  4675 I AebsFrameSubscriber: readNextMessages count=1
         1788690249.302  4644  4675 I MainActivity: onGatewayFrame: frame seq=2065 egoSpeed=6.9522524 pts=0 intervention=false warning=false braking=true lifecycle=released_verified_stop range=null bearing=null rss=16.007545
         1788690249.402  4644  4675 I AebsFrameSubscriber: onMessagesAvailable callback
         1788690249.403  4644  4675 I AebsFrameSubscriber: readNextMessages count=1
         1788690249.403  4644  4675 I MainActivity: onGatewayFrame: frame seq=2066 egoSpeed=6.9522524 pts=0 intervention=false warning=false braking=true lifecycle=released_verified_stop range=null bearing=null rss=16.007545
         1788690249.625  4644  4675 I AebsFrameSubscriber: readNextMessages count=2
         1788690249.625  4644  4675 I MainActivity: onGatewayFrame: frame seq=2067 egoSpeed=6.9522524 pts=0 intervention=false warning=false braking=true lifecycle=released_verified_stop range=null bearing=null rss=16.007545
         1788690249.625  4644  4675 I MainActivity: onGatewayFrame: frame seq=2068 egoSpeed=6.9522524 pts=0 intervention=false warning=false braking=true lifecycle=released_verified_stop range=null bearing=null rss=16.007545
         1788690249.625  4644  4675 I AebsFrameSubscriber: onMessagesAvailable callback
         1788690249.625  4644  4675 I AebsFrameSubscriber: onMessagesAvailable callback
         1788690249.702  4644  4675 I AebsFrameSubscriber: onMessagesAvailable callback
         1788690249.702  4644  4675 I AebsFrameSubscriber: readNextMessages count=1
         1788690249.703  4644  4675 I MainActivity: onGatewayFrame: frame seq=2069 egoSpeed=6.9522524 pts=0 intervention=false warning=false braking=true lifecycle=released_verified_stop range=null bearing=null rss=16.007545
         1788690249.802  4644  4675 I AebsFrameSubscriber: onMessagesAvailable callback
         1788690249.802  4644  4675 I AebsFrameSubscriber: readNextMessages count=1
         1788690249.802  4644  4675 I MainActivity: onGatewayFrame: frame seq=2070 egoSpeed=6.9522524 pts=0 intervention=false warning=false braking=true lifecycle=released_verified_stop range=null bearing=null rss=16.007545
         1788690249.902  4644  4675 I AebsFrameSubscriber: onMessagesAvailable callback
         1788690249.902  4644  4675 I AebsFrameSubscriber: readNextMessages count=1
         1788690249.902  4644  4675 I MainActivity: onGatewayFrame: frame seq=2071 egoSpeed=6.9522524 pts=0 intervention=false warning=false braking=true lifecycle=released_verified_stop range=null bearing=null rss=16.007545
         1788690250.002  4644  4675 I AebsFrameSubscriber: onMessagesAvailable callback
         1788690250.002  4644  4675 I AebsFrameSubscriber: readNextMessages count=1
         1788690250.002  4644  4675 I MainActivity: onGatewayFrame: frame seq=2072 egoSpeed=6.9522524 pts=0 intervention=false warning=false braking=true lifecycle=released_verified_stop range=null bearing=null rss=16.007545
         1788690250.102  4644  4675 I AebsFrameSubscriber: onMessagesAvailable callback
         1788690250.102  4644  4675 I AebsFrameSubscriber: readNextMessages count=1
         1788690250.103  4644  4675 I MainActivity: onGatewayFrame: frame seq=2073 egoSpeed=6.9522524 pts=0 intervention=false warning=false braking=true lifecycle=released_verified_stop range=null bearing=null rss=16.007545
         1788690250.202  4644  4675 I AebsFrameSubscriber: onMessagesAvailable callback
         1788690250.202  4644  4675 I AebsFrameSubscriber: readNextMessages count=1
         1788690250.202  4644  4675 I MainActivity: onGatewayFrame: frame seq=2074 egoSpeed=6.9522524 pts=0 intervention=false warning=false braking=true lifecycle=released_verified_stop range=null bearing=null rss=16.007545
         1788690250.302  4644  4675 I AebsFrameSubscriber: onMessagesAvailable callback
         1788690250.302  4644  4675 I AebsFrameSubscriber: readNextMessages count=1
         1788690250.302  4644  4675 I MainActivity: onGatewayFrame: frame seq=2075 egoSpeed=6.9522524 pts=0 intervention=false warning=false braking=true lifecycle=released_verified_stop range=null bearing=null rss=16.007545
         1788690250.402  4644  4675 I AebsFrameSubscriber: onMessagesAvailable callback
         1788690250.402  4644  4675 I AebsFrameSubscriber: readNextMessages count=1
         1788690250.402  4644  4675 I MainActivity: onGatewayFrame: frame seq=2076 egoSpeed=6.9522524 pts=0 intervention=false warning=false braking=true lifecycle=released_verified_stop range=null bearing=null rss=16.007545
         1788690250.502  4644  4675 I AebsFrameSubscriber: onMessagesAvailable callback
         1788690250.502  4644  4675 I AebsFrameSubscriber: readNextMessages count=1
         1788690250.502  4644  4675 I MainActivity: onGatewayFrame: frame seq=2077 egoSpeed=6.9522524 pts=0 intervention=false warning=false braking=true lifecycle=released_verified_stop range=null bearing=null rss=16.007545
         1788690250.602  4644  4675 I AebsFrameSubscriber: onMessagesAvailable callback
         1788690250.602  4644  4675 I AebsFrameSubscriber: readNextMessages count=1
         1788690250.602  4644  4675 I MainActivity: onGatewayFrame: frame seq=2078 egoSpeed=6.9522524 pts=0 intervention=false warning=false braking=true lifecycle=released_verified_stop range=null bearing=null rss=16.007545
         1788690250.702  4644  4675 I AebsFrameSubscriber: onMessagesAvailable callback
         1788690250.702  4644  4675 I AebsFrameSubscriber: readNextMessages count=1
         1788690250.702  4644  4675 I MainActivity: onGatewayFrame: frame seq=2079 egoSpeed=6.9522524 pts=0 intervention=false warning=false braking=true lifecycle=released_verified_stop range=null bearing=null rss=16.007545
         1788690250.802  4644  4675 I AebsFrameSubscriber: onMessagesAvailable callback
         1788690250.802  4644  4675 I AebsFrameSubscriber: readNextMessages count=1
         1788690250.803  4644  4675 I MainActivity: onGatewayFrame: frame seq=2080 egoSpeed=6.9522524 pts=0 intervention=false warning=false braking=true lifecycle=released_verified_stop range=null bearing=null rss=16.007545
         1788690250.902  4644  4675 I AebsFrameSubscriber: onMessagesAvailable callback
         1788690250.902  4644  4675 I AebsFrameSubscriber: readNextMessages count=1
         1788690250.902  4644  4675 I MainActivity: onGatewayFrame: frame seq=2081 egoSpeed=6.9522524 pts=0 intervention=false warning=false braking=true lifecycle=released_verified_stop range=null bearing=null rss=16.007545
         1788690251.002  4644  4675 I AebsFrameSubscriber: onMessagesAvailable callback
         1788690251.002  4644  4675 I AebsFrameSubscriber: readNextMessages count=1
         1788690251.002  4644  4675 I MainActivity: onGatewayFrame: frame seq=2082 egoSpeed=6.9522524 pts=0 intervention=false warning=false braking=true lifecycle=released_verified_stop range=null bearing=null rss=16.007545
         1788690251.102  4644  4675 I AebsFrameSubscriber: onMessagesAvailable callback
         1788690251.102  4644  4675 I AebsFrameSubscriber: readNextMessages count=1
         1788690251.102  4644  4675 I MainActivity: onGatewayFrame: frame seq=2083 egoSpeed=6.9522524 pts=0 intervention=false warning=false braking=true lifecycle=released_verified_stop range=null bearing=null rss=16.007545
         1788690251.202  4644  4675 I AebsFrameSubscriber: onMessagesAvailable callback
         1788690251.202  4644  4675 I AebsFrameSubscriber: readNextMessages count=1
         1788690251.202  4644  4675 I MainActivity: onGatewayFrame: frame seq=2084 egoSpeed=6.9522524 pts=0 intervention=false warning=false braking=true lifecycle=released_verified_stop range=null bearing=null rss=16.007545
         1788690251.302  4644  4675 I AebsFrameSubscriber: onMessagesAvailable callback
         1788690251.302  4644  4675 I AebsFrameSubscriber: readNextMessages count=1
         1788690251.302  4644  4675 I MainActivity: onGatewayFrame: frame seq=2085 egoSpeed=6.9522524 pts=0 intervention=false warning=false braking=true lifecycle=released_verified_stop range=null bearing=null rss=16.007545
         1788690251.402  4644  4675 I AebsFrameSubscriber: onMessagesAvailable callback
         1788690251.402  4644  4675 I AebsFrameSubscriber: readNextMessages count=1
         1788690251.402  4644  4675 I MainActivity: onGatewayFrame: frame seq=2086 egoSpeed=6.9522524 pts=0 intervention=false warning=false braking=true lifecycle=released_verified_stop range=null bearing=null rss=16.007545
         1788690251.502  4644  4675 I AebsFrameSubscriber: onMessagesAvailable callback
         1788690251.502  4644  4675 I AebsFrameSubscriber: readNextMessages count=1
         1788690251.502  4644  4675 I MainActivity: onGatewayFrame: frame seq=2087 egoSpeed=6.9522524 pts=0 intervention=false warning=false braking=true lifecycle=released_verified_stop range=null bearing=null rss=16.007545
         1788690251.602  4644  4675 I AebsFrameSubscriber: onMessagesAvailable callback
         1788690251.602  4644  4675 I AebsFrameSubscriber: readNextMessages count=1
         1788690251.602  4644  4675 I MainActivity: onGatewayFrame: frame seq=2088 egoSpeed=6.9522524 pts=0 intervention=false warning=false braking=true lifecycle=released_verified_stop range=null bearing=null rss=16.007545
         1788690251.702  4644  4675 I AebsFrameSubscriber: onMessagesAvailable callback
         1788690251.702  4644  4675 I AebsFrameSubscriber: readNextMessages count=1
         1788690251.702  4644  4675 I MainActivity: onGatewayFrame: frame seq=2089 egoSpeed=6.9522524 pts=0 intervention=false warning=false braking=true lifecycle=released_verified_stop range=null bearing=null rss=16.007545
         1788690251.802  4644  4675 I AebsFrameSubscriber: onMessagesAvailable callback
         1788690251.802  4644  4675 I AebsFrameSubscriber: readNextMessages count=1
         1788690251.802  4644  4675 I MainActivity: onGatewayFrame: frame seq=2090 egoSpeed=6.9522524 pts=0 intervention=false warning=false braking=true lifecycle=released_verified_stop range=null bearing=null rss=16.007545
         1788690251.901  4644  4675 I AebsFrameSubscriber: onMessagesAvailable callback
         1788690251.902  4644  4675 I AebsFrameSubscriber: readNextMessages count=1
         1788690251.902  4644  4675 I MainActivity: onGatewayFrame: frame seq=2091 egoSpeed=6.9522524 pts=0 intervention=false warning=false braking=true lifecycle=released_verified_stop range=null bearing=null rss=16.007545
         1788690252.002  4644  4675 I AebsFrameSubscriber: onMessagesAvailable callback
         1788690252.002  4644  4675 I AebsFrameSubscriber: readNextMessages count=1
         1788690252.002  4644  4675 I MainActivity: onGatewayFrame: frame seq=2092 egoSpeed=6.9522524 pts=0 intervention=false warning=false braking=true lifecycle=released_verified_stop range=null bearing=null rss=16.007545
         1788690252.101  4644  4675 I AebsFrameSubscriber: onMessagesAvailable callback
         1788690252.102  4644  4675 I AebsFrameSubscriber: readNextMessages count=1
         1788690252.102  4644  4675 I MainActivity: onGatewayFrame: frame seq=2093 egoSpeed=6.9522524 pts=0 intervention=false warning=false braking=true lifecycle=released_verified_stop range=null bearing=null rss=16.007545
         1788690252.202  4644  4675 I AebsFrameSubscriber: onMessagesAvailable callback
         1788690252.202  4644  4675 I AebsFrameSubscriber: readNextMessages count=1
         1788690252.202  4644  4675 I MainActivity: onGatewayFrame: frame seq=2094 egoSpeed=6.9522524 pts=0 intervention=false warning=false braking=true lifecycle=released_verified_stop range=null bearing=null rss=16.007545
         1788690252.302  4644  4675 I AebsFrameSubscriber: onMessagesAvailable callback
         1788690252.302  4644  4675 I AebsFrameSubscriber: readNextMessages count=1
         1788690252.303  4644  4675 I MainActivity: onGatewayFrame: frame seq=2095 egoSpeed=6.9522524 pts=0 intervention=false warning=false braking=true lifecycle=released_verified_stop range=null bearing=null rss=16.007545
         1788690252.402  4644  4675 I AebsFrameSubscriber: onMessagesAvailable callback
         1788690252.402  4644  4675 I AebsFrameSubscriber: readNextMessages count=1
         1788690252.402  4644  4675 I MainActivity: onGatewayFrame: frame seq=2096 egoSpeed=6.9522524 pts=0 intervention=false warning=false braking=true lifecycle=released_verified_stop range=null bearing=null rss=16.007545
         1788690252.502  4644  4675 I AebsFrameSubscriber: onMessagesAvailable callback
         1788690252.502  4644  4675 I AebsFrameSubscriber: readNextMessages count=1
         1788690252.503  4644  4675 I MainActivity: onGatewayFrame: frame seq=2097 egoSpeed=6.9522524 pts=0 intervention=false warning=false braking=true lifecycle=released_verified_stop range=null bearing=null rss=16.007545
         1788690252.602  4644  4675 I AebsFrameSubscriber: onMessagesAvailable callback
         1788690252.602  4644  4675 I AebsFrameSubscriber: readNextMessages count=1
         1788690252.602  4644  4675 I MainActivity: onGatewayFrame: frame seq=2098 egoSpeed=6.9522524 pts=0 intervention=false warning=false braking=true lifecycle=released_verified_stop range=null bearing=null rss=16.007545
         1788690252.702  4644  4675 I AebsFrameSubscriber: onMessagesAvailable callback
         1788690252.702  4644  4675 I AebsFrameSubscriber: readNextMessages count=1
         1788690252.702  4644  4675 I MainActivity: onGatewayFrame: frame seq=2099 egoSpeed=6.9522524 pts=0 intervention=false warning=false braking=true lifecycle=released_verified_stop range=null bearing=null rss=16.007545
         1788690252.802  4644  4675 I AebsFrameSubscriber: onMessagesAvailable callback
         1788690252.802  4644  4675 I AebsFrameSubscriber: readNextMessages count=1
         1788690252.802  4644  4675 I MainActivity: onGatewayFrame: frame seq=2100 egoSpeed=6.9522524 pts=0 intervention=false warning=false braking=true lifecycle=released_verified_stop range=null bearing=null rss=16.007545
         1788690252.902  4644  4675 I AebsFrameSubscriber: onMessagesAvailable callback
         1788690252.902  4644  4675 I AebsFrameSubscriber: readNextMessages count=1
         1788690252.902  4644  4675 I MainActivity: onGatewayFrame: frame seq=2101 egoSpeed=6.9522524 pts=0 intervention=false warning=false braking=true lifecycle=released_verified_stop range=null bearing=null rss=16.007545
         1788690253.002  4644  4675 I AebsFrameSubscriber: onMessagesAvailable callback
         1788690253.002  4644  4675 I AebsFrameSubscriber: readNextMessages count=1
         1788690253.002  4644  4675 I MainActivity: onGatewayFrame: frame seq=2102 egoSpeed=6.9522524 pts=0 intervention=false warning=false braking=true lifecycle=released_verified_stop range=null bearing=null rss=16.007545
         1788690253.102  4644  4675 I AebsFrameSubscriber: onMessagesAvailable callback
         1788690253.102  4644  4675 I AebsFrameSubscriber: readNextMessages count=1
         1788690253.102  4644  4675 I MainActivity: onGatewayFrame: frame seq=2103 egoSpeed=6.9522524 pts=0 intervention=false warning=false braking=true lifecycle=released_verified_stop range=null bearing=null rss=16.007545
         1788690253.202  4644  4675 I AebsFrameSubscriber: onMessagesAvailable callback
         1788690253.202  4644  4675 I AebsFrameSubscriber: readNextMessages count=1
         1788690253.202  4644  4675 I MainActivity: onGatewayFrame: frame seq=2104 egoSpeed=6.9522524 pts=0 intervention=false warning=false braking=true lifecycle=released_verified_stop range=null bearing=null rss=16.007545
         1788690253.302  4644  4675 I AebsFrameSubscriber: onMessagesAvailable callback
         1788690253.303  4644  4675 I AebsFrameSubscriber: readNextMessages count=1
         1788690253.303  4644  4675 I MainActivity: onGatewayFrame: frame seq=2105 egoSpeed=6.9522524 pts=0 intervention=false warning=false braking=true lifecycle=released_verified_stop range=null bearing=null rss=16.007545
         1788690253.526  4644  4675 I AebsFrameSubscriber: readNextMessages count=2
         1788690253.526  4644  4675 I MainActivity: onGatewayFrame: frame seq=2106 egoSpeed=6.9522524 pts=0 intervention=false warning=false braking=true lifecycle=released_verified_stop range=null bearing=null rss=16.007545
         1788690253.526  4644  4675 I MainActivity: onGatewayFrame: frame seq=2107 egoSpeed=6.9522524 pts=0 intervention=false warning=false braking=true lifecycle=released_verified_stop range=null bearing=null rss=16.007545
         1788690253.526  4644  4675 I AebsFrameSubscriber: onMessagesAvailable callback
         1788690253.526  4644  4675 I AebsFrameSubscriber: onMessagesAvailable callback
         1788690253.602  4644  4675 I AebsFrameSubscriber: onMessagesAvailable callback
         1788690253.602  4644  4675 I AebsFrameSubscriber: readNextMessages count=1
         1788690253.602  4644  4675 I MainActivity: onGatewayFrame: frame seq=2108 egoSpeed=6.9522524 pts=0 intervention=false warning=false braking=true lifecycle=released_verified_stop range=null bearing=null rss=16.007545
         1788690253.701  4644  4675 I AebsFrameSubscriber: onMessagesAvailable callback
         1788690253.702  4644  4675 I AebsFrameSubscriber: readNextMessages count=1
         1788690253.702  4644  4675 I MainActivity: onGatewayFrame: frame seq=2109 egoSpeed=6.9522524 pts=0 intervention=false warning=false braking=true lifecycle=released_verified_stop range=null bearing=null rss=16.007545
         1788690253.802  4644  4675 I AebsFrameSubscriber: onMessagesAvailable callback
         1788690253.802  4644  4675 I AebsFrameSubscriber: readNextMessages count=1
         1788690253.802  4644  4675 I MainActivity: onGatewayFrame: frame seq=2110 egoSpeed=6.9522524 pts=0 intervention=false warning=false braking=true lifecycle=released_verified_stop range=null bearing=null rss=16.007545
         1788690253.901  4644  4675 I AebsFrameSubscriber: onMessagesAvailable callback
         1788690253.902  4644  4675 I AebsFrameSubscriber: readNextMessages count=1
         1788690253.902  4644  4675 I MainActivity: onGatewayFrame: frame seq=2111 egoSpeed=6.9522524 pts=0 intervention=false warning=false braking=true lifecycle=released_verified_stop range=null bearing=null rss=16.007545
         1788690254.001  4644  4675 I AebsFrameSubscriber: onMessagesAvailable callback
         1788690254.002  4644  4675 I AebsFrameSubscriber: readNextMessages count=1
         1788690254.002  4644  4675 I MainActivity: onGatewayFrame: frame seq=2112 egoSpeed=6.9522524 pts=0 intervention=false warning=false braking=true lifecycle=released_verified_stop range=null bearing=null rss=16.007545
         1788690254.101  4644  4675 I AebsFrameSubscriber: onMessagesAvailable callback
         1788690254.102  4644  4675 I AebsFrameSubscriber: readNextMessages count=1
         1788690254.102  4644  4675 I MainActivity: onGatewayFrame: frame seq=2113 egoSpeed=6.9522524 pts=0 intervention=false warning=false braking=true lifecycle=released_verified_stop range=null bearing=null rss=16.007545
         1788690254.201  4644  4675 I AebsFrameSubscriber: onMessagesAvailable callback
         1788690254.202  4644  4675 I AebsFrameSubscriber: readNextMessages count=1
         1788690254.202  4644  4675 I MainActivity: onGatewayFrame: frame seq=2114 egoSpeed=6.9522524 pts=0 intervention=false warning=false braking=true lifecycle=released_verified_stop range=null bearing=null rss=16.007545
         1788690254.301  4644  4675 I AebsFrameSubscriber: onMessagesAvailable callback
         1788690254.302  4644  4675 I AebsFrameSubscriber: readNextMessages count=1
         1788690254.302  4644  4675 I MainActivity: onGatewayFrame: frame seq=2115 egoSpeed=6.9522524 pts=0 intervention=false warning=false braking=true lifecycle=released_verified_stop range=null bearing=null rss=16.007545
         1788690254.401  4644  4675 I AebsFrameSubscriber: onMessagesAvailable callback
         1788690254.402  4644  4675 I AebsFrameSubscriber: readNextMessages count=1
         1788690254.402  4644  4675 I MainActivity: onGatewayFrame: frame seq=2116 egoSpeed=6.9522524 pts=0 intervention=false warning=false braking=true lifecycle=released_verified_stop range=null bearing=null rss=16.007545
         1788690254.501  4644  4675 I AebsFrameSubscriber: onMessagesAvailable callback
         1788690254.502  4644  4675 I AebsFrameSubscriber: readNextMessages count=1
         1788690254.502  4644  4675 I MainActivity: onGatewayFrame: frame seq=2117 egoSpeed=6.9522524 pts=0 intervention=false warning=false braking=true lifecycle=released_verified_stop range=null bearing=null rss=16.007545
         1788690254.601  4644  4675 I AebsFrameSubscriber: onMessagesAvailable callback
         1788690254.602  4644  4675 I AebsFrameSubscriber: readNextMessages count=1
         1788690254.602  4644  4675 I MainActivity: onGatewayFrame: frame seq=2118 egoSpeed=6.9522524 pts=0 intervention=false warning=false braking=true lifecycle=released_verified_stop range=null bearing=null rss=16.007545
         1788690254.701  4644  4675 I AebsFrameSubscriber: onMessagesAvailable callback
         1788690254.702  4644  4675 I AebsFrameSubscriber: readNextMessages count=1
         1788690254.702  4644  4675 I MainActivity: onGatewayFrame: frame seq=2119 egoSpeed=6.9522524 pts=0 intervention=false warning=false braking=true lifecycle=released_verified_stop range=null bearing=null rss=16.007545
         1788690254.801  4644  4675 I AebsFrameSubscriber: onMessagesAvailable callback
         1788690254.802  4644  4675 I AebsFrameSubscriber: readNextMessages count=1
         1788690254.802  4644  4675 I MainActivity: onGatewayFrame: frame seq=2120 egoSpeed=6.9522524 pts=0 intervention=false warning=false braking=true lifecycle=released_verified_stop range=null bearing=null rss=16.007545
         1788690254.901  4644  4675 I AebsFrameSubscriber: onMessagesAvailable callback
         1788690254.902  4644  4675 I AebsFrameSubscriber: readNextMessages count=1
         1788690254.902  4644  4675 I MainActivity: onGatewayFrame: frame seq=2121 egoSpeed=6.9522524 pts=0 intervention=false warning=false braking=true lifecycle=released_verified_stop range=null bearing=null rss=16.007545
         1788690255.001  4644  4675 I AebsFrameSubscriber: onMessagesAvailable callback
         1788690255.002  4644  4675 I AebsFrameSubscriber: readNextMessages count=1
         1788690255.002  4644  4675 I MainActivity: onGatewayFrame: frame seq=2122 egoSpeed=6.9522524 pts=0 intervention=false warning=false braking=true lifecycle=released_verified_stop range=null bearing=null rss=16.007545
         1788690255.101  4644  4675 I AebsFrameSubscriber: onMessagesAvailable callback
         1788690255.102  4644  4675 I AebsFrameSubscriber: readNextMessages count=1
         1788690255.102  4644  4675 I MainActivity: onGatewayFrame: frame seq=2123 egoSpeed=6.9522524 pts=0 intervention=false warning=false braking=true lifecycle=released_verified_stop range=null bearing=null rss=16.007545
         1788690255.201  4644  4675 I AebsFrameSubscriber: onMessagesAvailable callback
         1788690255.202  4644  4675 I AebsFrameSubscriber: readNextMessages count=1
         1788690255.202  4644  4675 I MainActivity: onGatewayFrame: frame seq=2124 egoSpeed=6.9522524 pts=0 intervention=false warning=false braking=true lifecycle=released_verified_stop range=null bearing=null rss=16.007545
         1788690255.301  4644  4675 I AebsFrameSubscriber: onMessagesAvailable callback
         1788690255.302  4644  4675 I AebsFrameSubscriber: readNextMessages count=1
         1788690255.302  4644  4675 I MainActivity: onGatewayFrame: frame seq=2125 egoSpeed=6.9522524 pts=0 intervention=false warning=false braking=true lifecycle=released_verified_stop range=null bearing=null rss=16.007545
         1788690255.401  4644  4675 I AebsFrameSubscriber: onMessagesAvailable callback
         1788690255.402  4644  4675 I AebsFrameSubscriber: readNextMessages count=1
         1788690255.402  4644  4675 I MainActivity: onGatewayFrame: frame seq=2126 egoSpeed=6.9522524 pts=0 intervention=false warning=false braking=true lifecycle=released_verified_stop range=null bearing=null rss=16.007545
         1788690255.501  4644  4675 I AebsFrameSubscriber: onMessagesAvailable callback
         1788690255.502  4644  4675 I AebsFrameSubscriber: readNextMessages count=1
         1788690255.502  4644  4675 I MainActivity: onGatewayFrame: frame seq=2127 egoSpeed=6.9522524 pts=0 intervention=false warning=false braking=true lifecycle=released_verified_stop range=null bearing=null rss=16.007545
         1788690255.601  4644  4675 I AebsFrameSubscriber: onMessagesAvailable callback
         1788690255.602  4644  4675 I AebsFrameSubscriber: readNextMessages count=1
         1788690255.602  4644  4675 I MainActivity: onGatewayFrame: frame seq=2128 egoSpeed=6.9522524 pts=0 intervention=false warning=false braking=true lifecycle=released_verified_stop range=null bearing=null rss=16.007545
         1788690255.701  4644  4675 I AebsFrameSubscriber: onMessagesAvailable callback
         1788690255.702  4644  4675 I AebsFrameSubscriber: readNextMessages count=1
         1788690255.702  4644  4675 I MainActivity: onGatewayFrame: frame seq=2129 egoSpeed=6.9522524 pts=0 intervention=false warning=false braking=true lifecycle=released_verified_stop range=null bearing=null rss=16.007545
         1788690255.801  4644  4675 I AebsFrameSubscriber: onMessagesAvailable callback
         1788690255.802  4644  4675 I AebsFrameSubscriber: readNextMessages count=1
         1788690255.802  4644  4675 I MainActivity: onGatewayFrame: frame seq=2130 egoSpeed=6.9522524 pts=0 intervention=false warning=false braking=true lifecycle=released_verified_stop range=null bearing=null rss=16.007545
         1788690255.901  4644  4675 I AebsFrameSubscriber: onMessagesAvailable callback
         1788690255.902  4644  4675 I AebsFrameSubscriber: readNextMessages count=1
         1788690255.902  4644  4675 I MainActivity: onGatewayFrame: frame seq=2131 egoSpeed=6.9522524 pts=0 intervention=false warning=false braking=true lifecycle=released_verified_stop range=null bearing=null rss=16.007545
         1788690256.001  4644  4675 I AebsFrameSubscriber: onMessagesAvailable callback
         1788690256.001  4644  4675 I AebsFrameSubscriber: readNextMessages count=1
         1788690256.002  4644  4675 I MainActivity: onGatewayFrame: frame seq=2132 egoSpeed=6.9522524 pts=0 intervention=false warning=false braking=true lifecycle=released_verified_stop range=null bearing=null rss=16.007545
         1788690256.101  4644  4675 I AebsFrameSubscriber: onMessagesAvailable callback
         1788690256.102  4644  4675 I AebsFrameSubscriber: readNextMessages count=1
         1788690256.102  4644  4675 I MainActivity: onGatewayFrame: frame seq=2133 egoSpeed=6.9522524 pts=0 intervention=false warning=false braking=true lifecycle=released_verified_stop range=null bearing=null rss=16.007545
         1788690256.201  4644  4675 I AebsFrameSubscriber: onMessagesAvailable callback
         1788690256.202  4644  4675 I AebsFrameSubscriber: readNextMessages count=1
         1788690256.202  4644  4675 I MainActivity: onGatewayFrame: frame seq=2134 egoSpeed=6.9522524 pts=0 intervention=false warning=false braking=true lifecycle=released_verified_stop range=null bearing=null rss=16.007545
         1788690256.301  4644  4675 I AebsFrameSubscriber: onMessagesAvailable callback
         1788690256.302  4644  4675 I AebsFrameSubscriber: readNextMessages count=1
         1788690256.302  4644  4675 I MainActivity: onGatewayFrame: frame seq=2135 egoSpeed=6.9522524 pts=0 intervention=false warning=false braking=true lifecycle=released_verified_stop range=null bearing=null rss=16.007545
         1788690256.401  4644  4675 I AebsFrameSubscriber: onMessagesAvailable callback
         1788690256.402  4644  4675 I AebsFrameSubscriber: readNextMessages count=1
         1788690256.402  4644  4675 I MainActivity: onGatewayFrame: frame seq=2136 egoSpeed=6.9522524 pts=0 intervention=false warning=false braking=true lifecycle=released_verified_stop range=null bearing=null rss=16.007545
         1788690256.501  4644  4675 I AebsFrameSubscriber: onMessagesAvailable callback
         1788690256.502  4644  4675 I AebsFrameSubscriber: readNextMessages count=1
         1788690256.502  4644  4675 I MainActivity: onGatewayFrame: frame seq=2137 egoSpeed=6.9522524 pts=0 intervention=false warning=false braking=true lifecycle=released_verified_stop range=null bearing=null rss=16.007545
         1788690256.601  4644  4675 I AebsFrameSubscriber: onMessagesAvailable callback
         1788690256.602  4644  4675 I AebsFrameSubscriber: readNextMessages count=1
         1788690256.602  4644  4675 I MainActivity: onGatewayFrame: frame seq=2138 egoSpeed=6.9522524 pts=0 intervention=false warning=false braking=true lifecycle=released_verified_stop range=null bearing=null rss=16.007545
         1788690256.701  4644  4675 I AebsFrameSubscriber: onMessagesAvailable callback
         1788690256.702  4644  4675 I AebsFrameSubscriber: readNextMessages count=1
         1788690256.702  4644  4675 I MainActivity: onGatewayFrame: frame seq=2139 egoSpeed=6.9522524 pts=0 intervention=false warning=false braking=true lifecycle=released_verified_stop range=null bearing=null rss=16.007545
         1788690256.801  4644  4675 I AebsFrameSubscriber: onMessagesAvailable callback
         1788690256.801  4644  4675 I AebsFrameSubscriber: readNextMessages count=1
         1788690256.802  4644  4675 I MainActivity: onGatewayFrame: frame seq=2140 egoSpeed=6.9522524 pts=0 intervention=false warning=false braking=true lifecycle=released_verified_stop range=null bearing=null rss=16.007545
         1788690256.902  4644  4675 I AebsFrameSubscriber: onMessagesAvailable callback
         1788690256.902  4644  4675 I AebsFrameSubscriber: readNextMessages count=1
         1788690256.902  4644  4675 I MainActivity: onGatewayFrame: frame seq=2141 egoSpeed=6.9522524 pts=0 intervention=false warning=false braking=true lifecycle=released_verified_stop range=null bearing=null rss=16.007545
         1788690257.001  4644  4675 I AebsFrameSubscriber: onMessagesAvailable callback
         1788690257.001  4644  4675 I AebsFrameSubscriber: readNextMessages count=1
         1788690257.002  4644  4675 I MainActivity: onGatewayFrame: frame seq=2142 egoSpeed=6.9522524 pts=0 intervention=false warning=false braking=true lifecycle=released_verified_stop range=null bearing=null rss=16.007545
         1788690257.101  4644  4675 I AebsFrameSubscriber: onMessagesAvailable callback
         1788690257.102  4644  4675 I AebsFrameSubscriber: readNextMessages count=1
         1788690257.102  4644  4675 I MainActivity: onGatewayFrame: frame seq=2143 egoSpeed=6.9522524 pts=0 intervention=false warning=false braking=true lifecycle=released_verified_stop range=null bearing=null rss=16.007545
         1788690257.314  4644  4675 I AebsFrameSubscriber: readNextMessages count=2
         1788690257.314  4644  4675 I MainActivity: onGatewayFrame: frame seq=2144 egoSpeed=6.9522524 pts=0 intervention=false warning=false braking=true lifecycle=released_verified_stop range=null bearing=null rss=16.007545
         1788690257.314  4644  4675 I MainActivity: onGatewayFrame: frame seq=2145 egoSpeed=6.9522524 pts=0 intervention=false warning=false braking=true lifecycle=released_verified_stop range=null bearing=null rss=16.007545
         1788690257.314  4644  4675 I AebsFrameSubscriber: onMessagesAvailable callback
         1788690257.314  4644  4675 I AebsFrameSubscriber: onMessagesAvailable callback
         1788690257.401  4644  4675 I AebsFrameSubscriber: onMessagesAvailable callback
         1788690257.402  4644  4675 I AebsFrameSubscriber: readNextMessages count=1
         1788690257.402  4644  4675 I MainActivity: onGatewayFrame: frame seq=2146 egoSpeed=6.9522524 pts=0 intervention=false warning=false braking=true lifecycle=released_verified_stop range=null bearing=null rss=16.007545
         1788690257.501  4644  4675 I AebsFrameSubscriber: onMessagesAvailable callback
         1788690257.502  4644  4675 I AebsFrameSubscriber: readNextMessages count=1
         1788690257.502  4644  4675 I MainActivity: onGatewayFrame: frame seq=2147 egoSpeed=6.9522524 pts=0 intervention=false warning=false braking=true lifecycle=released_verified_stop range=null bearing=null rss=16.007545
         1788690257.602  4644  4675 I AebsFrameSubscriber: onMessagesAvailable callback
         1788690257.602  4644  4675 I AebsFrameSubscriber: readNextMessages count=1
         1788690257.603  4644  4675 I MainActivity: onGatewayFrame: frame seq=2148 egoSpeed=6.9522524 pts=0 intervention=false warning=false braking=true lifecycle=released_verified_stop range=null bearing=null rss=16.007545
         1788690257.701  4644  4675 I AebsFrameSubscriber: onMessagesAvailable callback
         1788690257.702  4644  4675 I AebsFrameSubscriber: readNextMessages count=1
         1788690257.702  4644  4675 I MainActivity: onGatewayFrame: frame seq=2149 egoSpeed=6.9522524 pts=0 intervention=false warning=false braking=true lifecycle=released_verified_stop range=null bearing=null rss=16.007545
         1788690257.802  4644  4675 I AebsFrameSubscriber: onMessagesAvailable callback
         1788690257.802  4644  4675 I AebsFrameSubscriber: readNextMessages count=1
         1788690257.802  4644  4675 I MainActivity: onGatewayFrame: frame seq=2150 egoSpeed=6.9522524 pts=0 intervention=false warning=false braking=true lifecycle=released_verified_stop range=null bearing=null rss=16.007545
         1788690257.901  4644  4675 I AebsFrameSubscriber: onMessagesAvailable callback
         1788690257.902  4644  4675 I AebsFrameSubscriber: readNextMessages count=1
         1788690257.902  4644  4675 I MainActivity: onGatewayFrame: frame seq=2151 egoSpeed=6.9522524 pts=0 intervention=false warning=false braking=true lifecycle=released_verified_stop range=null bearing=null rss=16.007545
         1788690258.002  4644  4675 I AebsFrameSubscriber: onMessagesAvailable callback
         1788690258.003  4644  4675 I AebsFrameSubscriber: readNextMessages count=1
         1788690258.003  4644  4675 I MainActivity: onGatewayFrame: frame seq=2152 egoSpeed=6.9522524 pts=0 intervention=false warning=false braking=true lifecycle=released_verified_stop range=null bearing=null rss=16.007545
         1788690258.101  4644  4675 I AebsFrameSubscriber: onMessagesAvailable callback
         1788690258.102  4644  4675 I AebsFrameSubscriber: readNextMessages count=1
         1788690258.102  4644  4675 I MainActivity: onGatewayFrame: frame seq=2153 egoSpeed=6.9522524 pts=0 intervention=false warning=false braking=true lifecycle=released_verified_stop range=null bearing=null rss=16.007545
         1788690258.201  4644  4675 I AebsFrameSubscriber: onMessagesAvailable callback
         1788690258.202  4644  4675 I AebsFrameSubscriber: readNextMessages count=1
         1788690258.202  4644  4675 I MainActivity: onGatewayFrame: frame seq=2154 egoSpeed=6.9522524 pts=0 intervention=false warning=false braking=true lifecycle=released_verified_stop range=null bearing=null rss=16.007545
         1788690258.301  4644  4675 I AebsFrameSubscriber: onMessagesAvailable callback
         1788690258.302  4644  4675 I AebsFrameSubscriber: readNextMessages count=1
         1788690258.302  4644  4675 I MainActivity: onGatewayFrame: frame seq=2155 egoSpeed=6.9522524 pts=0 intervention=false warning=false braking=true lifecycle=released_verified_stop range=null bearing=null rss=16.007545
         1788690258.402  4644  4675 I AebsFrameSubscriber: onMessagesAvailable callback
         1788690258.403  4644  4675 I AebsFrameSubscriber: readNextMessages count=1
         1788690258.403  4644  4675 I MainActivity: onGatewayFrame: frame seq=2156 egoSpeed=6.9522524 pts=0 intervention=false warning=false braking=true lifecycle=released_verified_stop range=null bearing=null rss=16.007545
         1788690258.501  4644  4675 I AebsFrameSubscriber: onMessagesAvailable callback
         1788690258.502  4644  4675 I AebsFrameSubscriber: readNextMessages count=1
         1788690258.502  4644  4675 I MainActivity: onGatewayFrame: frame seq=2157 egoSpeed=6.9522524 pts=0 intervention=false warning=false braking=true lifecycle=released_verified_stop range=null bearing=null rss=16.007545
         1788690258.601  4644  4675 I AebsFrameSubscriber: onMessagesAvailable callback
         1788690258.601  4644  4675 I AebsFrameSubscriber: readNextMessages count=1
         1788690258.602  4644  4675 I MainActivity: onGatewayFrame: frame seq=2158 egoSpeed=6.9522524 pts=0 intervention=false warning=false braking=true lifecycle=released_verified_stop range=null bearing=null rss=16.007545
         1788690258.701  4644  4675 I AebsFrameSubscriber: onMessagesAvailable callback
         1788690258.701  4644  4675 I AebsFrameSubscriber: readNextMessages count=1
         1788690258.702  4644  4675 I MainActivity: onGatewayFrame: frame seq=2159 egoSpeed=6.9522524 pts=0 intervention=false warning=false braking=true lifecycle=released_verified_stop range=null bearing=null rss=16.007545
         1788690258.801  4644  4675 I AebsFrameSubscriber: onMessagesAvailable callback
         1788690258.802  4644  4675 I AebsFrameSubscriber: readNextMessages count=1
         1788690258.802  4644  4675 I MainActivity: onGatewayFrame: frame seq=2160 egoSpeed=6.9522524 pts=0 intervention=false warning=false braking=true lifecycle=released_verified_stop range=null bearing=null rss=16.007545
         1788690258.901  4644  4675 I AebsFrameSubscriber: onMessagesAvailable callback
         1788690258.902  4644  4675 I AebsFrameSubscriber: readNextMessages count=1
         1788690258.902  4644  4675 I MainActivity: onGatewayFrame: frame seq=2161 egoSpeed=6.9522524 pts=0 intervention=false warning=false braking=true lifecycle=released_verified_stop range=null bearing=null rss=16.007545
         1788690259.001  4644  4675 I AebsFrameSubscriber: onMessagesAvailable callback
         1788690259.001  4644  4675 I AebsFrameSubscriber: readNextMessages count=1
         1788690259.002  4644  4675 I MainActivity: onGatewayFrame: frame seq=2162 egoSpeed=6.9522524 pts=0 intervention=false warning=false braking=true lifecycle=released_verified_stop range=null bearing=null rss=16.007545
         1788690259.101  4644  4675 I AebsFrameSubscriber: onMessagesAvailable callback
         1788690259.102  4644  4675 I AebsFrameSubscriber: readNextMessages count=1
         1788690259.102  4644  4675 I MainActivity: onGatewayFrame: frame seq=2163 egoSpeed=6.9522524 pts=0 intervention=false warning=false braking=true lifecycle=released_verified_stop range=null bearing=null rss=16.007545
         1788690259.201  4644  4675 I AebsFrameSubscriber: onMessagesAvailable callback
         1788690259.202  4644  4675 I AebsFrameSubscriber: readNextMessages count=1
         1788690259.202  4644  4675 I MainActivity: onGatewayFrame: frame seq=2164 egoSpeed=6.9522524 pts=0 intervention=false warning=false braking=true lifecycle=released_verified_stop range=null bearing=null rss=16.007545
         1788690259.301  4644  4675 I AebsFrameSubscriber: onMessagesAvailable callback
         1788690259.302  4644  4675 I AebsFrameSubscriber: readNextMessages count=1
         1788690259.302  4644  4675 I MainActivity: onGatewayFrame: frame seq=2165 egoSpeed=6.9522524 pts=0 intervention=false warning=false braking=true lifecycle=released_verified_stop range=null bearing=null rss=16.007545
         1788690259.401  4644  4675 I AebsFrameSubscriber: onMessagesAvailable callback
         1788690259.402  4644  4675 I AebsFrameSubscriber: readNextMessages count=1
         1788690259.402  4644  4675 I MainActivity: onGatewayFrame: frame seq=2166 egoSpeed=6.9522524 pts=0 intervention=false warning=false braking=true lifecycle=released_verified_stop range=null bearing=null rss=16.007545
         1788690259.501  4644  4675 I AebsFrameSubscriber: onMessagesAvailable callback
         1788690259.501  4644  4675 I AebsFrameSubscriber: readNextMessages count=1
         1788690259.502  4644  4675 I MainActivity: onGatewayFrame: frame seq=2167 egoSpeed=6.9522524 pts=0 intervention=false warning=false braking=true lifecycle=released_verified_stop range=null bearing=null rss=16.007545
         1788690259.601  4644  4675 I AebsFrameSubscriber: onMessagesAvailable callback
         1788690259.602  4644  4675 I AebsFrameSubscriber: readNextMessages count=1
         1788690259.602  4644  4675 I MainActivity: onGatewayFrame: frame seq=2168 egoSpeed=6.9522524 pts=0 intervention=false warning=false braking=true lifecycle=released_verified_stop range=null bearing=null rss=16.007545
         1788690259.701  4644  4675 I AebsFrameSubscriber: onMessagesAvailable callback
         1788690259.702  4644  4675 I AebsFrameSubscriber: readNextMessages count=1
         1788690259.702  4644  4675 I MainActivity: onGatewayFrame: frame seq=2169 egoSpeed=6.9522524 pts=0 intervention=false warning=false braking=true lifecycle=released_verified_stop range=null bearing=null rss=16.007545
         1788690259.801  4644  4675 I AebsFrameSubscriber: onMessagesAvailable callback
         1788690259.801  4644  4675 I AebsFrameSubscriber: readNextMessages count=1
         1788690259.802  4644  4675 I MainActivity: onGatewayFrame: frame seq=2170 egoSpeed=6.9522524 pts=0 intervention=false warning=false braking=true lifecycle=released_verified_stop range=null bearing=null rss=16.007545
         1788690259.901  4644  4675 I AebsFrameSubscriber: onMessagesAvailable callback
         1788690259.901  4644  4675 I AebsFrameSubscriber: readNextMessages count=1
         1788690259.901  4644  4675 I MainActivity: onGatewayFrame: frame seq=2171 egoSpeed=6.9522524 pts=0 intervention=false warning=false braking=true lifecycle=released_verified_stop range=null bearing=null rss=16.007545
         1788690260.001  4644  4675 I AebsFrameSubscriber: onMessagesAvailable callback
         1788690260.001  4644  4675 I AebsFrameSubscriber: readNextMessages count=1
         1788690260.001  4644  4675 I MainActivity: onGatewayFrame: frame seq=2172 egoSpeed=6.9522524 pts=0 intervention=false warning=false braking=true lifecycle=released_verified_stop range=null bearing=null rss=16.007545
         1788690260.101  4644  4675 I AebsFrameSubscriber: onMessagesAvailable callback
         1788690260.101  4644  4675 I AebsFrameSubscriber: readNextMessages count=1
         1788690260.101  4644  4675 I MainActivity: onGatewayFrame: frame seq=2173 egoSpeed=6.9522524 pts=0 intervention=false warning=false braking=true lifecycle=released_verified_stop range=null bearing=null rss=16.007545
         1788690260.201  4644  4675 I AebsFrameSubscriber: onMessagesAvailable callback
         1788690260.201  4644  4675 I AebsFrameSubscriber: readNextMessages count=1
         1788690260.202  4644  4675 I MainActivity: onGatewayFrame: frame seq=2174 egoSpeed=6.9522524 pts=0 intervention=false warning=false braking=true lifecycle=released_verified_stop range=null bearing=null rss=16.007545
         1788690260.301  4644  4675 I AebsFrameSubscriber: onMessagesAvailable callback
         1788690260.301  4644  4675 I AebsFrameSubscriber: readNextMessages count=1
         1788690260.301  4644  4675 I MainActivity: onGatewayFrame: frame seq=2175 egoSpeed=6.9522524 pts=0 intervention=false warning=false braking=true lifecycle=released_verified_stop range=null bearing=null rss=16.007545
         1788690260.401  4644  4675 I AebsFrameSubscriber: onMessagesAvailable callback
         1788690260.401  4644  4675 I AebsFrameSubscriber: readNextMessages count=1
         1788690260.401  4644  4675 I MainActivity: onGatewayFrame: frame seq=2176 egoSpeed=6.9522524 pts=0 intervention=false warning=false braking=true lifecycle=released_verified_stop range=null bearing=null rss=16.007545
         1788690260.501  4644  4675 I AebsFrameSubscriber: onMessagesAvailable callback
         1788690260.501  4644  4675 I AebsFrameSubscriber: readNextMessages count=1
         1788690260.501  4644  4675 I MainActivity: onGatewayFrame: frame seq=2177 egoSpeed=6.9522524 pts=0 intervention=false warning=false braking=true lifecycle=released_verified_stop range=null bearing=null rss=16.007545
         1788690260.601  4644  4675 I AebsFrameSubscriber: onMessagesAvailable callback
         1788690260.601  4644  4675 I AebsFrameSubscriber: readNextMessages count=1
         1788690260.601  4644  4675 I MainActivity: onGatewayFrame: frame seq=2178 egoSpeed=6.9522524 pts=0 intervention=false warning=false braking=true lifecycle=released_verified_stop range=null bearing=null rss=16.007545
         1788690260.701  4644  4675 I AebsFrameSubscriber: onMessagesAvailable callback
         1788690260.701  4644  4675 I AebsFrameSubscriber: readNextMessages count=1
         1788690260.701  4644  4675 I MainActivity: onGatewayFrame: frame seq=2179 egoSpeed=6.9522524 pts=0 intervention=false warning=false braking=true lifecycle=released_verified_stop range=null bearing=null rss=16.007545
         1788690260.801  4644  4675 I AebsFrameSubscriber: onMessagesAvailable callback
         1788690260.801  4644  4675 I AebsFrameSubscriber: readNextMessages count=1
         1788690260.802  4644  4675 I MainActivity: onGatewayFrame: frame seq=2180 egoSpeed=6.9522524 pts=0 intervention=false warning=false braking=true lifecycle=released_verified_stop range=null bearing=null rss=16.007545
         1788690260.901  4644  4675 I AebsFrameSubscriber: onMessagesAvailable callback
         1788690260.901  4644  4675 I AebsFrameSubscriber: readNextMessages count=1
         1788690260.901  4644  4675 I MainActivity: onGatewayFrame: frame seq=2181 egoSpeed=6.9522524 pts=0 intervention=false warning=false braking=true lifecycle=released_verified_stop range=null bearing=null rss=16.007545
         1788690261.001  4644  4675 I AebsFrameSubscriber: onMessagesAvailable callback
         1788690261.001  4644  4675 I AebsFrameSubscriber: readNextMessages count=1
         1788690261.001  4644  4675 I MainActivity: onGatewayFrame: frame seq=2182 egoSpeed=6.9522524 pts=0 intervention=false warning=false braking=true lifecycle=released_verified_stop range=null bearing=null rss=16.007545
         1788690261.216  4644  4675 I AebsFrameSubscriber: readNextMessages count=2
         1788690261.216  4644  4675 I MainActivity: onGatewayFrame: frame seq=2183 egoSpeed=6.9522524 pts=0 intervention=false warning=false braking=true lifecycle=released_verified_stop range=null bearing=null rss=16.007545
         1788690261.216  4644  4675 I MainActivity: onGatewayFrame: frame seq=2184 egoSpeed=6.9522524 pts=0 intervention=false warning=false braking=true lifecycle=released_verified_stop range=null bearing=null rss=16.007545
         1788690261.216  4644  4675 I AebsFrameSubscriber: onMessagesAvailable callback
         1788690261.216  4644  4675 I AebsFrameSubscriber: onMessagesAvailable callback
         1788690261.301  4644  4675 I AebsFrameSubscriber: onMessagesAvailable callback
         1788690261.301  4644  4675 I AebsFrameSubscriber: readNextMessages count=1
         1788690261.301  4644  4675 I MainActivity: onGatewayFrame: frame seq=2185 egoSpeed=6.9522524 pts=0 intervention=false warning=false braking=true lifecycle=released_verified_stop range=null bearing=null rss=16.007545
         1788690261.401  4644  4675 I AebsFrameSubscriber: onMessagesAvailable callback
         1788690261.401  4644  4675 I AebsFrameSubscriber: readNextMessages count=1
         1788690261.401  4644  4675 I MainActivity: onGatewayFrame: frame seq=2186 egoSpeed=6.9522524 pts=0 intervention=false warning=false braking=true lifecycle=released_verified_stop range=null bearing=null rss=16.007545
         1788690261.501  4644  4675 I AebsFrameSubscriber: onMessagesAvailable callback
         1788690261.501  4644  4675 I AebsFrameSubscriber: readNextMessages count=1
         1788690261.501  4644  4675 I MainActivity: onGatewayFrame: frame seq=2187 egoSpeed=6.9522524 pts=0 intervention=false warning=false braking=true lifecycle=released_verified_stop range=null bearing=null rss=16.007545
         1788690261.601  4644  4675 I AebsFrameSubscriber: onMessagesAvailable callback
         1788690261.601  4644  4675 I AebsFrameSubscriber: readNextMessages count=1
         1788690261.601  4644  4675 I MainActivity: onGatewayFrame: frame seq=2188 egoSpeed=6.9522524 pts=0 intervention=false warning=false braking=true lifecycle=released_verified_stop range=null bearing=null rss=16.007545
         1788690261.701  4644  4675 I AebsFrameSubscriber: onMessagesAvailable callback
         1788690261.701  4644  4675 I AebsFrameSubscriber: readNextMessages count=1
         1788690261.701  4644  4675 I MainActivity: onGatewayFrame: frame seq=2189 egoSpeed=6.9522524 pts=0 intervention=false warning=false braking=true lifecycle=released_verified_stop range=null bearing=null rss=16.007545
         1788690261.801  4644  4675 I AebsFrameSubscriber: onMessagesAvailable callback
         1788690261.801  4644  4675 I AebsFrameSubscriber: readNextMessages count=1
         1788690261.801  4644  4675 I MainActivity: onGatewayFrame: frame seq=2190 egoSpeed=6.9522524 pts=0 intervention=false warning=false braking=true lifecycle=released_verified_stop range=null bearing=null rss=16.007545
         1788690261.901  4644  4675 I AebsFrameSubscriber: onMessagesAvailable callback
         1788690261.901  4644  4675 I AebsFrameSubscriber: readNextMessages count=1
         1788690261.901  4644  4675 I MainActivity: onGatewayFrame: frame seq=2191 egoSpeed=6.9522524 pts=0 intervention=false warning=false braking=true lifecycle=released_verified_stop range=null bearing=null rss=16.007545
         1788690262.001  4644  4675 I AebsFrameSubscriber: onMessagesAvailable callback
         1788690262.001  4644  4675 I AebsFrameSubscriber: readNextMessages count=1
         1788690262.001  4644  4675 I MainActivity: onGatewayFrame: frame seq=2192 egoSpeed=6.9522524 pts=0 intervention=false warning=false braking=true lifecycle=released_verified_stop range=null bearing=null rss=16.007545
         1788690262.101  4644  4675 I AebsFrameSubscriber: onMessagesAvailable callback
         1788690262.101  4644  4675 I AebsFrameSubscriber: readNextMessages count=1
         1788690262.101  4644  4675 I MainActivity: onGatewayFrame: frame seq=2193 egoSpeed=6.9522524 pts=0 intervention=false warning=false braking=true lifecycle=released_verified_stop range=null bearing=null rss=16.007545
         1788690262.201  4644  4675 I AebsFrameSubscriber: onMessagesAvailable callback
         1788690262.201  4644  4675 I AebsFrameSubscriber: readNextMessages count=1
         1788690262.201  4644  4675 I MainActivity: onGatewayFrame: frame seq=2194 egoSpeed=6.9522524 pts=0 intervention=false warning=false braking=true lifecycle=released_verified_stop range=null bearing=null rss=16.007545
         1788690262.301  4644  4675 I AebsFrameSubscriber: onMessagesAvailable callback
         1788690262.301  4644  4675 I AebsFrameSubscriber: readNextMessages count=1
         1788690262.301  4644  4675 I MainActivity: onGatewayFrame: frame seq=2195 egoSpeed=6.9522524 pts=0 intervention=false warning=false braking=true lifecycle=released_verified_stop range=null bearing=null rss=16.007545
         1788690262.401  4644  4675 I AebsFrameSubscriber: onMessagesAvailable callback
         1788690262.401  4644  4675 I AebsFrameSubscriber: readNextMessages count=1
         1788690262.401  4644  4675 I MainActivity: onGatewayFrame: frame seq=2196 egoSpeed=6.9522524 pts=0 intervention=false warning=false braking=true lifecycle=released_verified_stop range=null bearing=null rss=16.007545
         1788690262.501  4644  4675 I AebsFrameSubscriber: onMessagesAvailable callback
         1788690262.501  4644  4675 I AebsFrameSubscriber: readNextMessages count=1
         1788690262.501  4644  4675 I MainActivity: onGatewayFrame: frame seq=2197 egoSpeed=6.9522524 pts=0 intervention=false warning=false braking=true lifecycle=released_verified_stop range=null bearing=null rss=16.007545
         1788690262.601  4644  4675 I AebsFrameSubscriber: onMessagesAvailable callback
         1788690262.601  4644  4675 I AebsFrameSubscriber: readNextMessages count=1
         1788690262.601  4644  4675 I MainActivity: onGatewayFrame: frame seq=2198 egoSpeed=6.9522524 pts=0 intervention=false warning=false braking=true lifecycle=released_verified_stop range=null bearing=null rss=16.007545
         1788690262.701  4644  4675 I AebsFrameSubscriber: onMessagesAvailable callback
         1788690262.701  4644  4675 I AebsFrameSubscriber: readNextMessages count=1
         1788690262.701  4644  4675 I MainActivity: onGatewayFrame: frame seq=2199 egoSpeed=6.9522524 pts=0 intervention=false warning=false braking=true lifecycle=released_verified_stop range=null bearing=null rss=16.007545
         1788690262.801  4644  4675 I AebsFrameSubscriber: onMessagesAvailable callback
         1788690262.801  4644  4675 I AebsFrameSubscriber: readNextMessages count=1
         1788690262.801  4644  4675 I MainActivity: onGatewayFrame: frame seq=2200 egoSpeed=6.9522524 pts=0 intervention=false warning=false braking=true lifecycle=released_verified_stop range=null bearing=null rss=16.007545
         1788690262.901  4644  4675 I AebsFrameSubscriber: onMessagesAvailable callback
         1788690262.901  4644  4675 I AebsFrameSubscriber: readNextMessages count=1
         1788690262.901  4644  4675 I MainActivity: onGatewayFrame: frame seq=2201 egoSpeed=6.9522524 pts=0 intervention=false warning=false braking=true lifecycle=released_verified_stop range=null bearing=null rss=16.007545
         1788690263.001  4644  4675 I AebsFrameSubscriber: onMessagesAvailable callback
         1788690263.001  4644  4675 I AebsFrameSubscriber: readNextMessages count=1
         1788690263.001  4644  4675 I MainActivity: onGatewayFrame: frame seq=2202 egoSpeed=6.9522524 pts=0 intervention=false warning=false braking=true lifecycle=released_verified_stop range=null bearing=null rss=16.007545
         1788690263.101  4644  4675 I AebsFrameSubscriber: onMessagesAvailable callback
         1788690263.101  4644  4675 I AebsFrameSubscriber: readNextMessages count=1
         1788690263.101  4644  4675 I MainActivity: onGatewayFrame: frame seq=2203 egoSpeed=6.9522524 pts=0 intervention=false warning=false braking=true lifecycle=released_verified_stop range=null bearing=null rss=16.007545
         1788690263.201  4644  4675 I AebsFrameSubscriber: onMessagesAvailable callback
         1788690263.201  4644  4675 I AebsFrameSubscriber: readNextMessages count=1
         1788690263.201  4644  4675 I MainActivity: onGatewayFrame: frame seq=2204 egoSpeed=6.9522524 pts=0 intervention=false warning=false braking=true lifecycle=released_verified_stop range=null bearing=null rss=16.007545
         1788690263.301  4644  4675 I AebsFrameSubscriber: onMessagesAvailable callback
         1788690263.301  4644  4675 I AebsFrameSubscriber: readNextMessages count=1
         1788690263.301  4644  4675 I MainActivity: onGatewayFrame: frame seq=2205 egoSpeed=6.9522524 pts=0 intervention=false warning=false braking=true lifecycle=released_verified_stop range=null bearing=null rss=16.007545
         1788690263.400  4644  4675 I AebsFrameSubscriber: onMessagesAvailable callback
         1788690263.401  4644  4675 I AebsFrameSubscriber: readNextMessages count=1
         1788690263.401  4644  4675 I MainActivity: onGatewayFrame: frame seq=2206 egoSpeed=6.9522524 pts=0 intervention=false warning=false braking=true lifecycle=released_verified_stop range=null bearing=null rss=16.007545
         1788690263.501  4644  4675 I AebsFrameSubscriber: onMessagesAvailable callback
         1788690263.501  4644  4675 I AebsFrameSubscriber: readNextMessages count=1
         1788690263.501  4644  4675 I MainActivity: onGatewayFrame: frame seq=2207 egoSpeed=6.9522524 pts=0 intervention=false warning=false braking=true lifecycle=released_verified_stop range=null bearing=null rss=16.007545
         1788690263.600  4644  4675 I AebsFrameSubscriber: onMessagesAvailable callback
         1788690263.601  4644  4675 I AebsFrameSubscriber: readNextMessages count=1
         1788690263.601  4644  4675 I MainActivity: onGatewayFrame: frame seq=2208 egoSpeed=6.9522524 pts=0 intervention=false warning=false braking=true lifecycle=released_verified_stop range=null bearing=null rss=16.007545
         1788690263.701  4644  4675 I AebsFrameSubscriber: onMessagesAvailable callback
         1788690263.701  4644  4675 I AebsFrameSubscriber: readNextMessages count=1
         1788690263.701  4644  4675 I MainActivity: onGatewayFrame: frame seq=2209 egoSpeed=6.9522524 pts=0 intervention=false warning=false braking=true lifecycle=released_verified_stop range=null bearing=null rss=16.007545
         1788690263.801  4644  4675 I AebsFrameSubscriber: onMessagesAvailable callback
         1788690263.801  4644  4675 I AebsFrameSubscriber: readNextMessages count=1
         1788690263.801  4644  4675 I MainActivity: onGatewayFrame: frame seq=2210 egoSpeed=6.9522524 pts=0 intervention=false warning=false braking=true lifecycle=released_verified_stop range=null bearing=null rss=16.007545
         1788690263.901  4644  4675 I AebsFrameSubscriber: onMessagesAvailable callback
         1788690263.901  4644  4675 I AebsFrameSubscriber: readNextMessages count=1
         1788690263.901  4644  4675 I MainActivity: onGatewayFrame: frame seq=2211 egoSpeed=6.9522524 pts=0 intervention=false warning=false braking=true lifecycle=released_verified_stop range=null bearing=null rss=16.007545
         1788690264.000  4644  4675 I AebsFrameSubscriber: onMessagesAvailable callback
         1788690264.001  4644  4675 I AebsFrameSubscriber: readNextMessages count=1
         1788690264.001  4644  4675 I MainActivity: onGatewayFrame: frame seq=2212 egoSpeed=6.9522524 pts=0 intervention=false warning=false braking=true lifecycle=released_verified_stop range=null bearing=null rss=16.007545
         1788690264.100  4644  4675 I AebsFrameSubscriber: onMessagesAvailable callback
         1788690264.101  4644  4675 I AebsFrameSubscriber: readNextMessages count=1
         1788690264.101  4644  4675 I MainActivity: onGatewayFrame: frame seq=2213 egoSpeed=6.9522524 pts=0 intervention=false warning=false braking=true lifecycle=released_verified_stop range=null bearing=null rss=16.007545
         1788690264.201  4644  4675 I AebsFrameSubscriber: onMessagesAvailable callback
         1788690264.201  4644  4675 I AebsFrameSubscriber: readNextMessages count=1
         1788690264.201  4644  4675 I MainActivity: onGatewayFrame: frame seq=2214 egoSpeed=6.9522524 pts=0 intervention=false warning=false braking=true lifecycle=released_verified_stop range=null bearing=null rss=16.007545
         1788690264.300  4644  4675 I AebsFrameSubscriber: onMessagesAvailable callback
         1788690264.301  4644  4675 I AebsFrameSubscriber: readNextMessages count=1
         1788690264.301  4644  4675 I MainActivity: onGatewayFrame: frame seq=2215 egoSpeed=6.9522524 pts=0 intervention=false warning=false braking=true lifecycle=released_verified_stop range=null bearing=null rss=16.007545
         1788690264.400  4644  4675 I AebsFrameSubscriber: onMessagesAvailable callback
         1788690264.401  4644  4675 I AebsFrameSubscriber: readNextMessages count=1
         1788690264.401  4644  4675 I MainActivity: onGatewayFrame: frame seq=2216 egoSpeed=6.9522524 pts=0 intervention=false warning=false braking=true lifecycle=released_verified_stop range=null bearing=null rss=16.007545
         1788690264.500  4644  4675 I AebsFrameSubscriber: onMessagesAvailable callback
         1788690264.501  4644  4675 I AebsFrameSubscriber: readNextMessages count=1
         1788690264.501  4644  4675 I MainActivity: onGatewayFrame: frame seq=2217 egoSpeed=6.9522524 pts=0 intervention=false warning=false braking=true lifecycle=released_verified_stop range=null bearing=null rss=16.007545
         1788690264.600  4644  4675 I AebsFrameSubscriber: onMessagesAvailable callback
         1788690264.601  4644  4675 I AebsFrameSubscriber: readNextMessages count=1
         1788690264.601  4644  4675 I MainActivity: onGatewayFrame: frame seq=2218 egoSpeed=6.9522524 pts=0 intervention=false warning=false braking=true lifecycle=released_verified_stop range=null bearing=null rss=16.007545
         1788690264.700  4644  4675 I AebsFrameSubscriber: onMessagesAvailable callback
         1788690264.701  4644  4675 I AebsFrameSubscriber: readNextMessages count=1
         1788690264.701  4644  4675 I MainActivity: onGatewayFrame: frame seq=2219 egoSpeed=6.9522524 pts=0 intervention=false warning=false braking=true lifecycle=released_verified_stop range=null bearing=null rss=16.007545
         1788690264.907  4644  4675 I AebsFrameSubscriber: readNextMessages count=2
         1788690264.907  4644  4675 I MainActivity: onGatewayFrame: frame seq=2220 egoSpeed=6.9522524 pts=0 intervention=false warning=false braking=true lifecycle=released_verified_stop range=null bearing=null rss=16.007545
         1788690264.907  4644  4675 I MainActivity: onGatewayFrame: frame seq=2221 egoSpeed=6.9522524 pts=0 intervention=false warning=false braking=true lifecycle=released_verified_stop range=null bearing=null rss=16.007545
         1788690264.907  4644  4675 I AebsFrameSubscriber: onMessagesAvailable callback
         1788690264.907  4644  4675 I AebsFrameSubscriber: onMessagesAvailable callback
         1788690265.000  4644  4675 I AebsFrameSubscriber: onMessagesAvailable callback
         1788690265.001  4644  4675 I AebsFrameSubscriber: readNextMessages count=1
         1788690265.001  4644  4675 I MainActivity: onGatewayFrame: frame seq=2222 egoSpeed=6.9522524 pts=0 intervention=false warning=false braking=true lifecycle=released_verified_stop range=null bearing=null rss=16.007545
         1788690265.100  4644  4675 I AebsFrameSubscriber: onMessagesAvailable callback
         1788690265.101  4644  4675 I AebsFrameSubscriber: readNextMessages count=1
         1788690265.101  4644  4675 I MainActivity: onGatewayFrame: frame seq=2223 egoSpeed=6.9522524 pts=0 intervention=false warning=false braking=true lifecycle=released_verified_stop range=null bearing=null rss=16.007545
         1788690265.201  4644  4675 I AebsFrameSubscriber: onMessagesAvailable callback
         1788690265.201  4644  4675 I AebsFrameSubscriber: readNextMessages count=1
         1788690265.201  4644  4675 I MainActivity: onGatewayFrame: frame seq=2224 egoSpeed=6.9522524 pts=0 intervention=false warning=false braking=true lifecycle=released_verified_stop range=null bearing=null rss=16.007545
         1788690265.300  4644  4675 I AebsFrameSubscriber: onMessagesAvailable callback
         1788690265.301  4644  4675 I AebsFrameSubscriber: readNextMessages count=1
         1788690265.301  4644  4675 I MainActivity: onGatewayFrame: frame seq=2225 egoSpeed=6.9522524 pts=0 intervention=false warning=false braking=true lifecycle=released_verified_stop range=null bearing=null rss=16.007545
         1788690265.400  4644  4675 I AebsFrameSubscriber: onMessagesAvailable callback
         1788690265.401  4644  4675 I AebsFrameSubscriber: readNextMessages count=1
         1788690265.401  4644  4675 I MainActivity: onGatewayFrame: frame seq=2226 egoSpeed=6.9522524 pts=0 intervention=false warning=false braking=true lifecycle=released_verified_stop range=null bearing=null rss=16.007545
         1788690265.500  4644  4675 I AebsFrameSubscriber: onMessagesAvailable callback
         1788690265.501  4644  4675 I AebsFrameSubscriber: readNextMessages count=1
         1788690265.501  4644  4675 I MainActivity: onGatewayFrame: frame seq=2227 egoSpeed=6.9522524 pts=0 intervention=false warning=false braking=true lifecycle=released_verified_stop range=null bearing=null rss=16.007545
         1788690265.600  4644  4675 I AebsFrameSubscriber: onMessagesAvailable callback
         1788690265.601  4644  4675 I AebsFrameSubscriber: readNextMessages count=1
         1788690265.601  4644  4675 I MainActivity: onGatewayFrame: frame seq=2228 egoSpeed=6.9522524 pts=0 intervention=false warning=false braking=true lifecycle=released_verified_stop range=null bearing=null rss=16.007545
         1788690265.700  4644  4675 I AebsFrameSubscriber: onMessagesAvailable callback
         1788690265.701  4644  4675 I AebsFrameSubscriber: readNextMessages count=1
         1788690265.701  4644  4675 I MainActivity: onGatewayFrame: frame seq=2229 egoSpeed=6.9522524 pts=0 intervention=false warning=false braking=true lifecycle=released_verified_stop range=null bearing=null rss=16.007545
         1788690265.800  4644  4675 I AebsFrameSubscriber: onMessagesAvailable callback
         1788690265.801  4644  4675 I AebsFrameSubscriber: readNextMessages count=1
         1788690265.801  4644  4675 I MainActivity: onGatewayFrame: frame seq=2230 egoSpeed=6.9522524 pts=0 intervention=false warning=false braking=true lifecycle=released_verified_stop range=null bearing=null rss=16.007545
         1788690265.900  4644  4675 I AebsFrameSubscriber: onMessagesAvailable callback
         1788690265.901  4644  4675 I AebsFrameSubscriber: readNextMessages count=1
         1788690265.901  4644  4675 I MainActivity: onGatewayFrame: frame seq=2231 egoSpeed=6.9522524 pts=0 intervention=false warning=false braking=true lifecycle=released_verified_stop range=null bearing=null rss=16.007545
         1788690266.000  4644  4675 I AebsFrameSubscriber: onMessagesAvailable callback
         1788690266.001  4644  4675 I AebsFrameSubscriber: readNextMessages count=1
         1788690266.001  4644  4675 I MainActivity: onGatewayFrame: frame seq=2232 egoSpeed=6.9522524 pts=0 intervention=false warning=false braking=true lifecycle=released_verified_stop range=null bearing=null rss=16.007545
         1788690266.100  4644  4675 I AebsFrameSubscriber: onMessagesAvailable callback
         1788690266.101  4644  4675 I AebsFrameSubscriber: readNextMessages count=1
         1788690266.101  4644  4675 I MainActivity: onGatewayFrame: frame seq=2233 egoSpeed=6.9522524 pts=0 intervention=false warning=false braking=true lifecycle=released_verified_stop range=null bearing=null rss=16.007545
         1788690266.200  4644  4675 I AebsFrameSubscriber: onMessagesAvailable callback
         1788690266.201  4644  4675 I AebsFrameSubscriber: readNextMessages count=1
         1788690266.201  4644  4675 I MainActivity: onGatewayFrame: frame seq=2234 egoSpeed=6.9522524 pts=0 intervention=false warning=false braking=true lifecycle=released_verified_stop range=null bearing=null rss=16.007545
         1788690266.300  4644  4675 I AebsFrameSubscriber: onMessagesAvailable callback
         1788690266.301  4644  4675 I AebsFrameSubscriber: readNextMessages count=1
         1788690266.301  4644  4675 I MainActivity: onGatewayFrame: frame seq=2235 egoSpeed=6.9522524 pts=0 intervention=false warning=false braking=true lifecycle=released_verified_stop range=null bearing=null rss=16.007545
         1788690266.400  4644  4675 I AebsFrameSubscriber: onMessagesAvailable callback
         1788690266.401  4644  4675 I AebsFrameSubscriber: readNextMessages count=1
         1788690266.401  4644  4675 I MainActivity: onGatewayFrame: frame seq=2236 egoSpeed=6.9522524 pts=0 intervention=false warning=false braking=true lifecycle=released_verified_stop range=null bearing=null rss=16.007545
         1788690266.500  4644  4675 I AebsFrameSubscriber: onMessagesAvailable callback
         1788690266.501  4644  4675 I AebsFrameSubscriber: readNextMessages count=1
         1788690266.501  4644  4675 I MainActivity: onGatewayFrame: frame seq=2237 egoSpeed=6.9522524 pts=0 intervention=false warning=false braking=true lifecycle=released_verified_stop range=null bearing=null rss=16.007545
         1788690266.600  4644  4675 I AebsFrameSubscriber: onMessagesAvailable callback
         1788690266.601  4644  4675 I AebsFrameSubscriber: readNextMessages count=1
         1788690266.601  4644  4675 I MainActivity: onGatewayFrame: frame seq=2238 egoSpeed=6.9522524 pts=0 intervention=false warning=false braking=true lifecycle=released_verified_stop range=null bearing=null rss=16.007545
         1788690266.700  4644  4675 I AebsFrameSubscriber: onMessagesAvailable callback
         1788690266.701  4644  4675 I AebsFrameSubscriber: readNextMessages count=1
         1788690266.701  4644  4675 I MainActivity: onGatewayFrame: frame seq=2239 egoSpeed=6.9522524 pts=0 intervention=false warning=false braking=true lifecycle=released_verified_stop range=null bearing=null rss=16.007545
         1788690266.800  4644  4675 I AebsFrameSubscriber: onMessagesAvailable callback
         1788690266.801  4644  4675 I AebsFrameSubscriber: readNextMessages count=1
         1788690266.801  4644  4675 I MainActivity: onGatewayFrame: frame seq=2240 egoSpeed=6.9522524 pts=0 intervention=false warning=false braking=true lifecycle=released_verified_stop range=null bearing=null rss=16.007545
         1788690266.900  4644  4675 I AebsFrameSubscriber: onMessagesAvailable callback
         1788690266.901  4644  4675 I AebsFrameSubscriber: readNextMessages count=1
         1788690266.901  4644  4675 I MainActivity: onGatewayFrame: frame seq=2241 egoSpeed=6.9522524 pts=0 intervention=false warning=false braking=true lifecycle=released_verified_stop range=null bearing=null rss=16.007545
         1788690267.000  4644  4675 I AebsFrameSubscriber: onMessagesAvailable callback
         1788690267.001  4644  4675 I AebsFrameSubscriber: readNextMessages count=1
         1788690267.001  4644  4675 I MainActivity: onGatewayFrame: frame seq=2242 egoSpeed=6.9522524 pts=0 intervention=false warning=false braking=true lifecycle=released_verified_stop range=null bearing=null rss=16.007545
         1788690267.100  4644  4675 I AebsFrameSubscriber: onMessagesAvailable callback
         1788690267.101  4644  4675 I AebsFrameSubscriber: readNextMessages count=1
         1788690267.101  4644  4675 I MainActivity: onGatewayFrame: frame seq=2243 egoSpeed=6.9522524 pts=0 intervention=false warning=false braking=true lifecycle=released_verified_stop range=null bearing=null rss=16.007545
         1788690267.200  4644  4675 I AebsFrameSubscriber: onMessagesAvailable callback
         1788690267.201  4644  4675 I AebsFrameSubscriber: readNextMessages count=1
         1788690267.201  4644  4675 I MainActivity: onGatewayFrame: frame seq=2244 egoSpeed=6.9522524 pts=0 intervention=false warning=false braking=true lifecycle=released_verified_stop range=null bearing=null rss=16.007545
         1788690267.300  4644  4675 I AebsFrameSubscriber: onMessagesAvailable callback
         1788690267.301  4644  4675 I AebsFrameSubscriber: readNextMessages count=1
         1788690267.301  4644  4675 I MainActivity: onGatewayFrame: frame seq=2245 egoSpeed=6.9522524 pts=0 intervention=false warning=false braking=true lifecycle=released_verified_stop range=null bearing=null rss=16.007545
         1788690267.400  4644  4675 I AebsFrameSubscriber: onMessagesAvailable callback
         1788690267.401  4644  4675 I AebsFrameSubscriber: readNextMessages count=1
         1788690267.401  4644  4675 I MainActivity: onGatewayFrame: frame seq=2246 egoSpeed=6.9522524 pts=0 intervention=false warning=false braking=true lifecycle=released_verified_stop range=null bearing=null rss=16.007545
         1788690267.500  4644  4675 I AebsFrameSubscriber: onMessagesAvailable callback
         1788690267.501  4644  4675 I AebsFrameSubscriber: readNextMessages count=1
         1788690267.501  4644  4675 I MainActivity: onGatewayFrame: frame seq=2247 egoSpeed=6.9522524 pts=0 intervention=false warning=false braking=true lifecycle=released_verified_stop range=null bearing=null rss=16.007545
         1788690267.600  4644  4675 I AebsFrameSubscriber: onMessagesAvailable callback
         1788690267.601  4644  4675 I AebsFrameSubscriber: readNextMessages count=1
         1788690267.601  4644  4675 I MainActivity: onGatewayFrame: frame seq=2248 egoSpeed=6.9522524 pts=0 intervention=false warning=false braking=true lifecycle=released_verified_stop range=null bearing=null rss=16.007545
         1788690267.700  4644  4675 I AebsFrameSubscriber: onMessagesAvailable callback
         1788690267.701  4644  4675 I AebsFrameSubscriber: readNextMessages count=1
         1788690267.701  4644  4675 I MainActivity: onGatewayFrame: frame seq=2249 egoSpeed=6.9522524 pts=0 intervention=false warning=false braking=true lifecycle=released_verified_stop range=null bearing=null rss=16.007545
         1788690267.800  4644  4675 I AebsFrameSubscriber: onMessagesAvailable callback
         1788690267.801  4644  4675 I AebsFrameSubscriber: readNextMessages count=1
         1788690267.801  4644  4675 I MainActivity: onGatewayFrame: frame seq=2250 egoSpeed=6.9522524 pts=0 intervention=false warning=false braking=true lifecycle=released_verified_stop range=null bearing=null rss=16.007545
         1788690267.900  4644  4675 I AebsFrameSubscriber: onMessagesAvailable callback
         1788690267.901  4644  4675 I AebsFrameSubscriber: readNextMessages count=1
         1788690267.901  4644  4675 I MainActivity: onGatewayFrame: frame seq=2251 egoSpeed=6.9522524 pts=0 intervention=false warning=false braking=true lifecycle=released_verified_stop range=null bearing=null rss=16.007545
         1788690268.000  4644  4675 I AebsFrameSubscriber: onMessagesAvailable callback
         1788690268.001  4644  4675 I AebsFrameSubscriber: readNextMessages count=1
         1788690268.001  4644  4675 I MainActivity: onGatewayFrame: frame seq=2252 egoSpeed=6.9522524 pts=0 intervention=false warning=false braking=true lifecycle=released_verified_stop range=null bearing=null rss=16.007545
         1788690268.100  4644  4675 I AebsFrameSubscriber: onMessagesAvailable callback
         1788690268.101  4644  4675 I AebsFrameSubscriber: readNextMessages count=1
         1788690268.101  4644  4675 I MainActivity: onGatewayFrame: frame seq=2253 egoSpeed=6.9522524 pts=0 intervention=false warning=false braking=true lifecycle=released_verified_stop range=null bearing=null rss=16.007545
         1788690268.200  4644  4675 I AebsFrameSubscriber: onMessagesAvailable callback
         1788690268.201  4644  4675 I AebsFrameSubscriber: readNextMessages count=1
         1788690268.201  4644  4675 I MainActivity: onGatewayFrame: frame seq=2254 egoSpeed=6.9522524 pts=0 intervention=false warning=false braking=true lifecycle=released_verified_stop range=null bearing=null rss=16.007545
         1788690268.300  4644  4675 I AebsFrameSubscriber: onMessagesAvailable callback
         1788690268.301  4644  4675 I AebsFrameSubscriber: readNextMessages count=1
         1788690268.301  4644  4675 I MainActivity: onGatewayFrame: frame seq=2255 egoSpeed=6.9522524 pts=0 intervention=false warning=false braking=true lifecycle=released_verified_stop range=null bearing=null rss=16.007545
         1788690268.400  4644  4675 I AebsFrameSubscriber: onMessagesAvailable callback
         1788690268.401  4644  4675 I AebsFrameSubscriber: readNextMessages count=1
         1788690268.401  4644  4675 I MainActivity: onGatewayFrame: frame seq=2256 egoSpeed=6.9522524 pts=0 intervention=false warning=false braking=true lifecycle=released_verified_stop range=null bearing=null rss=16.007545
         1788690268.500  4644  4675 I AebsFrameSubscriber: onMessagesAvailable callback
         1788690268.501  4644  4675 I AebsFrameSubscriber: readNextMessages count=1
         1788690268.501  4644  4675 I MainActivity: onGatewayFrame: frame seq=2257 egoSpeed=6.9522524 pts=0 intervention=false warning=false braking=true lifecycle=released_verified_stop range=null bearing=null rss=16.007545
         1788690268.600  4644  4675 I AebsFrameSubscriber: onMessagesAvailable callback
         1788690268.601  4644  4675 I AebsFrameSubscriber: readNextMessages count=1
         1788690268.601  4644  4675 I MainActivity: onGatewayFrame: frame seq=2258 egoSpeed=6.9522524 pts=0 intervention=false warning=false braking=true lifecycle=released_verified_stop range=null bearing=null rss=16.007545
         1788690268.821  4644  4675 I AebsFrameSubscriber: readNextMessages count=2
         1788690268.821  4644  4675 I MainActivity: onGatewayFrame: frame seq=2259 egoSpeed=6.9522524 pts=0 intervention=false warning=false braking=true lifecycle=released_verified_stop range=null bearing=null rss=16.007545
         1788690268.821  4644  4675 I MainActivity: onGatewayFrame: frame seq=2260 egoSpeed=6.9522524 pts=0 intervention=false warning=false braking=true lifecycle=released_verified_stop range=null bearing=null rss=16.007545
         1788690268.821  4644  4675 I AebsFrameSubscriber: onMessagesAvailable callback
         1788690268.821  4644  4675 I AebsFrameSubscriber: onMessagesAvailable callback
         1788690268.900  4644  4675 I AebsFrameSubscriber: onMessagesAvailable callback
         1788690268.901  4644  4675 I AebsFrameSubscriber: readNextMessages count=1
         1788690268.901  4644  4675 I MainActivity: onGatewayFrame: frame seq=2261 egoSpeed=6.9522524 pts=0 intervention=false warning=false braking=true lifecycle=released_verified_stop range=null bearing=null rss=16.007545
         1788690269.000  4644  4675 I AebsFrameSubscriber: onMessagesAvailable callback
         1788690269.000  4644  4675 I AebsFrameSubscriber: readNextMessages count=1
         1788690269.001  4644  4675 I MainActivity: onGatewayFrame: frame seq=2262 egoSpeed=6.9522524 pts=0 intervention=false warning=false braking=true lifecycle=released_verified_stop range=null bearing=null rss=16.007545
         1788690269.100  4644  4675 I AebsFrameSubscriber: onMessagesAvailable callback
         1788690269.101  4644  4675 I AebsFrameSubscriber: readNextMessages count=1
         1788690269.101  4644  4675 I MainActivity: onGatewayFrame: frame seq=2263 egoSpeed=6.9522524 pts=0 intervention=false warning=false braking=true lifecycle=released_verified_stop range=null bearing=null rss=16.007545
         1788690269.200  4644  4675 I AebsFrameSubscriber: onMessagesAvailable callback
         1788690269.200  4644  4675 I AebsFrameSubscriber: readNextMessages count=1
         1788690269.200  4644  4675 I MainActivity: onGatewayFrame: frame seq=2264 egoSpeed=6.9522524 pts=0 intervention=false warning=false braking=true lifecycle=released_verified_stop range=null bearing=null rss=16.007545
         1788690269.300  4644  4675 I AebsFrameSubscriber: onMessagesAvailable callback
         1788690269.300  4644  4675 I AebsFrameSubscriber: readNextMessages count=1
         1788690269.300  4644  4675 I MainActivity: onGatewayFrame: frame seq=2265 egoSpeed=6.9522524 pts=0 intervention=false warning=false braking=true lifecycle=released_verified_stop range=null bearing=null rss=16.007545
         1788690269.400  4644  4675 I AebsFrameSubscriber: onMessagesAvailable callback
         1788690269.400  4644  4675 I AebsFrameSubscriber: readNextMessages count=1
         1788690269.400  4644  4675 I MainActivity: onGatewayFrame: frame seq=2266 egoSpeed=6.9522524 pts=0 intervention=false warning=false braking=true lifecycle=released_verified_stop range=null bearing=null rss=16.007545
         1788690269.500  4644  4675 I AebsFrameSubscriber: onMessagesAvailable callback
         1788690269.500  4644  4675 I AebsFrameSubscriber: readNextMessages count=1
         1788690269.501  4644  4675 I MainActivity: onGatewayFrame: frame seq=2267 egoSpeed=6.9522524 pts=0 intervention=false warning=false braking=true lifecycle=released_verified_stop range=null bearing=null rss=16.007545
         1788690269.600  4644  4675 I AebsFrameSubscriber: onMessagesAvailable callback
         1788690269.600  4644  4675 I AebsFrameSubscriber: readNextMessages count=1
         1788690269.601  4644  4675 I MainActivity: onGatewayFrame: frame seq=2268 egoSpeed=6.9522524 pts=0 intervention=false warning=false braking=true lifecycle=released_verified_stop range=null bearing=null rss=16.007545
         1788690269.700  4644  4675 I AebsFrameSubscriber: onMessagesAvailable callback
         1788690269.700  4644  4675 I AebsFrameSubscriber: readNextMessages count=1
         1788690269.700  4644  4675 I MainActivity: onGatewayFrame: frame seq=2269 egoSpeed=6.9522524 pts=0 intervention=false warning=false braking=true lifecycle=released_verified_stop range=null bearing=null rss=16.007545
         1788690269.800  4644  4675 I AebsFrameSubscriber: onMessagesAvailable callback
         1788690269.800  4644  4675 I AebsFrameSubscriber: readNextMessages count=1
         1788690269.800  4644  4675 I MainActivity: onGatewayFrame: frame seq=2270 egoSpeed=6.9522524 pts=0 intervention=false warning=false braking=true lifecycle=released_verified_stop range=null bearing=null rss=16.007545
         1788690269.900  4644  4675 I AebsFrameSubscriber: onMessagesAvailable callback
         1788690269.900  4644  4675 I AebsFrameSubscriber: readNextMessages count=1
         1788690269.900  4644  4675 I MainActivity: onGatewayFrame: frame seq=2271 egoSpeed=6.9522524 pts=0 intervention=false warning=false braking=true lifecycle=released_verified_stop range=null bearing=null rss=16.007545
         1788690270.000  4644  4675 I AebsFrameSubscriber: onMessagesAvailable callback
         1788690270.000  4644  4675 I AebsFrameSubscriber: readNextMessages count=1
         1788690270.001  4644  4675 I MainActivity: onGatewayFrame: frame seq=2272 egoSpeed=6.9522524 pts=0 intervention=false warning=false braking=true lifecycle=released_verified_stop range=null bearing=null rss=16.007545
         1788690270.100  4644  4675 I AebsFrameSubscriber: onMessagesAvailable callback
         1788690270.101  4644  4675 I AebsFrameSubscriber: readNextMessages count=1
         1788690270.101  4644  4675 I MainActivity: onGatewayFrame: frame seq=2273 egoSpeed=6.9522524 pts=0 intervention=false warning=false braking=true lifecycle=released_verified_stop range=null bearing=null rss=16.007545
         1788690270.200  4644  4675 I AebsFrameSubscriber: onMessagesAvailable callback
         1788690270.200  4644  4675 I AebsFrameSubscriber: readNextMessages count=1
         1788690270.201  4644  4675 I MainActivity: onGatewayFrame: frame seq=2274 egoSpeed=6.9522524 pts=0 intervention=false warning=false braking=true lifecycle=released_verified_stop range=null bearing=null rss=16.007545
         1788690270.300  4644  4675 I AebsFrameSubscriber: onMessagesAvailable callback
         1788690270.300  4644  4675 I AebsFrameSubscriber: readNextMessages count=1
         1788690270.300  4644  4675 I MainActivity: onGatewayFrame: frame seq=2275 egoSpeed=6.9522524 pts=0 intervention=false warning=false braking=true lifecycle=released_verified_stop range=null bearing=null rss=16.007545
         1788690270.400  4644  4675 I AebsFrameSubscriber: onMessagesAvailable callback
         1788690270.400  4644  4675 I AebsFrameSubscriber: readNextMessages count=1
         1788690270.400  4644  4675 I MainActivity: onGatewayFrame: frame seq=2276 egoSpeed=6.9522524 pts=0 intervention=false warning=false braking=true lifecycle=released_verified_stop range=null bearing=null rss=16.007545
         1788690270.500  4644  4675 I AebsFrameSubscriber: onMessagesAvailable callback
         1788690270.500  4644  4675 I AebsFrameSubscriber: readNextMessages count=1
         1788690270.500  4644  4675 I MainActivity: onGatewayFrame: frame seq=2277 egoSpeed=6.9522524 pts=0 intervention=false warning=false braking=true lifecycle=released_verified_stop range=null bearing=null rss=16.007545
         1788690270.600  4644  4675 I AebsFrameSubscriber: onMessagesAvailable callback
         1788690270.600  4644  4675 I AebsFrameSubscriber: readNextMessages count=1
         1788690270.601  4644  4675 I MainActivity: onGatewayFrame: frame seq=2278 egoSpeed=6.9522524 pts=0 intervention=false warning=false braking=true lifecycle=released_verified_stop range=null bearing=null rss=16.007545
         1788690270.700  4644  4675 I AebsFrameSubscriber: onMessagesAvailable callback
         1788690270.700  4644  4675 I AebsFrameSubscriber: readNextMessages count=1
         1788690270.700  4644  4675 I MainActivity: onGatewayFrame: frame seq=2279 egoSpeed=6.9522524 pts=0 intervention=false warning=false braking=true lifecycle=released_verified_stop range=null bearing=null rss=16.007545
         1788690270.800  4644  4675 I AebsFrameSubscriber: onMessagesAvailable callback
         1788690270.800  4644  4675 I AebsFrameSubscriber: readNextMessages count=1
         1788690270.800  4644  4675 I MainActivity: onGatewayFrame: frame seq=2280 egoSpeed=6.9522524 pts=0 intervention=false warning=false braking=true lifecycle=released_verified_stop range=null bearing=null rss=16.007545
         1788690270.900  4644  4675 I AebsFrameSubscriber: onMessagesAvailable callback
         1788690270.900  4644  4675 I AebsFrameSubscriber: readNextMessages count=1
         1788690270.901  4644  4675 I MainActivity: onGatewayFrame: frame seq=2281 egoSpeed=6.9522524 pts=0 intervention=false warning=false braking=true lifecycle=released_verified_stop range=null bearing=null rss=16.007545
         1788690271.000  4644  4675 I AebsFrameSubscriber: onMessagesAvailable callback
         1788690271.000  4644  4675 I AebsFrameSubscriber: readNextMessages count=1
         1788690271.000  4644  4675 I MainActivity: onGatewayFrame: frame seq=2282 egoSpeed=6.9522524 pts=0 intervention=false warning=false braking=true lifecycle=released_verified_stop range=null bearing=null rss=16.007545
         1788690271.100  4644  4675 I AebsFrameSubscriber: onMessagesAvailable callback
         1788690271.100  4644  4675 I AebsFrameSubscriber: readNextMessages count=1
         1788690271.101  4644  4675 I MainActivity: onGatewayFrame: frame seq=2283 egoSpeed=6.9522524 pts=0 intervention=false warning=false braking=true lifecycle=released_verified_stop range=null bearing=null rss=16.007545
         1788690271.200  4644  4675 I AebsFrameSubscriber: onMessagesAvailable callback
         1788690271.200  4644  4675 I AebsFrameSubscriber: readNextMessages count=1
         1788690271.200  4644  4675 I MainActivity: onGatewayFrame: frame seq=2284 egoSpeed=6.9522524 pts=0 intervention=false warning=false braking=true lifecycle=released_verified_stop range=null bearing=null rss=16.007545
         1788690271.300  4644  4675 I AebsFrameSubscriber: onMessagesAvailable callback
         1788690271.300  4644  4675 I AebsFrameSubscriber: readNextMessages count=1
         1788690271.300  4644  4675 I MainActivity: onGatewayFrame: frame seq=2285 egoSpeed=6.9522524 pts=0 intervention=false warning=false braking=true lifecycle=released_verified_stop range=null bearing=null rss=16.007545
         1788690271.400  4644  4675 I AebsFrameSubscriber: onMessagesAvailable callback
         1788690271.400  4644  4675 I AebsFrameSubscriber: readNextMessages count=1
         1788690271.400  4644  4675 I MainActivity: onGatewayFrame: frame seq=2286 egoSpeed=6.9522524 pts=0 intervention=false warning=false braking=true lifecycle=released_verified_stop range=null bearing=null rss=16.007545
         1788690271.500  4644  4675 I AebsFrameSubscriber: onMessagesAvailable callback
         1788690271.500  4644  4675 I AebsFrameSubscriber: readNextMessages count=1
         1788690271.500  4644  4675 I MainActivity: onGatewayFrame: frame seq=2287 egoSpeed=6.9522524 pts=0 intervention=false warning=false braking=true lifecycle=released_verified_stop range=null bearing=null rss=16.007545
         1788690271.600  4644  4675 I AebsFrameSubscriber: onMessagesAvailable callback
         1788690271.600  4644  4675 I AebsFrameSubscriber: readNextMessages count=1
         1788690271.600  4644  4675 I MainActivity: onGatewayFrame: frame seq=2288 egoSpeed=6.9522524 pts=0 intervention=false warning=false braking=true lifecycle=released_verified_stop range=null bearing=null rss=16.007545
         1788690271.700  4644  4675 I AebsFrameSubscriber: onMessagesAvailable callback
         1788690271.700  4644  4675 I AebsFrameSubscriber: readNextMessages count=1
         1788690271.700  4644  4675 I MainActivity: onGatewayFrame: frame seq=2289 egoSpeed=6.9522524 pts=0 intervention=false warning=false braking=true lifecycle=released_verified_stop range=null bearing=null rss=16.007545
         1788690271.800  4644  4675 I AebsFrameSubscriber: onMessagesAvailable callback
         1788690271.800  4644  4675 I AebsFrameSubscriber: readNextMessages count=1
         1788690271.800  4644  4675 I MainActivity: onGatewayFrame: frame seq=2290 egoSpeed=6.9522524 pts=0 intervention=false warning=false braking=true lifecycle=released_verified_stop range=null bearing=null rss=16.007545
         1788690271.900  4644  4675 I AebsFrameSubscriber: onMessagesAvailable callback
         1788690271.900  4644  4675 I AebsFrameSubscriber: readNextMessages count=1
         1788690271.900  4644  4675 I MainActivity: onGatewayFrame: frame seq=2291 egoSpeed=6.9522524 pts=0 intervention=false warning=false braking=true lifecycle=released_verified_stop range=null bearing=null rss=16.007545
         1788690272.000  4644  4675 I AebsFrameSubscriber: onMessagesAvailable callback
         1788690272.000  4644  4675 I AebsFrameSubscriber: readNextMessages count=1
         1788690272.000  4644  4675 I MainActivity: onGatewayFrame: frame seq=2292 egoSpeed=6.9522524 pts=0 intervention=false warning=false braking=true lifecycle=released_verified_stop range=null bearing=null rss=16.007545
         1788690272.100  4644  4675 I AebsFrameSubscriber: onMessagesAvailable callback
         1788690272.100  4644  4675 I AebsFrameSubscriber: readNextMessages count=1
         1788690272.100  4644  4675 I MainActivity: onGatewayFrame: frame seq=2293 egoSpeed=6.9522524 pts=0 intervention=false warning=false braking=true lifecycle=released_verified_stop range=null bearing=null rss=16.007545
         1788690272.200  4644  4675 I AebsFrameSubscriber: onMessagesAvailable callback
         1788690272.200  4644  4675 I AebsFrameSubscriber: readNextMessages count=1
         1788690272.200  4644  4675 I MainActivity: onGatewayFrame: frame seq=2294 egoSpeed=6.9522524 pts=0 intervention=false warning=false braking=true lifecycle=released_verified_stop range=null bearing=null rss=16.007545
         1788690272.300  4644  4675 I AebsFrameSubscriber: onMessagesAvailable callback
         1788690272.300  4644  4675 I AebsFrameSubscriber: readNextMessages count=1
         1788690272.300  4644  4675 I MainActivity: onGatewayFrame: frame seq=2295 egoSpeed=6.9522524 pts=0 intervention=false warning=false braking=true lifecycle=released_verified_stop range=null bearing=null rss=16.007545
         1788690272.400  4644  4675 I AebsFrameSubscriber: onMessagesAvailable callback
         1788690272.401  4644  4675 I AebsFrameSubscriber: readNextMessages count=1
         1788690272.401  4644  4675 I MainActivity: onGatewayFrame: frame seq=2296 egoSpeed=6.9522524 pts=0 intervention=false warning=false braking=true lifecycle=released_verified_stop range=null bearing=null rss=16.007545
         1788690272.611  4644  4675 I AebsFrameSubscriber: readNextMessages count=2
         1788690272.612  4644  4675 I MainActivity: onGatewayFrame: frame seq=2297 egoSpeed=6.9522524 pts=0 intervention=false warning=false braking=true lifecycle=released_verified_stop range=null bearing=null rss=16.007545
         1788690272.612  4644  4675 I MainActivity: onGatewayFrame: frame seq=2298 egoSpeed=6.9522524 pts=0 intervention=false warning=false braking=true lifecycle=released_verified_stop range=null bearing=null rss=16.007545
         1788690272.612  4644  4675 I AebsFrameSubscriber: onMessagesAvailable callback
         1788690272.612  4644  4675 I AebsFrameSubscriber: onMessagesAvailable callback
         1788690272.700  4644  4675 I AebsFrameSubscriber: onMessagesAvailable callback
         1788690272.700  4644  4675 I AebsFrameSubscriber: readNextMessages count=1
         1788690272.700  4644  4675 I MainActivity: onGatewayFrame: frame seq=2299 egoSpeed=6.9522524 pts=0 intervention=false warning=false braking=true lifecycle=released_verified_stop range=null bearing=null rss=16.007545
         1788690272.800  4644  4675 I AebsFrameSubscriber: onMessagesAvailable callback
         1788690272.800  4644  4675 I AebsFrameSubscriber: readNextMessages count=1
         1788690272.800  4644  4675 I MainActivity: onGatewayFrame: frame seq=2300 egoSpeed=6.9522524 pts=0 intervention=false warning=false braking=true lifecycle=released_verified_stop range=null bearing=null rss=16.007545
         1788690272.900  4644  4675 I AebsFrameSubscriber: onMessagesAvailable callback
         1788690272.900  4644  4675 I AebsFrameSubscriber: readNextMessages count=1
         1788690272.900  4644  4675 I MainActivity: onGatewayFrame: frame seq=2301 egoSpeed=6.9522524 pts=0 intervention=false warning=false braking=true lifecycle=released_verified_stop range=null bearing=null rss=16.007545
         1788690273.000  4644  4675 I AebsFrameSubscriber: onMessagesAvailable callback
         1788690273.000  4644  4675 I AebsFrameSubscriber: readNextMessages count=1
         1788690273.000  4644  4675 I MainActivity: onGatewayFrame: frame seq=2302 egoSpeed=6.9522524 pts=0 intervention=false warning=false braking=true lifecycle=released_verified_stop range=null bearing=null rss=16.007545
         1788690273.100  4644  4675 I AebsFrameSubscriber: onMessagesAvailable callback
         1788690273.100  4644  4675 I AebsFrameSubscriber: readNextMessages count=1
         1788690273.100  4644  4675 I MainActivity: onGatewayFrame: frame seq=2303 egoSpeed=6.9522524 pts=0 intervention=false warning=false braking=true lifecycle=released_verified_stop range=null bearing=null rss=16.007545
         1788690273.200  4644  4675 I AebsFrameSubscriber: onMessagesAvailable callback
         1788690273.200  4644  4675 I AebsFrameSubscriber: readNextMessages count=1
         1788690273.200  4644  4675 I MainActivity: onGatewayFrame: frame seq=2304 egoSpeed=6.9522524 pts=0 intervention=false warning=false braking=true lifecycle=released_verified_stop range=null bearing=null rss=16.007545
         1788690273.300  4644  4675 I AebsFrameSubscriber: onMessagesAvailable callback
         1788690273.300  4644  4675 I AebsFrameSubscriber: readNextMessages count=1
         1788690273.300  4644  4675 I MainActivity: onGatewayFrame: frame seq=2305 egoSpeed=6.9522524 pts=0 intervention=false warning=false braking=true lifecycle=released_verified_stop range=null bearing=null rss=16.007545
         1788690273.399  4644  4675 I AebsFrameSubscriber: onMessagesAvailable callback
         1788690273.400  4644  4675 I AebsFrameSubscriber: readNextMessages count=1
         1788690273.400  4644  4675 I MainActivity: onGatewayFrame: frame seq=2306 egoSpeed=6.9522524 pts=0 intervention=false warning=false braking=true lifecycle=released_verified_stop range=null bearing=null rss=16.007545
         1788690273.500  4644  4675 I AebsFrameSubscriber: onMessagesAvailable callback
         1788690273.500  4644  4675 I AebsFrameSubscriber: readNextMessages count=1
         1788690273.500  4644  4675 I MainActivity: onGatewayFrame: frame seq=2307 egoSpeed=6.9522524 pts=0 intervention=false warning=false braking=true lifecycle=released_verified_stop range=null bearing=null rss=16.007545
         1788690273.600  4644  4675 I AebsFrameSubscriber: onMessagesAvailable callback
         1788690273.600  4644  4675 I AebsFrameSubscriber: readNextMessages count=1
         1788690273.600  4644  4675 I MainActivity: onGatewayFrame: frame seq=2308 egoSpeed=6.9522524 pts=0 intervention=false warning=false braking=true lifecycle=released_verified_stop range=null bearing=null rss=16.007545
         1788690273.700  4644  4675 I AebsFrameSubscriber: onMessagesAvailable callback
         1788690273.700  4644  4675 I AebsFrameSubscriber: readNextMessages count=1
         1788690273.700  4644  4675 I MainActivity: onGatewayFrame: frame seq=2309 egoSpeed=6.9522524 pts=0 intervention=false warning=false braking=true lifecycle=released_verified_stop range=null bearing=null rss=16.007545
         1788690273.800  4644  4675 I AebsFrameSubscriber: onMessagesAvailable callback
         1788690273.800  4644  4675 I AebsFrameSubscriber: readNextMessages count=1
         1788690273.801  4644  4675 I MainActivity: onGatewayFrame: frame seq=2310 egoSpeed=6.9522524 pts=0 intervention=false warning=false braking=true lifecycle=released_verified_stop range=null bearing=null rss=16.007545
         1788690273.900  4644  4675 I AebsFrameSubscriber: onMessagesAvailable callback
         1788690273.900  4644  4675 I AebsFrameSubscriber: readNextMessages count=1
         1788690273.901  4644  4675 I MainActivity: onGatewayFrame: frame seq=2311 egoSpeed=6.9522524 pts=0 intervention=false warning=false braking=true lifecycle=released_verified_stop range=null bearing=null rss=16.007545
         1788690274.000  4644  4675 I AebsFrameSubscriber: onMessagesAvailable callback
         1788690274.000  4644  4675 I AebsFrameSubscriber: readNextMessages count=1
         1788690274.001  4644  4675 I MainActivity: onGatewayFrame: frame seq=2312 egoSpeed=6.9522524 pts=0 intervention=false warning=false braking=true lifecycle=released_verified_stop range=null bearing=null rss=16.007545
         1788690274.100  4644  4675 I AebsFrameSubscriber: onMessagesAvailable callback
         1788690274.101  4644  4675 I AebsFrameSubscriber: readNextMessages count=1
         1788690274.101  4644  4675 I MainActivity: onGatewayFrame: frame seq=2313 egoSpeed=6.9522524 pts=0 intervention=false warning=false braking=true lifecycle=released_verified_stop range=null bearing=null rss=16.007545
         1788690274.200  4644  4675 I AebsFrameSubscriber: onMessagesAvailable callback
         1788690274.201  4644  4675 I AebsFrameSubscriber: readNextMessages count=1
         1788690274.201  4644  4675 I MainActivity: onGatewayFrame: frame seq=2314 egoSpeed=6.9522524 pts=0 intervention=false warning=false braking=true lifecycle=released_verified_stop range=null bearing=null rss=16.007545
         1788690274.300  4644  4675 I AebsFrameSubscriber: onMessagesAvailable callback
         1788690274.300  4644  4675 I AebsFrameSubscriber: readNextMessages count=1
         1788690274.301  4644  4675 I MainActivity: onGatewayFrame: frame seq=2315 egoSpeed=6.9522524 pts=0 intervention=false warning=false braking=true lifecycle=released_verified_stop range=null bearing=null rss=16.007545
         1788690274.400  4644  4675 I AebsFrameSubscriber: onMessagesAvailable callback
         1788690274.400  4644  4675 I AebsFrameSubscriber: readNextMessages count=1
         1788690274.400  4644  4675 I MainActivity: onGatewayFrame: frame seq=2316 egoSpeed=6.9522524 pts=0 intervention=false warning=false braking=true lifecycle=released_verified_stop range=null bearing=null rss=16.007545
         1788690274.500  4644  4675 I AebsFrameSubscriber: onMessagesAvailable callback
         1788690274.500  4644  4675 I AebsFrameSubscriber: readNextMessages count=1
         1788690274.500  4644  4675 I MainActivity: onGatewayFrame: frame seq=2317 egoSpeed=6.9522524 pts=0 intervention=false warning=false braking=true lifecycle=released_verified_stop range=null bearing=null rss=16.007545
         1788690274.600  4644  4675 I AebsFrameSubscriber: onMessagesAvailable callback
         1788690274.600  4644  4675 I AebsFrameSubscriber: readNextMessages count=1
         1788690274.600  4644  4675 I MainActivity: onGatewayFrame: frame seq=2318 egoSpeed=6.9522524 pts=0 intervention=false warning=false braking=true lifecycle=released_verified_stop range=null bearing=null rss=16.007545
         1788690274.699  4644  4675 I AebsFrameSubscriber: onMessagesAvailable callback
         1788690274.700  4644  4675 I AebsFrameSubscriber: readNextMessages count=1
         1788690274.700  4644  4675 I MainActivity: onGatewayFrame: frame seq=2319 egoSpeed=6.9522524 pts=0 intervention=false warning=false braking=true lifecycle=released_verified_stop range=null bearing=null rss=16.007545
         1788690274.800  4644  4675 I AebsFrameSubscriber: onMessagesAvailable callback
         1788690274.800  4644  4675 I AebsFrameSubscriber: readNextMessages count=1
         1788690274.800  4644  4675 I MainActivity: onGatewayFrame: frame seq=2320 egoSpeed=6.9522524 pts=0 intervention=false warning=false braking=true lifecycle=released_verified_stop range=null bearing=null rss=16.007545
         1788690274.899  4644  4675 I AebsFrameSubscriber: onMessagesAvailable callback
         1788690274.902  4644  4675 I AebsFrameSubscriber: readNextMessages count=1
         1788690274.903  4644  4675 I MainActivity: onGatewayFrame: frame seq=2321 egoSpeed=6.9522524 pts=0 intervention=false warning=false braking=true lifecycle=released_verified_stop range=null bearing=null rss=16.007545
         1788690275.000  4644  4675 I AebsFrameSubscriber: onMessagesAvailable callback
         1788690275.000  4644  4675 I AebsFrameSubscriber: readNextMessages count=1
         1788690275.000  4644  4675 I MainActivity: onGatewayFrame: frame seq=2322 egoSpeed=6.9522524 pts=0 intervention=false warning=false braking=true lifecycle=released_verified_stop range=null bearing=null rss=16.007545
         1788690275.100  4644  4675 I AebsFrameSubscriber: onMessagesAvailable callback
         1788690275.100  4644  4675 I AebsFrameSubscriber: readNextMessages count=1
         1788690275.100  4644  4675 I MainActivity: onGatewayFrame: frame seq=2323 egoSpeed=6.9522524 pts=0 intervention=false warning=false braking=true lifecycle=released_verified_stop range=null bearing=null rss=16.007545
         1788690275.199  4644  4675 I AebsFrameSubscriber: onMessagesAvailable callback
         1788690275.200  4644  4675 I AebsFrameSubscriber: readNextMessages count=1
         1788690275.200  4644  4675 I MainActivity: onGatewayFrame: frame seq=2324 egoSpeed=6.9522524 pts=0 intervention=false warning=false braking=true lifecycle=released_verified_stop range=null bearing=null rss=16.007545
         1788690275.300  4644  4675 I AebsFrameSubscriber: onMessagesAvailable callback
         1788690275.300  4644  4675 I AebsFrameSubscriber: readNextMessages count=1
         1788690275.300  4644  4675 I MainActivity: onGatewayFrame: frame seq=2325 egoSpeed=6.9522524 pts=0 intervention=false warning=false braking=true lifecycle=released_verified_stop range=null bearing=null rss=16.007545
         1788690275.400  4644  4675 I AebsFrameSubscriber: onMessagesAvailable callback
         1788690275.400  4644  4675 I AebsFrameSubscriber: readNextMessages count=1
         1788690275.400  4644  4675 I MainActivity: onGatewayFrame: frame seq=2326 egoSpeed=6.9522524 pts=0 intervention=false warning=false braking=true lifecycle=released_verified_stop range=null bearing=null rss=16.007545
         1788690275.499  4644  4675 I AebsFrameSubscriber: onMessagesAvailable callback
         1788690275.500  4644  4675 I AebsFrameSubscriber: readNextMessages count=1
         1788690275.500  4644  4675 I MainActivity: onGatewayFrame: frame seq=2327 egoSpeed=6.9522524 pts=0 intervention=false warning=false braking=true lifecycle=released_verified_stop range=null bearing=null rss=16.007545
         1788690275.600  4644  4675 I AebsFrameSubscriber: onMessagesAvailable callback
         1788690275.600  4644  4675 I AebsFrameSubscriber: readNextMessages count=1
         1788690275.600  4644  4675 I MainActivity: onGatewayFrame: frame seq=2328 egoSpeed=6.9522524 pts=0 intervention=false warning=false braking=true lifecycle=released_verified_stop range=null bearing=null rss=16.007545
         1788690275.700  4644  4675 I AebsFrameSubscriber: onMessagesAvailable callback
         1788690275.700  4644  4675 I AebsFrameSubscriber: readNextMessages count=1
         1788690275.700  4644  4675 I MainActivity: onGatewayFrame: frame seq=2329 egoSpeed=6.9522524 pts=0 intervention=false warning=false braking=true lifecycle=released_verified_stop range=null bearing=null rss=16.007545
         1788690275.800  4644  4675 I AebsFrameSubscriber: onMessagesAvailable callback
         1788690275.800  4644  4675 I AebsFrameSubscriber: readNextMessages count=1
         1788690275.800  4644  4675 I MainActivity: onGatewayFrame: frame seq=2330 egoSpeed=6.9522524 pts=0 intervention=false warning=false braking=true lifecycle=released_verified_stop range=null bearing=null rss=16.007545
         1788690275.899  4644  4675 I AebsFrameSubscriber: onMessagesAvailable callback
         1788690275.900  4644  4675 I AebsFrameSubscriber: readNextMessages count=1
         1788690275.900  4644  4675 I MainActivity: onGatewayFrame: frame seq=2331 egoSpeed=6.9522524 pts=0 intervention=false warning=false braking=true lifecycle=released_verified_stop range=null bearing=null rss=16.007545
         1788690276.000  4644  4675 I AebsFrameSubscriber: onMessagesAvailable callback
         1788690276.000  4644  4675 I AebsFrameSubscriber: readNextMessages count=1
         1788690276.000  4644  4675 I MainActivity: onGatewayFrame: frame seq=2332 egoSpeed=6.9522524 pts=0 intervention=false warning=false braking=true lifecycle=released_verified_stop range=null bearing=null rss=16.007545
         1788690276.099  4644  4675 I AebsFrameSubscriber: onMessagesAvailable callback
         1788690276.100  4644  4675 I AebsFrameSubscriber: readNextMessages count=1
         1788690276.100  4644  4675 I MainActivity: onGatewayFrame: frame seq=2333 egoSpeed=6.9522524 pts=0 intervention=false warning=false braking=true lifecycle=released_verified_stop range=null bearing=null rss=16.007545
         1788690276.199  4644  4675 I AebsFrameSubscriber: onMessagesAvailable callback
         1788690276.200  4644  4675 I AebsFrameSubscriber: readNextMessages count=1
         1788690276.200  4644  4675 I MainActivity: onGatewayFrame: frame seq=2334 egoSpeed=6.9522524 pts=0 intervention=false warning=false braking=true lifecycle=released_verified_stop range=null bearing=null rss=16.007545
         1788690276.336  4644  4675 I AebsFrameSubscriber: readNextMessages count=1
         1788690276.336  4644  4675 I MainActivity: onGatewayFrame: frame seq=2335 egoSpeed=6.9522524 pts=0 intervention=false warning=false braking=true lifecycle=released_verified_stop range=null bearing=null rss=16.007545
         1788690276.337  4644  4675 I AebsFrameSubscriber: onMessagesAvailable callback
         1788690276.399  4644  4675 I AebsFrameSubscriber: onMessagesAvailable callback
         1788690276.400  4644  4675 I AebsFrameSubscriber: readNextMessages count=1
         1788690276.400  4644  4675 I MainActivity: onGatewayFrame: frame seq=2336 egoSpeed=6.9522524 pts=0 intervention=false warning=false braking=true lifecycle=released_verified_stop range=null bearing=null rss=16.007545
         1788690276.500  4644  4675 I AebsFrameSubscriber: onMessagesAvailable callback
         1788690276.500  4644  4675 I AebsFrameSubscriber: readNextMessages count=1
         1788690276.500  4644  4675 I MainActivity: onGatewayFrame: frame seq=2337 egoSpeed=6.9522524 pts=0 intervention=false warning=false braking=true lifecycle=released_verified_stop range=null bearing=null rss=16.007545
         1788690276.599  4644  4675 I AebsFrameSubscriber: onMessagesAvailable callback
         1788690276.600  4644  4675 I AebsFrameSubscriber: readNextMessages count=1
         1788690276.600  4644  4675 I MainActivity: onGatewayFrame: frame seq=2338 egoSpeed=6.9522524 pts=0 intervention=false warning=false braking=true lifecycle=released_verified_stop range=null bearing=null rss=16.007545
         1788690276.700  4644  4675 I AebsFrameSubscriber: onMessagesAvailable callback
         1788690276.700  4644  4675 I AebsFrameSubscriber: readNextMessages count=1
         1788690276.700  4644  4675 I MainActivity: onGatewayFrame: frame seq=2339 egoSpeed=6.9522524 pts=0 intervention=false warning=false braking=true lifecycle=released_verified_stop range=null bearing=null rss=16.007545
         1788690276.799  4644  4675 I AebsFrameSubscriber: onMessagesAvailable callback
         1788690276.800  4644  4675 I AebsFrameSubscriber: readNextMessages count=1
         1788690276.800  4644  4675 I MainActivity: onGatewayFrame: frame seq=2340 egoSpeed=6.9522524 pts=0 intervention=false warning=false braking=true lifecycle=released_verified_stop range=null bearing=null rss=16.007545
         1788690276.900  4644  4675 I AebsFrameSubscriber: onMessagesAvailable callback
         1788690276.900  4644  4675 I AebsFrameSubscriber: readNextMessages count=1
         1788690276.900  4644  4675 I MainActivity: onGatewayFrame: frame seq=2341 egoSpeed=6.9522524 pts=0 intervention=false warning=false braking=true lifecycle=released_verified_stop range=null bearing=null rss=16.007545
         1788690276.999  4644  4675 I AebsFrameSubscriber: onMessagesAvailable callback
         1788690277.000  4644  4675 I AebsFrameSubscriber: readNextMessages count=1
         1788690277.000  4644  4675 I MainActivity: onGatewayFrame: frame seq=2342 egoSpeed=6.9522524 pts=0 intervention=false warning=false braking=true lifecycle=released_verified_stop range=null bearing=null rss=16.007545
         1788690277.099  4644  4675 I AebsFrameSubscriber: onMessagesAvailable callback
         1788690277.100  4644  4675 I AebsFrameSubscriber: readNextMessages count=1
         1788690277.100  4644  4675 I MainActivity: onGatewayFrame: frame seq=2343 egoSpeed=6.9522524 pts=0 intervention=false warning=false braking=true lifecycle=released_verified_stop range=null bearing=null rss=16.007545
         1788690277.199  4644  4675 I AebsFrameSubscriber: onMessagesAvailable callback
         1788690277.200  4644  4675 I AebsFrameSubscriber: readNextMessages count=1
         1788690277.200  4644  4675 I MainActivity: onGatewayFrame: frame seq=2344 egoSpeed=6.9522524 pts=0 intervention=false warning=false braking=true lifecycle=released_verified_stop range=null bearing=null rss=16.007545
         1788690277.299  4644  4675 I AebsFrameSubscriber: onMessagesAvailable callback
         1788690277.300  4644  4675 I AebsFrameSubscriber: readNextMessages count=1
         1788690277.300  4644  4675 I MainActivity: onGatewayFrame: frame seq=2345 egoSpeed=6.9522524 pts=0 intervention=false warning=false braking=true lifecycle=released_verified_stop range=null bearing=null rss=16.007545
         1788690277.399  4644  4675 I AebsFrameSubscriber: onMessagesAvailable callback
         1788690277.400  4644  4675 I AebsFrameSubscriber: readNextMessages count=1
         1788690277.400  4644  4675 I MainActivity: onGatewayFrame: frame seq=2346 egoSpeed=6.9522524 pts=0 intervention=false warning=false braking=true lifecycle=released_verified_stop range=null bearing=null rss=16.007545
         1788690277.499  4644  4675 I AebsFrameSubscriber: onMessagesAvailable callback
         1788690277.500  4644  4675 I AebsFrameSubscriber: readNextMessages count=1
         1788690277.500  4644  4675 I MainActivity: onGatewayFrame: frame seq=2347 egoSpeed=6.9522524 pts=0 intervention=false warning=false braking=true lifecycle=released_verified_stop range=null bearing=null rss=16.007545
         1788690277.599  4644  4675 I AebsFrameSubscriber: onMessagesAvailable callback
         1788690277.600  4644  4675 I AebsFrameSubscriber: readNextMessages count=1
         1788690277.600  4644  4675 I MainActivity: onGatewayFrame: frame seq=2348 egoSpeed=6.9522524 pts=0 intervention=false warning=false braking=true lifecycle=released_verified_stop range=null bearing=null rss=16.007545
         1788690277.699  4644  4675 I AebsFrameSubscriber: onMessagesAvailable callback
         1788690277.700  4644  4675 I AebsFrameSubscriber: readNextMessages count=1
         1788690277.700  4644  4675 I MainActivity: onGatewayFrame: frame seq=2349 egoSpeed=6.9522524 pts=0 intervention=false warning=false braking=true lifecycle=released_verified_stop range=null bearing=null rss=16.007545
         1788690277.799  4644  4675 I AebsFrameSubscriber: onMessagesAvailable callback
         1788690277.800  4644  4675 I AebsFrameSubscriber: readNextMessages count=1
         1788690277.800  4644  4675 I MainActivity: onGatewayFrame: frame seq=2350 egoSpeed=6.9522524 pts=0 intervention=false warning=false braking=true lifecycle=released_verified_stop range=null bearing=null rss=16.007545
         1788690277.899  4644  4675 I AebsFrameSubscriber: onMessagesAvailable callback
         1788690277.900  4644  4675 I AebsFrameSubscriber: readNextMessages count=1
         1788690277.900  4644  4675 I MainActivity: onGatewayFrame: frame seq=2351 egoSpeed=6.9522524 pts=0 intervention=false warning=false braking=true lifecycle=released_verified_stop range=null bearing=null rss=16.007545
         1788690277.999  4644  4675 I AebsFrameSubscriber: onMessagesAvailable callback
         1788690278.000  4644  4675 I AebsFrameSubscriber: readNextMessages count=1
         1788690278.000  4644  4675 I MainActivity: onGatewayFrame: frame seq=2352 egoSpeed=6.9522524 pts=0 intervention=false warning=false braking=true lifecycle=released_verified_stop range=null bearing=null rss=16.007545
         1788690278.099  4644  4675 I AebsFrameSubscriber: onMessagesAvailable callback
         1788690278.100  4644  4675 I AebsFrameSubscriber: readNextMessages count=1
         1788690278.100  4644  4675 I MainActivity: onGatewayFrame: frame seq=2353 egoSpeed=6.9522524 pts=0 intervention=false warning=false braking=true lifecycle=released_verified_stop range=null bearing=null rss=16.007545
         1788690278.199  4644  4675 I AebsFrameSubscriber: onMessagesAvailable callback
         1788690278.200  4644  4675 I AebsFrameSubscriber: readNextMessages count=1
         1788690278.200  4644  4675 I MainActivity: onGatewayFrame: frame seq=2354 egoSpeed=6.9522524 pts=0 intervention=false warning=false braking=true lifecycle=released_verified_stop range=null bearing=null rss=16.007545
         1788690278.299  4644  4675 I AebsFrameSubscriber: onMessagesAvailable callback
         1788690278.300  4644  4675 I AebsFrameSubscriber: readNextMessages count=1
         1788690278.300  4644  4675 I MainActivity: onGatewayFrame: frame seq=2355 egoSpeed=6.9522524 pts=0 intervention=false warning=false braking=true lifecycle=released_verified_stop range=null bearing=null rss=16.007545
         1788690278.399  4644  4675 I AebsFrameSubscriber: onMessagesAvailable callback
         1788690278.400  4644  4675 I AebsFrameSubscriber: readNextMessages count=1
         1788690278.400  4644  4675 I MainActivity: onGatewayFrame: frame seq=2356 egoSpeed=6.9522524 pts=0 intervention=false warning=false braking=true lifecycle=released_verified_stop range=null bearing=null rss=16.007545
         1788690278.499  4644  4675 I AebsFrameSubscriber: onMessagesAvailable callback
         1788690278.500  4644  4675 I AebsFrameSubscriber: readNextMessages count=1
         1788690278.500  4644  4675 I MainActivity: onGatewayFrame: frame seq=2357 egoSpeed=6.9522524 pts=0 intervention=false warning=false braking=true lifecycle=released_verified_stop range=null bearing=null rss=16.007545
         1788690278.599  4644  4675 I AebsFrameSubscriber: onMessagesAvailable callback
         1788690278.600  4644  4675 I AebsFrameSubscriber: readNextMessages count=1
         1788690278.600  4644  4675 I MainActivity: onGatewayFrame: frame seq=2358 egoSpeed=6.9522524 pts=0 intervention=false warning=false braking=true lifecycle=released_verified_stop range=null bearing=null rss=16.007545
         1788690278.699  4644  4675 I AebsFrameSubscriber: onMessagesAvailable callback
         1788690278.700  4644  4675 I AebsFrameSubscriber: readNextMessages count=1
         1788690278.700  4644  4675 I MainActivity: onGatewayFrame: frame seq=2359 egoSpeed=6.9522524 pts=0 intervention=false warning=false braking=true lifecycle=released_verified_stop range=null bearing=null rss=16.007545
         1788690278.799  4644  4675 I AebsFrameSubscriber: onMessagesAvailable callback
         1788690278.799  4644  4675 I AebsFrameSubscriber: readNextMessages count=1
         1788690278.800  4644  4675 I MainActivity: onGatewayFrame: frame seq=2360 egoSpeed=6.9522524 pts=0 intervention=false warning=false braking=true lifecycle=released_verified_stop range=null bearing=null rss=16.007545
         1788690278.899  4644  4675 I AebsFrameSubscriber: onMessagesAvailable callback
         1788690278.899  4644  4675 I AebsFrameSubscriber: readNextMessages count=1
         1788690278.900  4644  4675 I MainActivity: onGatewayFrame: frame seq=2361 egoSpeed=6.9522524 pts=0 intervention=false warning=false braking=true lifecycle=released_verified_stop range=null bearing=null rss=16.007545
         1788690278.999  4644  4675 I AebsFrameSubscriber: onMessagesAvailable callback
         1788690279.000  4644  4675 I AebsFrameSubscriber: readNextMessages count=1
         1788690279.000  4644  4675 I MainActivity: onGatewayFrame: frame seq=2362 egoSpeed=6.9522524 pts=0 intervention=false warning=false braking=true lifecycle=released_verified_stop range=null bearing=null rss=16.007545
         1788690279.099  4644  4675 I AebsFrameSubscriber: onMessagesAvailable callback
         1788690279.099  4644  4675 I AebsFrameSubscriber: readNextMessages count=1
         1788690279.100  4644  4675 I MainActivity: onGatewayFrame: frame seq=2363 egoSpeed=6.9522524 pts=0 intervention=false warning=false braking=true lifecycle=released_verified_stop range=null bearing=null rss=16.007545
         1788690279.199  4644  4675 I AebsFrameSubscriber: onMessagesAvailable callback
         1788690279.199  4644  4675 I AebsFrameSubscriber: readNextMessages count=1
         1788690279.200  4644  4675 I MainActivity: onGatewayFrame: frame seq=2364 egoSpeed=6.9522524 pts=0 intervention=false warning=false braking=true lifecycle=released_verified_stop range=null bearing=null rss=16.007545
         1788690279.299  4644  4675 I AebsFrameSubscriber: onMessagesAvailable callback
         1788690279.299  4644  4675 I AebsFrameSubscriber: readNextMessages count=1
         1788690279.300  4644  4675 I MainActivity: onGatewayFrame: frame seq=2365 egoSpeed=6.9522524 pts=0 intervention=false warning=false braking=true lifecycle=released_verified_stop range=null bearing=null rss=16.007545
         1788690279.399  4644  4675 I AebsFrameSubscriber: onMessagesAvailable callback
         1788690279.399  4644  4675 I AebsFrameSubscriber: readNextMessages count=1
         1788690279.400  4644  4675 I MainActivity: onGatewayFrame: frame seq=2366 egoSpeed=6.9522524 pts=0 intervention=false warning=false braking=true lifecycle=released_verified_stop range=null bearing=null rss=16.007545
         1788690279.499  4644  4675 I AebsFrameSubscriber: onMessagesAvailable callback
         1788690279.500  4644  4675 I AebsFrameSubscriber: readNextMessages count=1
         1788690279.500  4644  4675 I MainActivity: onGatewayFrame: frame seq=2367 egoSpeed=6.9522524 pts=0 intervention=false warning=false braking=true lifecycle=released_verified_stop range=null bearing=null rss=16.007545
         1788690279.599  4644  4675 I AebsFrameSubscriber: onMessagesAvailable callback
         1788690279.599  4644  4675 I AebsFrameSubscriber: readNextMessages count=1
         1788690279.600  4644  4675 I MainActivity: onGatewayFrame: frame seq=2368 egoSpeed=6.9522524 pts=0 intervention=false warning=false braking=true lifecycle=released_verified_stop range=null bearing=null rss=16.007545
         1788690279.699  4644  4675 I AebsFrameSubscriber: onMessagesAvailable callback
         1788690279.700  4644  4675 I AebsFrameSubscriber: readNextMessages count=1
         1788690279.700  4644  4675 I MainActivity: onGatewayFrame: frame seq=2369 egoSpeed=6.9522524 pts=0 intervention=false warning=false braking=true lifecycle=released_verified_stop range=null bearing=null rss=16.007545
         1788690279.799  4644  4675 I AebsFrameSubscriber: onMessagesAvailable callback
         1788690279.799  4644  4675 I AebsFrameSubscriber: readNextMessages count=1
         1788690279.799  4644  4675 I MainActivity: onGatewayFrame: frame seq=2370 egoSpeed=6.9522524 pts=0 intervention=false warning=false braking=true lifecycle=released_verified_stop range=null bearing=null rss=16.007545
         1788690279.899  4644  4675 I AebsFrameSubscriber: onMessagesAvailable callback
         1788690279.899  4644  4675 I AebsFrameSubscriber: readNextMessages count=1
         1788690279.899  4644  4675 I MainActivity: onGatewayFrame: frame seq=2371 egoSpeed=6.9522524 pts=0 intervention=false warning=false braking=true lifecycle=released_verified_stop range=null bearing=null rss=16.007545
         1788690279.999  4644  4675 I AebsFrameSubscriber: onMessagesAvailable callback
         1788690279.999  4644  4675 I AebsFrameSubscriber: readNextMessages count=1
         1788690279.999  4644  4675 I MainActivity: onGatewayFrame: frame seq=2372 egoSpeed=6.9522524 pts=0 intervention=false warning=false braking=true lifecycle=released_verified_stop range=null bearing=null rss=16.007545
         1788690280.211  4644  4675 I AebsFrameSubscriber: readNextMessages count=2
         1788690280.211  4644  4675 I MainActivity: onGatewayFrame: frame seq=2373 egoSpeed=6.9522524 pts=0 intervention=false warning=false braking=true lifecycle=released_verified_stop range=null bearing=null rss=16.007545
         1788690280.211  4644  4675 I MainActivity: onGatewayFrame: frame seq=2374 egoSpeed=6.9522524 pts=0 intervention=false warning=false braking=true lifecycle=released_verified_stop range=null bearing=null rss=16.007545
         1788690280.211  4644  4675 I AebsFrameSubscriber: onMessagesAvailable callback
         1788690280.211  4644  4675 I AebsFrameSubscriber: onMessagesAvailable callback
         1788690280.299  4644  4675 I AebsFrameSubscriber: onMessagesAvailable callback
         1788690280.299  4644  4675 I AebsFrameSubscriber: readNextMessages count=1
         1788690280.300  4644  4675 I MainActivity: onGatewayFrame: frame seq=2375 egoSpeed=6.9522524 pts=0 intervention=false warning=false braking=true lifecycle=released_verified_stop range=null bearing=null rss=16.007545
         1788690280.399  4644  4675 I AebsFrameSubscriber: onMessagesAvailable callback
         1788690280.400  4644  4675 I AebsFrameSubscriber: readNextMessages count=1
         1788690280.400  4644  4675 I MainActivity: onGatewayFrame: frame seq=2376 egoSpeed=6.9522524 pts=0 intervention=false warning=false braking=true lifecycle=released_verified_stop range=null bearing=null rss=16.007545
         1788690280.499  4644  4675 I AebsFrameSubscriber: onMessagesAvailable callback
         1788690280.499  4644  4675 I AebsFrameSubscriber: readNextMessages count=1
         1788690280.500  4644  4675 I MainActivity: onGatewayFrame: frame seq=2377 egoSpeed=6.9522524 pts=0 intervention=false warning=false braking=true lifecycle=released_verified_stop range=null bearing=null rss=16.007545
         1788690280.599  4644  4675 I AebsFrameSubscriber: onMessagesAvailable callback
         1788690280.599  4644  4675 I AebsFrameSubscriber: readNextMessages count=1
         1788690280.600  4644  4675 I MainActivity: onGatewayFrame: frame seq=2378 egoSpeed=6.9522524 pts=0 intervention=false warning=false braking=true lifecycle=released_verified_stop range=null bearing=null rss=16.007545
         1788690280.699  4644  4675 I AebsFrameSubscriber: onMessagesAvailable callback
         1788690280.699  4644  4675 I AebsFrameSubscriber: readNextMessages count=1
         1788690280.700  4644  4675 I MainActivity: onGatewayFrame: frame seq=2379 egoSpeed=6.9522524 pts=0 intervention=false warning=false braking=true lifecycle=released_verified_stop range=null bearing=null rss=16.007545
         1788690280.799  4644  4675 I AebsFrameSubscriber: onMessagesAvailable callback
         1788690280.799  4644  4675 I AebsFrameSubscriber: readNextMessages count=1
         1788690280.800  4644  4675 I MainActivity: onGatewayFrame: frame seq=2380 egoSpeed=6.9522524 pts=0 intervention=false warning=false braking=true lifecycle=released_verified_stop range=null bearing=null rss=16.007545
         1788690280.899  4644  4675 I AebsFrameSubscriber: onMessagesAvailable callback
         1788690280.899  4644  4675 I AebsFrameSubscriber: readNextMessages count=1
         1788690280.900  4644  4675 I MainActivity: onGatewayFrame: frame seq=2381 egoSpeed=6.9522524 pts=0 intervention=false warning=false braking=true lifecycle=released_verified_stop range=null bearing=null rss=16.007545
         1788690280.999  4644  4675 I AebsFrameSubscriber: onMessagesAvailable callback
         1788690280.999  4644  4675 I AebsFrameSubscriber: readNextMessages count=1
         1788690280.999  4644  4675 I MainActivity: onGatewayFrame: frame seq=2382 egoSpeed=6.9522524 pts=0 intervention=false warning=false braking=true lifecycle=released_verified_stop range=null bearing=null rss=16.007545
         1788690281.099  4644  4675 I AebsFrameSubscriber: onMessagesAvailable callback
         1788690281.099  4644  4675 I AebsFrameSubscriber: readNextMessages count=1
         1788690281.100  4644  4675 I MainActivity: onGatewayFrame: frame seq=2383 egoSpeed=6.9522524 pts=0 intervention=false warning=false braking=true lifecycle=released_verified_stop range=null bearing=null rss=16.007545
         1788690281.199  4644  4675 I AebsFrameSubscriber: onMessagesAvailable callback
         1788690281.199  4644  4675 I AebsFrameSubscriber: readNextMessages count=1
         1788690281.199  4644  4675 I MainActivity: onGatewayFrame: frame seq=2384 egoSpeed=6.9522524 pts=0 intervention=false warning=false braking=true lifecycle=released_verified_stop range=null bearing=null rss=16.007545
         1788690281.299  4644  4675 I AebsFrameSubscriber: onMessagesAvailable callback
         1788690281.299  4644  4675 I AebsFrameSubscriber: readNextMessages count=1
         1788690281.299  4644  4675 I MainActivity: onGatewayFrame: frame seq=2385 egoSpeed=6.9522524 pts=0 intervention=false warning=false braking=true lifecycle=released_verified_stop range=null bearing=null rss=16.007545
         1788690281.399  4644  4675 I AebsFrameSubscriber: onMessagesAvailable callback
         1788690281.399  4644  4675 I AebsFrameSubscriber: readNextMessages count=1
         1788690281.399  4644  4675 I MainActivity: onGatewayFrame: frame seq=2386 egoSpeed=6.9522524 pts=0 intervention=false warning=false braking=true lifecycle=released_verified_stop range=null bearing=null rss=16.007545
         1788690281.499  4644  4675 I AebsFrameSubscriber: onMessagesAvailable callback
         1788690281.500  4644  4675 I AebsFrameSubscriber: readNextMessages count=1
         1788690281.500  4644  4675 I MainActivity: onGatewayFrame: frame seq=2387 egoSpeed=6.9522524 pts=0 intervention=false warning=false braking=true lifecycle=released_verified_stop range=null bearing=null rss=16.007545
         1788690281.599  4644  4675 I AebsFrameSubscriber: onMessagesAvailable callback
         1788690281.599  4644  4675 I AebsFrameSubscriber: readNextMessages count=1
         1788690281.599  4644  4675 I MainActivity: onGatewayFrame: frame seq=2388 egoSpeed=6.9522524 pts=0 intervention=false warning=false braking=true lifecycle=released_verified_stop range=null bearing=null rss=16.007545
         1788690281.699  4644  4675 I AebsFrameSubscriber: onMessagesAvailable callback
         1788690281.699  4644  4675 I AebsFrameSubscriber: readNextMessages count=1
         1788690281.699  4644  4675 I MainActivity: onGatewayFrame: frame seq=2389 egoSpeed=6.9522524 pts=0 intervention=false warning=false braking=true lifecycle=released_verified_stop range=null bearing=null rss=16.007545
         1788690281.800  4644  4675 I AebsFrameSubscriber: onMessagesAvailable callback
         1788690281.800  4644  4675 I AebsFrameSubscriber: readNextMessages count=1
         1788690281.800  4644  4675 I MainActivity: onGatewayFrame: frame seq=2390 egoSpeed=6.9522524 pts=0 intervention=false warning=false braking=true lifecycle=released_verified_stop range=null bearing=null rss=16.007545
         1788690281.899  4644  4675 I AebsFrameSubscriber: onMessagesAvailable callback
         1788690281.899  4644  4675 I AebsFrameSubscriber: readNextMessages count=1
         1788690281.899  4644  4675 I MainActivity: onGatewayFrame: frame seq=2391 egoSpeed=6.9522524 pts=0 intervention=false warning=false braking=true lifecycle=released_verified_stop range=null bearing=null rss=16.007545
