--------- beginning of main
         1788711689.722  3511  3583 I AebsFrameSubscriber: initComms ok
         1788711689.743  3511  3583 I AebsFrameSubscriber: subscribed to topic=aebs-visualization-frame
         1788711689.743  3511  3583 I AebsFrameSubscriber: message poller started period_ms=100
         1788711689.743  3511  3583 I MainActivity: Gateway subscription active
         1788711705.171  4040  4073 I AebsFrameSubscriber: initComms ok
         1788711705.197  4040  4073 I AebsFrameSubscriber: subscribed to topic=aebs-visualization-frame
         1788711705.197  4040  4073 I AebsFrameSubscriber: message poller started period_ms=100
         1788711705.198  4040  4073 I MainActivity: Gateway subscription active
         1788711831.312  4040  4073 I AebsFrameSubscriber: onMessagesAvailable callback
         1788711831.344  4040  4073 I AebsFrameSubscriber: readNextMessages count=1
         1788711831.344  4040  4073 I MainActivity: onGatewayFrame: frame seq=1062 egoSpeed=6.5627213 pts=0 intervention=false warning=false braking=false lifecycle=armed range=null bearing=null rss=null
         1788711831.412  4040  4073 I AebsFrameSubscriber: onMessagesAvailable callback
         1788711831.412  4040  4073 I AebsFrameSubscriber: readNextMessages count=1
         1788711831.413  4040  4073 I MainActivity: onGatewayFrame: frame seq=1063 egoSpeed=6.5627213 pts=0 intervention=false warning=false braking=false lifecycle=armed range=null bearing=null rss=null
         1788711831.512  4040  4073 I AebsFrameSubscriber: onMessagesAvailable callback
         1788711831.513  4040  4073 I AebsFrameSubscriber: readNextMessages count=1
         1788711831.513  4040  4073 I MainActivity: onGatewayFrame: frame seq=1064 egoSpeed=6.5627213 pts=0 intervention=false warning=false braking=false lifecycle=armed range=null bearing=null rss=null
         1788711831.612  4040  4073 I AebsFrameSubscriber: onMessagesAvailable callback
         1788711831.612  4040  4073 I AebsFrameSubscriber: readNextMessages count=1
         1788711831.613  4040  4073 I MainActivity: onGatewayFrame: frame seq=1065 egoSpeed=6.5627213 pts=0 intervention=false warning=false braking=false lifecycle=armed range=null bearing=null rss=null
         1788711831.712  4040  4073 I AebsFrameSubscriber: onMessagesAvailable callback
         1788711831.712  4040  4073 I AebsFrameSubscriber: readNextMessages count=1
         1788711831.712  4040  4073 I MainActivity: onGatewayFrame: frame seq=1066 egoSpeed=6.5627213 pts=0 intervention=false warning=false braking=false lifecycle=armed range=null bearing=null rss=null
         1788711831.812  4040  4073 I AebsFrameSubscriber: onMessagesAvailable callback
         1788711831.812  4040  4073 I AebsFrameSubscriber: readNextMessages count=1
         1788711831.812  4040  4073 I MainActivity: onGatewayFrame: frame seq=1067 egoSpeed=6.5627213 pts=0 intervention=false warning=false braking=false lifecycle=armed range=null bearing=null rss=null
         1788711831.912  4040  4073 I AebsFrameSubscriber: onMessagesAvailable callback
         1788711831.913  4040  4073 I AebsFrameSubscriber: readNextMessages count=1
         1788711831.913  4040  4073 I MainActivity: onGatewayFrame: frame seq=1068 egoSpeed=6.5627213 pts=0 intervention=false warning=false braking=false lifecycle=armed range=null bearing=null rss=null
         1788711832.012  4040  4073 I AebsFrameSubscriber: onMessagesAvailable callback
         1788711832.013  4040  4073 I AebsFrameSubscriber: readNextMessages count=1
         1788711832.013  4040  4073 I MainActivity: onGatewayFrame: frame seq=1069 egoSpeed=6.5627213 pts=0 intervention=false warning=false braking=false lifecycle=armed range=null bearing=null rss=null
         1788711832.112  4040  4073 I AebsFrameSubscriber: onMessagesAvailable callback
         1788711832.112  4040  4073 I AebsFrameSubscriber: readNextMessages count=1
         1788711832.113  4040  4073 I MainActivity: onGatewayFrame: frame seq=1070 egoSpeed=6.5627213 pts=0 intervention=false warning=false braking=false lifecycle=armed range=null bearing=null rss=null
         1788711832.212  4040  4073 I AebsFrameSubscriber: onMessagesAvailable callback
         1788711832.212  4040  4073 I AebsFrameSubscriber: readNextMessages count=1
         1788711832.213  4040  4073 I MainActivity: onGatewayFrame: frame seq=1071 egoSpeed=6.5627213 pts=0 intervention=false warning=false braking=false lifecycle=armed range=null bearing=null rss=null
         1788711832.312  4040  4073 I AebsFrameSubscriber: onMessagesAvailable callback
         1788711832.312  4040  4073 I AebsFrameSubscriber: readNextMessages count=1
         1788711832.313  4040  4073 I MainActivity: onGatewayFrame: frame seq=1072 egoSpeed=6.5627213 pts=0 intervention=false warning=false braking=false lifecycle=armed range=null bearing=null rss=null
         1788711832.412  4040  4073 I AebsFrameSubscriber: onMessagesAvailable callback
         1788711832.412  4040  4073 I AebsFrameSubscriber: readNextMessages count=1
         1788711832.412  4040  4073 I MainActivity: onGatewayFrame: frame seq=1073 egoSpeed=6.5627213 pts=0 intervention=false warning=false braking=false lifecycle=armed range=null bearing=null rss=null
         1788711832.512  4040  4073 I AebsFrameSubscriber: onMessagesAvailable callback
         1788711832.512  4040  4073 I AebsFrameSubscriber: readNextMessages count=1
         1788711832.513  4040  4073 I MainActivity: onGatewayFrame: frame seq=1074 egoSpeed=6.5627213 pts=0 intervention=false warning=false braking=false lifecycle=armed range=null bearing=null rss=null
         1788711832.612  4040  4073 I AebsFrameSubscriber: onMessagesAvailable callback
         1788711832.612  4040  4073 I AebsFrameSubscriber: readNextMessages count=1
         1788711832.613  4040  4073 I MainActivity: onGatewayFrame: frame seq=1075 egoSpeed=6.5627213 pts=0 intervention=false warning=false braking=false lifecycle=armed range=null bearing=null rss=null
         1788711832.712  4040  4073 I AebsFrameSubscriber: onMessagesAvailable callback
         1788711832.712  4040  4073 I AebsFrameSubscriber: readNextMessages count=1
         1788711832.713  4040  4073 I MainActivity: onGatewayFrame: frame seq=1076 egoSpeed=6.5627213 pts=0 intervention=false warning=false braking=false lifecycle=armed range=null bearing=null rss=null
         1788711832.812  4040  4073 I AebsFrameSubscriber: onMessagesAvailable callback
         1788711832.812  4040  4073 I AebsFrameSubscriber: readNextMessages count=1
         1788711832.813  4040  4073 I MainActivity: onGatewayFrame: frame seq=1077 egoSpeed=6.5627213 pts=0 intervention=false warning=false braking=false lifecycle=armed range=null bearing=null rss=null
         1788711832.912  4040  4073 I AebsFrameSubscriber: onMessagesAvailable callback
         1788711832.912  4040  4073 I AebsFrameSubscriber: readNextMessages count=1
         1788711832.913  4040  4073 I MainActivity: onGatewayFrame: frame seq=1078 egoSpeed=6.5627213 pts=0 intervention=false warning=false braking=false lifecycle=armed range=null bearing=null rss=null
         1788711833.012  4040  4073 I AebsFrameSubscriber: onMessagesAvailable callback
         1788711833.012  4040  4073 I AebsFrameSubscriber: readNextMessages count=1
         1788711833.013  4040  4073 I MainActivity: onGatewayFrame: frame seq=1079 egoSpeed=6.5627213 pts=0 intervention=false warning=false braking=false lifecycle=armed range=null bearing=null rss=null
         1788711833.112  4040  4073 I AebsFrameSubscriber: onMessagesAvailable callback
         1788711833.112  4040  4073 I AebsFrameSubscriber: readNextMessages count=1
         1788711833.113  4040  4073 I MainActivity: onGatewayFrame: frame seq=1080 egoSpeed=6.5627213 pts=0 intervention=false warning=false braking=false lifecycle=armed range=null bearing=null rss=null
         1788711833.212  4040  4073 I AebsFrameSubscriber: onMessagesAvailable callback
         1788711833.212  4040  4073 I AebsFrameSubscriber: readNextMessages count=1
         1788711833.212  4040  4073 I MainActivity: onGatewayFrame: frame seq=1081 egoSpeed=6.5627213 pts=0 intervention=false warning=false braking=false lifecycle=armed range=null bearing=null rss=null
         1788711833.312  4040  4073 I AebsFrameSubscriber: onMessagesAvailable callback
         1788711833.312  4040  4073 I AebsFrameSubscriber: readNextMessages count=1
         1788711833.312  4040  4073 I MainActivity: onGatewayFrame: frame seq=1082 egoSpeed=6.5627213 pts=0 intervention=false warning=false braking=false lifecycle=armed range=null bearing=null rss=null
         1788711833.412  4040  4073 I AebsFrameSubscriber: onMessagesAvailable callback
         1788711833.412  4040  4073 I AebsFrameSubscriber: readNextMessages count=1
         1788711833.412  4040  4073 I MainActivity: onGatewayFrame: frame seq=1083 egoSpeed=6.5627213 pts=0 intervention=false warning=false braking=false lifecycle=armed range=null bearing=null rss=null
         1788711833.512  4040  4073 I AebsFrameSubscriber: onMessagesAvailable callback
         1788711833.512  4040  4073 I AebsFrameSubscriber: readNextMessages count=1
         1788711833.513  4040  4073 I MainActivity: onGatewayFrame: frame seq=1084 egoSpeed=6.5627213 pts=0 intervention=false warning=false braking=false lifecycle=armed range=null bearing=null rss=null
         1788711833.612  4040  4073 I AebsFrameSubscriber: onMessagesAvailable callback
         1788711833.613  4040  4073 I AebsFrameSubscriber: readNextMessages count=1
         1788711833.613  4040  4073 I MainActivity: onGatewayFrame: frame seq=1085 egoSpeed=6.5627213 pts=0 intervention=false warning=false braking=false lifecycle=armed range=null bearing=null rss=null
         1788711833.712  4040  4073 I AebsFrameSubscriber: onMessagesAvailable callback
         1788711833.712  4040  4073 I AebsFrameSubscriber: readNextMessages count=1
         1788711833.713  4040  4073 I MainActivity: onGatewayFrame: frame seq=1086 egoSpeed=6.5627213 pts=0 intervention=false warning=false braking=false lifecycle=armed range=null bearing=null rss=null
         1788711833.812  4040  4073 I AebsFrameSubscriber: onMessagesAvailable callback
         1788711833.813  4040  4073 I AebsFrameSubscriber: readNextMessages count=1
         1788711833.813  4040  4073 I MainActivity: onGatewayFrame: frame seq=1087 egoSpeed=6.5627213 pts=0 intervention=false warning=false braking=false lifecycle=armed range=null bearing=null rss=null
         1788711833.912  4040  4073 I AebsFrameSubscriber: onMessagesAvailable callback
         1788711833.912  4040  4073 I AebsFrameSubscriber: readNextMessages count=1
         1788711833.913  4040  4073 I MainActivity: onGatewayFrame: frame seq=1088 egoSpeed=6.5627213 pts=0 intervention=false warning=false braking=false lifecycle=armed range=null bearing=null rss=null
         1788711834.012  4040  4073 I AebsFrameSubscriber: onMessagesAvailable callback
         1788711834.012  4040  4073 I AebsFrameSubscriber: readNextMessages count=1
         1788711834.013  4040  4073 I MainActivity: onGatewayFrame: frame seq=1089 egoSpeed=6.5627213 pts=0 intervention=false warning=false braking=false lifecycle=armed range=null bearing=null rss=null
         1788711834.112  4040  4073 I AebsFrameSubscriber: onMessagesAvailable callback
         1788711834.112  4040  4073 I AebsFrameSubscriber: readNextMessages count=1
         1788711834.112  4040  4073 I MainActivity: onGatewayFrame: frame seq=1090 egoSpeed=6.5627213 pts=0 intervention=false warning=false braking=false lifecycle=armed range=null bearing=null rss=null
         1788711834.212  4040  4073 I AebsFrameSubscriber: onMessagesAvailable callback
         1788711834.212  4040  4073 I AebsFrameSubscriber: readNextMessages count=1
         1788711834.212  4040  4073 I MainActivity: onGatewayFrame: frame seq=1091 egoSpeed=6.5627213 pts=0 intervention=false warning=false braking=false lifecycle=armed range=null bearing=null rss=null
         1788711834.312  4040  4073 I AebsFrameSubscriber: onMessagesAvailable callback
         1788711834.312  4040  4073 I AebsFrameSubscriber: readNextMessages count=1
         1788711834.312  4040  4073 I MainActivity: onGatewayFrame: frame seq=1092 egoSpeed=6.5627213 pts=0 intervention=false warning=false braking=false lifecycle=armed range=null bearing=null rss=null
         1788711834.412  4040  4073 I AebsFrameSubscriber: onMessagesAvailable callback
         1788711834.412  4040  4073 I AebsFrameSubscriber: readNextMessages count=1
         1788711834.412  4040  4073 I MainActivity: onGatewayFrame: frame seq=1093 egoSpeed=6.5627213 pts=0 intervention=false warning=false braking=false lifecycle=armed range=null bearing=null rss=null
         1788711834.512  4040  4073 I AebsFrameSubscriber: onMessagesAvailable callback
         1788711834.512  4040  4073 I AebsFrameSubscriber: readNextMessages count=1
         1788711834.512  4040  4073 I MainActivity: onGatewayFrame: frame seq=1094 egoSpeed=6.5627213 pts=0 intervention=false warning=false braking=false lifecycle=armed range=null bearing=null rss=null
         1788711834.612  4040  4073 I AebsFrameSubscriber: onMessagesAvailable callback
         1788711834.612  4040  4073 I AebsFrameSubscriber: readNextMessages count=1
         1788711834.612  4040  4073 I MainActivity: onGatewayFrame: frame seq=1095 egoSpeed=6.5627213 pts=0 intervention=false warning=false braking=false lifecycle=armed range=null bearing=null rss=null
         1788711834.712  4040  4073 I AebsFrameSubscriber: onMessagesAvailable callback
         1788711834.712  4040  4073 I AebsFrameSubscriber: readNextMessages count=1
         1788711834.712  4040  4073 I MainActivity: onGatewayFrame: frame seq=1096 egoSpeed=6.5627213 pts=0 intervention=false warning=false braking=false lifecycle=armed range=null bearing=null rss=null
         1788711834.812  4040  4073 I AebsFrameSubscriber: onMessagesAvailable callback
         1788711834.812  4040  4073 I AebsFrameSubscriber: readNextMessages count=1
         1788711834.813  4040  4073 I MainActivity: onGatewayFrame: frame seq=1097 egoSpeed=6.5627213 pts=0 intervention=false warning=false braking=false lifecycle=armed range=null bearing=null rss=null
         1788711834.912  4040  4073 I AebsFrameSubscriber: onMessagesAvailable callback
         1788711834.912  4040  4073 I AebsFrameSubscriber: readNextMessages count=1
         1788711834.912  4040  4073 I MainActivity: onGatewayFrame: frame seq=1098 egoSpeed=6.5627213 pts=0 intervention=false warning=false braking=false lifecycle=armed range=null bearing=null rss=null
         1788711835.012  4040  4073 I AebsFrameSubscriber: onMessagesAvailable callback
         1788711835.012  4040  4073 I AebsFrameSubscriber: readNextMessages count=1
         1788711835.012  4040  4073 I MainActivity: onGatewayFrame: frame seq=1099 egoSpeed=6.5627213 pts=0 intervention=false warning=false braking=false lifecycle=armed range=null bearing=null rss=null
         1788711835.112  4040  4073 I AebsFrameSubscriber: onMessagesAvailable callback
         1788711835.113  4040  4073 I AebsFrameSubscriber: readNextMessages count=1
         1788711835.113  4040  4073 I MainActivity: onGatewayFrame: frame seq=1100 egoSpeed=6.5627213 pts=0 intervention=false warning=false braking=false lifecycle=armed range=null bearing=null rss=null
         1788711835.325  4040  4073 I AebsFrameSubscriber: readNextMessages count=2
         1788711835.325  4040  4073 I MainActivity: onGatewayFrame: frame seq=1101 egoSpeed=6.5627213 pts=0 intervention=false warning=false braking=false lifecycle=armed range=null bearing=null rss=null
         1788711835.325  4040  4073 I MainActivity: onGatewayFrame: frame seq=1102 egoSpeed=6.5627213 pts=0 intervention=false warning=false braking=false lifecycle=armed range=null bearing=null rss=null
         1788711835.325  4040  4073 I AebsFrameSubscriber: onMessagesAvailable callback
         1788711835.325  4040  4073 I AebsFrameSubscriber: onMessagesAvailable callback
         1788711835.412  4040  4073 I AebsFrameSubscriber: onMessagesAvailable callback
         1788711835.412  4040  4073 I AebsFrameSubscriber: readNextMessages count=1
         1788711835.412  4040  4073 I MainActivity: onGatewayFrame: frame seq=1103 egoSpeed=6.5627213 pts=0 intervention=false warning=false braking=false lifecycle=armed range=null bearing=null rss=null
         1788711835.512  4040  4073 I AebsFrameSubscriber: onMessagesAvailable callback
         1788711835.512  4040  4073 I AebsFrameSubscriber: readNextMessages count=1
         1788711835.512  4040  4073 I MainActivity: onGatewayFrame: frame seq=1104 egoSpeed=6.5627213 pts=0 intervention=false warning=false braking=false lifecycle=armed range=null bearing=null rss=null
         1788711835.612  4040  4073 I AebsFrameSubscriber: onMessagesAvailable callback
         1788711835.612  4040  4073 I AebsFrameSubscriber: readNextMessages count=1
         1788711835.612  4040  4073 I MainActivity: onGatewayFrame: frame seq=1105 egoSpeed=6.5627213 pts=0 intervention=false warning=false braking=false lifecycle=armed range=null bearing=null rss=null
         1788711835.711  4040  4073 I AebsFrameSubscriber: onMessagesAvailable callback
         1788711835.712  4040  4073 I AebsFrameSubscriber: readNextMessages count=1
         1788711835.712  4040  4073 I MainActivity: onGatewayFrame: frame seq=1106 egoSpeed=6.5627213 pts=0 intervention=false warning=false braking=false lifecycle=armed range=null bearing=null rss=null
         1788711835.812  4040  4073 I AebsFrameSubscriber: onMessagesAvailable callback
         1788711835.812  4040  4073 I AebsFrameSubscriber: readNextMessages count=1
         1788711835.812  4040  4073 I MainActivity: onGatewayFrame: frame seq=1107 egoSpeed=6.5627213 pts=0 intervention=false warning=false braking=false lifecycle=armed range=null bearing=null rss=null
         1788711835.912  4040  4073 I AebsFrameSubscriber: onMessagesAvailable callback
         1788711835.912  4040  4073 I AebsFrameSubscriber: readNextMessages count=1
         1788711835.912  4040  4073 I MainActivity: onGatewayFrame: frame seq=1108 egoSpeed=6.5627213 pts=0 intervention=false warning=false braking=false lifecycle=armed range=null bearing=null rss=null
         1788711836.012  4040  4073 I AebsFrameSubscriber: onMessagesAvailable callback
         1788711836.012  4040  4073 I AebsFrameSubscriber: readNextMessages count=1
         1788711836.012  4040  4073 I MainActivity: onGatewayFrame: frame seq=1109 egoSpeed=6.5627213 pts=0 intervention=false warning=false braking=false lifecycle=armed range=null bearing=null rss=null
         1788711836.111  4040  4073 I AebsFrameSubscriber: onMessagesAvailable callback
         1788711836.112  4040  4073 I AebsFrameSubscriber: readNextMessages count=1
         1788711836.112  4040  4073 I MainActivity: onGatewayFrame: frame seq=1110 egoSpeed=6.5627213 pts=0 intervention=false warning=false braking=false lifecycle=armed range=null bearing=null rss=null
         1788711836.211  4040  4073 I AebsFrameSubscriber: onMessagesAvailable callback
         1788711836.212  4040  4073 I AebsFrameSubscriber: readNextMessages count=1
         1788711836.212  4040  4073 I MainActivity: onGatewayFrame: frame seq=1111 egoSpeed=6.5627213 pts=0 intervention=false warning=false braking=false lifecycle=armed range=null bearing=null rss=null
         1788711836.312  4040  4073 I AebsFrameSubscriber: onMessagesAvailable callback
         1788711836.312  4040  4073 I AebsFrameSubscriber: readNextMessages count=1
         1788711836.312  4040  4073 I MainActivity: onGatewayFrame: frame seq=1112 egoSpeed=6.5627213 pts=0 intervention=false warning=false braking=false lifecycle=armed range=null bearing=null rss=null
         1788711836.411  4040  4073 I AebsFrameSubscriber: onMessagesAvailable callback
         1788711836.412  4040  4073 I AebsFrameSubscriber: readNextMessages count=1
         1788711836.412  4040  4073 I MainActivity: onGatewayFrame: frame seq=1113 egoSpeed=6.5627213 pts=0 intervention=false warning=false braking=false lifecycle=armed range=null bearing=null rss=null
         1788711836.511  4040  4073 I AebsFrameSubscriber: onMessagesAvailable callback
         1788711836.512  4040  4073 I AebsFrameSubscriber: readNextMessages count=1
         1788711836.512  4040  4073 I MainActivity: onGatewayFrame: frame seq=1114 egoSpeed=6.5627213 pts=0 intervention=false warning=false braking=false lifecycle=armed range=null bearing=null rss=null
         1788711836.612  4040  4073 I AebsFrameSubscriber: onMessagesAvailable callback
         1788711836.612  4040  4073 I AebsFrameSubscriber: readNextMessages count=1
         1788711836.612  4040  4073 I MainActivity: onGatewayFrame: frame seq=1115 egoSpeed=6.5627213 pts=0 intervention=false warning=false braking=false lifecycle=armed range=null bearing=null rss=null
         1788711836.712  4040  4073 I AebsFrameSubscriber: onMessagesAvailable callback
         1788711836.712  4040  4073 I AebsFrameSubscriber: readNextMessages count=1
         1788711836.712  4040  4073 I MainActivity: onGatewayFrame: frame seq=1116 egoSpeed=6.5627213 pts=0 intervention=false warning=false braking=false lifecycle=armed range=null bearing=null rss=null
         1788711836.811  4040  4073 I AebsFrameSubscriber: onMessagesAvailable callback
         1788711836.812  4040  4073 I AebsFrameSubscriber: readNextMessages count=1
         1788711836.812  4040  4073 I MainActivity: onGatewayFrame: frame seq=1117 egoSpeed=6.5627213 pts=0 intervention=false warning=false braking=false lifecycle=armed range=null bearing=null rss=null
         1788711836.911  4040  4073 I AebsFrameSubscriber: onMessagesAvailable callback
         1788711836.912  4040  4073 I AebsFrameSubscriber: readNextMessages count=1
         1788711836.912  4040  4073 I MainActivity: onGatewayFrame: frame seq=1118 egoSpeed=6.5627213 pts=0 intervention=false warning=false braking=false lifecycle=armed range=null bearing=null rss=null
         1788711837.011  4040  4073 I AebsFrameSubscriber: onMessagesAvailable callback
         1788711837.012  4040  4073 I AebsFrameSubscriber: readNextMessages count=1
         1788711837.012  4040  4073 I MainActivity: onGatewayFrame: frame seq=1119 egoSpeed=6.5627213 pts=0 intervention=false warning=false braking=false lifecycle=armed range=null bearing=null rss=null
         1788711837.111  4040  4073 I AebsFrameSubscriber: onMessagesAvailable callback
         1788711837.112  4040  4073 I AebsFrameSubscriber: readNextMessages count=1
         1788711837.112  4040  4073 I MainActivity: onGatewayFrame: frame seq=1120 egoSpeed=6.5627213 pts=0 intervention=false warning=false braking=false lifecycle=armed range=null bearing=null rss=null
         1788711837.211  4040  4073 I AebsFrameSubscriber: onMessagesAvailable callback
         1788711837.212  4040  4073 I AebsFrameSubscriber: readNextMessages count=1
         1788711837.212  4040  4073 I MainActivity: onGatewayFrame: frame seq=1121 egoSpeed=6.5627213 pts=0 intervention=false warning=false braking=false lifecycle=armed range=null bearing=null rss=null
         1788711837.311  4040  4073 I AebsFrameSubscriber: onMessagesAvailable callback
         1788711837.312  4040  4073 I AebsFrameSubscriber: readNextMessages count=1
         1788711837.312  4040  4073 I MainActivity: onGatewayFrame: frame seq=1122 egoSpeed=6.5627213 pts=0 intervention=false warning=false braking=false lifecycle=armed range=null bearing=null rss=null
         1788711837.412  4040  4073 I AebsFrameSubscriber: onMessagesAvailable callback
         1788711837.412  4040  4073 I AebsFrameSubscriber: readNextMessages count=1
         1788711837.412  4040  4073 I MainActivity: onGatewayFrame: frame seq=1123 egoSpeed=6.5627213 pts=0 intervention=false warning=false braking=false lifecycle=armed range=null bearing=null rss=null
         1788711837.512  4040  4073 I AebsFrameSubscriber: onMessagesAvailable callback
         1788711837.512  4040  4073 I AebsFrameSubscriber: readNextMessages count=1
         1788711837.512  4040  4073 I MainActivity: onGatewayFrame: frame seq=1124 egoSpeed=6.5627213 pts=0 intervention=false warning=false braking=false lifecycle=armed range=null bearing=null rss=null
         1788711837.611  4040  4073 I AebsFrameSubscriber: onMessagesAvailable callback
         1788711837.612  4040  4073 I AebsFrameSubscriber: readNextMessages count=1
         1788711837.612  4040  4073 I MainActivity: onGatewayFrame: frame seq=1125 egoSpeed=6.5627213 pts=0 intervention=false warning=false braking=false lifecycle=armed range=null bearing=null rss=null
         1788711837.711  4040  4073 I AebsFrameSubscriber: onMessagesAvailable callback
         1788711837.712  4040  4073 I AebsFrameSubscriber: readNextMessages count=1
         1788711837.712  4040  4073 I MainActivity: onGatewayFrame: frame seq=1126 egoSpeed=6.5627213 pts=0 intervention=false warning=false braking=false lifecycle=armed range=null bearing=null rss=null
         1788711837.811  4040  4073 I AebsFrameSubscriber: onMessagesAvailable callback
         1788711837.812  4040  4073 I AebsFrameSubscriber: readNextMessages count=1
         1788711837.812  4040  4073 I MainActivity: onGatewayFrame: frame seq=1127 egoSpeed=6.5627213 pts=0 intervention=false warning=false braking=false lifecycle=armed range=null bearing=null rss=null
         1788711837.912  4040  4073 I AebsFrameSubscriber: onMessagesAvailable callback
         1788711837.912  4040  4073 I AebsFrameSubscriber: readNextMessages count=1
         1788711837.912  4040  4073 I MainActivity: onGatewayFrame: frame seq=1128 egoSpeed=6.5627213 pts=0 intervention=false warning=false braking=false lifecycle=armed range=null bearing=null rss=null
         1788711838.011  4040  4073 I AebsFrameSubscriber: onMessagesAvailable callback
         1788711838.012  4040  4073 I AebsFrameSubscriber: readNextMessages count=1
         1788711838.012  4040  4073 I MainActivity: onGatewayFrame: frame seq=1129 egoSpeed=6.5627213 pts=0 intervention=false warning=false braking=false lifecycle=armed range=null bearing=null rss=null
         1788711838.111  4040  4073 I AebsFrameSubscriber: onMessagesAvailable callback
         1788711838.112  4040  4073 I AebsFrameSubscriber: readNextMessages count=1
         1788711838.112  4040  4073 I MainActivity: onGatewayFrame: frame seq=1130 egoSpeed=6.5627213 pts=0 intervention=false warning=false braking=false lifecycle=armed range=null bearing=null rss=null
         1788711838.211  4040  4073 I AebsFrameSubscriber: onMessagesAvailable callback
         1788711838.212  4040  4073 I AebsFrameSubscriber: readNextMessages count=1
         1788711838.212  4040  4073 I MainActivity: onGatewayFrame: frame seq=1131 egoSpeed=6.5627213 pts=0 intervention=false warning=false braking=false lifecycle=armed range=null bearing=null rss=null
         1788711838.311  4040  4073 I AebsFrameSubscriber: onMessagesAvailable callback
         1788711838.312  4040  4073 I AebsFrameSubscriber: readNextMessages count=1
         1788711838.312  4040  4073 I MainActivity: onGatewayFrame: frame seq=1132 egoSpeed=6.5627213 pts=0 intervention=false warning=false braking=false lifecycle=armed range=null bearing=null rss=null
         1788711838.411  4040  4073 I AebsFrameSubscriber: onMessagesAvailable callback
         1788711838.412  4040  4073 I AebsFrameSubscriber: readNextMessages count=1
         1788711838.412  4040  4073 I MainActivity: onGatewayFrame: frame seq=1133 egoSpeed=6.5627213 pts=0 intervention=false warning=false braking=false lifecycle=armed range=null bearing=null rss=null
         1788711838.511  4040  4073 I AebsFrameSubscriber: onMessagesAvailable callback
         1788711838.512  4040  4073 I AebsFrameSubscriber: readNextMessages count=1
         1788711838.512  4040  4073 I MainActivity: onGatewayFrame: frame seq=1134 egoSpeed=6.5627213 pts=0 intervention=false warning=false braking=false lifecycle=armed range=null bearing=null rss=null
         1788711838.611  4040  4073 I AebsFrameSubscriber: onMessagesAvailable callback
         1788711838.612  4040  4073 I AebsFrameSubscriber: readNextMessages count=1
         1788711838.612  4040  4073 I MainActivity: onGatewayFrame: frame seq=1135 egoSpeed=6.5627213 pts=0 intervention=false warning=false braking=false lifecycle=armed range=null bearing=null rss=null
         1788711838.711  4040  4073 I AebsFrameSubscriber: onMessagesAvailable callback
         1788711838.712  4040  4073 I AebsFrameSubscriber: readNextMessages count=1
         1788711838.712  4040  4073 I MainActivity: onGatewayFrame: frame seq=1136 egoSpeed=6.5627213 pts=0 intervention=false warning=false braking=false lifecycle=armed range=null bearing=null rss=null
         1788711838.811  4040  4073 I AebsFrameSubscriber: onMessagesAvailable callback
         1788711838.812  4040  4073 I AebsFrameSubscriber: readNextMessages count=1
         1788711838.812  4040  4073 I MainActivity: onGatewayFrame: frame seq=1137 egoSpeed=6.5627213 pts=0 intervention=false warning=false braking=false lifecycle=armed range=null bearing=null rss=null
         1788711838.911  4040  4073 I AebsFrameSubscriber: onMessagesAvailable callback
         1788711838.912  4040  4073 I AebsFrameSubscriber: readNextMessages count=1
         1788711838.912  4040  4073 I MainActivity: onGatewayFrame: frame seq=1138 egoSpeed=6.5627213 pts=0 intervention=false warning=false braking=false lifecycle=armed range=null bearing=null rss=null
         1788711839.011  4040  4073 I AebsFrameSubscriber: onMessagesAvailable callback
         1788711839.012  4040  4073 I AebsFrameSubscriber: readNextMessages count=1
         1788711839.012  4040  4073 I MainActivity: onGatewayFrame: frame seq=1139 egoSpeed=6.5627213 pts=0 intervention=false warning=false braking=false lifecycle=armed range=null bearing=null rss=null
         1788711839.111  4040  4073 I AebsFrameSubscriber: onMessagesAvailable callback
         1788711839.112  4040  4073 I AebsFrameSubscriber: readNextMessages count=1
         1788711839.112  4040  4073 I MainActivity: onGatewayFrame: frame seq=1140 egoSpeed=6.5627213 pts=0 intervention=false warning=false braking=false lifecycle=armed range=null bearing=null rss=null
         1788711839.211  4040  4073 I AebsFrameSubscriber: onMessagesAvailable callback
         1788711839.212  4040  4073 I AebsFrameSubscriber: readNextMessages count=1
         1788711839.212  4040  4073 I MainActivity: onGatewayFrame: frame seq=1141 egoSpeed=6.5627213 pts=0 intervention=false warning=false braking=false lifecycle=armed range=null bearing=null rss=null
         1788711839.311  4040  4073 I AebsFrameSubscriber: onMessagesAvailable callback
         1788711839.312  4040  4073 I AebsFrameSubscriber: readNextMessages count=1
         1788711839.312  4040  4073 I MainActivity: onGatewayFrame: frame seq=1142 egoSpeed=6.5627213 pts=0 intervention=false warning=false braking=false lifecycle=armed range=null bearing=null rss=null
         1788711839.411  4040  4073 I AebsFrameSubscriber: onMessagesAvailable callback
         1788711839.412  4040  4073 I AebsFrameSubscriber: readNextMessages count=1
         1788711839.412  4040  4073 I MainActivity: onGatewayFrame: frame seq=1143 egoSpeed=6.5627213 pts=0 intervention=false warning=false braking=false lifecycle=armed range=null bearing=null rss=null
         1788711839.511  4040  4073 I AebsFrameSubscriber: onMessagesAvailable callback
         1788711839.512  4040  4073 I AebsFrameSubscriber: readNextMessages count=1
         1788711839.512  4040  4073 I MainActivity: onGatewayFrame: frame seq=1144 egoSpeed=6.5627213 pts=0 intervention=false warning=false braking=false lifecycle=armed range=null bearing=null rss=null
         1788711839.732  4040  4073 I AebsFrameSubscriber: readNextMessages count=2
         1788711839.732  4040  4073 I MainActivity: onGatewayFrame: frame seq=1145 egoSpeed=6.5627213 pts=0 intervention=false warning=false braking=false lifecycle=armed range=null bearing=null rss=null
         1788711839.733  4040  4073 I MainActivity: onGatewayFrame: frame seq=1146 egoSpeed=6.5627213 pts=0 intervention=false warning=false braking=false lifecycle=armed range=null bearing=null rss=null
         1788711839.733  4040  4073 I AebsFrameSubscriber: onMessagesAvailable callback
         1788711839.733  4040  4073 I AebsFrameSubscriber: onMessagesAvailable callback
         1788711839.811  4040  4073 I AebsFrameSubscriber: onMessagesAvailable callback
         1788711839.812  4040  4073 I AebsFrameSubscriber: readNextMessages count=1
         1788711839.812  4040  4073 I MainActivity: onGatewayFrame: frame seq=1147 egoSpeed=6.5627213 pts=0 intervention=false warning=false braking=false lifecycle=armed range=null bearing=null rss=null
         1788711839.911  4040  4073 I AebsFrameSubscriber: onMessagesAvailable callback
         1788711839.912  4040  4073 I AebsFrameSubscriber: readNextMessages count=1
         1788711839.912  4040  4073 I MainActivity: onGatewayFrame: frame seq=1148 egoSpeed=6.5627213 pts=0 intervention=false warning=false braking=false lifecycle=armed range=null bearing=null rss=null
         1788711840.011  4040  4073 I AebsFrameSubscriber: onMessagesAvailable callback
         1788711840.012  4040  4073 I AebsFrameSubscriber: readNextMessages count=1
         1788711840.012  4040  4073 I MainActivity: onGatewayFrame: frame seq=1149 egoSpeed=6.5627213 pts=0 intervention=false warning=false braking=false lifecycle=armed range=null bearing=null rss=null
         1788711840.111  4040  4073 I AebsFrameSubscriber: onMessagesAvailable callback
         1788711840.112  4040  4073 I AebsFrameSubscriber: readNextMessages count=1
         1788711840.112  4040  4073 I MainActivity: onGatewayFrame: frame seq=1150 egoSpeed=6.5627213 pts=0 intervention=false warning=false braking=false lifecycle=armed range=null bearing=null rss=null
         1788711840.211  4040  4073 I AebsFrameSubscriber: onMessagesAvailable callback
         1788711840.212  4040  4073 I AebsFrameSubscriber: readNextMessages count=1
         1788711840.212  4040  4073 I MainActivity: onGatewayFrame: frame seq=1151 egoSpeed=6.5627213 pts=0 intervention=false warning=false braking=false lifecycle=armed range=null bearing=null rss=null
         1788711840.311  4040  4073 I AebsFrameSubscriber: onMessagesAvailable callback
         1788711840.312  4040  4073 I AebsFrameSubscriber: readNextMessages count=1
         1788711840.312  4040  4073 I MainActivity: onGatewayFrame: frame seq=1152 egoSpeed=6.5627213 pts=0 intervention=false warning=false braking=false lifecycle=armed range=null bearing=null rss=null
         1788711840.411  4040  4073 I AebsFrameSubscriber: onMessagesAvailable callback
         1788711840.412  4040  4073 I AebsFrameSubscriber: readNextMessages count=1
         1788711840.412  4040  4073 I MainActivity: onGatewayFrame: frame seq=1153 egoSpeed=6.5627213 pts=0 intervention=false warning=false braking=false lifecycle=armed range=null bearing=null rss=null
         1788711840.511  4040  4073 I AebsFrameSubscriber: onMessagesAvailable callback
         1788711840.512  4040  4073 I AebsFrameSubscriber: readNextMessages count=1
         1788711840.512  4040  4073 I MainActivity: onGatewayFrame: frame seq=1154 egoSpeed=6.5627213 pts=0 intervention=false warning=false braking=false lifecycle=armed range=null bearing=null rss=null
         1788711840.611  4040  4073 I AebsFrameSubscriber: onMessagesAvailable callback
         1788711840.611  4040  4073 I AebsFrameSubscriber: readNextMessages count=1
         1788711840.612  4040  4073 I MainActivity: onGatewayFrame: frame seq=1155 egoSpeed=6.5627213 pts=0 intervention=false warning=false braking=false lifecycle=armed range=null bearing=null rss=null
         1788711840.711  4040  4073 I AebsFrameSubscriber: onMessagesAvailable callback
         1788711840.712  4040  4073 I AebsFrameSubscriber: readNextMessages count=1
         1788711840.712  4040  4073 I MainActivity: onGatewayFrame: frame seq=1156 egoSpeed=6.5627213 pts=0 intervention=false warning=false braking=false lifecycle=armed range=null bearing=null rss=null
         1788711840.811  4040  4073 I AebsFrameSubscriber: onMessagesAvailable callback
         1788711840.812  4040  4073 I AebsFrameSubscriber: readNextMessages count=1
         1788711840.812  4040  4073 I MainActivity: onGatewayFrame: frame seq=1157 egoSpeed=6.5627213 pts=0 intervention=false warning=false braking=false lifecycle=armed range=null bearing=null rss=null
         1788711840.911  4040  4073 I AebsFrameSubscriber: onMessagesAvailable callback
         1788711840.912  4040  4073 I AebsFrameSubscriber: readNextMessages count=1
         1788711840.912  4040  4073 I MainActivity: onGatewayFrame: frame seq=1158 egoSpeed=6.5627213 pts=0 intervention=false warning=false braking=false lifecycle=armed range=null bearing=null rss=null
         1788711841.011  4040  4073 I AebsFrameSubscriber: onMessagesAvailable callback
         1788711841.012  4040  4073 I AebsFrameSubscriber: readNextMessages count=1
         1788711841.012  4040  4073 I MainActivity: onGatewayFrame: frame seq=1159 egoSpeed=6.5627213 pts=0 intervention=false warning=false braking=false lifecycle=armed range=null bearing=null rss=null
         1788711841.111  4040  4073 I AebsFrameSubscriber: onMessagesAvailable callback
         1788711841.112  4040  4073 I AebsFrameSubscriber: readNextMessages count=1
         1788711841.112  4040  4073 I MainActivity: onGatewayFrame: frame seq=1160 egoSpeed=6.5627213 pts=0 intervention=false warning=false braking=false lifecycle=armed range=null bearing=null rss=null
         1788711841.211  4040  4073 I AebsFrameSubscriber: onMessagesAvailable callback
         1788711841.212  4040  4073 I AebsFrameSubscriber: readNextMessages count=1
         1788711841.212  4040  4073 I MainActivity: onGatewayFrame: frame seq=1161 egoSpeed=6.5627213 pts=0 intervention=false warning=false braking=false lifecycle=armed range=null bearing=null rss=null
         1788711841.311  4040  4073 I AebsFrameSubscriber: onMessagesAvailable callback
         1788711841.312  4040  4073 I AebsFrameSubscriber: readNextMessages count=1
         1788711841.312  4040  4073 I MainActivity: onGatewayFrame: frame seq=1162 egoSpeed=6.5627213 pts=0 intervention=false warning=false braking=false lifecycle=armed range=null bearing=null rss=null
         1788711841.411  4040  4073 I AebsFrameSubscriber: onMessagesAvailable callback
         1788711841.412  4040  4073 I AebsFrameSubscriber: readNextMessages count=1
         1788711841.412  4040  4073 I MainActivity: onGatewayFrame: frame seq=1163 egoSpeed=6.5627213 pts=0 intervention=false warning=false braking=false lifecycle=armed range=null bearing=null rss=null
         1788711841.511  4040  4073 I AebsFrameSubscriber: onMessagesAvailable callback
         1788711841.512  4040  4073 I AebsFrameSubscriber: readNextMessages count=1
         1788711841.512  4040  4073 I MainActivity: onGatewayFrame: frame seq=1164 egoSpeed=6.5627213 pts=0 intervention=false warning=false braking=false lifecycle=armed range=null bearing=null rss=null
         1788711841.611  4040  4073 I AebsFrameSubscriber: onMessagesAvailable callback
         1788711841.612  4040  4073 I AebsFrameSubscriber: readNextMessages count=1
         1788711841.612  4040  4073 I MainActivity: onGatewayFrame: frame seq=1165 egoSpeed=6.5627213 pts=0 intervention=false warning=false braking=false lifecycle=armed range=null bearing=null rss=null
         1788711841.711  4040  4073 I AebsFrameSubscriber: onMessagesAvailable callback
         1788711841.712  4040  4073 I AebsFrameSubscriber: readNextMessages count=1
         1788711841.712  4040  4073 I MainActivity: onGatewayFrame: frame seq=1166 egoSpeed=6.5627213 pts=0 intervention=false warning=false braking=false lifecycle=armed range=null bearing=null rss=null
         1788711841.811  4040  4073 I AebsFrameSubscriber: onMessagesAvailable callback
         1788711841.812  4040  4073 I AebsFrameSubscriber: readNextMessages count=1
         1788711841.812  4040  4073 I MainActivity: onGatewayFrame: frame seq=1167 egoSpeed=6.5627213 pts=0 intervention=false warning=false braking=false lifecycle=armed range=null bearing=null rss=null
         1788711841.911  4040  4073 I AebsFrameSubscriber: onMessagesAvailable callback
         1788711841.912  4040  4073 I AebsFrameSubscriber: readNextMessages count=1
         1788711841.912  4040  4073 I MainActivity: onGatewayFrame: frame seq=1168 egoSpeed=6.5627213 pts=0 intervention=false warning=false braking=false lifecycle=armed range=null bearing=null rss=null
         1788711842.011  4040  4073 I AebsFrameSubscriber: onMessagesAvailable callback
         1788711842.012  4040  4073 I AebsFrameSubscriber: readNextMessages count=1
         1788711842.012  4040  4073 I MainActivity: onGatewayFrame: frame seq=1169 egoSpeed=6.5627213 pts=0 intervention=false warning=false braking=false lifecycle=armed range=null bearing=null rss=null
         1788711842.111  4040  4073 I AebsFrameSubscriber: onMessagesAvailable callback
         1788711842.112  4040  4073 I AebsFrameSubscriber: readNextMessages count=1
         1788711842.112  4040  4073 I MainActivity: onGatewayFrame: frame seq=1170 egoSpeed=6.5627213 pts=0 intervention=false warning=false braking=false lifecycle=armed range=null bearing=null rss=null
         1788711842.211  4040  4073 I AebsFrameSubscriber: onMessagesAvailable callback
         1788711842.212  4040  4073 I AebsFrameSubscriber: readNextMessages count=1
         1788711842.212  4040  4073 I MainActivity: onGatewayFrame: frame seq=1171 egoSpeed=6.5627213 pts=0 intervention=false warning=false braking=false lifecycle=armed range=null bearing=null rss=null
         1788711842.311  4040  4073 I AebsFrameSubscriber: onMessagesAvailable callback
         1788711842.312  4040  4073 I AebsFrameSubscriber: readNextMessages count=1
         1788711842.312  4040  4073 I MainActivity: onGatewayFrame: frame seq=1172 egoSpeed=6.5627213 pts=0 intervention=false warning=false braking=false lifecycle=armed range=null bearing=null rss=null
         1788711842.411  4040  4073 I AebsFrameSubscriber: onMessagesAvailable callback
         1788711842.412  4040  4073 I AebsFrameSubscriber: readNextMessages count=1
         1788711842.412  4040  4073 I MainActivity: onGatewayFrame: frame seq=1173 egoSpeed=6.5627213 pts=0 intervention=false warning=false braking=false lifecycle=armed range=null bearing=null rss=null
         1788711842.511  4040  4073 I AebsFrameSubscriber: onMessagesAvailable callback
         1788711842.512  4040  4073 I AebsFrameSubscriber: readNextMessages count=1
         1788711842.512  4040  4073 I MainActivity: onGatewayFrame: frame seq=1174 egoSpeed=6.5627213 pts=0 intervention=false warning=false braking=false lifecycle=armed range=null bearing=null rss=null
         1788711842.611  4040  4073 I AebsFrameSubscriber: onMessagesAvailable callback
         1788711842.612  4040  4073 I AebsFrameSubscriber: readNextMessages count=1
         1788711842.612  4040  4073 I MainActivity: onGatewayFrame: frame seq=1175 egoSpeed=6.5627213 pts=0 intervention=false warning=false braking=false lifecycle=armed range=null bearing=null rss=null
         1788711842.711  4040  4073 I AebsFrameSubscriber: onMessagesAvailable callback
         1788711842.712  4040  4073 I AebsFrameSubscriber: readNextMessages count=1
         1788711842.712  4040  4073 I MainActivity: onGatewayFrame: frame seq=1176 egoSpeed=6.5627213 pts=0 intervention=false warning=false braking=false lifecycle=armed range=null bearing=null rss=null
         1788711842.811  4040  4073 I AebsFrameSubscriber: onMessagesAvailable callback
         1788711842.812  4040  4073 I AebsFrameSubscriber: readNextMessages count=1
         1788711842.812  4040  4073 I MainActivity: onGatewayFrame: frame seq=1177 egoSpeed=6.5627213 pts=0 intervention=false warning=false braking=false lifecycle=armed range=null bearing=null rss=null
         1788711842.911  4040  4073 I AebsFrameSubscriber: onMessagesAvailable callback
         1788711842.912  4040  4073 I AebsFrameSubscriber: readNextMessages count=1
         1788711842.912  4040  4073 I MainActivity: onGatewayFrame: frame seq=1178 egoSpeed=6.5627213 pts=0 intervention=false warning=false braking=false lifecycle=armed range=null bearing=null rss=null
         1788711843.011  4040  4073 I AebsFrameSubscriber: onMessagesAvailable callback
         1788711843.012  4040  4073 I AebsFrameSubscriber: readNextMessages count=1
         1788711843.012  4040  4073 I MainActivity: onGatewayFrame: frame seq=1179 egoSpeed=6.5627213 pts=0 intervention=false warning=false braking=false lifecycle=armed range=null bearing=null rss=null
         1788711843.111  4040  4073 I AebsFrameSubscriber: onMessagesAvailable callback
         1788711843.112  4040  4073 I AebsFrameSubscriber: readNextMessages count=1
         1788711843.112  4040  4073 I MainActivity: onGatewayFrame: frame seq=1180 egoSpeed=6.5627213 pts=0 intervention=false warning=false braking=false lifecycle=armed range=null bearing=null rss=null
         1788711843.211  4040  4073 I AebsFrameSubscriber: onMessagesAvailable callback
         1788711843.212  4040  4073 I AebsFrameSubscriber: readNextMessages count=1
         1788711843.212  4040  4073 I MainActivity: onGatewayFrame: frame seq=1181 egoSpeed=6.5627213 pts=0 intervention=false warning=false braking=false lifecycle=armed range=null bearing=null rss=null
         1788711843.311  4040  4073 I AebsFrameSubscriber: onMessagesAvailable callback
         1788711843.312  4040  4073 I AebsFrameSubscriber: readNextMessages count=1
         1788711843.312  4040  4073 I MainActivity: onGatewayFrame: frame seq=1182 egoSpeed=6.5627213 pts=0 intervention=false warning=false braking=false lifecycle=armed range=null bearing=null rss=null
         1788711843.411  4040  4073 I AebsFrameSubscriber: onMessagesAvailable callback
         1788711843.412  4040  4073 I AebsFrameSubscriber: readNextMessages count=1
         1788711843.412  4040  4073 I MainActivity: onGatewayFrame: frame seq=1183 egoSpeed=6.5627213 pts=0 intervention=false warning=false braking=false lifecycle=armed range=null bearing=null rss=null
         1788711843.511  4040  4073 I AebsFrameSubscriber: onMessagesAvailable callback
         1788711843.512  4040  4073 I AebsFrameSubscriber: readNextMessages count=1
         1788711843.512  4040  4073 I MainActivity: onGatewayFrame: frame seq=1184 egoSpeed=6.5627213 pts=0 intervention=false warning=false braking=false lifecycle=armed range=null bearing=null rss=null
         1788711843.721  4040  4073 I AebsFrameSubscriber: readNextMessages count=2
         1788711843.721  4040  4073 I MainActivity: onGatewayFrame: frame seq=1185 egoSpeed=6.5627213 pts=0 intervention=false warning=false braking=false lifecycle=armed range=null bearing=null rss=null
         1788711843.722  4040  4073 I MainActivity: onGatewayFrame: frame seq=1186 egoSpeed=6.5627213 pts=0 intervention=false warning=false braking=false lifecycle=armed range=null bearing=null rss=null
         1788711843.722  4040  4073 I AebsFrameSubscriber: onMessagesAvailable callback
         1788711843.722  4040  4073 I AebsFrameSubscriber: onMessagesAvailable callback
         1788711843.811  4040  4073 I AebsFrameSubscriber: onMessagesAvailable callback
         1788711843.812  4040  4073 I AebsFrameSubscriber: readNextMessages count=1
         1788711843.812  4040  4073 I MainActivity: onGatewayFrame: frame seq=1187 egoSpeed=6.5627213 pts=0 intervention=false warning=false braking=false lifecycle=armed range=null bearing=null rss=null
         1788711843.911  4040  4073 I AebsFrameSubscriber: onMessagesAvailable callback
         1788711843.912  4040  4073 I AebsFrameSubscriber: readNextMessages count=1
         1788711843.912  4040  4073 I MainActivity: onGatewayFrame: frame seq=1188 egoSpeed=6.5627213 pts=0 intervention=false warning=false braking=false lifecycle=armed range=null bearing=null rss=null
         1788711844.011  4040  4073 I AebsFrameSubscriber: onMessagesAvailable callback
         1788711844.012  4040  4073 I AebsFrameSubscriber: readNextMessages count=1
         1788711844.012  4040  4073 I MainActivity: onGatewayFrame: frame seq=1189 egoSpeed=6.5627213 pts=0 intervention=false warning=false braking=false lifecycle=armed range=null bearing=null rss=null
         1788711844.111  4040  4073 I AebsFrameSubscriber: onMessagesAvailable callback
         1788711844.112  4040  4073 I AebsFrameSubscriber: readNextMessages count=1
         1788711844.112  4040  4073 I MainActivity: onGatewayFrame: frame seq=1190 egoSpeed=6.5627213 pts=0 intervention=false warning=false braking=false lifecycle=armed range=null bearing=null rss=null
         1788711844.211  4040  4073 I AebsFrameSubscriber: onMessagesAvailable callback
         1788711844.211  4040  4073 I AebsFrameSubscriber: readNextMessages count=1
         1788711844.212  4040  4073 I MainActivity: onGatewayFrame: frame seq=1191 egoSpeed=6.5627213 pts=0 intervention=false warning=false braking=false lifecycle=armed range=null bearing=null rss=null
         1788711844.311  4040  4073 I AebsFrameSubscriber: onMessagesAvailable callback
         1788711844.312  4040  4073 I AebsFrameSubscriber: readNextMessages count=1
         1788711844.312  4040  4073 I MainActivity: onGatewayFrame: frame seq=1192 egoSpeed=6.5627213 pts=0 intervention=false warning=false braking=false lifecycle=armed range=null bearing=null rss=null
         1788711844.411  4040  4073 I AebsFrameSubscriber: onMessagesAvailable callback
         1788711844.411  4040  4073 I AebsFrameSubscriber: readNextMessages count=1
         1788711844.412  4040  4073 I MainActivity: onGatewayFrame: frame seq=1193 egoSpeed=6.5627213 pts=0 intervention=false warning=false braking=false lifecycle=armed range=null bearing=null rss=null
         1788711844.511  4040  4073 I AebsFrameSubscriber: onMessagesAvailable callback
         1788711844.511  4040  4073 I AebsFrameSubscriber: readNextMessages count=1
         1788711844.512  4040  4073 I MainActivity: onGatewayFrame: frame seq=1194 egoSpeed=6.5627213 pts=0 intervention=false warning=false braking=false lifecycle=armed range=null bearing=null rss=null
         1788711844.611  4040  4073 I AebsFrameSubscriber: onMessagesAvailable callback
         1788711844.612  4040  4073 I AebsFrameSubscriber: readNextMessages count=1
         1788711844.612  4040  4073 I MainActivity: onGatewayFrame: frame seq=1195 egoSpeed=6.5627213 pts=0 intervention=false warning=false braking=false lifecycle=armed range=null bearing=null rss=null
         1788711844.711  4040  4073 I AebsFrameSubscriber: onMessagesAvailable callback
         1788711844.711  4040  4073 I AebsFrameSubscriber: readNextMessages count=1
         1788711844.712  4040  4073 I MainActivity: onGatewayFrame: frame seq=1196 egoSpeed=6.5627213 pts=0 intervention=false warning=false braking=false lifecycle=armed range=null bearing=null rss=null
         1788711844.811  4040  4073 I AebsFrameSubscriber: onMessagesAvailable callback
         1788711844.811  4040  4073 I AebsFrameSubscriber: readNextMessages count=1
         1788711844.812  4040  4073 I MainActivity: onGatewayFrame: frame seq=1197 egoSpeed=6.5627213 pts=0 intervention=false warning=false braking=false lifecycle=armed range=null bearing=null rss=null
         1788711844.911  4040  4073 I AebsFrameSubscriber: onMessagesAvailable callback
         1788711844.911  4040  4073 I AebsFrameSubscriber: readNextMessages count=1
         1788711844.911  4040  4073 I MainActivity: onGatewayFrame: frame seq=1198 egoSpeed=6.5627213 pts=0 intervention=false warning=false braking=false lifecycle=armed range=null bearing=null rss=null
         1788711845.011  4040  4073 I AebsFrameSubscriber: onMessagesAvailable callback
         1788711845.011  4040  4073 I AebsFrameSubscriber: readNextMessages count=1
         1788711845.012  4040  4073 I MainActivity: onGatewayFrame: frame seq=1199 egoSpeed=6.5627213 pts=0 intervention=false warning=false braking=false lifecycle=armed range=null bearing=null rss=null
         1788711845.111  4040  4073 I AebsFrameSubscriber: onMessagesAvailable callback
         1788711845.111  4040  4073 I AebsFrameSubscriber: readNextMessages count=1
         1788711845.112  4040  4073 I MainActivity: onGatewayFrame: frame seq=1200 egoSpeed=6.5627213 pts=0 intervention=false warning=false braking=false lifecycle=armed range=null bearing=null rss=null
         1788711845.211  4040  4073 I AebsFrameSubscriber: onMessagesAvailable callback
         1788711845.212  4040  4073 I AebsFrameSubscriber: readNextMessages count=1
         1788711845.212  4040  4073 I MainActivity: onGatewayFrame: frame seq=1201 egoSpeed=6.5627213 pts=0 intervention=false warning=false braking=false lifecycle=armed range=null bearing=null rss=null
         1788711845.311  4040  4073 I AebsFrameSubscriber: onMessagesAvailable callback
         1788711845.312  4040  4073 I AebsFrameSubscriber: readNextMessages count=1
         1788711845.312  4040  4073 I MainActivity: onGatewayFrame: frame seq=1202 egoSpeed=6.5627213 pts=0 intervention=false warning=false braking=false lifecycle=armed range=null bearing=null rss=null
         1788711845.411  4040  4073 I AebsFrameSubscriber: onMessagesAvailable callback
         1788711845.411  4040  4073 I AebsFrameSubscriber: readNextMessages count=1
         1788711845.412  4040  4073 I MainActivity: onGatewayFrame: frame seq=1203 egoSpeed=6.5627213 pts=0 intervention=false warning=false braking=false lifecycle=armed range=null bearing=null rss=null
         1788711845.511  4040  4073 I AebsFrameSubscriber: onMessagesAvailable callback
         1788711845.511  4040  4073 I AebsFrameSubscriber: readNextMessages count=1
         1788711845.512  4040  4073 I MainActivity: onGatewayFrame: frame seq=1204 egoSpeed=6.5627213 pts=0 intervention=false warning=false braking=false lifecycle=armed range=null bearing=null rss=null
         1788711845.611  4040  4073 I AebsFrameSubscriber: onMessagesAvailable callback
         1788711845.612  4040  4073 I AebsFrameSubscriber: readNextMessages count=1
         1788711845.612  4040  4073 I MainActivity: onGatewayFrame: frame seq=1205 egoSpeed=6.5627213 pts=0 intervention=false warning=false braking=false lifecycle=armed range=null bearing=null rss=null
         1788711845.711  4040  4073 I AebsFrameSubscriber: onMessagesAvailable callback
         1788711845.711  4040  4073 I AebsFrameSubscriber: readNextMessages count=1
         1788711845.712  4040  4073 I MainActivity: onGatewayFrame: frame seq=1206 egoSpeed=6.5627213 pts=0 intervention=false warning=false braking=false lifecycle=armed range=null bearing=null rss=null
         1788711845.811  4040  4073 I AebsFrameSubscriber: onMessagesAvailable callback
         1788711845.811  4040  4073 I AebsFrameSubscriber: readNextMessages count=1
         1788711845.812  4040  4073 I MainActivity: onGatewayFrame: frame seq=1207 egoSpeed=6.5627213 pts=0 intervention=false warning=false braking=false lifecycle=armed range=null bearing=null rss=null
         1788711845.911  4040  4073 I AebsFrameSubscriber: onMessagesAvailable callback
         1788711845.912  4040  4073 I AebsFrameSubscriber: readNextMessages count=1
         1788711845.912  4040  4073 I MainActivity: onGatewayFrame: frame seq=1208 egoSpeed=6.5627213 pts=0 intervention=false warning=false braking=false lifecycle=armed range=null bearing=null rss=null
         1788711846.011  4040  4073 I AebsFrameSubscriber: onMessagesAvailable callback
         1788711846.012  4040  4073 I AebsFrameSubscriber: readNextMessages count=1
         1788711846.012  4040  4073 I MainActivity: onGatewayFrame: frame seq=1209 egoSpeed=6.5627213 pts=0 intervention=false warning=false braking=false lifecycle=armed range=null bearing=null rss=null
         1788711846.111  4040  4073 I AebsFrameSubscriber: onMessagesAvailable callback
         1788711846.112  4040  4073 I AebsFrameSubscriber: readNextMessages count=1
         1788711846.112  4040  4073 I MainActivity: onGatewayFrame: frame seq=1210 egoSpeed=6.5627213 pts=0 intervention=false warning=false braking=false lifecycle=armed range=null bearing=null rss=null
         1788711846.211  4040  4073 I AebsFrameSubscriber: onMessagesAvailable callback
         1788711846.211  4040  4073 I AebsFrameSubscriber: readNextMessages count=1
         1788711846.212  4040  4073 I MainActivity: onGatewayFrame: frame seq=1211 egoSpeed=6.5627213 pts=0 intervention=false warning=false braking=false lifecycle=armed range=null bearing=null rss=null
         1788711846.311  4040  4073 I AebsFrameSubscriber: onMessagesAvailable callback
         1788711846.312  4040  4073 I AebsFrameSubscriber: readNextMessages count=1
         1788711846.312  4040  4073 I MainActivity: onGatewayFrame: frame seq=1212 egoSpeed=6.5627213 pts=0 intervention=false warning=false braking=false lifecycle=armed range=null bearing=null rss=null
         1788711846.411  4040  4073 I AebsFrameSubscriber: onMessagesAvailable callback
         1788711846.412  4040  4073 I AebsFrameSubscriber: readNextMessages count=1
         1788711846.412  4040  4073 I MainActivity: onGatewayFrame: frame seq=1213 egoSpeed=6.5627213 pts=0 intervention=false warning=false braking=false lifecycle=armed range=null bearing=null rss=null
         1788711846.511  4040  4073 I AebsFrameSubscriber: onMessagesAvailable callback
         1788711846.511  4040  4073 I AebsFrameSubscriber: readNextMessages count=1
         1788711846.511  4040  4073 I MainActivity: onGatewayFrame: frame seq=1214 egoSpeed=6.5627213 pts=0 intervention=false warning=false braking=false lifecycle=armed range=null bearing=null rss=null
         1788711846.611  4040  4073 I AebsFrameSubscriber: onMessagesAvailable callback
         1788711846.611  4040  4073 I AebsFrameSubscriber: readNextMessages count=1
         1788711846.611  4040  4073 I MainActivity: onGatewayFrame: frame seq=1215 egoSpeed=6.5627213 pts=0 intervention=false warning=false braking=false lifecycle=armed range=null bearing=null rss=null
         1788711846.711  4040  4073 I AebsFrameSubscriber: onMessagesAvailable callback
         1788711846.712  4040  4073 I AebsFrameSubscriber: readNextMessages count=1
         1788711846.712  4040  4073 I MainActivity: onGatewayFrame: frame seq=1216 egoSpeed=6.5627213 pts=0 intervention=false warning=false braking=false lifecycle=armed range=null bearing=null rss=null
         1788711846.811  4040  4073 I AebsFrameSubscriber: onMessagesAvailable callback
         1788711846.811  4040  4073 I AebsFrameSubscriber: readNextMessages count=1
         1788711846.812  4040  4073 I MainActivity: onGatewayFrame: frame seq=1217 egoSpeed=6.5627213 pts=0 intervention=false warning=false braking=false lifecycle=armed range=null bearing=null rss=null
         1788711846.911  4040  4073 I AebsFrameSubscriber: onMessagesAvailable callback
         1788711846.911  4040  4073 I AebsFrameSubscriber: readNextMessages count=1
         1788711846.911  4040  4073 I MainActivity: onGatewayFrame: frame seq=1218 egoSpeed=6.5627213 pts=0 intervention=false warning=false braking=false lifecycle=armed range=null bearing=null rss=null
         1788711847.011  4040  4073 I AebsFrameSubscriber: onMessagesAvailable callback
         1788711847.011  4040  4073 I AebsFrameSubscriber: readNextMessages count=1
         1788711847.011  4040  4073 I MainActivity: onGatewayFrame: frame seq=1219 egoSpeed=6.5627213 pts=0 intervention=false warning=false braking=false lifecycle=armed range=null bearing=null rss=null
         1788711847.111  4040  4073 I AebsFrameSubscriber: onMessagesAvailable callback
         1788711847.111  4040  4073 I AebsFrameSubscriber: readNextMessages count=1
         1788711847.112  4040  4073 I MainActivity: onGatewayFrame: frame seq=1220 egoSpeed=6.5627213 pts=0 intervention=false warning=false braking=false lifecycle=armed range=null bearing=null rss=null
         1788711847.211  4040  4073 I AebsFrameSubscriber: onMessagesAvailable callback
         1788711847.211  4040  4073 I AebsFrameSubscriber: readNextMessages count=1
         1788711847.212  4040  4073 I MainActivity: onGatewayFrame: frame seq=1221 egoSpeed=6.5627213 pts=0 intervention=false warning=false braking=false lifecycle=armed range=null bearing=null rss=null
         1788711847.311  4040  4073 I AebsFrameSubscriber: onMessagesAvailable callback
         1788711847.311  4040  4073 I AebsFrameSubscriber: readNextMessages count=1
         1788711847.311  4040  4073 I MainActivity: onGatewayFrame: frame seq=1222 egoSpeed=6.5627213 pts=0 intervention=false warning=false braking=false lifecycle=armed range=null bearing=null rss=null
         1788711847.411  4040  4073 I AebsFrameSubscriber: onMessagesAvailable callback
         1788711847.412  4040  4073 I AebsFrameSubscriber: readNextMessages count=1
         1788711847.412  4040  4073 I MainActivity: onGatewayFrame: frame seq=1223 egoSpeed=6.5627213 pts=0 intervention=false warning=false braking=false lifecycle=armed range=null bearing=null rss=null
         1788711847.511  4040  4073 I AebsFrameSubscriber: onMessagesAvailable callback
         1788711847.511  4040  4073 I AebsFrameSubscriber: readNextMessages count=1
         1788711847.512  4040  4073 I MainActivity: onGatewayFrame: frame seq=1224 egoSpeed=6.5627213 pts=0 intervention=false warning=false braking=false lifecycle=armed range=null bearing=null rss=null
         1788711847.611  4040  4073 I AebsFrameSubscriber: onMessagesAvailable callback
         1788711847.611  4040  4073 I AebsFrameSubscriber: readNextMessages count=1
         1788711847.612  4040  4073 I MainActivity: onGatewayFrame: frame seq=1225 egoSpeed=6.5627213 pts=0 intervention=false warning=false braking=false lifecycle=armed range=null bearing=null rss=null
         1788711847.711  4040  4073 I AebsFrameSubscriber: onMessagesAvailable callback
         1788711847.712  4040  4073 I AebsFrameSubscriber: readNextMessages count=1
         1788711847.712  4040  4073 I MainActivity: onGatewayFrame: frame seq=1226 egoSpeed=6.5627213 pts=0 intervention=false warning=false braking=false lifecycle=armed range=null bearing=null rss=null
         1788711847.934  4040  4073 I AebsFrameSubscriber: readNextMessages count=2
         1788711847.934  4040  4073 I MainActivity: onGatewayFrame: frame seq=1227 egoSpeed=6.5627213 pts=0 intervention=false warning=false braking=false lifecycle=armed range=null bearing=null rss=null
         1788711847.935  4040  4073 I MainActivity: onGatewayFrame: frame seq=1228 egoSpeed=6.5627213 pts=0 intervention=false warning=false braking=false lifecycle=armed range=null bearing=null rss=null
         1788711847.935  4040  4073 I AebsFrameSubscriber: onMessagesAvailable callback
         1788711847.935  4040  4073 I AebsFrameSubscriber: onMessagesAvailable callback
         1788711848.011  4040  4073 I AebsFrameSubscriber: onMessagesAvailable callback
         1788711848.011  4040  4073 I AebsFrameSubscriber: readNextMessages count=1
         1788711848.012  4040  4073 I MainActivity: onGatewayFrame: frame seq=1229 egoSpeed=6.5627213 pts=0 intervention=false warning=false braking=false lifecycle=armed range=null bearing=null rss=null
         1788711848.111  4040  4073 I AebsFrameSubscriber: onMessagesAvailable callback
         1788711848.112  4040  4073 I AebsFrameSubscriber: readNextMessages count=1
         1788711848.112  4040  4073 I MainActivity: onGatewayFrame: frame seq=1230 egoSpeed=6.5627213 pts=0 intervention=false warning=false braking=false lifecycle=armed range=null bearing=null rss=null
         1788711848.211  4040  4073 I AebsFrameSubscriber: onMessagesAvailable callback
         1788711848.212  4040  4073 I AebsFrameSubscriber: readNextMessages count=1
         1788711848.212  4040  4073 I MainActivity: onGatewayFrame: frame seq=1231 egoSpeed=6.5627213 pts=0 intervention=false warning=false braking=false lifecycle=armed range=null bearing=null rss=null
         1788711848.311  4040  4073 I AebsFrameSubscriber: onMessagesAvailable callback
         1788711848.312  4040  4073 I AebsFrameSubscriber: readNextMessages count=1
         1788711848.312  4040  4073 I MainActivity: onGatewayFrame: frame seq=1232 egoSpeed=6.5627213 pts=0 intervention=false warning=false braking=false lifecycle=armed range=null bearing=null rss=null
         1788711848.411  4040  4073 I AebsFrameSubscriber: onMessagesAvailable callback
         1788711848.412  4040  4073 I AebsFrameSubscriber: readNextMessages count=1
         1788711848.412  4040  4073 I MainActivity: onGatewayFrame: frame seq=1233 egoSpeed=6.5627213 pts=0 intervention=false warning=false braking=false lifecycle=armed range=null bearing=null rss=null
         1788711848.511  4040  4073 I AebsFrameSubscriber: onMessagesAvailable callback
         1788711848.511  4040  4073 I AebsFrameSubscriber: readNextMessages count=1
         1788711848.512  4040  4073 I MainActivity: onGatewayFrame: frame seq=1234 egoSpeed=6.5627213 pts=0 intervention=false warning=false braking=false lifecycle=armed range=null bearing=null rss=null
         1788711848.611  4040  4073 I AebsFrameSubscriber: onMessagesAvailable callback
         1788711848.611  4040  4073 I AebsFrameSubscriber: readNextMessages count=1
         1788711848.611  4040  4073 I MainActivity: onGatewayFrame: frame seq=1235 egoSpeed=6.5627213 pts=0 intervention=false warning=false braking=false lifecycle=armed range=null bearing=null rss=null
         1788711848.711  4040  4073 I AebsFrameSubscriber: onMessagesAvailable callback
         1788711848.711  4040  4073 I AebsFrameSubscriber: readNextMessages count=1
         1788711848.712  4040  4073 I MainActivity: onGatewayFrame: frame seq=1236 egoSpeed=6.5627213 pts=0 intervention=false warning=false braking=false lifecycle=armed range=null bearing=null rss=null
         1788711848.811  4040  4073 I AebsFrameSubscriber: onMessagesAvailable callback
         1788711848.812  4040  4073 I AebsFrameSubscriber: readNextMessages count=1
         1788711848.812  4040  4073 I MainActivity: onGatewayFrame: frame seq=1237 egoSpeed=6.5627213 pts=0 intervention=false warning=false braking=false lifecycle=armed range=null bearing=null rss=null
         1788711848.911  4040  4073 I AebsFrameSubscriber: onMessagesAvailable callback
         1788711848.911  4040  4073 I AebsFrameSubscriber: readNextMessages count=1
         1788711848.912  4040  4073 I MainActivity: onGatewayFrame: frame seq=1238 egoSpeed=6.5627213 pts=0 intervention=false warning=false braking=false lifecycle=armed range=null bearing=null rss=null
         1788711849.011  4040  4073 I AebsFrameSubscriber: onMessagesAvailable callback
         1788711849.012  4040  4073 I AebsFrameSubscriber: readNextMessages count=1
         1788711849.012  4040  4073 I MainActivity: onGatewayFrame: frame seq=1239 egoSpeed=6.5627213 pts=0 intervention=false warning=false braking=false lifecycle=armed range=null bearing=null rss=null
         1788711849.111  4040  4073 I AebsFrameSubscriber: onMessagesAvailable callback
         1788711849.112  4040  4073 I AebsFrameSubscriber: readNextMessages count=1
         1788711849.112  4040  4073 I MainActivity: onGatewayFrame: frame seq=1240 egoSpeed=6.5627213 pts=0 intervention=false warning=false braking=false lifecycle=armed range=null bearing=null rss=null
         1788711849.211  4040  4073 I AebsFrameSubscriber: onMessagesAvailable callback
         1788711849.211  4040  4073 I AebsFrameSubscriber: readNextMessages count=1
         1788711849.211  4040  4073 I MainActivity: onGatewayFrame: frame seq=1241 egoSpeed=6.5627213 pts=0 intervention=false warning=false braking=false lifecycle=armed range=null bearing=null rss=null
         1788711849.311  4040  4073 I AebsFrameSubscriber: onMessagesAvailable callback
         1788711849.311  4040  4073 I AebsFrameSubscriber: readNextMessages count=1
         1788711849.312  4040  4073 I MainActivity: onGatewayFrame: frame seq=1242 egoSpeed=6.5627213 pts=0 intervention=false warning=false braking=false lifecycle=armed range=null bearing=null rss=null
         1788711849.411  4040  4073 I AebsFrameSubscriber: onMessagesAvailable callback
         1788711849.412  4040  4073 I AebsFrameSubscriber: readNextMessages count=1
         1788711849.412  4040  4073 I MainActivity: onGatewayFrame: frame seq=1243 egoSpeed=6.5627213 pts=0 intervention=false warning=false braking=false lifecycle=armed range=null bearing=null rss=null
         1788711849.511  4040  4073 I AebsFrameSubscriber: onMessagesAvailable callback
         1788711849.511  4040  4073 I AebsFrameSubscriber: readNextMessages count=1
         1788711849.512  4040  4073 I MainActivity: onGatewayFrame: frame seq=1244 egoSpeed=6.5627213 pts=0 intervention=false warning=false braking=false lifecycle=armed range=null bearing=null rss=null
         1788711849.611  4040  4073 I AebsFrameSubscriber: onMessagesAvailable callback
         1788711849.612  4040  4073 I AebsFrameSubscriber: readNextMessages count=1
         1788711849.612  4040  4073 I MainActivity: onGatewayFrame: frame seq=1245 egoSpeed=6.5627213 pts=0 intervention=false warning=false braking=false lifecycle=armed range=null bearing=null rss=null
         1788711849.711  4040  4073 I AebsFrameSubscriber: onMessagesAvailable callback
         1788711849.711  4040  4073 I AebsFrameSubscriber: readNextMessages count=1
         1788711849.712  4040  4073 I MainActivity: onGatewayFrame: frame seq=1246 egoSpeed=6.5627213 pts=0 intervention=false warning=false braking=false lifecycle=armed range=null bearing=null rss=null
         1788711849.811  4040  4073 I AebsFrameSubscriber: onMessagesAvailable callback
         1788711849.811  4040  4073 I AebsFrameSubscriber: readNextMessages count=1
         1788711849.811  4040  4073 I MainActivity: onGatewayFrame: frame seq=1247 egoSpeed=6.5627213 pts=0 intervention=false warning=false braking=false lifecycle=armed range=null bearing=null rss=null
         1788711849.911  4040  4073 I AebsFrameSubscriber: onMessagesAvailable callback
         1788711849.912  4040  4073 I AebsFrameSubscriber: readNextMessages count=1
         1788711849.912  4040  4073 I MainActivity: onGatewayFrame: frame seq=1248 egoSpeed=6.5627213 pts=0 intervention=false warning=false braking=false lifecycle=armed range=null bearing=null rss=null
         1788711850.011  4040  4073 I AebsFrameSubscriber: onMessagesAvailable callback
         1788711850.011  4040  4073 I AebsFrameSubscriber: readNextMessages count=1
         1788711850.012  4040  4073 I MainActivity: onGatewayFrame: frame seq=1249 egoSpeed=6.5627213 pts=0 intervention=false warning=false braking=false lifecycle=armed range=null bearing=null rss=null
         1788711850.111  4040  4073 I AebsFrameSubscriber: onMessagesAvailable callback
         1788711850.111  4040  4073 I AebsFrameSubscriber: readNextMessages count=1
         1788711850.112  4040  4073 I MainActivity: onGatewayFrame: frame seq=1250 egoSpeed=6.5627213 pts=0 intervention=false warning=false braking=false lifecycle=armed range=null bearing=null rss=null
         1788711850.211  4040  4073 I AebsFrameSubscriber: onMessagesAvailable callback
         1788711850.211  4040  4073 I AebsFrameSubscriber: readNextMessages count=1
         1788711850.211  4040  4073 I MainActivity: onGatewayFrame: frame seq=1251 egoSpeed=6.5627213 pts=0 intervention=false warning=false braking=false lifecycle=armed range=null bearing=null rss=null
         1788711850.311  4040  4073 I AebsFrameSubscriber: onMessagesAvailable callback
         1788711850.311  4040  4073 I AebsFrameSubscriber: readNextMessages count=1
         1788711850.311  4040  4073 I MainActivity: onGatewayFrame: frame seq=1252 egoSpeed=6.5627213 pts=0 intervention=false warning=false braking=false lifecycle=armed range=null bearing=null rss=null
         1788711850.411  4040  4073 I AebsFrameSubscriber: onMessagesAvailable callback
         1788711850.411  4040  4073 I AebsFrameSubscriber: readNextMessages count=1
         1788711850.411  4040  4073 I MainActivity: onGatewayFrame: frame seq=1253 egoSpeed=6.5627213 pts=0 intervention=false warning=false braking=false lifecycle=armed range=null bearing=null rss=null
         1788711850.511  4040  4073 I AebsFrameSubscriber: onMessagesAvailable callback
         1788711850.511  4040  4073 I AebsFrameSubscriber: readNextMessages count=1
         1788711850.511  4040  4073 I MainActivity: onGatewayFrame: frame seq=1254 egoSpeed=6.5627213 pts=0 intervention=false warning=false braking=false lifecycle=armed range=null bearing=null rss=null
         1788711850.611  4040  4073 I AebsFrameSubscriber: onMessagesAvailable callback
         1788711850.611  4040  4073 I AebsFrameSubscriber: readNextMessages count=1
         1788711850.611  4040  4073 I MainActivity: onGatewayFrame: frame seq=1255 egoSpeed=6.5627213 pts=0 intervention=false warning=false braking=false lifecycle=armed range=null bearing=null rss=null
         1788711850.711  4040  4073 I AebsFrameSubscriber: onMessagesAvailable callback
         1788711850.711  4040  4073 I AebsFrameSubscriber: readNextMessages count=1
         1788711850.711  4040  4073 I MainActivity: onGatewayFrame: frame seq=1256 egoSpeed=6.5627213 pts=0 intervention=false warning=false braking=false lifecycle=armed range=null bearing=null rss=null
         1788711850.811  4040  4073 I AebsFrameSubscriber: onMessagesAvailable callback
         1788711850.811  4040  4073 I AebsFrameSubscriber: readNextMessages count=1
         1788711850.811  4040  4073 I MainActivity: onGatewayFrame: frame seq=1257 egoSpeed=6.5627213 pts=0 intervention=false warning=false braking=false lifecycle=armed range=null bearing=null rss=null
         1788711850.910  4040  4073 I AebsFrameSubscriber: onMessagesAvailable callback
         1788711850.911  4040  4073 I AebsFrameSubscriber: readNextMessages count=1
         1788711850.911  4040  4073 I MainActivity: onGatewayFrame: frame seq=1258 egoSpeed=6.5627213 pts=0 intervention=false warning=false braking=false lifecycle=armed range=null bearing=null rss=null
         1788711851.011  4040  4073 I AebsFrameSubscriber: onMessagesAvailable callback
         1788711851.011  4040  4073 I AebsFrameSubscriber: readNextMessages count=1
         1788711851.011  4040  4073 I MainActivity: onGatewayFrame: frame seq=1259 egoSpeed=6.5627213 pts=0 intervention=false warning=false braking=false lifecycle=armed range=null bearing=null rss=null
         1788711851.110  4040  4073 I AebsFrameSubscriber: onMessagesAvailable callback
         1788711851.111  4040  4073 I AebsFrameSubscriber: readNextMessages count=1
         1788711851.111  4040  4073 I MainActivity: onGatewayFrame: frame seq=1260 egoSpeed=6.5627213 pts=0 intervention=false warning=false braking=false lifecycle=armed range=null bearing=null rss=null
         1788711851.211  4040  4073 I AebsFrameSubscriber: onMessagesAvailable callback
         1788711851.211  4040  4073 I AebsFrameSubscriber: readNextMessages count=1
         1788711851.211  4040  4073 I MainActivity: onGatewayFrame: frame seq=1261 egoSpeed=6.5627213 pts=0 intervention=false warning=false braking=false lifecycle=armed range=null bearing=null rss=null
         1788711851.311  4040  4073 I AebsFrameSubscriber: onMessagesAvailable callback
         1788711851.311  4040  4073 I AebsFrameSubscriber: readNextMessages count=1
         1788711851.311  4040  4073 I MainActivity: onGatewayFrame: frame seq=1262 egoSpeed=6.5627213 pts=0 intervention=false warning=false braking=false lifecycle=armed range=null bearing=null rss=null
         1788711851.410  4040  4073 I AebsFrameSubscriber: onMessagesAvailable callback
         1788711851.411  4040  4073 I AebsFrameSubscriber: readNextMessages count=1
         1788711851.411  4040  4073 I MainActivity: onGatewayFrame: frame seq=1263 egoSpeed=6.5627213 pts=0 intervention=false warning=false braking=false lifecycle=armed range=null bearing=null rss=null
         1788711851.511  4040  4073 I AebsFrameSubscriber: onMessagesAvailable callback
         1788711851.511  4040  4073 I AebsFrameSubscriber: readNextMessages count=1
         1788711851.511  4040  4073 I MainActivity: onGatewayFrame: frame seq=1264 egoSpeed=6.5627213 pts=0 intervention=false warning=false braking=false lifecycle=armed range=null bearing=null rss=null
         1788711851.610  4040  4073 I AebsFrameSubscriber: onMessagesAvailable callback
         1788711851.611  4040  4073 I AebsFrameSubscriber: readNextMessages count=1
         1788711851.611  4040  4073 I MainActivity: onGatewayFrame: frame seq=1265 egoSpeed=6.5627213 pts=0 intervention=false warning=false braking=false lifecycle=armed range=null bearing=null rss=null
         1788711851.710  4040  4073 I AebsFrameSubscriber: onMessagesAvailable callback
         1788711851.711  4040  4073 I AebsFrameSubscriber: readNextMessages count=1
         1788711851.711  4040  4073 I MainActivity: onGatewayFrame: frame seq=1266 egoSpeed=6.5627213 pts=0 intervention=false warning=false braking=false lifecycle=armed range=null bearing=null rss=null
         1788711851.810  4040  4073 I AebsFrameSubscriber: onMessagesAvailable callback
         1788711851.931  4040  4073 I AebsFrameSubscriber: readNextMessages count=1
         1788711851.931  4040  4073 I MainActivity: onGatewayFrame: frame seq=1267 egoSpeed=6.5627213 pts=0 intervention=false warning=false braking=false lifecycle=armed range=null bearing=null rss=null
         1788711851.931  4040  4073 I AebsFrameSubscriber: readNextMessages count=1
         1788711851.932  4040  4073 I MainActivity: onGatewayFrame: frame seq=1268 egoSpeed=6.5627213 pts=0 intervention=false warning=false braking=false lifecycle=armed range=null bearing=null rss=null
         1788711851.932  4040  4073 I AebsFrameSubscriber: onMessagesAvailable callback
         1788711852.011  4040  4073 I AebsFrameSubscriber: onMessagesAvailable callback
         1788711852.011  4040  4073 I AebsFrameSubscriber: readNextMessages count=1
         1788711852.011  4040  4073 I MainActivity: onGatewayFrame: frame seq=1269 egoSpeed=6.5627213 pts=0 intervention=false warning=false braking=false lifecycle=armed range=null bearing=null rss=null
         1788711852.110  4040  4073 I AebsFrameSubscriber: onMessagesAvailable callback
         1788711852.111  4040  4073 I AebsFrameSubscriber: readNextMessages count=1
         1788711852.111  4040  4073 I MainActivity: onGatewayFrame: frame seq=1270 egoSpeed=6.5627213 pts=0 intervention=false warning=false braking=false lifecycle=armed range=null bearing=null rss=null
         1788711852.210  4040  4073 I AebsFrameSubscriber: onMessagesAvailable callback
         1788711852.211  4040  4073 I AebsFrameSubscriber: readNextMessages count=1
         1788711852.211  4040  4073 I MainActivity: onGatewayFrame: frame seq=1271 egoSpeed=6.5627213 pts=0 intervention=false warning=false braking=false lifecycle=armed range=null bearing=null rss=null
         1788711852.310  4040  4073 I AebsFrameSubscriber: onMessagesAvailable callback
         1788711852.311  4040  4073 I AebsFrameSubscriber: readNextMessages count=1
         1788711852.311  4040  4073 I MainActivity: onGatewayFrame: frame seq=1272 egoSpeed=6.5627213 pts=0 intervention=false warning=false braking=false lifecycle=armed range=null bearing=null rss=null
         1788711852.410  4040  4073 I AebsFrameSubscriber: onMessagesAvailable callback
         1788711852.412  4040  4073 I AebsFrameSubscriber: readNextMessages count=1
         1788711852.412  4040  4073 I MainActivity: onGatewayFrame: frame seq=1273 egoSpeed=6.5627213 pts=0 intervention=false warning=false braking=false lifecycle=armed range=null bearing=null rss=null
         1788711852.536  4040  4073 I AebsFrameSubscriber: readNextMessages count=1
         1788711852.536  4040  4073 I MainActivity: onGatewayFrame: frame seq=1274 egoSpeed=6.5627213 pts=0 intervention=false warning=false braking=false lifecycle=armed range=null bearing=null rss=null
         1788711852.536  4040  4073 I AebsFrameSubscriber: onMessagesAvailable callback
         1788711852.610  4040  4073 I AebsFrameSubscriber: onMessagesAvailable callback
         1788711852.611  4040  4073 I AebsFrameSubscriber: readNextMessages count=1
         1788711852.611  4040  4073 I MainActivity: onGatewayFrame: frame seq=1275 egoSpeed=6.5627213 pts=0 intervention=false warning=false braking=false lifecycle=armed range=null bearing=null rss=null
         1788711852.710  4040  4073 I AebsFrameSubscriber: onMessagesAvailable callback
         1788711852.711  4040  4073 I AebsFrameSubscriber: readNextMessages count=1
         1788711852.711  4040  4073 I MainActivity: onGatewayFrame: frame seq=1276 egoSpeed=6.5627213 pts=0 intervention=false warning=false braking=false lifecycle=armed range=null bearing=null rss=null
         1788711852.810  4040  4073 I AebsFrameSubscriber: onMessagesAvailable callback
         1788711852.811  4040  4073 I AebsFrameSubscriber: readNextMessages count=1
         1788711852.811  4040  4073 I MainActivity: onGatewayFrame: frame seq=1277 egoSpeed=6.5627213 pts=0 intervention=false warning=false braking=false lifecycle=armed range=null bearing=null rss=null
         1788711852.910  4040  4073 I AebsFrameSubscriber: onMessagesAvailable callback
         1788711852.911  4040  4073 I AebsFrameSubscriber: readNextMessages count=1
         1788711852.911  4040  4073 I MainActivity: onGatewayFrame: frame seq=1278 egoSpeed=6.5627213 pts=0 intervention=false warning=false braking=false lifecycle=armed range=null bearing=null rss=null
         1788711853.011  4040  4073 I AebsFrameSubscriber: onMessagesAvailable callback
         1788711853.011  4040  4073 I AebsFrameSubscriber: readNextMessages count=1
         1788711853.011  4040  4073 I MainActivity: onGatewayFrame: frame seq=1279 egoSpeed=6.5627213 pts=0 intervention=false warning=false braking=false lifecycle=armed range=null bearing=null rss=null
         1788711853.110  4040  4073 I AebsFrameSubscriber: onMessagesAvailable callback
         1788711853.111  4040  4073 I AebsFrameSubscriber: readNextMessages count=1
         1788711853.111  4040  4073 I MainActivity: onGatewayFrame: frame seq=1280 egoSpeed=6.5627213 pts=0 intervention=false warning=false braking=false lifecycle=armed range=null bearing=null rss=null
         1788711853.211  4040  4073 I AebsFrameSubscriber: onMessagesAvailable callback
         1788711853.211  4040  4073 I AebsFrameSubscriber: readNextMessages count=1
         1788711853.211  4040  4073 I MainActivity: onGatewayFrame: frame seq=1281 egoSpeed=6.5627213 pts=0 intervention=false warning=false braking=false lifecycle=armed range=null bearing=null rss=null
         1788711853.310  4040  4073 I AebsFrameSubscriber: onMessagesAvailable callback
         1788711853.311  4040  4073 I AebsFrameSubscriber: readNextMessages count=1
         1788711853.311  4040  4073 I MainActivity: onGatewayFrame: frame seq=1282 egoSpeed=6.5627213 pts=0 intervention=false warning=false braking=false lifecycle=armed range=null bearing=null rss=null
         1788711853.410  4040  4073 I AebsFrameSubscriber: onMessagesAvailable callback
         1788711853.411  4040  4073 I AebsFrameSubscriber: readNextMessages count=1
         1788711853.411  4040  4073 I MainActivity: onGatewayFrame: frame seq=1283 egoSpeed=6.5627213 pts=0 intervention=false warning=false braking=false lifecycle=armed range=null bearing=null rss=null
         1788711853.510  4040  4073 I AebsFrameSubscriber: onMessagesAvailable callback
         1788711853.511  4040  4073 I AebsFrameSubscriber: readNextMessages count=1
         1788711853.511  4040  4073 I MainActivity: onGatewayFrame: frame seq=1284 egoSpeed=6.5627213 pts=0 intervention=false warning=false braking=false lifecycle=armed range=null bearing=null rss=null
         1788711853.610  4040  4073 I AebsFrameSubscriber: onMessagesAvailable callback
         1788711853.611  4040  4073 I AebsFrameSubscriber: readNextMessages count=1
         1788711853.611  4040  4073 I MainActivity: onGatewayFrame: frame seq=1285 egoSpeed=6.5627213 pts=0 intervention=false warning=false braking=false lifecycle=armed range=null bearing=null rss=null
         1788711853.710  4040  4073 I AebsFrameSubscriber: onMessagesAvailable callback
         1788711853.711  4040  4073 I AebsFrameSubscriber: readNextMessages count=1
         1788711853.711  4040  4073 I MainActivity: onGatewayFrame: frame seq=1286 egoSpeed=6.5627213 pts=0 intervention=false warning=false braking=false lifecycle=armed range=null bearing=null rss=null
         1788711853.810  4040  4073 I AebsFrameSubscriber: onMessagesAvailable callback
         1788711853.811  4040  4073 I AebsFrameSubscriber: readNextMessages count=1
         1788711853.811  4040  4073 I MainActivity: onGatewayFrame: frame seq=1287 egoSpeed=6.5627213 pts=0 intervention=false warning=false braking=false lifecycle=armed range=null bearing=null rss=null
         1788711853.910  4040  4073 I AebsFrameSubscriber: onMessagesAvailable callback
         1788711853.911  4040  4073 I AebsFrameSubscriber: readNextMessages count=1
         1788711853.911  4040  4073 I MainActivity: onGatewayFrame: frame seq=1288 egoSpeed=6.5627213 pts=0 intervention=false warning=false braking=false lifecycle=armed range=null bearing=null rss=null
         1788711854.010  4040  4073 I AebsFrameSubscriber: onMessagesAvailable callback
         1788711854.011  4040  4073 I AebsFrameSubscriber: readNextMessages count=1
         1788711854.011  4040  4073 I MainActivity: onGatewayFrame: frame seq=1289 egoSpeed=6.5627213 pts=0 intervention=false warning=false braking=false lifecycle=armed range=null bearing=null rss=null
         1788711854.111  4040  4073 I AebsFrameSubscriber: onMessagesAvailable callback
         1788711854.111  4040  4073 I AebsFrameSubscriber: readNextMessages count=1
         1788711854.111  4040  4073 I MainActivity: onGatewayFrame: frame seq=1290 egoSpeed=6.5627213 pts=0 intervention=false warning=false braking=false lifecycle=armed range=null bearing=null rss=null
         1788711854.210  4040  4073 I AebsFrameSubscriber: onMessagesAvailable callback
         1788711854.211  4040  4073 I AebsFrameSubscriber: readNextMessages count=1
         1788711854.211  4040  4073 I MainActivity: onGatewayFrame: frame seq=1291 egoSpeed=6.5627213 pts=0 intervention=false warning=false braking=false lifecycle=armed range=null bearing=null rss=null
         1788711854.311  4040  4073 I AebsFrameSubscriber: onMessagesAvailable callback
         1788711854.311  4040  4073 I AebsFrameSubscriber: readNextMessages count=1
         1788711854.311  4040  4073 I MainActivity: onGatewayFrame: frame seq=1292 egoSpeed=6.5627213 pts=0 intervention=false warning=false braking=false lifecycle=armed range=null bearing=null rss=null
         1788711854.410  4040  4073 I AebsFrameSubscriber: onMessagesAvailable callback
         1788711854.411  4040  4073 I AebsFrameSubscriber: readNextMessages count=1
         1788711854.411  4040  4073 I MainActivity: onGatewayFrame: frame seq=1293 egoSpeed=6.5627213 pts=0 intervention=false warning=false braking=false lifecycle=armed range=null bearing=null rss=null
         1788711854.510  4040  4073 I AebsFrameSubscriber: onMessagesAvailable callback
         1788711854.511  4040  4073 I AebsFrameSubscriber: readNextMessages count=1
         1788711854.511  4040  4073 I MainActivity: onGatewayFrame: frame seq=1294 egoSpeed=6.5627213 pts=0 intervention=false warning=false braking=false lifecycle=armed range=null bearing=null rss=null
         1788711854.610  4040  4073 I AebsFrameSubscriber: onMessagesAvailable callback
         1788711854.611  4040  4073 I AebsFrameSubscriber: readNextMessages count=1
         1788711854.611  4040  4073 I MainActivity: onGatewayFrame: frame seq=1295 egoSpeed=6.5627213 pts=0 intervention=false warning=false braking=false lifecycle=armed range=null bearing=null rss=null
         1788711854.710  4040  4073 I AebsFrameSubscriber: onMessagesAvailable callback
         1788711854.711  4040  4073 I AebsFrameSubscriber: readNextMessages count=1
         1788711854.711  4040  4073 I MainActivity: onGatewayFrame: frame seq=1296 egoSpeed=6.5627213 pts=0 intervention=false warning=false braking=false lifecycle=armed range=null bearing=null rss=null
         1788711854.810  4040  4073 I AebsFrameSubscriber: onMessagesAvailable callback
         1788711854.811  4040  4073 I AebsFrameSubscriber: readNextMessages count=1
         1788711854.811  4040  4073 I MainActivity: onGatewayFrame: frame seq=1297 egoSpeed=6.5627213 pts=0 intervention=false warning=false braking=false lifecycle=armed range=null bearing=null rss=null
         1788711854.910  4040  4073 I AebsFrameSubscriber: onMessagesAvailable callback
         1788711854.911  4040  4073 I AebsFrameSubscriber: readNextMessages count=1
         1788711854.911  4040  4073 I MainActivity: onGatewayFrame: frame seq=1298 egoSpeed=6.5627213 pts=0 intervention=false warning=false braking=false lifecycle=armed range=null bearing=null rss=null
         1788711855.010  4040  4073 I AebsFrameSubscriber: onMessagesAvailable callback
         1788711855.011  4040  4073 I AebsFrameSubscriber: readNextMessages count=1
         1788711855.011  4040  4073 I MainActivity: onGatewayFrame: frame seq=1299 egoSpeed=6.5627213 pts=0 intervention=false warning=false braking=false lifecycle=armed range=null bearing=null rss=null
         1788711855.110  4040  4073 I AebsFrameSubscriber: onMessagesAvailable callback
         1788711855.111  4040  4073 I AebsFrameSubscriber: readNextMessages count=1
         1788711855.111  4040  4073 I MainActivity: onGatewayFrame: frame seq=1300 egoSpeed=6.5627213 pts=0 intervention=false warning=false braking=false lifecycle=armed range=null bearing=null rss=null
         1788711855.210  4040  4073 I AebsFrameSubscriber: onMessagesAvailable callback
         1788711855.211  4040  4073 I AebsFrameSubscriber: readNextMessages count=1
         1788711855.211  4040  4073 I MainActivity: onGatewayFrame: frame seq=1301 egoSpeed=6.5627213 pts=0 intervention=false warning=false braking=false lifecycle=armed range=null bearing=null rss=null
         1788711855.310  4040  4073 I AebsFrameSubscriber: onMessagesAvailable callback
         1788711855.311  4040  4073 I AebsFrameSubscriber: readNextMessages count=1
         1788711855.311  4040  4073 I MainActivity: onGatewayFrame: frame seq=1302 egoSpeed=6.5627213 pts=0 intervention=false warning=false braking=false lifecycle=armed range=null bearing=null rss=null
         1788711855.410  4040  4073 I AebsFrameSubscriber: onMessagesAvailable callback
         1788711855.411  4040  4073 I AebsFrameSubscriber: readNextMessages count=1
         1788711855.411  4040  4073 I MainActivity: onGatewayFrame: frame seq=1303 egoSpeed=6.5627213 pts=0 intervention=false warning=false braking=false lifecycle=armed range=null bearing=null rss=null
         1788711855.510  4040  4073 I AebsFrameSubscriber: onMessagesAvailable callback
         1788711855.511  4040  4073 I AebsFrameSubscriber: readNextMessages count=1
         1788711855.511  4040  4073 I MainActivity: onGatewayFrame: frame seq=1304 egoSpeed=6.5627213 pts=0 intervention=false warning=false braking=false lifecycle=armed range=null bearing=null rss=null
         1788711855.610  4040  4073 I AebsFrameSubscriber: onMessagesAvailable callback
         1788711855.611  4040  4073 I AebsFrameSubscriber: readNextMessages count=1
         1788711855.611  4040  4073 I MainActivity: onGatewayFrame: frame seq=1305 egoSpeed=6.5627213 pts=0 intervention=false warning=false braking=false lifecycle=armed range=null bearing=null rss=null
         1788711855.710  4040  4073 I AebsFrameSubscriber: onMessagesAvailable callback
         1788711855.711  4040  4073 I AebsFrameSubscriber: readNextMessages count=1
         1788711855.711  4040  4073 I MainActivity: onGatewayFrame: frame seq=1306 egoSpeed=6.5627213 pts=0 intervention=false warning=false braking=false lifecycle=armed range=null bearing=null rss=null
         1788711855.810  4040  4073 I AebsFrameSubscriber: onMessagesAvailable callback
         1788711855.811  4040  4073 I AebsFrameSubscriber: readNextMessages count=1
         1788711855.811  4040  4073 I MainActivity: onGatewayFrame: frame seq=1307 egoSpeed=6.5627213 pts=0 intervention=false warning=false braking=false lifecycle=armed range=null bearing=null rss=null
         1788711855.936  4040  4073 I AebsFrameSubscriber: readNextMessages count=1
         1788711855.936  4040  4073 I MainActivity: onGatewayFrame: frame seq=1308 egoSpeed=6.5627213 pts=0 intervention=false warning=false braking=false lifecycle=armed range=null bearing=null rss=null
         1788711855.937  4040  4073 I AebsFrameSubscriber: onMessagesAvailable callback
         1788711856.010  4040  4073 I AebsFrameSubscriber: onMessagesAvailable callback
         1788711856.011  4040  4073 I AebsFrameSubscriber: readNextMessages count=1
         1788711856.011  4040  4073 I MainActivity: onGatewayFrame: frame seq=1309 egoSpeed=6.5627213 pts=0 intervention=false warning=false braking=false lifecycle=armed range=null bearing=null rss=null
         1788711856.110  4040  4073 I AebsFrameSubscriber: onMessagesAvailable callback
         1788711856.111  4040  4073 I AebsFrameSubscriber: readNextMessages count=1
         1788711856.111  4040  4073 I MainActivity: onGatewayFrame: frame seq=1310 egoSpeed=6.5627213 pts=0 intervention=false warning=false braking=false lifecycle=armed range=null bearing=null rss=null
         1788711856.210  4040  4073 I AebsFrameSubscriber: onMessagesAvailable callback
         1788711856.211  4040  4073 I AebsFrameSubscriber: readNextMessages count=1
         1788711856.211  4040  4073 I MainActivity: onGatewayFrame: frame seq=1311 egoSpeed=6.5627213 pts=0 intervention=false warning=false braking=false lifecycle=armed range=null bearing=null rss=null
         1788711856.310  4040  4073 I AebsFrameSubscriber: onMessagesAvailable callback
         1788711856.311  4040  4073 I AebsFrameSubscriber: readNextMessages count=1
         1788711856.311  4040  4073 I MainActivity: onGatewayFrame: frame seq=1312 egoSpeed=6.5627213 pts=0 intervention=false warning=false braking=false lifecycle=armed range=null bearing=null rss=null
         1788711856.410  4040  4073 I AebsFrameSubscriber: onMessagesAvailable callback
         1788711856.411  4040  4073 I AebsFrameSubscriber: readNextMessages count=1
         1788711856.411  4040  4073 I MainActivity: onGatewayFrame: frame seq=1313 egoSpeed=6.5627213 pts=0 intervention=false warning=false braking=false lifecycle=armed range=null bearing=null rss=null
         1788711856.510  4040  4073 I AebsFrameSubscriber: onMessagesAvailable callback
         1788711856.511  4040  4073 I AebsFrameSubscriber: readNextMessages count=1
         1788711856.511  4040  4073 I MainActivity: onGatewayFrame: frame seq=1314 egoSpeed=6.5627213 pts=0 intervention=false warning=false braking=false lifecycle=armed range=null bearing=null rss=null
         1788711856.610  4040  4073 I AebsFrameSubscriber: onMessagesAvailable callback
         1788711856.611  4040  4073 I AebsFrameSubscriber: readNextMessages count=1
         1788711856.611  4040  4073 I MainActivity: onGatewayFrame: frame seq=1315 egoSpeed=6.5627213 pts=0 intervention=false warning=false braking=false lifecycle=armed range=null bearing=null rss=null
         1788711856.710  4040  4073 I AebsFrameSubscriber: onMessagesAvailable callback
         1788711856.711  4040  4073 I AebsFrameSubscriber: readNextMessages count=1
         1788711856.711  4040  4073 I MainActivity: onGatewayFrame: frame seq=1316 egoSpeed=6.5627213 pts=0 intervention=false warning=false braking=false lifecycle=armed range=null bearing=null rss=null
         1788711856.810  4040  4073 I AebsFrameSubscriber: onMessagesAvailable callback
         1788711856.811  4040  4073 I AebsFrameSubscriber: readNextMessages count=1
         1788711856.811  4040  4073 I MainActivity: onGatewayFrame: frame seq=1317 egoSpeed=6.5627213 pts=0 intervention=false warning=false braking=false lifecycle=armed range=null bearing=null rss=null
         1788711856.910  4040  4073 I AebsFrameSubscriber: onMessagesAvailable callback
         1788711856.911  4040  4073 I AebsFrameSubscriber: readNextMessages count=1
         1788711856.911  4040  4073 I MainActivity: onGatewayFrame: frame seq=1318 egoSpeed=6.5627213 pts=0 intervention=false warning=false braking=false lifecycle=armed range=null bearing=null rss=null
         1788711857.010  4040  4073 I AebsFrameSubscriber: onMessagesAvailable callback
         1788711857.011  4040  4073 I AebsFrameSubscriber: readNextMessages count=1
         1788711857.011  4040  4073 I MainActivity: onGatewayFrame: frame seq=1319 egoSpeed=6.5627213 pts=0 intervention=false warning=false braking=false lifecycle=armed range=null bearing=null rss=null
         1788711857.110  4040  4073 I AebsFrameSubscriber: onMessagesAvailable callback
         1788711857.111  4040  4073 I AebsFrameSubscriber: readNextMessages count=1
         1788711857.111  4040  4073 I MainActivity: onGatewayFrame: frame seq=1320 egoSpeed=6.5627213 pts=0 intervention=false warning=false braking=false lifecycle=armed range=null bearing=null rss=null
         1788711857.211  4040  4073 I AebsFrameSubscriber: onMessagesAvailable callback
         1788711857.211  4040  4073 I AebsFrameSubscriber: readNextMessages count=1
         1788711857.211  4040  4073 I MainActivity: onGatewayFrame: frame seq=1321 egoSpeed=6.5627213 pts=0 intervention=false warning=false braking=false lifecycle=armed range=null bearing=null rss=null
         1788711857.310  4040  4073 I AebsFrameSubscriber: onMessagesAvailable callback
         1788711857.311  4040  4073 I AebsFrameSubscriber: readNextMessages count=1
         1788711857.311  4040  4073 I MainActivity: onGatewayFrame: frame seq=1322 egoSpeed=6.5627213 pts=0 intervention=false warning=false braking=false lifecycle=armed range=null bearing=null rss=null
         1788711857.410  4040  4073 I AebsFrameSubscriber: onMessagesAvailable callback
         1788711857.411  4040  4073 I AebsFrameSubscriber: readNextMessages count=1
         1788711857.411  4040  4073 I MainActivity: onGatewayFrame: frame seq=1323 egoSpeed=6.5627213 pts=0 intervention=false warning=false braking=false lifecycle=armed range=null bearing=null rss=null
         1788711857.510  4040  4073 I AebsFrameSubscriber: onMessagesAvailable callback
         1788711857.511  4040  4073 I AebsFrameSubscriber: readNextMessages count=1
         1788711857.511  4040  4073 I MainActivity: onGatewayFrame: frame seq=1324 egoSpeed=6.5627213 pts=0 intervention=false warning=false braking=false lifecycle=armed range=null bearing=null rss=null
         1788711857.610  4040  4073 I AebsFrameSubscriber: onMessagesAvailable callback
         1788711857.611  4040  4073 I AebsFrameSubscriber: readNextMessages count=1
         1788711857.611  4040  4073 I MainActivity: onGatewayFrame: frame seq=1325 egoSpeed=6.5627213 pts=0 intervention=false warning=false braking=false lifecycle=armed range=null bearing=null rss=null
         1788711857.710  4040  4073 I AebsFrameSubscriber: onMessagesAvailable callback
         1788711857.711  4040  4073 I AebsFrameSubscriber: readNextMessages count=1
         1788711857.711  4040  4073 I MainActivity: onGatewayFrame: frame seq=1326 egoSpeed=6.5627213 pts=0 intervention=false warning=false braking=false lifecycle=armed range=null bearing=null rss=null
         1788711857.811  4040  4073 I AebsFrameSubscriber: onMessagesAvailable callback
         1788711857.811  4040  4073 I AebsFrameSubscriber: readNextMessages count=1
         1788711857.811  4040  4073 I MainActivity: onGatewayFrame: frame seq=1327 egoSpeed=6.5627213 pts=0 intervention=false warning=false braking=false lifecycle=armed range=null bearing=null rss=null
         1788711857.910  4040  4073 I AebsFrameSubscriber: onMessagesAvailable callback
         1788711857.911  4040  4073 I AebsFrameSubscriber: readNextMessages count=1
         1788711857.911  4040  4073 I MainActivity: onGatewayFrame: frame seq=1328 egoSpeed=6.5627213 pts=0 intervention=false warning=false braking=false lifecycle=armed range=null bearing=null rss=null
         1788711858.010  4040  4073 I AebsFrameSubscriber: onMessagesAvailable callback
         1788711858.011  4040  4073 I AebsFrameSubscriber: readNextMessages count=1
         1788711858.011  4040  4073 I MainActivity: onGatewayFrame: frame seq=1329 egoSpeed=6.5627213 pts=0 intervention=false warning=false braking=false lifecycle=armed range=null bearing=null rss=null
         1788711858.110  4040  4073 I AebsFrameSubscriber: onMessagesAvailable callback
         1788711858.111  4040  4073 I AebsFrameSubscriber: readNextMessages count=1
         1788711858.111  4040  4073 I MainActivity: onGatewayFrame: frame seq=1330 egoSpeed=6.5627213 pts=0 intervention=false warning=false braking=false lifecycle=armed range=null bearing=null rss=null
         1788711858.210  4040  4073 I AebsFrameSubscriber: onMessagesAvailable callback
         1788711858.211  4040  4073 I AebsFrameSubscriber: readNextMessages count=1
         1788711858.211  4040  4073 I MainActivity: onGatewayFrame: frame seq=1331 egoSpeed=6.5627213 pts=0 intervention=false warning=false braking=false lifecycle=armed range=null bearing=null rss=null
         1788711858.310  4040  4073 I AebsFrameSubscriber: onMessagesAvailable callback
         1788711858.311  4040  4073 I AebsFrameSubscriber: readNextMessages count=1
         1788711858.311  4040  4073 I MainActivity: onGatewayFrame: frame seq=1332 egoSpeed=6.5627213 pts=0 intervention=false warning=false braking=false lifecycle=armed range=null bearing=null rss=null
         1788711858.410  4040  4073 I AebsFrameSubscriber: onMessagesAvailable callback
         1788711858.411  4040  4073 I AebsFrameSubscriber: readNextMessages count=1
         1788711858.411  4040  4073 I MainActivity: onGatewayFrame: frame seq=1333 egoSpeed=6.5627213 pts=0 intervention=false warning=false braking=false lifecycle=armed range=null bearing=null rss=null
         1788711858.510  4040  4073 I AebsFrameSubscriber: onMessagesAvailable callback
         1788711858.511  4040  4073 I AebsFrameSubscriber: readNextMessages count=1
         1788711858.511  4040  4073 I MainActivity: onGatewayFrame: frame seq=1334 egoSpeed=6.5627213 pts=0 intervention=false warning=false braking=false lifecycle=armed range=null bearing=null rss=null
         1788711858.610  4040  4073 I AebsFrameSubscriber: onMessagesAvailable callback
         1788711858.611  4040  4073 I AebsFrameSubscriber: readNextMessages count=1
         1788711858.611  4040  4073 I MainActivity: onGatewayFrame: frame seq=1335 egoSpeed=6.5627213 pts=0 intervention=false warning=false braking=false lifecycle=armed range=null bearing=null rss=null
         1788711858.710  4040  4073 I AebsFrameSubscriber: onMessagesAvailable callback
         1788711858.711  4040  4073 I AebsFrameSubscriber: readNextMessages count=1
         1788711858.711  4040  4073 I MainActivity: onGatewayFrame: frame seq=1336 egoSpeed=6.5627213 pts=0 intervention=false warning=false braking=false lifecycle=armed range=null bearing=null rss=null
         1788711858.810  4040  4073 I AebsFrameSubscriber: onMessagesAvailable callback
         1788711858.811  4040  4073 I AebsFrameSubscriber: readNextMessages count=1
         1788711858.811  4040  4073 I MainActivity: onGatewayFrame: frame seq=1337 egoSpeed=6.5627213 pts=0 intervention=false warning=false braking=false lifecycle=armed range=null bearing=null rss=null
         1788711858.910  4040  4073 I AebsFrameSubscriber: onMessagesAvailable callback
         1788711858.911  4040  4073 I AebsFrameSubscriber: readNextMessages count=1
         1788711858.911  4040  4073 I MainActivity: onGatewayFrame: frame seq=1338 egoSpeed=6.5627213 pts=0 intervention=false warning=false braking=false lifecycle=armed range=null bearing=null rss=null
         1788711859.010  4040  4073 I AebsFrameSubscriber: onMessagesAvailable callback
         1788711859.011  4040  4073 I AebsFrameSubscriber: readNextMessages count=1
         1788711859.011  4040  4073 I MainActivity: onGatewayFrame: frame seq=1339 egoSpeed=6.5627213 pts=0 intervention=false warning=false braking=false lifecycle=armed range=null bearing=null rss=null
         1788711859.110  4040  4073 I AebsFrameSubscriber: onMessagesAvailable callback
         1788711859.111  4040  4073 I AebsFrameSubscriber: readNextMessages count=1
         1788711859.111  4040  4073 I MainActivity: onGatewayFrame: frame seq=1340 egoSpeed=6.5627213 pts=0 intervention=false warning=false braking=false lifecycle=armed range=null bearing=null rss=null
         1788711859.210  4040  4073 I AebsFrameSubscriber: onMessagesAvailable callback
         1788711859.211  4040  4073 I AebsFrameSubscriber: readNextMessages count=1
         1788711859.211  4040  4073 I MainActivity: onGatewayFrame: frame seq=1341 egoSpeed=6.5627213 pts=0 intervention=false warning=false braking=false lifecycle=armed range=null bearing=null rss=null
         1788711859.310  4040  4073 I AebsFrameSubscriber: onMessagesAvailable callback
         1788711859.311  4040  4073 I AebsFrameSubscriber: readNextMessages count=1
         1788711859.311  4040  4073 I MainActivity: onGatewayFrame: frame seq=1342 egoSpeed=6.5627213 pts=0 intervention=false warning=false braking=false lifecycle=armed range=null bearing=null rss=null
         1788711859.410  4040  4073 I AebsFrameSubscriber: onMessagesAvailable callback
         1788711859.411  4040  4073 I AebsFrameSubscriber: readNextMessages count=1
         1788711859.411  4040  4073 I MainActivity: onGatewayFrame: frame seq=1343 egoSpeed=6.5627213 pts=0 intervention=false warning=false braking=false lifecycle=armed range=null bearing=null rss=null
         1788711859.510  4040  4073 I AebsFrameSubscriber: onMessagesAvailable callback
         1788711859.511  4040  4073 I AebsFrameSubscriber: readNextMessages count=1
         1788711859.511  4040  4073 I MainActivity: onGatewayFrame: frame seq=1344 egoSpeed=6.5627213 pts=0 intervention=false warning=false braking=false lifecycle=armed range=null bearing=null rss=null
         1788711859.610  4040  4073 I AebsFrameSubscriber: onMessagesAvailable callback
         1788711859.611  4040  4073 I AebsFrameSubscriber: readNextMessages count=1
         1788711859.611  4040  4073 I MainActivity: onGatewayFrame: frame seq=1345 egoSpeed=6.5627213 pts=0 intervention=false warning=false braking=false lifecycle=armed range=null bearing=null rss=null
         1788711859.710  4040  4073 I AebsFrameSubscriber: onMessagesAvailable callback
         1788711859.711  4040  4073 I AebsFrameSubscriber: readNextMessages count=1
         1788711859.711  4040  4073 I MainActivity: onGatewayFrame: frame seq=1346 egoSpeed=6.5627213 pts=0 intervention=false warning=false braking=false lifecycle=armed range=null bearing=null rss=null
         1788711859.811  4040  4073 I AebsFrameSubscriber: onMessagesAvailable callback
         1788711859.812  4040  4073 I AebsFrameSubscriber: readNextMessages count=1
         1788711859.814  4040  4073 I MainActivity: onGatewayFrame: frame seq=1347 egoSpeed=6.5627213 pts=0 intervention=false warning=false braking=false lifecycle=armed range=null bearing=null rss=null
         1788711859.937  4040  4073 I AebsFrameSubscriber: readNextMessages count=1
         1788711859.937  4040  4073 I MainActivity: onGatewayFrame: frame seq=1348 egoSpeed=6.5627213 pts=0 intervention=false warning=false braking=false lifecycle=armed range=null bearing=null rss=null
         1788711859.937  4040  4073 I AebsFrameSubscriber: onMessagesAvailable callback
         1788711860.010  4040  4073 I AebsFrameSubscriber: onMessagesAvailable callback
         1788711860.011  4040  4073 I AebsFrameSubscriber: readNextMessages count=1
         1788711860.011  4040  4073 I MainActivity: onGatewayFrame: frame seq=1349 egoSpeed=6.5627213 pts=0 intervention=false warning=false braking=false lifecycle=armed range=null bearing=null rss=null
         1788711860.110  4040  4073 I AebsFrameSubscriber: onMessagesAvailable callback
         1788711860.111  4040  4073 I AebsFrameSubscriber: readNextMessages count=1
         1788711860.111  4040  4073 I MainActivity: onGatewayFrame: frame seq=1350 egoSpeed=6.5627213 pts=0 intervention=false warning=false braking=false lifecycle=armed range=null bearing=null rss=null
         1788711860.210  4040  4073 I AebsFrameSubscriber: onMessagesAvailable callback
         1788711860.211  4040  4073 I AebsFrameSubscriber: readNextMessages count=1
         1788711860.211  4040  4073 I MainActivity: onGatewayFrame: frame seq=1351 egoSpeed=6.5627213 pts=0 intervention=false warning=false braking=false lifecycle=armed range=null bearing=null rss=null
         1788711860.310  4040  4073 I AebsFrameSubscriber: onMessagesAvailable callback
         1788711860.311  4040  4073 I AebsFrameSubscriber: readNextMessages count=1
         1788711860.311  4040  4073 I MainActivity: onGatewayFrame: frame seq=1352 egoSpeed=6.5627213 pts=0 intervention=false warning=false braking=false lifecycle=armed range=null bearing=null rss=null
         1788711860.410  4040  4073 I AebsFrameSubscriber: onMessagesAvailable callback
         1788711860.411  4040  4073 I AebsFrameSubscriber: readNextMessages count=1
         1788711860.411  4040  4073 I MainActivity: onGatewayFrame: frame seq=1353 egoSpeed=6.5627213 pts=0 intervention=false warning=false braking=false lifecycle=armed range=null bearing=null rss=null
         1788711860.510  4040  4073 I AebsFrameSubscriber: onMessagesAvailable callback
         1788711860.510  4040  4073 I AebsFrameSubscriber: readNextMessages count=1
         1788711860.510  4040  4073 I MainActivity: onGatewayFrame: frame seq=1354 egoSpeed=6.5627213 pts=0 intervention=false warning=false braking=false lifecycle=armed range=null bearing=null rss=null
         1788711860.610  4040  4073 I AebsFrameSubscriber: onMessagesAvailable callback
         1788711860.611  4040  4073 I AebsFrameSubscriber: readNextMessages count=1
         1788711860.611  4040  4073 I MainActivity: onGatewayFrame: frame seq=1355 egoSpeed=6.5627213 pts=0 intervention=false warning=false braking=false lifecycle=armed range=null bearing=null rss=null
         1788711860.710  4040  4073 I AebsFrameSubscriber: onMessagesAvailable callback
         1788711860.711  4040  4073 I AebsFrameSubscriber: readNextMessages count=1
         1788711860.711  4040  4073 I MainActivity: onGatewayFrame: frame seq=1356 egoSpeed=6.5627213 pts=0 intervention=false warning=false braking=false lifecycle=armed range=null bearing=null rss=null
         1788711860.810  4040  4073 I AebsFrameSubscriber: onMessagesAvailable callback
         1788711860.811  4040  4073 I AebsFrameSubscriber: readNextMessages count=1
         1788711860.811  4040  4073 I MainActivity: onGatewayFrame: frame seq=1357 egoSpeed=6.5627213 pts=0 intervention=false warning=false braking=false lifecycle=armed range=null bearing=null rss=null
         1788711860.911  4040  4073 I AebsFrameSubscriber: onMessagesAvailable callback
         1788711860.911  4040  4073 I AebsFrameSubscriber: readNextMessages count=1
         1788711860.911  4040  4073 I MainActivity: onGatewayFrame: frame seq=1358 egoSpeed=6.5627213 pts=0 intervention=false warning=false braking=false lifecycle=armed range=null bearing=null rss=null
         1788711861.010  4040  4073 I AebsFrameSubscriber: onMessagesAvailable callback
         1788711861.011  4040  4073 I AebsFrameSubscriber: readNextMessages count=1
         1788711861.011  4040  4073 I MainActivity: onGatewayFrame: frame seq=1359 egoSpeed=6.5627213 pts=0 intervention=false warning=false braking=false lifecycle=armed range=null bearing=null rss=null
         1788711861.110  4040  4073 I AebsFrameSubscriber: onMessagesAvailable callback
         1788711861.111  4040  4073 I AebsFrameSubscriber: readNextMessages count=1
         1788711861.111  4040  4073 I MainActivity: onGatewayFrame: frame seq=1360 egoSpeed=6.5627213 pts=0 intervention=false warning=false braking=false lifecycle=armed range=null bearing=null rss=null
         1788711861.210  4040  4073 I AebsFrameSubscriber: onMessagesAvailable callback
         1788711861.211  4040  4073 I AebsFrameSubscriber: readNextMessages count=1
         1788711861.211  4040  4073 I MainActivity: onGatewayFrame: frame seq=1361 egoSpeed=6.5627213 pts=0 intervention=false warning=false braking=false lifecycle=armed range=null bearing=null rss=null
         1788711861.310  4040  4073 I AebsFrameSubscriber: onMessagesAvailable callback
         1788711861.311  4040  4073 I AebsFrameSubscriber: readNextMessages count=1
         1788711861.311  4040  4073 I MainActivity: onGatewayFrame: frame seq=1362 egoSpeed=6.5627213 pts=0 intervention=false warning=false braking=false lifecycle=armed range=null bearing=null rss=null
         1788711861.410  4040  4073 I AebsFrameSubscriber: onMessagesAvailable callback
         1788711861.411  4040  4073 I AebsFrameSubscriber: readNextMessages count=1
         1788711861.411  4040  4073 I MainActivity: onGatewayFrame: frame seq=1363 egoSpeed=6.5627213 pts=0 intervention=false warning=false braking=false lifecycle=armed range=null bearing=null rss=null
         1788711861.510  4040  4073 I AebsFrameSubscriber: onMessagesAvailable callback
         1788711861.511  4040  4073 I AebsFrameSubscriber: readNextMessages count=1
         1788711861.511  4040  4073 I MainActivity: onGatewayFrame: frame seq=1364 egoSpeed=6.5627213 pts=0 intervention=false warning=false braking=false lifecycle=armed range=null bearing=null rss=null
         1788711861.610  4040  4073 I AebsFrameSubscriber: onMessagesAvailable callback
         1788711861.611  4040  4073 I AebsFrameSubscriber: readNextMessages count=1
         1788711861.611  4040  4073 I MainActivity: onGatewayFrame: frame seq=1365 egoSpeed=6.5627213 pts=0 intervention=false warning=false braking=false lifecycle=armed range=null bearing=null rss=null
         1788711861.710  4040  4073 I AebsFrameSubscriber: onMessagesAvailable callback
         1788711861.711  4040  4073 I AebsFrameSubscriber: readNextMessages count=1
         1788711861.711  4040  4073 I MainActivity: onGatewayFrame: frame seq=1366 egoSpeed=6.5627213 pts=0 intervention=false warning=false braking=false lifecycle=armed range=null bearing=null rss=null
         1788711861.810  4040  4073 I AebsFrameSubscriber: onMessagesAvailable callback
         1788711861.811  4040  4073 I AebsFrameSubscriber: readNextMessages count=1
         1788711861.811  4040  4073 I MainActivity: onGatewayFrame: frame seq=1367 egoSpeed=6.5627213 pts=0 intervention=false warning=false braking=false lifecycle=armed range=null bearing=null rss=null
         1788711861.910  4040  4073 I AebsFrameSubscriber: onMessagesAvailable callback
         1788711861.911  4040  4073 I AebsFrameSubscriber: readNextMessages count=1
         1788711861.911  4040  4073 I MainActivity: onGatewayFrame: frame seq=1368 egoSpeed=6.5627213 pts=0 intervention=false warning=false braking=false lifecycle=armed range=null bearing=null rss=null
         1788711862.010  4040  4073 I AebsFrameSubscriber: onMessagesAvailable callback
         1788711862.010  4040  4073 I AebsFrameSubscriber: readNextMessages count=1
         1788711862.011  4040  4073 I MainActivity: onGatewayFrame: frame seq=1369 egoSpeed=6.5627213 pts=0 intervention=false warning=false braking=false lifecycle=armed range=null bearing=null rss=null
         1788711862.110  4040  4073 I AebsFrameSubscriber: onMessagesAvailable callback
         1788711862.111  4040  4073 I AebsFrameSubscriber: readNextMessages count=1
         1788711862.111  4040  4073 I MainActivity: onGatewayFrame: frame seq=1370 egoSpeed=6.5627213 pts=0 intervention=false warning=false braking=false lifecycle=armed range=null bearing=null rss=null
         1788711862.210  4040  4073 I AebsFrameSubscriber: onMessagesAvailable callback
         1788711862.211  4040  4073 I AebsFrameSubscriber: readNextMessages count=1
         1788711862.211  4040  4073 I MainActivity: onGatewayFrame: frame seq=1371 egoSpeed=6.5627213 pts=0 intervention=false warning=false braking=false lifecycle=armed range=null bearing=null rss=null
         1788711862.310  4040  4073 I AebsFrameSubscriber: onMessagesAvailable callback
         1788711862.311  4040  4073 I AebsFrameSubscriber: readNextMessages count=1
         1788711862.311  4040  4073 I MainActivity: onGatewayFrame: frame seq=1372 egoSpeed=6.5627213 pts=0 intervention=false warning=false braking=false lifecycle=armed range=null bearing=null rss=null
         1788711862.410  4040  4073 I AebsFrameSubscriber: onMessagesAvailable callback
         1788711862.411  4040  4073 I AebsFrameSubscriber: readNextMessages count=1
         1788711862.411  4040  4073 I MainActivity: onGatewayFrame: frame seq=1373 egoSpeed=6.5627213 pts=0 intervention=false warning=false braking=false lifecycle=armed range=null bearing=null rss=null
         1788711862.510  4040  4073 I AebsFrameSubscriber: onMessagesAvailable callback
         1788711862.511  4040  4073 I AebsFrameSubscriber: readNextMessages count=1
         1788711862.511  4040  4073 I MainActivity: onGatewayFrame: frame seq=1374 egoSpeed=6.5627213 pts=0 intervention=false warning=false braking=false lifecycle=armed range=null bearing=null rss=null
         1788711862.610  4040  4073 I AebsFrameSubscriber: onMessagesAvailable callback
         1788711862.611  4040  4073 I AebsFrameSubscriber: readNextMessages count=1
         1788711862.611  4040  4073 I MainActivity: onGatewayFrame: frame seq=1375 egoSpeed=6.5627213 pts=0 intervention=false warning=false braking=false lifecycle=armed range=null bearing=null rss=null
         1788711862.710  4040  4073 I AebsFrameSubscriber: onMessagesAvailable callback
         1788711862.711  4040  4073 I AebsFrameSubscriber: readNextMessages count=1
         1788711862.711  4040  4073 I MainActivity: onGatewayFrame: frame seq=1376 egoSpeed=6.5627213 pts=0 intervention=false warning=false braking=false lifecycle=armed range=null bearing=null rss=null
         1788711862.810  4040  4073 I AebsFrameSubscriber: onMessagesAvailable callback
         1788711862.811  4040  4073 I AebsFrameSubscriber: readNextMessages count=1
         1788711862.811  4040  4073 I MainActivity: onGatewayFrame: frame seq=1377 egoSpeed=6.5627213 pts=0 intervention=false warning=false braking=false lifecycle=armed range=null bearing=null rss=null
         1788711862.911  4040  4073 I AebsFrameSubscriber: onMessagesAvailable callback
         1788711862.911  4040  4073 I AebsFrameSubscriber: readNextMessages count=1
         1788711862.911  4040  4073 I MainActivity: onGatewayFrame: frame seq=1378 egoSpeed=6.5627213 pts=0 intervention=false warning=false braking=false lifecycle=armed range=null bearing=null rss=null
         1788711863.010  4040  4073 I AebsFrameSubscriber: onMessagesAvailable callback
         1788711863.011  4040  4073 I AebsFrameSubscriber: readNextMessages count=1
         1788711863.011  4040  4073 I MainActivity: onGatewayFrame: frame seq=1379 egoSpeed=6.5627213 pts=0 intervention=false warning=false braking=false lifecycle=armed range=null bearing=null rss=null
         1788711863.110  4040  4073 I AebsFrameSubscriber: onMessagesAvailable callback
         1788711863.111  4040  4073 I AebsFrameSubscriber: readNextMessages count=1
         1788711863.111  4040  4073 I MainActivity: onGatewayFrame: frame seq=1380 egoSpeed=6.5627213 pts=0 intervention=false warning=false braking=false lifecycle=armed range=null bearing=null rss=null
         1788711863.210  4040  4073 I AebsFrameSubscriber: onMessagesAvailable callback
         1788711863.211  4040  4073 I AebsFrameSubscriber: readNextMessages count=1
         1788711863.211  4040  4073 I MainActivity: onGatewayFrame: frame seq=1381 egoSpeed=6.5627213 pts=0 intervention=false warning=false braking=false lifecycle=armed range=null bearing=null rss=null
         1788711863.310  4040  4073 I AebsFrameSubscriber: onMessagesAvailable callback
         1788711863.311  4040  4073 I AebsFrameSubscriber: readNextMessages count=1
         1788711863.311  4040  4073 I MainActivity: onGatewayFrame: frame seq=1382 egoSpeed=6.5627213 pts=0 intervention=false warning=false braking=false lifecycle=armed range=null bearing=null rss=null
         1788711863.410  4040  4073 I AebsFrameSubscriber: onMessagesAvailable callback
         1788711863.411  4040  4073 I AebsFrameSubscriber: readNextMessages count=1
         1788711863.411  4040  4073 I MainActivity: onGatewayFrame: frame seq=1383 egoSpeed=6.5627213 pts=0 intervention=false warning=false braking=false lifecycle=armed range=null bearing=null rss=null
         1788711863.510  4040  4073 I AebsFrameSubscriber: onMessagesAvailable callback
         1788711863.511  4040  4073 I AebsFrameSubscriber: readNextMessages count=1
         1788711863.511  4040  4073 I MainActivity: onGatewayFrame: frame seq=1384 egoSpeed=6.5627213 pts=0 intervention=false warning=false braking=false lifecycle=armed range=null bearing=null rss=null
         1788711863.610  4040  4073 I AebsFrameSubscriber: onMessagesAvailable callback
         1788711863.611  4040  4073 I AebsFrameSubscriber: readNextMessages count=1
         1788711863.611  4040  4073 I MainActivity: onGatewayFrame: frame seq=1385 egoSpeed=6.5627213 pts=0 intervention=false warning=false braking=false lifecycle=armed range=null bearing=null rss=null
         1788711863.710  4040  4073 I AebsFrameSubscriber: onMessagesAvailable callback
         1788711863.711  4040  4073 I AebsFrameSubscriber: readNextMessages count=1
         1788711863.711  4040  4073 I MainActivity: onGatewayFrame: frame seq=1386 egoSpeed=6.5627213 pts=0 intervention=false warning=false braking=false lifecycle=armed range=null bearing=null rss=null
         1788711863.811  4040  4073 I AebsFrameSubscriber: onMessagesAvailable callback
         1788711863.812  4040  4073 I AebsFrameSubscriber: readNextMessages count=1
         1788711863.812  4040  4073 I MainActivity: onGatewayFrame: frame seq=1387 egoSpeed=6.5627213 pts=0 intervention=false warning=false braking=false lifecycle=armed range=null bearing=null rss=null
         1788711863.937  4040  4073 I AebsFrameSubscriber: readNextMessages count=1
         1788711863.937  4040  4073 I MainActivity: onGatewayFrame: frame seq=1388 egoSpeed=6.5627213 pts=0 intervention=false warning=false braking=false lifecycle=armed range=null bearing=null rss=null
         1788711863.937  4040  4073 I AebsFrameSubscriber: onMessagesAvailable callback
         1788711864.010  4040  4073 I AebsFrameSubscriber: onMessagesAvailable callback
         1788711864.010  4040  4073 I AebsFrameSubscriber: readNextMessages count=1
         1788711864.011  4040  4073 I MainActivity: onGatewayFrame: frame seq=1389 egoSpeed=6.5627213 pts=0 intervention=false warning=false braking=false lifecycle=armed range=null bearing=null rss=null
         1788711864.110  4040  4073 I AebsFrameSubscriber: onMessagesAvailable callback
         1788711864.110  4040  4073 I AebsFrameSubscriber: readNextMessages count=1
         1788711864.111  4040  4073 I MainActivity: onGatewayFrame: frame seq=1390 egoSpeed=6.5627213 pts=0 intervention=false warning=false braking=false lifecycle=armed range=null bearing=null rss=null
         1788711864.210  4040  4073 I AebsFrameSubscriber: onMessagesAvailable callback
         1788711864.210  4040  4073 I AebsFrameSubscriber: readNextMessages count=1
         1788711864.211  4040  4073 I MainActivity: onGatewayFrame: frame seq=1391 egoSpeed=6.5627213 pts=0 intervention=false warning=false braking=false lifecycle=armed range=null bearing=null rss=null
         1788711864.310  4040  4073 I AebsFrameSubscriber: onMessagesAvailable callback
         1788711864.310  4040  4073 I AebsFrameSubscriber: readNextMessages count=1
         1788711864.310  4040  4073 I MainActivity: onGatewayFrame: frame seq=1392 egoSpeed=6.5627213 pts=0 intervention=false warning=false braking=false lifecycle=armed range=null bearing=null rss=null
         1788711864.410  4040  4073 I AebsFrameSubscriber: onMessagesAvailable callback
         1788711864.410  4040  4073 I AebsFrameSubscriber: readNextMessages count=1
         1788711864.410  4040  4073 I MainActivity: onGatewayFrame: frame seq=1393 egoSpeed=6.5627213 pts=0 intervention=false warning=false braking=false lifecycle=armed range=null bearing=null rss=null
         1788711864.510  4040  4073 I AebsFrameSubscriber: onMessagesAvailable callback
         1788711864.510  4040  4073 I AebsFrameSubscriber: readNextMessages count=1
         1788711864.510  4040  4073 I MainActivity: onGatewayFrame: frame seq=1394 egoSpeed=6.5627213 pts=0 intervention=false warning=false braking=false lifecycle=armed range=null bearing=null rss=null
         1788711864.610  4040  4073 I AebsFrameSubscriber: onMessagesAvailable callback
         1788711864.610  4040  4073 I AebsFrameSubscriber: readNextMessages count=1
         1788711864.610  4040  4073 I MainActivity: onGatewayFrame: frame seq=1395 egoSpeed=6.5627213 pts=0 intervention=false warning=false braking=false lifecycle=armed range=null bearing=null rss=null
         1788711864.710  4040  4073 I AebsFrameSubscriber: onMessagesAvailable callback
         1788711864.710  4040  4073 I AebsFrameSubscriber: readNextMessages count=1
         1788711864.711  4040  4073 I MainActivity: onGatewayFrame: frame seq=1396 egoSpeed=6.5627213 pts=0 intervention=false warning=false braking=false lifecycle=armed range=null bearing=null rss=null
         1788711864.810  4040  4073 I AebsFrameSubscriber: onMessagesAvailable callback
         1788711864.810  4040  4073 I AebsFrameSubscriber: readNextMessages count=1
         1788711864.810  4040  4073 I MainActivity: onGatewayFrame: frame seq=1397 egoSpeed=6.5627213 pts=0 intervention=false warning=false braking=false lifecycle=armed range=null bearing=null rss=null
         1788711864.910  4040  4073 I AebsFrameSubscriber: onMessagesAvailable callback
         1788711864.910  4040  4073 I AebsFrameSubscriber: readNextMessages count=1
         1788711864.910  4040  4073 I MainActivity: onGatewayFrame: frame seq=1398 egoSpeed=6.5627213 pts=0 intervention=false warning=false braking=false lifecycle=armed range=null bearing=null rss=null
         1788711865.010  4040  4073 I AebsFrameSubscriber: onMessagesAvailable callback
         1788711865.010  4040  4073 I AebsFrameSubscriber: readNextMessages count=1
         1788711865.010  4040  4073 I MainActivity: onGatewayFrame: frame seq=1399 egoSpeed=6.5627213 pts=0 intervention=false warning=false braking=false lifecycle=armed range=null bearing=null rss=null
         1788711865.110  4040  4073 I AebsFrameSubscriber: onMessagesAvailable callback
         1788711865.110  4040  4073 I AebsFrameSubscriber: readNextMessages count=1
         1788711865.110  4040  4073 I MainActivity: onGatewayFrame: frame seq=1400 egoSpeed=6.5627213 pts=0 intervention=false warning=false braking=false lifecycle=armed range=null bearing=null rss=null
         1788711865.210  4040  4073 I AebsFrameSubscriber: onMessagesAvailable callback
         1788711865.210  4040  4073 I AebsFrameSubscriber: readNextMessages count=1
         1788711865.210  4040  4073 I MainActivity: onGatewayFrame: frame seq=1401 egoSpeed=6.5627213 pts=0 intervention=false warning=false braking=false lifecycle=armed range=null bearing=null rss=null
         1788711865.310  4040  4073 I AebsFrameSubscriber: onMessagesAvailable callback
         1788711865.310  4040  4073 I AebsFrameSubscriber: readNextMessages count=1
         1788711865.310  4040  4073 I MainActivity: onGatewayFrame: frame seq=1402 egoSpeed=6.5627213 pts=0 intervention=false warning=false braking=false lifecycle=armed range=null bearing=null rss=null
         1788711865.410  4040  4073 I AebsFrameSubscriber: onMessagesAvailable callback
         1788711865.410  4040  4073 I AebsFrameSubscriber: readNextMessages count=1
         1788711865.410  4040  4073 I MainActivity: onGatewayFrame: frame seq=1403 egoSpeed=6.5627213 pts=0 intervention=false warning=false braking=false lifecycle=armed range=null bearing=null rss=null
         1788711865.510  4040  4073 I AebsFrameSubscriber: onMessagesAvailable callback
         1788711865.510  4040  4073 I AebsFrameSubscriber: readNextMessages count=1
         1788711865.510  4040  4073 I MainActivity: onGatewayFrame: frame seq=1404 egoSpeed=6.5627213 pts=0 intervention=false warning=false braking=false lifecycle=armed range=null bearing=null rss=null
         1788711865.610  4040  4073 I AebsFrameSubscriber: onMessagesAvailable callback
         1788711865.610  4040  4073 I AebsFrameSubscriber: readNextMessages count=1
         1788711865.610  4040  4073 I MainActivity: onGatewayFrame: frame seq=1405 egoSpeed=6.5627213 pts=0 intervention=false warning=false braking=false lifecycle=armed range=null bearing=null rss=null
         1788711865.710  4040  4073 I AebsFrameSubscriber: onMessagesAvailable callback
         1788711865.710  4040  4073 I AebsFrameSubscriber: readNextMessages count=1
         1788711865.710  4040  4073 I MainActivity: onGatewayFrame: frame seq=1406 egoSpeed=6.5627213 pts=0 intervention=false warning=false braking=false lifecycle=armed range=null bearing=null rss=null
         1788711865.810  4040  4073 I AebsFrameSubscriber: onMessagesAvailable callback
         1788711865.810  4040  4073 I AebsFrameSubscriber: readNextMessages count=1
         1788711865.810  4040  4073 I MainActivity: onGatewayFrame: frame seq=1407 egoSpeed=6.5627213 pts=0 intervention=false warning=false braking=false lifecycle=armed range=null bearing=null rss=null
         1788711865.910  4040  4073 I AebsFrameSubscriber: onMessagesAvailable callback
         1788711865.910  4040  4073 I AebsFrameSubscriber: readNextMessages count=1
         1788711865.910  4040  4073 I MainActivity: onGatewayFrame: frame seq=1408 egoSpeed=6.5627213 pts=0 intervention=false warning=false braking=false lifecycle=armed range=null bearing=null rss=null
         1788711866.010  4040  4073 I AebsFrameSubscriber: onMessagesAvailable callback
         1788711866.010  4040  4073 I AebsFrameSubscriber: readNextMessages count=1
         1788711866.010  4040  4073 I MainActivity: onGatewayFrame: frame seq=1409 egoSpeed=6.5627213 pts=0 intervention=false warning=false braking=false lifecycle=armed range=null bearing=null rss=null
         1788711866.110  4040  4073 I AebsFrameSubscriber: onMessagesAvailable callback
         1788711866.110  4040  4073 I AebsFrameSubscriber: readNextMessages count=1
         1788711866.110  4040  4073 I MainActivity: onGatewayFrame: frame seq=1410 egoSpeed=6.5627213 pts=0 intervention=false warning=false braking=false lifecycle=armed range=null bearing=null rss=null
         1788711866.210  4040  4073 I AebsFrameSubscriber: onMessagesAvailable callback
         1788711866.210  4040  4073 I AebsFrameSubscriber: readNextMessages count=1
         1788711866.210  4040  4073 I MainActivity: onGatewayFrame: frame seq=1411 egoSpeed=6.5627213 pts=0 intervention=false warning=false braking=false lifecycle=armed range=null bearing=null rss=null
         1788711866.310  4040  4073 I AebsFrameSubscriber: onMessagesAvailable callback
         1788711866.310  4040  4073 I AebsFrameSubscriber: readNextMessages count=1
         1788711866.310  4040  4073 I MainActivity: onGatewayFrame: frame seq=1412 egoSpeed=6.5627213 pts=0 intervention=false warning=false braking=false lifecycle=armed range=null bearing=null rss=null
         1788711866.410  4040  4073 I AebsFrameSubscriber: onMessagesAvailable callback
         1788711866.410  4040  4073 I AebsFrameSubscriber: readNextMessages count=1
         1788711866.410  4040  4073 I MainActivity: onGatewayFrame: frame seq=1413 egoSpeed=6.5627213 pts=0 intervention=false warning=false braking=false lifecycle=armed range=null bearing=null rss=null
         1788711866.510  4040  4073 I AebsFrameSubscriber: onMessagesAvailable callback
         1788711866.510  4040  4073 I AebsFrameSubscriber: readNextMessages count=1
         1788711866.510  4040  4073 I MainActivity: onGatewayFrame: frame seq=1414 egoSpeed=6.5627213 pts=0 intervention=false warning=false braking=false lifecycle=armed range=null bearing=null rss=null
         1788711866.610  4040  4073 I AebsFrameSubscriber: onMessagesAvailable callback
         1788711866.610  4040  4073 I AebsFrameSubscriber: readNextMessages count=1
         1788711866.610  4040  4073 I MainActivity: onGatewayFrame: frame seq=1415 egoSpeed=6.5627213 pts=0 intervention=false warning=false braking=false lifecycle=armed range=null bearing=null rss=null
         1788711866.710  4040  4073 I AebsFrameSubscriber: onMessagesAvailable callback
         1788711866.710  4040  4073 I AebsFrameSubscriber: readNextMessages count=1
         1788711866.710  4040  4073 I MainActivity: onGatewayFrame: frame seq=1416 egoSpeed=6.5627213 pts=0 intervention=false warning=false braking=false lifecycle=armed range=null bearing=null rss=null
         1788711866.810  4040  4073 I AebsFrameSubscriber: onMessagesAvailable callback
         1788711866.810  4040  4073 I AebsFrameSubscriber: readNextMessages count=1
         1788711866.810  4040  4073 I MainActivity: onGatewayFrame: frame seq=1417 egoSpeed=6.5627213 pts=0 intervention=false warning=false braking=false lifecycle=armed range=null bearing=null rss=null
         1788711866.910  4040  4073 I AebsFrameSubscriber: onMessagesAvailable callback
         1788711866.910  4040  4073 I AebsFrameSubscriber: readNextMessages count=1
         1788711866.910  4040  4073 I MainActivity: onGatewayFrame: frame seq=1418 egoSpeed=6.5627213 pts=0 intervention=false warning=false braking=false lifecycle=armed range=null bearing=null rss=null
         1788711867.010  4040  4073 I AebsFrameSubscriber: onMessagesAvailable callback
         1788711867.010  4040  4073 I AebsFrameSubscriber: readNextMessages count=1
         1788711867.010  4040  4073 I MainActivity: onGatewayFrame: frame seq=1419 egoSpeed=6.5627213 pts=0 intervention=false warning=false braking=false lifecycle=armed range=null bearing=null rss=null
         1788711867.110  4040  4073 I AebsFrameSubscriber: onMessagesAvailable callback
         1788711867.110  4040  4073 I AebsFrameSubscriber: readNextMessages count=1
         1788711867.110  4040  4073 I MainActivity: onGatewayFrame: frame seq=1420 egoSpeed=6.5627213 pts=0 intervention=false warning=false braking=false lifecycle=armed range=null bearing=null rss=null
         1788711867.210  4040  4073 I AebsFrameSubscriber: onMessagesAvailable callback
         1788711867.210  4040  4073 I AebsFrameSubscriber: readNextMessages count=1
         1788711867.210  4040  4073 I MainActivity: onGatewayFrame: frame seq=1421 egoSpeed=6.5627213 pts=0 intervention=false warning=false braking=false lifecycle=armed range=null bearing=null rss=null
         1788711867.309  4040  4073 I AebsFrameSubscriber: onMessagesAvailable callback
         1788711867.310  4040  4073 I AebsFrameSubscriber: readNextMessages count=1
         1788711867.310  4040  4073 I MainActivity: onGatewayFrame: frame seq=1422 egoSpeed=6.5627213 pts=0 intervention=false warning=false braking=false lifecycle=armed range=null bearing=null rss=null
         1788711867.410  4040  4073 I AebsFrameSubscriber: onMessagesAvailable callback
         1788711867.410  4040  4073 I AebsFrameSubscriber: readNextMessages count=1
         1788711867.410  4040  4073 I MainActivity: onGatewayFrame: frame seq=1423 egoSpeed=6.5627213 pts=0 intervention=false warning=false braking=false lifecycle=armed range=null bearing=null rss=null
         1788711867.509  4040  4073 I AebsFrameSubscriber: onMessagesAvailable callback
         1788711867.510  4040  4073 I AebsFrameSubscriber: readNextMessages count=1
         1788711867.510  4040  4073 I MainActivity: onGatewayFrame: frame seq=1424 egoSpeed=6.5627213 pts=0 intervention=false warning=false braking=false lifecycle=armed range=null bearing=null rss=null
         1788711867.609  4040  4073 I AebsFrameSubscriber: onMessagesAvailable callback
         1788711867.610  4040  4073 I AebsFrameSubscriber: readNextMessages count=1
         1788711867.610  4040  4073 I MainActivity: onGatewayFrame: frame seq=1425 egoSpeed=6.5627213 pts=0 intervention=false warning=false braking=false lifecycle=armed range=null bearing=null rss=null
         1788711867.710  4040  4073 I AebsFrameSubscriber: onMessagesAvailable callback
         1788711867.710  4040  4073 I AebsFrameSubscriber: readNextMessages count=1
         1788711867.710  4040  4073 I MainActivity: onGatewayFrame: frame seq=1426 egoSpeed=6.5627213 pts=0 intervention=false warning=false braking=false lifecycle=armed range=null bearing=null rss=null
         1788711867.810  4040  4073 I AebsFrameSubscriber: onMessagesAvailable callback
         1788711867.810  4040  4073 I AebsFrameSubscriber: readNextMessages count=1
         1788711867.810  4040  4073 I MainActivity: onGatewayFrame: frame seq=1427 egoSpeed=6.5627213 pts=0 intervention=false warning=false braking=false lifecycle=armed range=null bearing=null rss=null
         1788711867.931  4040  4073 I AebsFrameSubscriber: readNextMessages count=1
         1788711867.931  4040  4073 I MainActivity: onGatewayFrame: frame seq=1428 egoSpeed=6.5627213 pts=0 intervention=false warning=false braking=false lifecycle=armed range=null bearing=null rss=null
         1788711867.931  4040  4073 I AebsFrameSubscriber: onMessagesAvailable callback
         1788711868.009  4040  4073 I AebsFrameSubscriber: onMessagesAvailable callback
         1788711868.010  4040  4073 I AebsFrameSubscriber: readNextMessages count=1
         1788711868.010  4040  4073 I MainActivity: onGatewayFrame: frame seq=1429 egoSpeed=6.5627213 pts=0 intervention=false warning=false braking=false lifecycle=armed range=null bearing=null rss=null
         1788711868.110  4040  4073 I AebsFrameSubscriber: onMessagesAvailable callback
         1788711868.110  4040  4073 I AebsFrameSubscriber: readNextMessages count=1
         1788711868.110  4040  4073 I MainActivity: onGatewayFrame: frame seq=1430 egoSpeed=6.5627213 pts=0 intervention=false warning=false braking=false lifecycle=armed range=null bearing=null rss=null
         1788711868.209  4040  4073 I AebsFrameSubscriber: onMessagesAvailable callback
         1788711868.210  4040  4073 I AebsFrameSubscriber: readNextMessages count=1
         1788711868.210  4040  4073 I MainActivity: onGatewayFrame: frame seq=1431 egoSpeed=6.5627213 pts=0 intervention=false warning=false braking=false lifecycle=armed range=null bearing=null rss=null
         1788711868.309  4040  4073 I AebsFrameSubscriber: onMessagesAvailable callback
         1788711868.310  4040  4073 I AebsFrameSubscriber: readNextMessages count=1
         1788711868.310  4040  4073 I MainActivity: onGatewayFrame: frame seq=1432 egoSpeed=6.5627213 pts=0 intervention=false warning=false braking=false lifecycle=armed range=null bearing=null rss=null
         1788711868.409  4040  4073 I AebsFrameSubscriber: onMessagesAvailable callback
         1788711868.410  4040  4073 I AebsFrameSubscriber: readNextMessages count=1
         1788711868.410  4040  4073 I MainActivity: onGatewayFrame: frame seq=1433 egoSpeed=6.5627213 pts=0 intervention=false warning=false braking=false lifecycle=armed range=null bearing=null rss=null
         1788711868.509  4040  4073 I AebsFrameSubscriber: onMessagesAvailable callback
         1788711868.510  4040  4073 I AebsFrameSubscriber: readNextMessages count=1
         1788711868.510  4040  4073 I MainActivity: onGatewayFrame: frame seq=1434 egoSpeed=6.5627213 pts=0 intervention=false warning=false braking=false lifecycle=armed range=null bearing=null rss=null
         1788711868.609  4040  4073 I AebsFrameSubscriber: onMessagesAvailable callback
         1788711868.610  4040  4073 I AebsFrameSubscriber: readNextMessages count=1
         1788711868.610  4040  4073 I MainActivity: onGatewayFrame: frame seq=1435 egoSpeed=6.5627213 pts=0 intervention=false warning=false braking=false lifecycle=armed range=null bearing=null rss=null
         1788711868.709  4040  4073 I AebsFrameSubscriber: onMessagesAvailable callback
         1788711868.710  4040  4073 I AebsFrameSubscriber: readNextMessages count=1
         1788711868.710  4040  4073 I MainActivity: onGatewayFrame: frame seq=1436 egoSpeed=6.5627213 pts=0 intervention=false warning=false braking=false lifecycle=armed range=null bearing=null rss=null
         1788711868.809  4040  4073 I AebsFrameSubscriber: onMessagesAvailable callback
         1788711868.810  4040  4073 I AebsFrameSubscriber: readNextMessages count=1
         1788711868.810  4040  4073 I MainActivity: onGatewayFrame: frame seq=1437 egoSpeed=6.5627213 pts=0 intervention=false warning=false braking=false lifecycle=armed range=null bearing=null rss=null
         1788711868.909  4040  4073 I AebsFrameSubscriber: onMessagesAvailable callback
         1788711868.910  4040  4073 I AebsFrameSubscriber: readNextMessages count=1
         1788711868.910  4040  4073 I MainActivity: onGatewayFrame: frame seq=1438 egoSpeed=6.5627213 pts=0 intervention=false warning=false braking=false lifecycle=armed range=null bearing=null rss=null
         1788711869.009  4040  4073 I AebsFrameSubscriber: onMessagesAvailable callback
         1788711869.010  4040  4073 I AebsFrameSubscriber: readNextMessages count=1
         1788711869.010  4040  4073 I MainActivity: onGatewayFrame: frame seq=1439 egoSpeed=6.5627213 pts=0 intervention=false warning=false braking=false lifecycle=armed range=null bearing=null rss=null
         1788711869.110  4040  4073 I AebsFrameSubscriber: onMessagesAvailable callback
         1788711869.110  4040  4073 I AebsFrameSubscriber: readNextMessages count=1
         1788711869.110  4040  4073 I MainActivity: onGatewayFrame: frame seq=1440 egoSpeed=6.5627213 pts=0 intervention=false warning=false braking=false lifecycle=armed range=null bearing=null rss=null
         1788711869.209  4040  4073 I AebsFrameSubscriber: onMessagesAvailable callback
         1788711869.210  4040  4073 I AebsFrameSubscriber: readNextMessages count=1
         1788711869.210  4040  4073 I MainActivity: onGatewayFrame: frame seq=1441 egoSpeed=6.5627213 pts=0 intervention=false warning=false braking=false lifecycle=armed range=null bearing=null rss=null
         1788711869.309  4040  4073 I AebsFrameSubscriber: onMessagesAvailable callback
         1788711869.310  4040  4073 I AebsFrameSubscriber: readNextMessages count=1
         1788711869.310  4040  4073 I MainActivity: onGatewayFrame: frame seq=1442 egoSpeed=6.5627213 pts=0 intervention=false warning=false braking=false lifecycle=armed range=null bearing=null rss=null
         1788711869.409  4040  4073 I AebsFrameSubscriber: onMessagesAvailable callback
         1788711869.410  4040  4073 I AebsFrameSubscriber: readNextMessages count=1
         1788711869.410  4040  4073 I MainActivity: onGatewayFrame: frame seq=1443 egoSpeed=6.5627213 pts=0 intervention=false warning=false braking=false lifecycle=armed range=null bearing=null rss=null
         1788711869.509  4040  4073 I AebsFrameSubscriber: onMessagesAvailable callback
         1788711869.510  4040  4073 I AebsFrameSubscriber: readNextMessages count=1
         1788711869.510  4040  4073 I MainActivity: onGatewayFrame: frame seq=1444 egoSpeed=6.5627213 pts=0 intervention=false warning=false braking=false lifecycle=armed range=null bearing=null rss=null
         1788711869.609  4040  4073 I AebsFrameSubscriber: onMessagesAvailable callback
         1788711869.610  4040  4073 I AebsFrameSubscriber: readNextMessages count=1
         1788711869.610  4040  4073 I MainActivity: onGatewayFrame: frame seq=1445 egoSpeed=6.5627213 pts=0 intervention=false warning=false braking=false lifecycle=armed range=null bearing=null rss=null
         1788711869.709  4040  4073 I AebsFrameSubscriber: onMessagesAvailable callback
         1788711869.710  4040  4073 I AebsFrameSubscriber: readNextMessages count=1
         1788711869.710  4040  4073 I MainActivity: onGatewayFrame: frame seq=1446 egoSpeed=6.5627213 pts=0 intervention=false warning=false braking=false lifecycle=armed range=null bearing=null rss=null
         1788711869.809  4040  4073 I AebsFrameSubscriber: onMessagesAvailable callback
         1788711869.810  4040  4073 I AebsFrameSubscriber: readNextMessages count=1
         1788711869.810  4040  4073 I MainActivity: onGatewayFrame: frame seq=1447 egoSpeed=6.5627213 pts=0 intervention=false warning=false braking=false lifecycle=armed range=null bearing=null rss=null
         1788711869.910  4040  4073 I AebsFrameSubscriber: onMessagesAvailable callback
         1788711869.910  4040  4073 I AebsFrameSubscriber: readNextMessages count=1
         1788711869.910  4040  4073 I MainActivity: onGatewayFrame: frame seq=1448 egoSpeed=6.5627213 pts=0 intervention=false warning=false braking=false lifecycle=armed range=null bearing=null rss=null
         1788711870.010  4040  4073 I AebsFrameSubscriber: onMessagesAvailable callback
         1788711870.010  4040  4073 I AebsFrameSubscriber: readNextMessages count=1
         1788711870.010  4040  4073 I MainActivity: onGatewayFrame: frame seq=1449 egoSpeed=6.5627213 pts=0 intervention=false warning=false braking=false lifecycle=armed range=null bearing=null rss=null
         1788711870.109  4040  4073 I AebsFrameSubscriber: onMessagesAvailable callback
         1788711870.110  4040  4073 I AebsFrameSubscriber: readNextMessages count=1
         1788711870.110  4040  4073 I MainActivity: onGatewayFrame: frame seq=1450 egoSpeed=6.5627213 pts=0 intervention=false warning=false braking=false lifecycle=armed range=null bearing=null rss=null
         1788711870.209  4040  4073 I AebsFrameSubscriber: onMessagesAvailable callback
         1788711870.210  4040  4073 I AebsFrameSubscriber: readNextMessages count=1
         1788711870.210  4040  4073 I MainActivity: onGatewayFrame: frame seq=1451 egoSpeed=6.5627213 pts=0 intervention=false warning=false braking=false lifecycle=armed range=null bearing=null rss=null
         1788711870.309  4040  4073 I AebsFrameSubscriber: onMessagesAvailable callback
         1788711870.310  4040  4073 I AebsFrameSubscriber: readNextMessages count=1
         1788711870.310  4040  4073 I MainActivity: onGatewayFrame: frame seq=1452 egoSpeed=6.5627213 pts=0 intervention=false warning=false braking=false lifecycle=armed range=null bearing=null rss=null
         1788711870.410  4040  4073 I AebsFrameSubscriber: onMessagesAvailable callback
         1788711870.410  4040  4073 I AebsFrameSubscriber: readNextMessages count=1
         1788711870.410  4040  4073 I MainActivity: onGatewayFrame: frame seq=1453 egoSpeed=6.5627213 pts=0 intervention=false warning=false braking=false lifecycle=armed range=null bearing=null rss=null
         1788711870.509  4040  4073 I AebsFrameSubscriber: onMessagesAvailable callback
         1788711870.510  4040  4073 I AebsFrameSubscriber: readNextMessages count=1
         1788711870.510  4040  4073 I MainActivity: onGatewayFrame: frame seq=1454 egoSpeed=6.5627213 pts=0 intervention=false warning=false braking=false lifecycle=armed range=null bearing=null rss=null
         1788711870.609  4040  4073 I AebsFrameSubscriber: onMessagesAvailable callback
         1788711870.610  4040  4073 I AebsFrameSubscriber: readNextMessages count=1
         1788711870.610  4040  4073 I MainActivity: onGatewayFrame: frame seq=1455 egoSpeed=6.5627213 pts=0 intervention=false warning=false braking=false lifecycle=armed range=null bearing=null rss=null
         1788711870.709  4040  4073 I AebsFrameSubscriber: onMessagesAvailable callback
         1788711870.710  4040  4073 I AebsFrameSubscriber: readNextMessages count=1
         1788711870.710  4040  4073 I MainActivity: onGatewayFrame: frame seq=1456 egoSpeed=6.5627213 pts=0 intervention=false warning=false braking=false lifecycle=armed range=null bearing=null rss=null
         1788711870.809  4040  4073 I AebsFrameSubscriber: onMessagesAvailable callback
         1788711870.810  4040  4073 I AebsFrameSubscriber: readNextMessages count=1
         1788711870.810  4040  4073 I MainActivity: onGatewayFrame: frame seq=1457 egoSpeed=6.5627213 pts=0 intervention=false warning=false braking=false lifecycle=armed range=null bearing=null rss=null
         1788711870.909  4040  4073 I AebsFrameSubscriber: onMessagesAvailable callback
         1788711870.910  4040  4073 I AebsFrameSubscriber: readNextMessages count=1
         1788711870.910  4040  4073 I MainActivity: onGatewayFrame: frame seq=1458 egoSpeed=6.5627213 pts=0 intervention=false warning=false braking=false lifecycle=armed range=null bearing=null rss=null
         1788711871.009  4040  4073 I AebsFrameSubscriber: onMessagesAvailable callback
         1788711871.010  4040  4073 I AebsFrameSubscriber: readNextMessages count=1
         1788711871.010  4040  4073 I MainActivity: onGatewayFrame: frame seq=1459 egoSpeed=6.5627213 pts=0 intervention=false warning=false braking=false lifecycle=armed range=null bearing=null rss=null
         1788711871.110  4040  4073 I AebsFrameSubscriber: onMessagesAvailable callback
         1788711871.110  4040  4073 I AebsFrameSubscriber: readNextMessages count=1
         1788711871.110  4040  4073 I MainActivity: onGatewayFrame: frame seq=1460 egoSpeed=6.5627213 pts=0 intervention=false warning=false braking=false lifecycle=armed range=null bearing=null rss=null
         1788711871.209  4040  4073 I AebsFrameSubscriber: onMessagesAvailable callback
         1788711871.210  4040  4073 I AebsFrameSubscriber: readNextMessages count=1
         1788711871.210  4040  4073 I MainActivity: onGatewayFrame: frame seq=1461 egoSpeed=6.5627213 pts=0 intervention=false warning=false braking=false lifecycle=armed range=null bearing=null rss=null
         1788711871.309  4040  4073 I AebsFrameSubscriber: onMessagesAvailable callback
         1788711871.310  4040  4073 I AebsFrameSubscriber: readNextMessages count=1
         1788711871.310  4040  4073 I MainActivity: onGatewayFrame: frame seq=1462 egoSpeed=6.5627213 pts=0 intervention=false warning=false braking=false lifecycle=armed range=null bearing=null rss=null
         1788711871.409  4040  4073 I AebsFrameSubscriber: onMessagesAvailable callback
         1788711871.410  4040  4073 I AebsFrameSubscriber: readNextMessages count=1
         1788711871.410  4040  4073 I MainActivity: onGatewayFrame: frame seq=1463 egoSpeed=6.5627213 pts=0 intervention=false warning=false braking=false lifecycle=armed range=null bearing=null rss=null
         1788711871.509  4040  4073 I AebsFrameSubscriber: onMessagesAvailable callback
         1788711871.510  4040  4073 I AebsFrameSubscriber: readNextMessages count=1
         1788711871.510  4040  4073 I MainActivity: onGatewayFrame: frame seq=1464 egoSpeed=6.5627213 pts=0 intervention=false warning=false braking=false lifecycle=armed range=null bearing=null rss=null
         1788711871.609  4040  4073 I AebsFrameSubscriber: onMessagesAvailable callback
         1788711871.610  4040  4073 I AebsFrameSubscriber: readNextMessages count=1
         1788711871.610  4040  4073 I MainActivity: onGatewayFrame: frame seq=1465 egoSpeed=6.5627213 pts=0 intervention=false warning=false braking=false lifecycle=armed range=null bearing=null rss=null
         1788711871.710  4040  4073 I AebsFrameSubscriber: onMessagesAvailable callback
         1788711871.710  4040  4073 I AebsFrameSubscriber: readNextMessages count=1
         1788711871.710  4040  4073 I MainActivity: onGatewayFrame: frame seq=1466 egoSpeed=6.5627213 pts=0 intervention=false warning=false braking=false lifecycle=armed range=null bearing=null rss=null
         1788711871.811  4040  4073 I AebsFrameSubscriber: onMessagesAvailable callback
         1788711871.811  4040  4073 I AebsFrameSubscriber: readNextMessages count=1
         1788711871.812  4040  4073 I MainActivity: onGatewayFrame: frame seq=1467 egoSpeed=6.5627213 pts=0 intervention=false warning=false braking=false lifecycle=armed range=null bearing=null rss=null
         1788711871.935  4040  4073 I AebsFrameSubscriber: readNextMessages count=1
         1788711871.935  4040  4073 I MainActivity: onGatewayFrame: frame seq=1468 egoSpeed=6.5627213 pts=0 intervention=false warning=false braking=false lifecycle=armed range=null bearing=null rss=null
         1788711871.935  4040  4073 I AebsFrameSubscriber: onMessagesAvailable callback
         1788711872.009  4040  4073 I AebsFrameSubscriber: onMessagesAvailable callback
         1788711872.010  4040  4073 I AebsFrameSubscriber: readNextMessages count=1
         1788711872.010  4040  4073 I MainActivity: onGatewayFrame: frame seq=1469 egoSpeed=6.5627213 pts=0 intervention=false warning=false braking=false lifecycle=armed range=null bearing=null rss=null
         1788711872.109  4040  4073 I AebsFrameSubscriber: onMessagesAvailable callback
         1788711872.110  4040  4073 I AebsFrameSubscriber: readNextMessages count=1
         1788711872.110  4040  4073 I MainActivity: onGatewayFrame: frame seq=1470 egoSpeed=6.5627213 pts=0 intervention=false warning=false braking=false lifecycle=armed range=null bearing=null rss=null
         1788711872.209  4040  4073 I AebsFrameSubscriber: onMessagesAvailable callback
         1788711872.210  4040  4073 I AebsFrameSubscriber: readNextMessages count=1
         1788711872.210  4040  4073 I MainActivity: onGatewayFrame: frame seq=1471 egoSpeed=6.5627213 pts=0 intervention=false warning=false braking=false lifecycle=armed range=null bearing=null rss=null
         1788711872.309  4040  4073 I AebsFrameSubscriber: onMessagesAvailable callback
         1788711872.310  4040  4073 I AebsFrameSubscriber: readNextMessages count=1
         1788711872.310  4040  4073 I MainActivity: onGatewayFrame: frame seq=1472 egoSpeed=6.5627213 pts=0 intervention=false warning=false braking=false lifecycle=armed range=null bearing=null rss=null
         1788711872.409  4040  4073 I AebsFrameSubscriber: onMessagesAvailable callback
         1788711872.410  4040  4073 I AebsFrameSubscriber: readNextMessages count=1
         1788711872.410  4040  4073 I MainActivity: onGatewayFrame: frame seq=1473 egoSpeed=6.5627213 pts=0 intervention=false warning=false braking=false lifecycle=armed range=null bearing=null rss=null
         1788711872.509  4040  4073 I AebsFrameSubscriber: onMessagesAvailable callback
         1788711872.510  4040  4073 I AebsFrameSubscriber: readNextMessages count=1
         1788711872.510  4040  4073 I MainActivity: onGatewayFrame: frame seq=1474 egoSpeed=6.5627213 pts=0 intervention=false warning=false braking=false lifecycle=armed range=null bearing=null rss=null
         1788711872.609  4040  4073 I AebsFrameSubscriber: onMessagesAvailable callback
         1788711872.610  4040  4073 I AebsFrameSubscriber: readNextMessages count=1
         1788711872.610  4040  4073 I MainActivity: onGatewayFrame: frame seq=1475 egoSpeed=6.5627213 pts=0 intervention=false warning=false braking=false lifecycle=armed range=null bearing=null rss=null
         1788711872.709  4040  4073 I AebsFrameSubscriber: onMessagesAvailable callback
         1788711872.710  4040  4073 I AebsFrameSubscriber: readNextMessages count=1
         1788711872.710  4040  4073 I MainActivity: onGatewayFrame: frame seq=1476 egoSpeed=6.5627213 pts=0 intervention=false warning=false braking=false lifecycle=armed range=null bearing=null rss=null
         1788711872.809  4040  4073 I AebsFrameSubscriber: onMessagesAvailable callback
         1788711872.810  4040  4073 I AebsFrameSubscriber: readNextMessages count=1
         1788711872.810  4040  4073 I MainActivity: onGatewayFrame: frame seq=1477 egoSpeed=6.5627213 pts=0 intervention=false warning=false braking=false lifecycle=armed range=null bearing=null rss=null
         1788711872.909  4040  4073 I AebsFrameSubscriber: onMessagesAvailable callback
         1788711872.910  4040  4073 I AebsFrameSubscriber: readNextMessages count=1
         1788711872.910  4040  4073 I MainActivity: onGatewayFrame: frame seq=1478 egoSpeed=6.5627213 pts=0 intervention=false warning=false braking=false lifecycle=armed range=null bearing=null rss=null
         1788711873.009  4040  4073 I AebsFrameSubscriber: onMessagesAvailable callback
         1788711873.010  4040  4073 I AebsFrameSubscriber: readNextMessages count=1
         1788711873.010  4040  4073 I MainActivity: onGatewayFrame: frame seq=1479 egoSpeed=6.5627213 pts=0 intervention=false warning=false braking=false lifecycle=armed range=null bearing=null rss=null
         1788711873.109  4040  4073 I AebsFrameSubscriber: onMessagesAvailable callback
         1788711873.110  4040  4073 I AebsFrameSubscriber: readNextMessages count=1
         1788711873.110  4040  4073 I MainActivity: onGatewayFrame: frame seq=1480 egoSpeed=6.5627213 pts=0 intervention=false warning=false braking=false lifecycle=armed range=null bearing=null rss=null
         1788711873.209  4040  4073 I AebsFrameSubscriber: onMessagesAvailable callback
         1788711873.209  4040  4073 I AebsFrameSubscriber: readNextMessages count=1
         1788711873.210  4040  4073 I MainActivity: onGatewayFrame: frame seq=1481 egoSpeed=6.5627213 pts=0 intervention=false warning=false braking=false lifecycle=armed range=null bearing=null rss=null
         1788711873.309  4040  4073 I AebsFrameSubscriber: onMessagesAvailable callback
         1788711873.309  4040  4073 I AebsFrameSubscriber: readNextMessages count=1
         1788711873.309  4040  4073 I MainActivity: onGatewayFrame: frame seq=1482 egoSpeed=6.5627213 pts=0 intervention=false warning=false braking=false lifecycle=armed range=null bearing=null rss=null
         1788711873.409  4040  4073 I AebsFrameSubscriber: onMessagesAvailable callback
         1788711873.410  4040  4073 I AebsFrameSubscriber: readNextMessages count=1
         1788711873.410  4040  4073 I MainActivity: onGatewayFrame: frame seq=1483 egoSpeed=6.5627213 pts=0 intervention=false warning=false braking=false lifecycle=armed range=null bearing=null rss=null
         1788711873.509  4040  4073 I AebsFrameSubscriber: onMessagesAvailable callback
         1788711873.510  4040  4073 I AebsFrameSubscriber: readNextMessages count=1
         1788711873.510  4040  4073 I MainActivity: onGatewayFrame: frame seq=1484 egoSpeed=6.5627213 pts=0 intervention=false warning=false braking=false lifecycle=armed range=null bearing=null rss=null
         1788711873.609  4040  4073 I AebsFrameSubscriber: onMessagesAvailable callback
         1788711873.609  4040  4073 I AebsFrameSubscriber: readNextMessages count=1
         1788711873.609  4040  4073 I MainActivity: onGatewayFrame: frame seq=1485 egoSpeed=6.5627213 pts=0 intervention=false warning=false braking=false lifecycle=armed range=null bearing=null rss=null
         1788711873.709  4040  4073 I AebsFrameSubscriber: onMessagesAvailable callback
         1788711873.710  4040  4073 I AebsFrameSubscriber: readNextMessages count=1
         1788711873.710  4040  4073 I MainActivity: onGatewayFrame: frame seq=1486 egoSpeed=6.5627213 pts=0 intervention=false warning=false braking=false lifecycle=armed range=null bearing=null rss=null
         1788711873.809  4040  4073 I AebsFrameSubscriber: onMessagesAvailable callback
         1788711873.809  4040  4073 I AebsFrameSubscriber: readNextMessages count=1
         1788711873.810  4040  4073 I MainActivity: onGatewayFrame: frame seq=1487 egoSpeed=6.5627213 pts=0 intervention=false warning=false braking=false lifecycle=armed range=null bearing=null rss=null
         1788711873.909  4040  4073 I AebsFrameSubscriber: onMessagesAvailable callback
         1788711873.910  4040  4073 I AebsFrameSubscriber: readNextMessages count=1
         1788711873.910  4040  4073 I MainActivity: onGatewayFrame: frame seq=1488 egoSpeed=6.5627213 pts=0 intervention=false warning=false braking=false lifecycle=armed range=null bearing=null rss=null
         1788711874.009  4040  4073 I AebsFrameSubscriber: onMessagesAvailable callback
         1788711874.010  4040  4073 I AebsFrameSubscriber: readNextMessages count=1
         1788711874.010  4040  4073 I MainActivity: onGatewayFrame: frame seq=1489 egoSpeed=6.5627213 pts=0 intervention=false warning=false braking=false lifecycle=armed range=null bearing=null rss=null
         1788711874.109  4040  4073 I AebsFrameSubscriber: onMessagesAvailable callback
         1788711874.109  4040  4073 I AebsFrameSubscriber: readNextMessages count=1
         1788711874.110  4040  4073 I MainActivity: onGatewayFrame: frame seq=1490 egoSpeed=6.5627213 pts=0 intervention=false warning=false braking=false lifecycle=armed range=null bearing=null rss=null
         1788711874.209  4040  4073 I AebsFrameSubscriber: onMessagesAvailable callback
         1788711874.210  4040  4073 I AebsFrameSubscriber: readNextMessages count=1
         1788711874.210  4040  4073 I MainActivity: onGatewayFrame: frame seq=1491 egoSpeed=6.5627213 pts=0 intervention=false warning=false braking=false lifecycle=armed range=null bearing=null rss=null
         1788711874.309  4040  4073 I AebsFrameSubscriber: onMessagesAvailable callback
         1788711874.310  4040  4073 I AebsFrameSubscriber: readNextMessages count=1
         1788711874.310  4040  4073 I MainActivity: onGatewayFrame: frame seq=1492 egoSpeed=6.5627213 pts=0 intervention=false warning=false braking=false lifecycle=armed range=null bearing=null rss=null
         1788711874.409  4040  4073 I AebsFrameSubscriber: onMessagesAvailable callback
         1788711874.410  4040  4073 I AebsFrameSubscriber: readNextMessages count=1
         1788711874.410  4040  4073 I MainActivity: onGatewayFrame: frame seq=1493 egoSpeed=6.5627213 pts=0 intervention=false warning=false braking=false lifecycle=armed range=null bearing=null rss=null
         1788711874.509  4040  4073 I AebsFrameSubscriber: onMessagesAvailable callback
         1788711874.510  4040  4073 I AebsFrameSubscriber: readNextMessages count=1
         1788711874.510  4040  4073 I MainActivity: onGatewayFrame: frame seq=1494 egoSpeed=6.5627213 pts=0 intervention=false warning=false braking=false lifecycle=armed range=null bearing=null rss=null
         1788711874.609  4040  4073 I AebsFrameSubscriber: onMessagesAvailable callback
         1788711874.610  4040  4073 I AebsFrameSubscriber: readNextMessages count=1
         1788711874.610  4040  4073 I MainActivity: onGatewayFrame: frame seq=1495 egoSpeed=6.5627213 pts=0 intervention=false warning=false braking=false lifecycle=armed range=null bearing=null rss=null
         1788711874.709  4040  4073 I AebsFrameSubscriber: onMessagesAvailable callback
         1788711874.710  4040  4073 I AebsFrameSubscriber: readNextMessages count=1
         1788711874.710  4040  4073 I MainActivity: onGatewayFrame: frame seq=1496 egoSpeed=6.5627213 pts=0 intervention=false warning=false braking=false lifecycle=armed range=null bearing=null rss=null
         1788711874.809  4040  4073 I AebsFrameSubscriber: onMessagesAvailable callback
         1788711874.809  4040  4073 I AebsFrameSubscriber: readNextMessages count=1
         1788711874.810  4040  4073 I MainActivity: onGatewayFrame: frame seq=1497 egoSpeed=6.5627213 pts=0 intervention=false warning=false braking=false lifecycle=armed range=null bearing=null rss=null
         1788711874.909  4040  4073 I AebsFrameSubscriber: onMessagesAvailable callback
         1788711874.910  4040  4073 I AebsFrameSubscriber: readNextMessages count=1
         1788711874.910  4040  4073 I MainActivity: onGatewayFrame: frame seq=1498 egoSpeed=6.5627213 pts=0 intervention=false warning=false braking=false lifecycle=armed range=null bearing=null rss=null
         1788711875.009  4040  4073 I AebsFrameSubscriber: onMessagesAvailable callback
         1788711875.010  4040  4073 I AebsFrameSubscriber: readNextMessages count=1
         1788711875.010  4040  4073 I MainActivity: onGatewayFrame: frame seq=1499 egoSpeed=6.5627213 pts=0 intervention=false warning=false braking=false lifecycle=armed range=null bearing=null rss=null
         1788711875.109  4040  4073 I AebsFrameSubscriber: onMessagesAvailable callback
         1788711875.110  4040  4073 I AebsFrameSubscriber: readNextMessages count=1
         1788711875.110  4040  4073 I MainActivity: onGatewayFrame: frame seq=1500 egoSpeed=6.5627213 pts=0 intervention=false warning=false braking=false lifecycle=armed range=null bearing=null rss=null
         1788711875.209  4040  4073 I AebsFrameSubscriber: onMessagesAvailable callback
         1788711875.210  4040  4073 I AebsFrameSubscriber: readNextMessages count=1
         1788711875.210  4040  4073 I MainActivity: onGatewayFrame: frame seq=1501 egoSpeed=6.5627213 pts=0 intervention=false warning=false braking=false lifecycle=armed range=null bearing=null rss=null
         1788711875.309  4040  4073 I AebsFrameSubscriber: onMessagesAvailable callback
         1788711875.310  4040  4073 I AebsFrameSubscriber: readNextMessages count=1
         1788711875.310  4040  4073 I MainActivity: onGatewayFrame: frame seq=1502 egoSpeed=6.5627213 pts=0 intervention=false warning=false braking=false lifecycle=armed range=null bearing=null rss=null
         1788711875.409  4040  4073 I AebsFrameSubscriber: onMessagesAvailable callback
         1788711875.410  4040  4073 I AebsFrameSubscriber: readNextMessages count=1
         1788711875.410  4040  4073 I MainActivity: onGatewayFrame: frame seq=1503 egoSpeed=6.5627213 pts=0 intervention=false warning=false braking=false lifecycle=armed range=null bearing=null rss=null
         1788711875.509  4040  4073 I AebsFrameSubscriber: onMessagesAvailable callback
         1788711875.510  4040  4073 I AebsFrameSubscriber: readNextMessages count=1
         1788711875.510  4040  4073 I MainActivity: onGatewayFrame: frame seq=1504 egoSpeed=6.5627213 pts=0 intervention=false warning=false braking=false lifecycle=armed range=null bearing=null rss=null
         1788711875.609  4040  4073 I AebsFrameSubscriber: onMessagesAvailable callback
         1788711875.610  4040  4073 I AebsFrameSubscriber: readNextMessages count=1
         1788711875.610  4040  4073 I MainActivity: onGatewayFrame: frame seq=1505 egoSpeed=6.5627213 pts=0 intervention=false warning=false braking=false lifecycle=armed range=null bearing=null rss=null
         1788711875.709  4040  4073 I AebsFrameSubscriber: onMessagesAvailable callback
         1788711875.709  4040  4073 I AebsFrameSubscriber: readNextMessages count=1
         1788711875.710  4040  4073 I MainActivity: onGatewayFrame: frame seq=1506 egoSpeed=6.5627213 pts=0 intervention=false warning=false braking=false lifecycle=armed range=null bearing=null rss=null
         1788711875.809  4040  4073 I AebsFrameSubscriber: onMessagesAvailable callback
         1788711875.810  4040  4073 I AebsFrameSubscriber: readNextMessages count=1
         1788711875.810  4040  4073 I MainActivity: onGatewayFrame: frame seq=1507 egoSpeed=6.5627213 pts=0 intervention=false warning=false braking=false lifecycle=armed range=null bearing=null rss=null
         1788711875.909  4040  4073 I AebsFrameSubscriber: onMessagesAvailable callback
         1788711875.910  4040  4073 I AebsFrameSubscriber: readNextMessages count=1
         1788711875.910  4040  4073 I MainActivity: onGatewayFrame: frame seq=1508 egoSpeed=6.5627213 pts=0 intervention=false warning=false braking=false lifecycle=armed range=null bearing=null rss=null
         1788711876.124  4040  4073 I AebsFrameSubscriber: readNextMessages count=2
         1788711876.124  4040  4073 I MainActivity: onGatewayFrame: frame seq=1509 egoSpeed=6.5627213 pts=0 intervention=false warning=false braking=false lifecycle=armed range=null bearing=null rss=null
         1788711876.124  4040  4073 I MainActivity: onGatewayFrame: frame seq=1510 egoSpeed=6.5627213 pts=0 intervention=false warning=false braking=false lifecycle=armed range=null bearing=null rss=null
         1788711876.124  4040  4073 I AebsFrameSubscriber: onMessagesAvailable callback
         1788711876.124  4040  4073 I AebsFrameSubscriber: onMessagesAvailable callback
         1788711876.209  4040  4073 I AebsFrameSubscriber: onMessagesAvailable callback
         1788711876.209  4040  4073 I AebsFrameSubscriber: readNextMessages count=1
         1788711876.210  4040  4073 I MainActivity: onGatewayFrame: frame seq=1511 egoSpeed=6.5627213 pts=0 intervention=false warning=false braking=false lifecycle=armed range=null bearing=null rss=null
         1788711876.309  4040  4073 I AebsFrameSubscriber: onMessagesAvailable callback
         1788711876.310  4040  4073 I AebsFrameSubscriber: readNextMessages count=1
         1788711876.310  4040  4073 I MainActivity: onGatewayFrame: frame seq=1512 egoSpeed=6.5627213 pts=0 intervention=false warning=false braking=false lifecycle=armed range=null bearing=null rss=null
         1788711876.409  4040  4073 I AebsFrameSubscriber: onMessagesAvailable callback
         1788711876.409  4040  4073 I AebsFrameSubscriber: readNextMessages count=1
         1788711876.409  4040  4073 I MainActivity: onGatewayFrame: frame seq=1513 egoSpeed=6.5627213 pts=0 intervention=false warning=false braking=false lifecycle=armed range=null bearing=null rss=null
         1788711876.509  4040  4073 I AebsFrameSubscriber: onMessagesAvailable callback
         1788711876.509  4040  4073 I AebsFrameSubscriber: readNextMessages count=1
         1788711876.510  4040  4073 I MainActivity: onGatewayFrame: frame seq=1514 egoSpeed=6.5627213 pts=0 intervention=false warning=false braking=false lifecycle=armed range=null bearing=null rss=null
         1788711876.609  4040  4073 I AebsFrameSubscriber: onMessagesAvailable callback
         1788711876.610  4040  4073 I AebsFrameSubscriber: readNextMessages count=1
         1788711876.610  4040  4073 I MainActivity: onGatewayFrame: frame seq=1515 egoSpeed=6.5627213 pts=0 intervention=false warning=false braking=false lifecycle=armed range=null bearing=null rss=null
         1788711876.709  4040  4073 I AebsFrameSubscriber: onMessagesAvailable callback
         1788711876.710  4040  4073 I AebsFrameSubscriber: readNextMessages count=1
         1788711876.710  4040  4073 I MainActivity: onGatewayFrame: frame seq=1516 egoSpeed=6.5627213 pts=0 intervention=false warning=false braking=false lifecycle=armed range=null bearing=null rss=null
         1788711876.809  4040  4073 I AebsFrameSubscriber: onMessagesAvailable callback
         1788711876.809  4040  4073 I AebsFrameSubscriber: readNextMessages count=1
         1788711876.809  4040  4073 I MainActivity: onGatewayFrame: frame seq=1517 egoSpeed=6.5627213 pts=0 intervention=false warning=false braking=false lifecycle=armed range=null bearing=null rss=null
         1788711876.909  4040  4073 I AebsFrameSubscriber: onMessagesAvailable callback
         1788711876.909  4040  4073 I AebsFrameSubscriber: readNextMessages count=1
         1788711876.909  4040  4073 I MainActivity: onGatewayFrame: frame seq=1518 egoSpeed=6.5627213 pts=0 intervention=false warning=false braking=false lifecycle=armed range=null bearing=null rss=null
         1788711877.009  4040  4073 I AebsFrameSubscriber: onMessagesAvailable callback
         1788711877.009  4040  4073 I AebsFrameSubscriber: readNextMessages count=1
         1788711877.010  4040  4073 I MainActivity: onGatewayFrame: frame seq=1519 egoSpeed=6.5627213 pts=0 intervention=false warning=false braking=false lifecycle=armed range=null bearing=null rss=null
         1788711877.109  4040  4073 I AebsFrameSubscriber: onMessagesAvailable callback
         1788711877.109  4040  4073 I AebsFrameSubscriber: readNextMessages count=1
         1788711877.110  4040  4073 I MainActivity: onGatewayFrame: frame seq=1520 egoSpeed=6.5627213 pts=0 intervention=false warning=false braking=false lifecycle=armed range=null bearing=null rss=null
         1788711877.209  4040  4073 I AebsFrameSubscriber: onMessagesAvailable callback
         1788711877.209  4040  4073 I AebsFrameSubscriber: readNextMessages count=1
         1788711877.210  4040  4073 I MainActivity: onGatewayFrame: frame seq=1521 egoSpeed=6.5627213 pts=0 intervention=false warning=false braking=false lifecycle=armed range=null bearing=null rss=null
         1788711877.309  4040  4073 I AebsFrameSubscriber: onMessagesAvailable callback
         1788711877.309  4040  4073 I AebsFrameSubscriber: readNextMessages count=1
         1788711877.309  4040  4073 I MainActivity: onGatewayFrame: frame seq=1522 egoSpeed=6.5627213 pts=0 intervention=false warning=false braking=false lifecycle=armed range=null bearing=null rss=null
         1788711877.409  4040  4073 I AebsFrameSubscriber: onMessagesAvailable callback
         1788711877.409  4040  4073 I AebsFrameSubscriber: readNextMessages count=1
         1788711877.409  4040  4073 I MainActivity: onGatewayFrame: frame seq=1523 egoSpeed=6.5627213 pts=0 intervention=false warning=false braking=false lifecycle=armed range=null bearing=null rss=null
         1788711877.509  4040  4073 I AebsFrameSubscriber: onMessagesAvailable callback
         1788711877.509  4040  4073 I AebsFrameSubscriber: readNextMessages count=1
         1788711877.510  4040  4073 I MainActivity: onGatewayFrame: frame seq=1524 egoSpeed=6.5627213 pts=0 intervention=false warning=false braking=false lifecycle=armed range=null bearing=null rss=null
         1788711877.609  4040  4073 I AebsFrameSubscriber: onMessagesAvailable callback
         1788711877.609  4040  4073 I AebsFrameSubscriber: readNextMessages count=1
         1788711877.609  4040  4073 I MainActivity: onGatewayFrame: frame seq=1525 egoSpeed=6.5627213 pts=0 intervention=false warning=false braking=false lifecycle=armed range=null bearing=null rss=null
         1788711877.709  4040  4073 I AebsFrameSubscriber: onMessagesAvailable callback
         1788711877.709  4040  4073 I AebsFrameSubscriber: readNextMessages count=1
         1788711877.710  4040  4073 I MainActivity: onGatewayFrame: frame seq=1526 egoSpeed=6.5627213 pts=0 intervention=false warning=false braking=false lifecycle=armed range=null bearing=null rss=null
         1788711877.809  4040  4073 I AebsFrameSubscriber: onMessagesAvailable callback
         1788711877.812  4040  4073 I AebsFrameSubscriber: readNextMessages count=1
         1788711877.812  4040  4073 I MainActivity: onGatewayFrame: frame seq=1527 egoSpeed=6.5627213 pts=24 intervention=false warning=true braking=false lifecycle=armed range=24.866623 bearing=0.0 rss=14.74094
         1788711877.909  4040  4073 I AebsFrameSubscriber: onMessagesAvailable callback
         1788711877.910  4040  4073 I AebsFrameSubscriber: readNextMessages count=1
         1788711877.910  4040  4073 I MainActivity: onGatewayFrame: frame seq=1528 egoSpeed=6.5627213 pts=24 intervention=false warning=true braking=false lifecycle=armed range=23.802704 bearing=0.0 rss=14.74094
         1788711878.009  4040  4073 I AebsFrameSubscriber: onMessagesAvailable callback
         1788711878.010  4040  4073 I AebsFrameSubscriber: readNextMessages count=1
         1788711878.010  4040  4073 I MainActivity: onGatewayFrame: frame seq=1529 egoSpeed=6.5627213 pts=24 intervention=false warning=true braking=false lifecycle=armed range=23.901047 bearing=0.0 rss=14.74094
         1788711878.109  4040  4073 I AebsFrameSubscriber: onMessagesAvailable callback
         1788711878.110  4040  4073 I AebsFrameSubscriber: readNextMessages count=1
         1788711878.110  4040  4073 I MainActivity: onGatewayFrame: frame seq=1530 egoSpeed=6.5627213 pts=24 intervention=false warning=true braking=false lifecycle=armed range=22.538736 bearing=0.0 rss=14.74094
         1788711878.209  4040  4073 I AebsFrameSubscriber: onMessagesAvailable callback
         1788711878.210  4040  4073 I AebsFrameSubscriber: readNextMessages count=1
         1788711878.210  4040  4073 I MainActivity: onGatewayFrame: frame seq=1531 egoSpeed=6.5627213 pts=24 intervention=false warning=true braking=false lifecycle=armed range=22.630634 bearing=0.0 rss=14.74094
         1788711878.309  4040  4073 I AebsFrameSubscriber: onMessagesAvailable callback
         1788711878.310  4040  4073 I AebsFrameSubscriber: readNextMessages count=1
         1788711878.310  4040  4073 I MainActivity: onGatewayFrame: frame seq=1532 egoSpeed=6.5627213 pts=24 intervention=false warning=true braking=false lifecycle=armed range=21.422493 bearing=0.0 rss=14.74094
         1788711878.409  4040  4073 I AebsFrameSubscriber: onMessagesAvailable callback
         1788711878.410  4040  4073 I AebsFrameSubscriber: readNextMessages count=1
         1788711878.410  4040  4073 I MainActivity: onGatewayFrame: frame seq=1533 egoSpeed=6.5627213 pts=24 intervention=false warning=true braking=false lifecycle=armed range=20.605576 bearing=0.0 rss=14.74094
         1788711878.509  4040  4073 I AebsFrameSubscriber: onMessagesAvailable callback
         1788711878.510  4040  4073 I AebsFrameSubscriber: readNextMessages count=1
         1788711878.510  4040  4073 I MainActivity: onGatewayFrame: frame seq=1534 egoSpeed=6.5627213 pts=24 intervention=false warning=true braking=false lifecycle=armed range=20.68995 bearing=0.0 rss=14.74094
         1788711878.609  4040  4073 I AebsFrameSubscriber: onMessagesAvailable callback
         1788711878.610  4040  4073 I AebsFrameSubscriber: readNextMessages count=1
         1788711878.610  4040  4073 I MainActivity: onGatewayFrame: frame seq=1535 egoSpeed=6.5627213 pts=24 intervention=false warning=true braking=false lifecycle=armed range=19.476847 bearing=0.0 rss=14.74094
         1788711878.709  4040  4073 I AebsFrameSubscriber: onMessagesAvailable callback
         1788711878.710  4040  4073 I AebsFrameSubscriber: readNextMessages count=1
         1788711878.710  4040  4073 I MainActivity: onGatewayFrame: frame seq=1536 egoSpeed=6.5627213 pts=24 intervention=false warning=true braking=false lifecycle=armed range=19.558887 bearing=0.0 rss=14.74094
         1788711878.809  4040  4073 I AebsFrameSubscriber: onMessagesAvailable callback
         1788711878.810  4040  4073 I AebsFrameSubscriber: readNextMessages count=1
         1788711878.811  4040  4073 I MainActivity: onGatewayFrame: frame seq=1537 egoSpeed=6.5627213 pts=24 intervention=false warning=true braking=false lifecycle=armed range=18.496756 bearing=0.0 rss=14.74094
         1788711878.909  4040  4073 I AebsFrameSubscriber: onMessagesAvailable callback
         1788711878.910  4040  4073 I AebsFrameSubscriber: readNextMessages count=1
         1788711878.910  4040  4073 I MainActivity: onGatewayFrame: frame seq=1538 egoSpeed=6.5627213 pts=24 intervention=false warning=true braking=false lifecycle=armed range=18.594124 bearing=0.0 rss=14.74094
         1788711879.009  4040  4073 I AebsFrameSubscriber: onMessagesAvailable callback
         1788711879.010  4040  4073 I AebsFrameSubscriber: readNextMessages count=1
         1788711879.010  4040  4073 I MainActivity: onGatewayFrame: frame seq=1539 egoSpeed=6.5627213 pts=24 intervention=false warning=true braking=true lifecycle=braking_latched range=17.527668 bearing=0.0 rss=14.74094
         1788711879.109  4040  4073 I AebsFrameSubscriber: onMessagesAvailable callback
         1788711879.110  4040  4073 I AebsFrameSubscriber: readNextMessages count=1
         1788711879.110  4040  4073 I MainActivity: onGatewayFrame: frame seq=1540 egoSpeed=6.561998 pts=24 intervention=false warning=true braking=true lifecycle=braking_latched range=17.609892 bearing=0.0 rss=14.74094
         1788711879.209  4040  4073 I AebsFrameSubscriber: onMessagesAvailable callback
         1788711879.210  4040  4073 I AebsFrameSubscriber: readNextMessages count=1
         1788711879.210  4040  4073 I MainActivity: onGatewayFrame: frame seq=1541 egoSpeed=6.5430717 pts=24 intervention=false warning=true braking=true lifecycle=braking_latched range=16.808958 bearing=0.0 rss=14.72095
         1788711879.309  4040  4073 I AebsFrameSubscriber: onMessagesAvailable callback
         1788711879.310  4040  4073 I AebsFrameSubscriber: readNextMessages count=1
         1788711879.310  4040  4073 I MainActivity: onGatewayFrame: frame seq=1542 egoSpeed=6.4860587 pts=24 intervention=false warning=true braking=true lifecycle=braking_latched range=15.588361 bearing=0.0 rss=14.60496
         1788711879.409  4040  4073 I AebsFrameSubscriber: onMessagesAvailable callback
         1788711879.410  4040  4073 I AebsFrameSubscriber: readNextMessages count=1
         1788711879.410  4040  4073 I MainActivity: onGatewayFrame: frame seq=1543 egoSpeed=6.383577 pts=24 intervention=false warning=true braking=true lifecycle=braking_latched range=15.672778 bearing=0.0 rss=14.354576
         1788711879.509  4040  4073 I AebsFrameSubscriber: onMessagesAvailable callback
         1788711879.510  4040  4073 I AebsFrameSubscriber: readNextMessages count=1
         1788711879.510  4040  4073 I MainActivity: onGatewayFrame: frame seq=1544 egoSpeed=6.232716 pts=24 intervention=false warning=true braking=true lifecycle=braking_latched range=14.632269 bearing=0.0 rss=13.959238
         1788711879.609  4040  4073 I AebsFrameSubscriber: onMessagesAvailable callback
         1788711879.610  4040  4073 I AebsFrameSubscriber: readNextMessages count=1
         1788711879.610  4040  4073 I MainActivity: onGatewayFrame: frame seq=1545 egoSpeed=6.0324187 pts=24 intervention=false warning=true braking=true lifecycle=braking_latched range=14.717395 bearing=0.0 rss=13.419208
         1788711879.709  4040  4073 I AebsFrameSubscriber: onMessagesAvailable callback
         1788711879.710  4040  4073 I AebsFrameSubscriber: readNextMessages count=1
         1788711879.710  4040  4073 I MainActivity: onGatewayFrame: frame seq=1546 egoSpeed=5.7824783 pts=24 intervention=false warning=true braking=true lifecycle=braking_latched range=13.687673 bearing=0.0 rss=12.741815
         1788711879.809  4040  4073 I AebsFrameSubscriber: onMessagesAvailable callback
         1788711879.810  4040  4073 I AebsFrameSubscriber: readNextMessages count=1
         1788711879.810  4040  4073 I MainActivity: onGatewayFrame: frame seq=1547 egoSpeed=5.482567 pts=24 intervention=false warning=true braking=true lifecycle=braking_latched range=13.772383 bearing=0.0 rss=11.937454
         1788711879.909  4040  4073 I AebsFrameSubscriber: onMessagesAvailable callback
         1788711879.910  4040  4073 I AebsFrameSubscriber: readNextMessages count=1
         1788711879.910  4040  4073 I MainActivity: onGatewayFrame: frame seq=1548 egoSpeed=5.1324883 pts=24 intervention=false warning=true braking=true lifecycle=braking_latched range=12.810532 bearing=0.0 rss=11.019523
         1788711880.009  4040  4073 I AebsFrameSubscriber: onMessagesAvailable callback
         1788711880.011  4040  4073 I AebsFrameSubscriber: readNextMessages count=1
         1788711880.011  4040  4073 I MainActivity: onGatewayFrame: frame seq=1549 egoSpeed=4.7324557 pts=24 intervention=false warning=true braking=true lifecycle=braking_latched range=11.999727 bearing=0.0 rss=10.003512
         1788711880.225  4040  4073 I AebsFrameSubscriber: readNextMessages count=2
         1788711880.226  4040  4073 I MainActivity: onGatewayFrame: frame seq=1550 egoSpeed=4.283381 pts=24 intervention=false warning=true braking=true lifecycle=braking_latched range=12.096628 bearing=0.0 rss=8.90946
         1788711880.226  4040  4073 I MainActivity: onGatewayFrame: frame seq=1551 egoSpeed=3.8023853 pts=24 intervention=false warning=true braking=true lifecycle=braking_latched range=11.198154 bearing=0.0 rss=7.7724457
         1788711880.226  4040  4073 I AebsFrameSubscriber: onMessagesAvailable callback
         1788711880.226  4040  4073 I AebsFrameSubscriber: onMessagesAvailable callback
         1788711880.309  4040  4073 I AebsFrameSubscriber: onMessagesAvailable callback
         1788711880.310  4040  4073 I AebsFrameSubscriber: readNextMessages count=1
         1788711880.310  4040  4073 I MainActivity: onGatewayFrame: frame seq=1552 egoSpeed=3.3095813 pts=24 intervention=false warning=true braking=true lifecycle=braking_latched range=11.282766 bearing=0.0 rss=6.664367
         1788711880.409  4040  4073 I AebsFrameSubscriber: onMessagesAvailable callback
         1788711880.410  4040  4073 I AebsFrameSubscriber: readNextMessages count=1
         1788711880.410  4040  4073 I MainActivity: onGatewayFrame: frame seq=1553 egoSpeed=2.811958 pts=24 intervention=false warning=true braking=true lifecycle=braking_latched range=10.7421255 bearing=0.0 rss=5.622555
         1788711880.509  4040  4073 I AebsFrameSubscriber: onMessagesAvailable callback
         1788711880.510  4040  4073 I AebsFrameSubscriber: readNextMessages count=1
         1788711880.510  4040  4073 I MainActivity: onGatewayFrame: frame seq=1554 egoSpeed=2.3128338 pts=24 intervention=false warning=true braking=true lifecycle=braking_latched range=10.84767 bearing=0.0 rss=4.656593
         1788711880.609  4040  4073 I AebsFrameSubscriber: onMessagesAvailable callback
         1788711880.610  4040  4073 I AebsFrameSubscriber: readNextMessages count=1
         1788711880.610  4040  4073 I MainActivity: onGatewayFrame: frame seq=1555 egoSpeed=1.8132654 pts=24 intervention=false warning=true braking=true lifecycle=braking_latched range=10.269047 bearing=0.0 rss=3.7724404
         1788711880.709  4040  4073 I AebsFrameSubscriber: onMessagesAvailable callback
         1788711880.710  4040  4073 I AebsFrameSubscriber: readNextMessages count=1
         1788711880.710  4040  4073 I MainActivity: onGatewayFrame: frame seq=1556 egoSpeed=1.3131379 pts=24 intervention=false warning=true braking=true lifecycle=braking_latched range=10.356497 bearing=0.0 rss=2.970353
         1788711880.809  4040  4073 I AebsFrameSubscriber: onMessagesAvailable callback
         1788711880.810  4040  4073 I AebsFrameSubscriber: readNextMessages count=1
         1788711880.810  4040  4073 I MainActivity: onGatewayFrame: frame seq=1557 egoSpeed=0.813387 pts=24 intervention=false warning=true braking=true lifecycle=braking_latched range=10.003796 bearing=0.0 rss=2.2513378
         1788711880.909  4040  4073 I AebsFrameSubscriber: onMessagesAvailable callback
         1788711880.910  4040  4073 I AebsFrameSubscriber: readNextMessages count=1
         1788711880.910  4040  4073 I MainActivity: onGatewayFrame: frame seq=1558 egoSpeed=0.31366152 pts=24 intervention=false warning=true braking=true lifecycle=braking_latched range=9.935692 bearing=0.0 rss=1.615856
         1788711881.009  4040  4073 I AebsFrameSubscriber: onMessagesAvailable callback
         1788711881.009  4040  4073 I AebsFrameSubscriber: readNextMessages count=1
         1788711881.010  4040  4073 I MainActivity: onGatewayFrame: frame seq=1559 egoSpeed=0.0 pts=24 intervention=false warning=true braking=true lifecycle=braking_latched range=9.935692 bearing=0.0 rss=1.615856
         1788711881.109  4040  4073 I AebsFrameSubscriber: onMessagesAvailable callback
         1788711881.110  4040  4073 I AebsFrameSubscriber: readNextMessages count=1
         1788711881.110  4040  4073 I MainActivity: onGatewayFrame: frame seq=1560 egoSpeed=0.0 pts=24 intervention=false warning=true braking=true lifecycle=braking_latched range=9.935692 bearing=0.0 rss=1.615856
         1788711881.209  4040  4073 I AebsFrameSubscriber: onMessagesAvailable callback
         1788711881.210  4040  4073 I AebsFrameSubscriber: readNextMessages count=1
         1788711881.210  4040  4073 I MainActivity: onGatewayFrame: frame seq=1561 egoSpeed=0.0 pts=24 intervention=false warning=true braking=true lifecycle=braking_latched range=9.935692 bearing=0.0 rss=1.615856
         1788711881.309  4040  4073 I AebsFrameSubscriber: onMessagesAvailable callback
         1788711881.310  4040  4073 I AebsFrameSubscriber: readNextMessages count=1
         1788711881.310  4040  4073 I MainActivity: onGatewayFrame: frame seq=1562 egoSpeed=0.0 pts=24 intervention=false warning=true braking=true lifecycle=braking_latched range=9.935692 bearing=0.0 rss=1.615856
         1788711881.409  4040  4073 I AebsFrameSubscriber: onMessagesAvailable callback
         1788711881.409  4040  4073 I AebsFrameSubscriber: readNextMessages count=1
         1788711881.409  4040  4073 I MainActivity: onGatewayFrame: frame seq=1563 egoSpeed=0.0 pts=0 intervention=false warning=true braking=true lifecycle=braking_latched range=null bearing=null rss=1.615856
         1788711881.509  4040  4073 I AebsFrameSubscriber: onMessagesAvailable callback
         1788711881.509  4040  4073 I AebsFrameSubscriber: readNextMessages count=1
         1788711881.509  4040  4073 I MainActivity: onGatewayFrame: frame seq=1564 egoSpeed=0.0 pts=0 intervention=false warning=false braking=true lifecycle=released_verified_stop range=null bearing=null rss=1.615856
         1788711881.609  4040  4073 I AebsFrameSubscriber: onMessagesAvailable callback
         1788711881.609  4040  4073 I AebsFrameSubscriber: readNextMessages count=1
         1788711881.609  4040  4073 I MainActivity: onGatewayFrame: frame seq=1565 egoSpeed=0.0 pts=0 intervention=false warning=false braking=true lifecycle=released_verified_stop range=null bearing=null rss=1.615856
         1788711881.709  4040  4073 I AebsFrameSubscriber: onMessagesAvailable callback
         1788711881.709  4040  4073 I AebsFrameSubscriber: readNextMessages count=1
         1788711881.709  4040  4073 I MainActivity: onGatewayFrame: frame seq=1566 egoSpeed=0.03334616 pts=0 intervention=false warning=false braking=true lifecycle=released_verified_stop range=null bearing=null rss=1.615856
         1788711881.809  4040  4073 I AebsFrameSubscriber: onMessagesAvailable callback
         1788711881.809  4040  4073 I AebsFrameSubscriber: readNextMessages count=1
         1788711881.809  4040  4073 I MainActivity: onGatewayFrame: frame seq=1567 egoSpeed=0.13856715 pts=0 intervention=false warning=false braking=true lifecycle=released_verified_stop range=null bearing=null rss=1.615856
         1788711881.909  4040  4073 I AebsFrameSubscriber: onMessagesAvailable callback
         1788711881.910  4040  4073 I AebsFrameSubscriber: readNextMessages count=1
         1788711881.910  4040  4073 I MainActivity: onGatewayFrame: frame seq=1568 egoSpeed=0.27206782 pts=24 intervention=false warning=false braking=true lifecycle=released_verified_stop range=10.811194 bearing=0.0 rss=1.2102407
         1788711882.009  4040  4073 I AebsFrameSubscriber: onMessagesAvailable callback
         1788711882.010  4040  4073 I AebsFrameSubscriber: readNextMessages count=1
         1788711882.010  4040  4073 I MainActivity: onGatewayFrame: frame seq=1569 egoSpeed=0.4160223 pts=24 intervention=false warning=false braking=true lifecycle=released_verified_stop range=10.893503 bearing=0.0 rss=1.3629826
         1788711882.109  4040  4073 I AebsFrameSubscriber: onMessagesAvailable callback
         1788711882.110  4040  4073 I AebsFrameSubscriber: readNextMessages count=1
         1788711882.110  4040  4073 I MainActivity: onGatewayFrame: frame seq=1570 egoSpeed=0.56379336 pts=24 intervention=false warning=false braking=true lifecycle=released_verified_stop range=10.977251 bearing=0.0 rss=1.5296538
         1788711882.209  4040  4073 I AebsFrameSubscriber: onMessagesAvailable callback
         1788711882.209  4040  4073 I AebsFrameSubscriber: readNextMessages count=1
         1788711882.210  4040  4073 I MainActivity: onGatewayFrame: frame seq=1571 egoSpeed=0.7130109 pts=24 intervention=false warning=false braking=true lifecycle=released_verified_stop range=11.009655 bearing=0.0 rss=1.7062271
         1788711882.309  4040  4073 I AebsFrameSubscriber: onMessagesAvailable callback
         1788711882.309  4040  4073 I AebsFrameSubscriber: readNextMessages count=1
         1788711882.310  4040  4073 I MainActivity: onGatewayFrame: frame seq=1572 egoSpeed=0.8626629 pts=24 intervention=false warning=false braking=true lifecycle=released_verified_stop range=11.092408 bearing=0.0 rss=1.8913492
         1788711882.409  4040  4073 I AebsFrameSubscriber: onMessagesAvailable callback
         1788711882.409  4040  4073 I AebsFrameSubscriber: readNextMessages count=1
         1788711882.410  4040  4073 I MainActivity: onGatewayFrame: frame seq=1573 egoSpeed=1.0125735 pts=24 intervention=false warning=false braking=true lifecycle=released_verified_stop range=11.175302 bearing=0.0 rss=2.0841544
         1788711882.509  4040  4073 I AebsFrameSubscriber: onMessagesAvailable callback
         1788711882.510  4040  4073 I AebsFrameSubscriber: readNextMessages count=1
         1788711882.510  4040  4073 I MainActivity: onGatewayFrame: frame seq=1574 egoSpeed=1.1625466 pts=24 intervention=false warning=false braking=true lifecycle=released_verified_stop range=11.141533 bearing=0.0 rss=2.285178
         1788711882.609  4040  4073 I AebsFrameSubscriber: onMessagesAvailable callback
         1788711882.610  4040  4073 I AebsFrameSubscriber: readNextMessages count=1
         1788711882.610  4040  4073 I MainActivity: onGatewayFrame: frame seq=1575 egoSpeed=1.3125052 pts=24 intervention=false warning=false braking=true lifecycle=released_verified_stop range=11.140502 bearing=0.0 rss=2.4928093
         1788711882.709  4040  4073 I AebsFrameSubscriber: onMessagesAvailable callback
         1788711882.710  4040  4073 I AebsFrameSubscriber: readNextMessages count=1
         1788711882.710  4040  4073 I MainActivity: onGatewayFrame: frame seq=1576 egoSpeed=1.4625237 pts=24 intervention=false warning=false braking=true lifecycle=released_verified_stop range=11.222599 bearing=0.0 rss=2.708449
         1788711882.809  4040  4073 I AebsFrameSubscriber: onMessagesAvailable callback
         1788711882.809  4040  4073 I AebsFrameSubscriber: readNextMessages count=1
         1788711882.810  4040  4073 I MainActivity: onGatewayFrame: frame seq=1577 egoSpeed=1.6125184 pts=24 intervention=false warning=false braking=true lifecycle=released_verified_stop range=11.097873 bearing=0.0 rss=2.9315538
         1788711882.909  4040  4073 I AebsFrameSubscriber: onMessagesAvailable callback
         1788711882.909  4040  4073 I AebsFrameSubscriber: readNextMessages count=1
         1788711882.910  4040  4073 I MainActivity: onGatewayFrame: frame seq=1578 egoSpeed=1.7624866 pts=24 intervention=false warning=false braking=true lifecycle=released_verified_stop range=11.180985 bearing=0.0 rss=3.1622372
         1788711883.009  4040  4073 I AebsFrameSubscriber: onMessagesAvailable callback
         1788711883.010  4040  4073 I AebsFrameSubscriber: readNextMessages count=1
         1788711883.010  4040  4073 I MainActivity: onGatewayFrame: frame seq=1579 egoSpeed=1.9125352 pts=24 intervention=false warning=false braking=true lifecycle=released_verified_stop range=11.106656 bearing=0.0 rss=3.4002714
         1788711883.108  4040  4073 I AebsFrameSubscriber: onMessagesAvailable callback
         1788711883.109  4040  4073 I AebsFrameSubscriber: readNextMessages count=1
         1788711883.109  4040  4073 I MainActivity: onGatewayFrame: frame seq=1580 egoSpeed=2.0625284 pts=24 intervention=false warning=false braking=true lifecycle=released_verified_stop range=10.889846 bearing=0.0 rss=3.6459076
         1788711883.209  4040  4073 I AebsFrameSubscriber: onMessagesAvailable callback
         1788711883.209  4040  4073 I AebsFrameSubscriber: readNextMessages count=1
         1788711883.209  4040  4073 I MainActivity: onGatewayFrame: frame seq=1581 egoSpeed=2.2125163 pts=24 intervention=false warning=false braking=true lifecycle=released_verified_stop range=10.984916 bearing=0.0 rss=3.8990498
         1788711883.309  4040  4073 I AebsFrameSubscriber: onMessagesAvailable callback
         1788711883.309  4040  4073 I AebsFrameSubscriber: readNextMessages count=1
         1788711883.310  4040  4073 I MainActivity: onGatewayFrame: frame seq=1582 egoSpeed=2.3625004 pts=24 intervention=false warning=false braking=true lifecycle=released_verified_stop range=10.722429 bearing=0.0 rss=4.159745
         1788711883.409  4040  4073 I AebsFrameSubscriber: onMessagesAvailable callback
         1788711883.410  4040  4073 I AebsFrameSubscriber: readNextMessages count=1
         1788711883.410  4040  4073 I MainActivity: onGatewayFrame: frame seq=1583 egoSpeed=2.5124812 pts=24 intervention=false warning=false braking=true lifecycle=released_verified_stop range=10.805038 bearing=0.0 rss=4.4278173
         1788711883.509  4040  4073 I AebsFrameSubscriber: onMessagesAvailable callback
         1788711883.509  4040  4073 I AebsFrameSubscriber: readNextMessages count=1
         1788711883.509  4040  4073 I MainActivity: onGatewayFrame: frame seq=1584 egoSpeed=2.6624975 pts=24 intervention=false warning=false braking=true lifecycle=released_verified_stop range=10.5554905 bearing=0.0 rss=4.704056
         1788711883.609  4040  4073 I AebsFrameSubscriber: onMessagesAvailable callback
         1788711883.610  4040  4073 I AebsFrameSubscriber: readNextMessages count=1
         1788711883.610  4040  4073 I MainActivity: onGatewayFrame: frame seq=1585 egoSpeed=2.8124845 pts=24 intervention=false warning=false braking=true lifecycle=released_verified_stop range=10.302393 bearing=0.0 rss=4.987136
         1788711883.709  4040  4073 I AebsFrameSubscriber: onMessagesAvailable callback
         1788711883.710  4040  4073 I AebsFrameSubscriber: readNextMessages count=1
         1788711883.710  4040  4073 I MainActivity: onGatewayFrame: frame seq=1586 egoSpeed=2.9624975 pts=24 intervention=false warning=false braking=true lifecycle=released_verified_stop range=10.385186 bearing=0.0 rss=5.2772093
         1788711883.926  4040  4073 I AebsFrameSubscriber: readNextMessages count=2
         1788711883.926  4040  4073 I MainActivity: onGatewayFrame: frame seq=1587 egoSpeed=3.1124945 pts=24 intervention=false warning=false braking=true lifecycle=released_verified_stop range=9.936149 bearing=0.0 rss=5.575333
         1788711883.926  4040  4073 I MainActivity: onGatewayFrame: frame seq=1588 egoSpeed=3.2625346 pts=24 intervention=false warning=false braking=true lifecycle=released_verified_stop range=10.018708 bearing=0.0 rss=5.88084
         1788711883.926  4040  4073 I AebsFrameSubscriber: onMessagesAvailable callback
         1788711883.927  4040  4073 I AebsFrameSubscriber: onMessagesAvailable callback
         1788711884.009  4040  4073 I AebsFrameSubscriber: onMessagesAvailable callback
         1788711884.010  4040  4073 I AebsFrameSubscriber: readNextMessages count=1
         1788711884.010  4040  4073 I MainActivity: onGatewayFrame: frame seq=1589 egoSpeed=3.4125535 pts=24 intervention=false warning=false braking=true lifecycle=released_verified_stop range=9.650834 bearing=0.0 rss=6.1943827
         1788711884.109  4040  4073 I AebsFrameSubscriber: onMessagesAvailable callback
         1788711884.109  4040  4073 I AebsFrameSubscriber: readNextMessages count=1
         1788711884.110  4040  4073 I MainActivity: onGatewayFrame: frame seq=1590 egoSpeed=3.5625024 pts=24 intervention=false warning=false braking=true lifecycle=released_verified_stop range=9.732839 bearing=0.0 rss=6.514666
         1788711884.209  4040  4073 I AebsFrameSubscriber: onMessagesAvailable callback
         1788711884.210  4040  4073 I AebsFrameSubscriber: readNextMessages count=1
         1788711884.210  4040  4073 I MainActivity: onGatewayFrame: frame seq=1591 egoSpeed=3.7125196 pts=24 intervention=false warning=false braking=true lifecycle=released_verified_stop range=9.342997 bearing=0.0 rss=6.843529
         1788711884.309  4040  4073 I AebsFrameSubscriber: onMessagesAvailable callback
         1788711884.310  4040  4073 I AebsFrameSubscriber: readNextMessages count=1
         1788711884.310  4040  4073 I MainActivity: onGatewayFrame: frame seq=1592 egoSpeed=3.8625264 pts=24 intervention=false warning=false braking=true lifecycle=released_verified_stop range=8.812366 bearing=0.0 rss=7.179117
         1788711884.409  4040  4073 I AebsFrameSubscriber: onMessagesAvailable callback
         1788711884.409  4040  4073 I AebsFrameSubscriber: readNextMessages count=1
         1788711884.410  4040  4073 I MainActivity: onGatewayFrame: frame seq=1593 egoSpeed=4.0125155 pts=24 intervention=false warning=false braking=true lifecycle=released_verified_stop range=8.910671 bearing=0.0 rss=7.5223637
         1788711884.509  4040  4073 I AebsFrameSubscriber: onMessagesAvailable callback
         1788711884.509  4040  4073 I AebsFrameSubscriber: readNextMessages count=1
         1788711884.510  4040  4073 I MainActivity: onGatewayFrame: frame seq=1594 egoSpeed=4.1625485 pts=24 intervention=false warning=false braking=true lifecycle=released_verified_stop range=8.333694 bearing=0.0 rss=7.873022
         1788711884.609  4040  4073 I AebsFrameSubscriber: onMessagesAvailable callback
         1788711884.610  4040  4073 I AebsFrameSubscriber: readNextMessages count=1
         1788711884.610  4040  4073 I MainActivity: onGatewayFrame: frame seq=1595 egoSpeed=4.312528 pts=24 intervention=false warning=false braking=true lifecycle=released_verified_stop range=8.417966 bearing=0.0 rss=8.230346
         1788711884.709  4040  4073 I AebsFrameSubscriber: onMessagesAvailable callback
         1788711884.709  4040  4073 I AebsFrameSubscriber: readNextMessages count=1
         1788711884.709  4040  4073 I MainActivity: onGatewayFrame: frame seq=1596 egoSpeed=4.462443 pts=24 intervention=false warning=false braking=true lifecycle=released_verified_stop range=7.795193 bearing=0.0 rss=8.59596
         1788711884.809  4040  4073 I AebsFrameSubscriber: onMessagesAvailable callback
         1788711884.809  4040  4073 I AebsFrameSubscriber: readNextMessages count=1
         1788711884.810  4040  4073 I MainActivity: onGatewayFrame: frame seq=1597 egoSpeed=4.6125436 pts=24 intervention=false warning=false braking=true lifecycle=released_verified_stop range=7.8943543 bearing=0.0 rss=8.969179
         1788711884.909  4040  4073 I AebsFrameSubscriber: onMessagesAvailable callback
         1788711884.909  4040  4073 I AebsFrameSubscriber: readNextMessages count=1
         1788711884.910  4040  4073 I MainActivity: onGatewayFrame: frame seq=1598 egoSpeed=4.762487 pts=24 intervention=false warning=false braking=true lifecycle=released_verified_stop range=7.226612 bearing=0.0 rss=9.349702
         1788711885.009  4040  4073 I AebsFrameSubscriber: onMessagesAvailable callback
         1788711885.009  4040  4073 I AebsFrameSubscriber: readNextMessages count=1
         1788711885.010  4040  4073 I MainActivity: onGatewayFrame: frame seq=1599 egoSpeed=4.912514 pts=24 intervention=false warning=false braking=true lifecycle=released_verified_stop range=7.3145 bearing=0.0 rss=9.737858
         1788711885.109  4040  4073 I AebsFrameSubscriber: onMessagesAvailable callback
         1788711885.109  4040  4073 I AebsFrameSubscriber: readNextMessages count=1
         1788711885.109  4040  4073 I MainActivity: onGatewayFrame: frame seq=1600 egoSpeed=5.0624876 pts=24 intervention=false warning=false braking=true lifecycle=released_verified_stop range=6.5051384 bearing=0.0 rss=10.13348
         1788711885.209  4040  4073 I AebsFrameSubscriber: onMessagesAvailable callback
         1788711885.209  4040  4073 I AebsFrameSubscriber: readNextMessages count=1
         1788711885.210  4040  4073 I MainActivity: onGatewayFrame: frame seq=1601 egoSpeed=5.2125163 pts=24 intervention=false warning=false braking=true lifecycle=released_verified_stop range=5.839468 bearing=0.0 rss=10.536551
         1788711885.309  4040  4073 I AebsFrameSubscriber: onMessagesAvailable callback
         1788711885.309  4040  4073 I AebsFrameSubscriber: readNextMessages count=1
         1788711885.309  4040  4073 I MainActivity: onGatewayFrame: frame seq=1602 egoSpeed=5.362518 pts=24 intervention=false warning=false braking=true lifecycle=released_verified_stop range=5.9306164 bearing=0.0 rss=10.94721
         1788711885.409  4040  4073 I AebsFrameSubscriber: onMessagesAvailable callback
         1788711885.409  4040  4073 I AebsFrameSubscriber: readNextMessages count=1
         1788711885.409  4040  4073 I MainActivity: onGatewayFrame: frame seq=1603 egoSpeed=5.5125003 pts=24 intervention=false warning=false braking=true lifecycle=released_verified_stop range=5.005357 bearing=0.0 rss=11.365316
         1788711885.509  4040  4073 I AebsFrameSubscriber: onMessagesAvailable callback
         1788711885.509  4040  4073 I AebsFrameSubscriber: readNextMessages count=1
         1788711885.509  4040  4073 I MainActivity: onGatewayFrame: frame seq=1604 egoSpeed=5.662565 pts=24 intervention=false warning=false braking=true lifecycle=released_verified_stop range=5.0968227 bearing=0.0 rss=11.79091
         1788711885.608  4040  4073 I AebsFrameSubscriber: onMessagesAvailable callback
         1788711885.609  4040  4073 I AebsFrameSubscriber: readNextMessages count=1
         1788711885.609  4040  4073 I MainActivity: onGatewayFrame: frame seq=1605 egoSpeed=5.81248 pts=24 intervention=false warning=false braking=true lifecycle=released_verified_stop range=4.2420464 bearing=0.0 rss=12.22404
         1788711885.709  4040  4073 I AebsFrameSubscriber: onMessagesAvailable callback
         1788711885.709  4040  4073 I AebsFrameSubscriber: readNextMessages count=1
         1788711885.709  4040  4073 I MainActivity: onGatewayFrame: frame seq=1606 egoSpeed=5.962532 pts=24 intervention=false warning=false braking=true lifecycle=released_verified_stop range=4.348692 bearing=0.0 rss=12.664756
         1788711885.809  4040  4073 I AebsFrameSubscriber: onMessagesAvailable callback
         1788711885.809  4040  4073 I AebsFrameSubscriber: readNextMessages count=1
         1788711885.810  4040  4073 I MainActivity: onGatewayFrame: frame seq=1607 egoSpeed=6.112566 pts=24 intervention=false warning=false braking=true lifecycle=released_verified_stop range=3.3013892 bearing=0.0 rss=13.112574
         1788711885.909  4040  4073 I AebsFrameSubscriber: onMessagesAvailable callback
         1788711885.909  4040  4073 I AebsFrameSubscriber: readNextMessages count=1
         1788711885.909  4040  4073 I MainActivity: onGatewayFrame: frame seq=1608 egoSpeed=6.2625265 pts=24 intervention=false warning=false braking=true lifecycle=released_verified_stop range=3.391751 bearing=0.0 rss=13.569545
         1788711886.009  4040  4073 I AebsFrameSubscriber: onMessagesAvailable callback
         1788711886.010  4040  4073 I AebsFrameSubscriber: readNextMessages count=1
         1788711886.010  4040  4073 I MainActivity: onGatewayFrame: frame seq=1609 egoSpeed=6.412549 pts=24 intervention=false warning=false braking=true lifecycle=released_verified_stop range=2.2856479 bearing=0.0 rss=14.032629
         1788711886.108  4040  4073 I AebsFrameSubscriber: onMessagesAvailable callback
         1788711886.109  4040  4073 I AebsFrameSubscriber: readNextMessages count=1
         1788711886.109  4040  4073 I MainActivity: onGatewayFrame: frame seq=1610 egoSpeed=6.5624747 pts=24 intervention=false warning=false braking=true lifecycle=released_verified_stop range=2.3887577 bearing=0.0 rss=14.50318
         1788711886.209  4040  4073 I AebsFrameSubscriber: onMessagesAvailable callback
         1788711886.209  4040  4073 I AebsFrameSubscriber: readNextMessages count=1
         1788711886.209  4040  4073 I MainActivity: onGatewayFrame: frame seq=1611 egoSpeed=6.706157 pts=24 intervention=false warning=false braking=true lifecycle=released_verified_stop range=1.3724214 bearing=0.0 rss=14.978044
         1788711886.309  4040  4073 I AebsFrameSubscriber: onMessagesAvailable callback
         1788711886.309  4040  4073 I AebsFrameSubscriber: readNextMessages count=1
         1788711886.309  4040  4073 I MainActivity: onGatewayFrame: frame seq=1612 egoSpeed=6.8196287 pts=24 intervention=false warning=false braking=true lifecycle=released_verified_stop range=1.4580203 bearing=0.0 rss=15.401573
         1788711886.409  4040  4073 I AebsFrameSubscriber: onMessagesAvailable callback
         1788711886.409  4040  4073 I AebsFrameSubscriber: readNextMessages count=1
         1788711886.409  4040  4073 I MainActivity: onGatewayFrame: frame seq=1613 egoSpeed=6.8903995 pts=24 intervention=false warning=false braking=true lifecycle=released_verified_stop range=0.25093856 bearing=0.0 rss=15.705798
         1788711886.509  4040  4073 I AebsFrameSubscriber: onMessagesAvailable callback
         1788711886.509  4040  4073 I AebsFrameSubscriber: readNextMessages count=1
         1788711886.509  4040  4073 I MainActivity: onGatewayFrame: frame seq=1614 egoSpeed=6.9201064 pts=24 intervention=false warning=false braking=true lifecycle=released_verified_stop range=0.096675806 bearing=0.0 rss=15.864378
         1788711886.609  4040  4073 I AebsFrameSubscriber: onMessagesAvailable callback
         1788711886.609  4040  4073 I AebsFrameSubscriber: readNextMessages count=1
         1788711886.609  4040  4073 I MainActivity: onGatewayFrame: frame seq=1615 egoSpeed=6.9310346 pts=24 intervention=false warning=false braking=true lifecycle=released_verified_stop range=0.0787023 bearing=0.0 rss=15.923935
         1788711886.709  4040  4073 I AebsFrameSubscriber: onMessagesAvailable callback
         1788711886.709  4040  4073 I AebsFrameSubscriber: readNextMessages count=1
         1788711886.710  4040  4073 I MainActivity: onGatewayFrame: frame seq=1616 egoSpeed=6.9350553 pts=24 intervention=false warning=false braking=true lifecycle=released_verified_stop range=0.09480758 bearing=0.0 rss=15.945863
         1788711886.809  4040  4073 I AebsFrameSubscriber: onMessagesAvailable callback
         1788711886.809  4040  4073 I AebsFrameSubscriber: readNextMessages count=1
         1788711886.810  4040  4073 I MainActivity: onGatewayFrame: frame seq=1617 egoSpeed=6.9365344 pts=24 intervention=false warning=false braking=true lifecycle=released_verified_stop range=0.07654875 bearing=0.0 rss=15.953948
         1788711886.909  4040  4073 I AebsFrameSubscriber: onMessagesAvailable callback
         1788711886.909  4040  4073 I AebsFrameSubscriber: readNextMessages count=1
         1788711886.910  4040  4073 I MainActivity: onGatewayFrame: frame seq=1618 egoSpeed=6.937079 pts=24 intervention=false warning=false braking=true lifecycle=released_verified_stop range=0.02065514 bearing=0.0 rss=15.956909
         1788711887.008  4040  4073 I AebsFrameSubscriber: onMessagesAvailable callback
         1788711887.009  4040  4073 I AebsFrameSubscriber: readNextMessages count=1
         1788711887.009  4040  4073 I MainActivity: onGatewayFrame: frame seq=1619 egoSpeed=6.937279 pts=24 intervention=false warning=false braking=true lifecycle=released_verified_stop range=0.021002235 bearing=0.0 rss=15.958002
         1788711887.109  4040  4073 I AebsFrameSubscriber: onMessagesAvailable callback
         1788711887.109  4040  4073 I AebsFrameSubscriber: readNextMessages count=1
         1788711887.109  4040  4073 I MainActivity: onGatewayFrame: frame seq=1620 egoSpeed=6.9373527 pts=24 intervention=false warning=false braking=true lifecycle=released_verified_stop range=0.09917767 bearing=0.0 rss=15.958405
         1788711887.209  4040  4073 I AebsFrameSubscriber: onMessagesAvailable callback
         1788711887.209  4040  4073 I AebsFrameSubscriber: readNextMessages count=1
         1788711887.209  4040  4073 I MainActivity: onGatewayFrame: frame seq=1621 egoSpeed=6.93738 pts=24 intervention=false warning=false braking=true lifecycle=released_verified_stop range=0.09917767 bearing=0.0 rss=15.958405
         1788711887.309  4040  4073 I AebsFrameSubscriber: onMessagesAvailable callback
         1788711887.309  4040  4073 I AebsFrameSubscriber: readNextMessages count=1
         1788711887.310  4040  4073 I MainActivity: onGatewayFrame: frame seq=1622 egoSpeed=6.93739 pts=24 intervention=false warning=false braking=true lifecycle=released_verified_stop range=0.09917767 bearing=0.0 rss=15.958405
         1788711887.409  4040  4073 I AebsFrameSubscriber: onMessagesAvailable callback
         1788711887.410  4040  4073 I AebsFrameSubscriber: readNextMessages count=1
         1788711887.410  4040  4073 I MainActivity: onGatewayFrame: frame seq=1623 egoSpeed=6.937393 pts=24 intervention=false warning=false braking=true lifecycle=released_verified_stop range=0.09917767 bearing=0.0 rss=15.958405
         1788711887.532  4040  4073 I AebsFrameSubscriber: readNextMessages count=1
         1788711887.533  4040  4073 I MainActivity: onGatewayFrame: frame seq=1624 egoSpeed=6.9373946 pts=24 intervention=false warning=false braking=true lifecycle=released_verified_stop range=0.09917767 bearing=0.0 rss=15.958405
         1788711887.533  4040  4073 I AebsFrameSubscriber: onMessagesAvailable callback
         1788711887.608  4040  4073 I AebsFrameSubscriber: onMessagesAvailable callback
         1788711887.609  4040  4073 I AebsFrameSubscriber: readNextMessages count=1
         1788711887.609  4040  4073 I MainActivity: onGatewayFrame: frame seq=1625 egoSpeed=6.937395 pts=0 intervention=false warning=false braking=true lifecycle=released_verified_stop range=null bearing=null rss=15.958405
         1788711887.709  4040  4073 I AebsFrameSubscriber: onMessagesAvailable callback
         1788711887.709  4040  4073 I AebsFrameSubscriber: readNextMessages count=1
         1788711887.709  4040  4073 I MainActivity: onGatewayFrame: frame seq=1626 egoSpeed=6.9373956 pts=0 intervention=false warning=false braking=true lifecycle=released_verified_stop range=null bearing=null rss=15.958405
         1788711887.808  4040  4073 I AebsFrameSubscriber: onMessagesAvailable callback
         1788711887.809  4040  4073 I AebsFrameSubscriber: readNextMessages count=1
         1788711887.809  4040  4073 I MainActivity: onGatewayFrame: frame seq=1627 egoSpeed=6.9373956 pts=0 intervention=false warning=false braking=true lifecycle=released_verified_stop range=null bearing=null rss=15.958405
         1788711887.908  4040  4073 I AebsFrameSubscriber: onMessagesAvailable callback
         1788711887.909  4040  4073 I AebsFrameSubscriber: readNextMessages count=1
         1788711887.909  4040  4073 I MainActivity: onGatewayFrame: frame seq=1628 egoSpeed=6.9373956 pts=0 intervention=false warning=false braking=true lifecycle=released_verified_stop range=null bearing=null rss=15.958405
         1788711888.008  4040  4073 I AebsFrameSubscriber: onMessagesAvailable callback
         1788711888.009  4040  4073 I AebsFrameSubscriber: readNextMessages count=1
         1788711888.009  4040  4073 I MainActivity: onGatewayFrame: frame seq=1629 egoSpeed=6.9373956 pts=0 intervention=false warning=false braking=true lifecycle=released_verified_stop range=null bearing=null rss=15.958405
         1788711888.108  4040  4073 I AebsFrameSubscriber: onMessagesAvailable callback
         1788711888.109  4040  4073 I AebsFrameSubscriber: readNextMessages count=1
         1788711888.109  4040  4073 I MainActivity: onGatewayFrame: frame seq=1630 egoSpeed=6.9373956 pts=0 intervention=false warning=false braking=true lifecycle=released_verified_stop range=null bearing=null rss=15.958405
         1788711888.208  4040  4073 I AebsFrameSubscriber: onMessagesAvailable callback
         1788711888.209  4040  4073 I AebsFrameSubscriber: readNextMessages count=1
         1788711888.209  4040  4073 I MainActivity: onGatewayFrame: frame seq=1631 egoSpeed=6.9373956 pts=0 intervention=false warning=false braking=true lifecycle=released_verified_stop range=null bearing=null rss=15.958405
         1788711888.308  4040  4073 I AebsFrameSubscriber: onMessagesAvailable callback
         1788711888.309  4040  4073 I AebsFrameSubscriber: readNextMessages count=1
         1788711888.309  4040  4073 I MainActivity: onGatewayFrame: frame seq=1632 egoSpeed=6.9373956 pts=0 intervention=false warning=false braking=true lifecycle=released_verified_stop range=null bearing=null rss=15.958405
         1788711888.408  4040  4073 I AebsFrameSubscriber: onMessagesAvailable callback
         1788711888.409  4040  4073 I AebsFrameSubscriber: readNextMessages count=1
         1788711888.409  4040  4073 I MainActivity: onGatewayFrame: frame seq=1633 egoSpeed=6.9373956 pts=0 intervention=false warning=false braking=true lifecycle=released_verified_stop range=null bearing=null rss=15.958405
         1788711888.508  4040  4073 I AebsFrameSubscriber: onMessagesAvailable callback
         1788711888.509  4040  4073 I AebsFrameSubscriber: readNextMessages count=1
         1788711888.509  4040  4073 I MainActivity: onGatewayFrame: frame seq=1634 egoSpeed=6.9373956 pts=0 intervention=false warning=false braking=true lifecycle=released_verified_stop range=null bearing=null rss=15.958405
         1788711888.608  4040  4073 I AebsFrameSubscriber: onMessagesAvailable callback
         1788711888.609  4040  4073 I AebsFrameSubscriber: readNextMessages count=1
         1788711888.609  4040  4073 I MainActivity: onGatewayFrame: frame seq=1635 egoSpeed=6.9373956 pts=0 intervention=false warning=false braking=true lifecycle=released_verified_stop range=null bearing=null rss=15.958405
         1788711888.708  4040  4073 I AebsFrameSubscriber: onMessagesAvailable callback
         1788711888.709  4040  4073 I AebsFrameSubscriber: readNextMessages count=1
         1788711888.709  4040  4073 I MainActivity: onGatewayFrame: frame seq=1636 egoSpeed=6.9373956 pts=0 intervention=false warning=false braking=true lifecycle=released_verified_stop range=null bearing=null rss=15.958405
         1788711888.809  4040  4073 I AebsFrameSubscriber: onMessagesAvailable callback
         1788711888.809  4040  4073 I AebsFrameSubscriber: readNextMessages count=1
         1788711888.809  4040  4073 I MainActivity: onGatewayFrame: frame seq=1637 egoSpeed=6.9373956 pts=0 intervention=false warning=false braking=true lifecycle=released_verified_stop range=null bearing=null rss=15.958405
         1788711888.908  4040  4073 I AebsFrameSubscriber: onMessagesAvailable callback
         1788711888.909  4040  4073 I AebsFrameSubscriber: readNextMessages count=1
         1788711888.909  4040  4073 I MainActivity: onGatewayFrame: frame seq=1638 egoSpeed=6.9373956 pts=0 intervention=false warning=false braking=true lifecycle=released_verified_stop range=null bearing=null rss=15.958405
         1788711889.008  4040  4073 I AebsFrameSubscriber: onMessagesAvailable callback
         1788711889.009  4040  4073 I AebsFrameSubscriber: readNextMessages count=1
         1788711889.009  4040  4073 I MainActivity: onGatewayFrame: frame seq=1639 egoSpeed=6.9373956 pts=0 intervention=false warning=false braking=true lifecycle=released_verified_stop range=null bearing=null rss=15.958405
         1788711889.109  4040  4073 I AebsFrameSubscriber: onMessagesAvailable callback
         1788711889.109  4040  4073 I AebsFrameSubscriber: readNextMessages count=1
         1788711889.109  4040  4073 I MainActivity: onGatewayFrame: frame seq=1640 egoSpeed=6.9373956 pts=0 intervention=false warning=false braking=true lifecycle=released_verified_stop range=null bearing=null rss=15.958405
         1788711889.208  4040  4073 I AebsFrameSubscriber: onMessagesAvailable callback
         1788711889.209  4040  4073 I AebsFrameSubscriber: readNextMessages count=1
         1788711889.209  4040  4073 I MainActivity: onGatewayFrame: frame seq=1641 egoSpeed=6.9373956 pts=0 intervention=false warning=false braking=true lifecycle=released_verified_stop range=null bearing=null rss=15.958405
         1788711889.309  4040  4073 I AebsFrameSubscriber: onMessagesAvailable callback
         1788711889.309  4040  4073 I AebsFrameSubscriber: readNextMessages count=1
         1788711889.309  4040  4073 I MainActivity: onGatewayFrame: frame seq=1642 egoSpeed=6.9373956 pts=0 intervention=false warning=false braking=true lifecycle=released_verified_stop range=null bearing=null rss=15.958405
         1788711889.409  4040  4073 I AebsFrameSubscriber: onMessagesAvailable callback
         1788711889.409  4040  4073 I AebsFrameSubscriber: readNextMessages count=1
         1788711889.409  4040  4073 I MainActivity: onGatewayFrame: frame seq=1643 egoSpeed=6.9373956 pts=0 intervention=false warning=false braking=true lifecycle=released_verified_stop range=null bearing=null rss=15.958405
         1788711889.508  4040  4073 I AebsFrameSubscriber: onMessagesAvailable callback
         1788711889.509  4040  4073 I AebsFrameSubscriber: readNextMessages count=1
         1788711889.509  4040  4073 I MainActivity: onGatewayFrame: frame seq=1644 egoSpeed=6.9373956 pts=0 intervention=false warning=false braking=true lifecycle=released_verified_stop range=null bearing=null rss=15.958405
         1788711889.609  4040  4073 I AebsFrameSubscriber: onMessagesAvailable callback
         1788711889.609  4040  4073 I AebsFrameSubscriber: readNextMessages count=1
         1788711889.609  4040  4073 I MainActivity: onGatewayFrame: frame seq=1645 egoSpeed=6.9373956 pts=0 intervention=false warning=false braking=true lifecycle=released_verified_stop range=null bearing=null rss=15.958405
         1788711889.709  4040  4073 I AebsFrameSubscriber: onMessagesAvailable callback
         1788711889.709  4040  4073 I AebsFrameSubscriber: readNextMessages count=1
         1788711889.709  4040  4073 I MainActivity: onGatewayFrame: frame seq=1646 egoSpeed=6.9373956 pts=0 intervention=false warning=false braking=true lifecycle=released_verified_stop range=null bearing=null rss=15.958405
         1788711889.809  4040  4073 I AebsFrameSubscriber: onMessagesAvailable callback
         1788711889.809  4040  4073 I AebsFrameSubscriber: readNextMessages count=1
         1788711889.810  4040  4073 I MainActivity: onGatewayFrame: frame seq=1647 egoSpeed=6.9373956 pts=0 intervention=false warning=false braking=true lifecycle=released_verified_stop range=null bearing=null rss=15.958405
         1788711889.908  4040  4073 I AebsFrameSubscriber: onMessagesAvailable callback
         1788711889.909  4040  4073 I AebsFrameSubscriber: readNextMessages count=1
         1788711889.909  4040  4073 I MainActivity: onGatewayFrame: frame seq=1648 egoSpeed=6.9373956 pts=0 intervention=false warning=false braking=true lifecycle=released_verified_stop range=null bearing=null rss=15.958405
         1788711890.008  4040  4073 I AebsFrameSubscriber: onMessagesAvailable callback
         1788711890.009  4040  4073 I AebsFrameSubscriber: readNextMessages count=1
         1788711890.009  4040  4073 I MainActivity: onGatewayFrame: frame seq=1649 egoSpeed=6.9373956 pts=0 intervention=false warning=false braking=true lifecycle=released_verified_stop range=null bearing=null rss=15.958405
         1788711890.109  4040  4073 I AebsFrameSubscriber: onMessagesAvailable callback
         1788711890.109  4040  4073 I AebsFrameSubscriber: readNextMessages count=1
         1788711890.109  4040  4073 I MainActivity: onGatewayFrame: frame seq=1650 egoSpeed=6.9373956 pts=0 intervention=false warning=false braking=true lifecycle=released_verified_stop range=null bearing=null rss=15.958405
         1788711890.208  4040  4073 I AebsFrameSubscriber: onMessagesAvailable callback
         1788711890.209  4040  4073 I AebsFrameSubscriber: readNextMessages count=1
         1788711890.209  4040  4073 I MainActivity: onGatewayFrame: frame seq=1651 egoSpeed=6.9373956 pts=0 intervention=false warning=false braking=true lifecycle=released_verified_stop range=null bearing=null rss=15.958405
         1788711890.308  4040  4073 I AebsFrameSubscriber: onMessagesAvailable callback
         1788711890.309  4040  4073 I AebsFrameSubscriber: readNextMessages count=1
         1788711890.309  4040  4073 I MainActivity: onGatewayFrame: frame seq=1652 egoSpeed=6.9373956 pts=0 intervention=false warning=false braking=true lifecycle=released_verified_stop range=null bearing=null rss=15.958405
         1788711890.408  4040  4073 I AebsFrameSubscriber: onMessagesAvailable callback
         1788711890.409  4040  4073 I AebsFrameSubscriber: readNextMessages count=1
         1788711890.409  4040  4073 I MainActivity: onGatewayFrame: frame seq=1653 egoSpeed=6.9373956 pts=0 intervention=false warning=false braking=true lifecycle=released_verified_stop range=null bearing=null rss=15.958405
         1788711890.508  4040  4073 I AebsFrameSubscriber: onMessagesAvailable callback
         1788711890.509  4040  4073 I AebsFrameSubscriber: readNextMessages count=1
         1788711890.509  4040  4073 I MainActivity: onGatewayFrame: frame seq=1654 egoSpeed=6.9373956 pts=0 intervention=false warning=false braking=true lifecycle=released_verified_stop range=null bearing=null rss=15.958405
         1788711890.608  4040  4073 I AebsFrameSubscriber: onMessagesAvailable callback
         1788711890.609  4040  4073 I AebsFrameSubscriber: readNextMessages count=1
         1788711890.609  4040  4073 I MainActivity: onGatewayFrame: frame seq=1655 egoSpeed=6.9373956 pts=0 intervention=false warning=false braking=true lifecycle=released_verified_stop range=null bearing=null rss=15.958405
         1788711890.708  4040  4073 I AebsFrameSubscriber: onMessagesAvailable callback
         1788711890.709  4040  4073 I AebsFrameSubscriber: readNextMessages count=1
         1788711890.709  4040  4073 I MainActivity: onGatewayFrame: frame seq=1656 egoSpeed=6.9373956 pts=0 intervention=false warning=false braking=true lifecycle=released_verified_stop range=null bearing=null rss=15.958405
         1788711890.808  4040  4073 I AebsFrameSubscriber: onMessagesAvailable callback
         1788711890.809  4040  4073 I AebsFrameSubscriber: readNextMessages count=1
         1788711890.809  4040  4073 I MainActivity: onGatewayFrame: frame seq=1657 egoSpeed=6.9373956 pts=0 intervention=false warning=false braking=true lifecycle=released_verified_stop range=null bearing=null rss=15.958405
         1788711890.908  4040  4073 I AebsFrameSubscriber: onMessagesAvailable callback
         1788711890.909  4040  4073 I AebsFrameSubscriber: readNextMessages count=1
         1788711890.909  4040  4073 I MainActivity: onGatewayFrame: frame seq=1658 egoSpeed=6.9373956 pts=0 intervention=false warning=false braking=true lifecycle=released_verified_stop range=null bearing=null rss=15.958405
         1788711891.008  4040  4073 I AebsFrameSubscriber: onMessagesAvailable callback
         1788711891.009  4040  4073 I AebsFrameSubscriber: readNextMessages count=1
         1788711891.009  4040  4073 I MainActivity: onGatewayFrame: frame seq=1659 egoSpeed=6.9373956 pts=0 intervention=false warning=false braking=true lifecycle=released_verified_stop range=null bearing=null rss=15.958405
         1788711891.108  4040  4073 I AebsFrameSubscriber: onMessagesAvailable callback
         1788711891.109  4040  4073 I AebsFrameSubscriber: readNextMessages count=1
         1788711891.109  4040  4073 I MainActivity: onGatewayFrame: frame seq=1660 egoSpeed=6.9373956 pts=0 intervention=false warning=false braking=true lifecycle=released_verified_stop range=null bearing=null rss=15.958405
         1788711891.208  4040  4073 I AebsFrameSubscriber: onMessagesAvailable callback
         1788711891.209  4040  4073 I AebsFrameSubscriber: readNextMessages count=1
         1788711891.209  4040  4073 I MainActivity: onGatewayFrame: frame seq=1661 egoSpeed=6.9373956 pts=0 intervention=false warning=false braking=true lifecycle=released_verified_stop range=null bearing=null rss=15.958405
         1788711891.308  4040  4073 I AebsFrameSubscriber: onMessagesAvailable callback
         1788711891.309  4040  4073 I AebsFrameSubscriber: readNextMessages count=1
         1788711891.309  4040  4073 I MainActivity: onGatewayFrame: frame seq=1662 egoSpeed=6.9373956 pts=0 intervention=false warning=false braking=true lifecycle=released_verified_stop range=null bearing=null rss=15.958405
         1788711891.527  4040  4073 I AebsFrameSubscriber: readNextMessages count=2
         1788711891.527  4040  4073 I MainActivity: onGatewayFrame: frame seq=1663 egoSpeed=6.9373956 pts=0 intervention=false warning=false braking=true lifecycle=released_verified_stop range=null bearing=null rss=15.958405
         1788711891.527  4040  4073 I MainActivity: onGatewayFrame: frame seq=1664 egoSpeed=6.9373956 pts=0 intervention=false warning=false braking=true lifecycle=released_verified_stop range=null bearing=null rss=15.958405
         1788711891.527  4040  4073 I AebsFrameSubscriber: onMessagesAvailable callback
         1788711891.527  4040  4073 I AebsFrameSubscriber: onMessagesAvailable callback
         1788711891.608  4040  4073 I AebsFrameSubscriber: onMessagesAvailable callback
         1788711891.609  4040  4073 I AebsFrameSubscriber: readNextMessages count=1
         1788711891.609  4040  4073 I MainActivity: onGatewayFrame: frame seq=1665 egoSpeed=6.9373956 pts=0 intervention=false warning=false braking=true lifecycle=released_verified_stop range=null bearing=null rss=15.958405
         1788711891.708  4040  4073 I AebsFrameSubscriber: onMessagesAvailable callback
         1788711891.709  4040  4073 I AebsFrameSubscriber: readNextMessages count=1
         1788711891.709  4040  4073 I MainActivity: onGatewayFrame: frame seq=1666 egoSpeed=6.9373956 pts=0 intervention=false warning=false braking=true lifecycle=released_verified_stop range=null bearing=null rss=15.958405
         1788711891.808  4040  4073 I AebsFrameSubscriber: onMessagesAvailable callback
         1788711891.809  4040  4073 I AebsFrameSubscriber: readNextMessages count=1
         1788711891.809  4040  4073 I MainActivity: onGatewayFrame: frame seq=1667 egoSpeed=6.9373956 pts=0 intervention=false warning=false braking=true lifecycle=released_verified_stop range=null bearing=null rss=15.958405
         1788711891.908  4040  4073 I AebsFrameSubscriber: onMessagesAvailable callback
         1788711891.909  4040  4073 I AebsFrameSubscriber: readNextMessages count=1
         1788711891.909  4040  4073 I MainActivity: onGatewayFrame: frame seq=1668 egoSpeed=6.9373956 pts=0 intervention=false warning=false braking=true lifecycle=released_verified_stop range=null bearing=null rss=15.958405
         1788711892.008  4040  4073 I AebsFrameSubscriber: onMessagesAvailable callback
         1788711892.009  4040  4073 I AebsFrameSubscriber: readNextMessages count=1
         1788711892.009  4040  4073 I MainActivity: onGatewayFrame: frame seq=1669 egoSpeed=6.9373956 pts=0 intervention=false warning=false braking=true lifecycle=released_verified_stop range=null bearing=null rss=15.958405
         1788711892.108  4040  4073 I AebsFrameSubscriber: onMessagesAvailable callback
         1788711892.109  4040  4073 I AebsFrameSubscriber: readNextMessages count=1
         1788711892.109  4040  4073 I MainActivity: onGatewayFrame: frame seq=1670 egoSpeed=6.9373956 pts=0 intervention=false warning=false braking=true lifecycle=released_verified_stop range=null bearing=null rss=15.958405
         1788711892.208  4040  4073 I AebsFrameSubscriber: onMessagesAvailable callback
         1788711892.209  4040  4073 I AebsFrameSubscriber: readNextMessages count=1
         1788711892.209  4040  4073 I MainActivity: onGatewayFrame: frame seq=1671 egoSpeed=6.9373956 pts=0 intervention=false warning=false braking=true lifecycle=released_verified_stop range=null bearing=null rss=15.958405
         1788711892.308  4040  4073 I AebsFrameSubscriber: onMessagesAvailable callback
         1788711892.309  4040  4073 I AebsFrameSubscriber: readNextMessages count=1
         1788711892.309  4040  4073 I MainActivity: onGatewayFrame: frame seq=1672 egoSpeed=6.9373956 pts=0 intervention=false warning=false braking=true lifecycle=released_verified_stop range=null bearing=null rss=15.958405
         1788711892.408  4040  4073 I AebsFrameSubscriber: onMessagesAvailable callback
         1788711892.409  4040  4073 I AebsFrameSubscriber: readNextMessages count=1
         1788711892.409  4040  4073 I MainActivity: onGatewayFrame: frame seq=1673 egoSpeed=6.9373956 pts=0 intervention=false warning=false braking=true lifecycle=released_verified_stop range=null bearing=null rss=15.958405
         1788711892.508  4040  4073 I AebsFrameSubscriber: onMessagesAvailable callback
         1788711892.509  4040  4073 I AebsFrameSubscriber: readNextMessages count=1
         1788711892.509  4040  4073 I MainActivity: onGatewayFrame: frame seq=1674 egoSpeed=6.9373956 pts=0 intervention=false warning=false braking=true lifecycle=released_verified_stop range=null bearing=null rss=15.958405
         1788711892.608  4040  4073 I AebsFrameSubscriber: onMessagesAvailable callback
         1788711892.609  4040  4073 I AebsFrameSubscriber: readNextMessages count=1
         1788711892.609  4040  4073 I MainActivity: onGatewayFrame: frame seq=1675 egoSpeed=6.9373956 pts=0 intervention=false warning=false braking=true lifecycle=released_verified_stop range=null bearing=null rss=15.958405
         1788711892.708  4040  4073 I AebsFrameSubscriber: onMessagesAvailable callback
         1788711892.709  4040  4073 I AebsFrameSubscriber: readNextMessages count=1
         1788711892.709  4040  4073 I MainActivity: onGatewayFrame: frame seq=1676 egoSpeed=6.9373956 pts=0 intervention=false warning=false braking=true lifecycle=released_verified_stop range=null bearing=null rss=15.958405
         1788711892.808  4040  4073 I AebsFrameSubscriber: onMessagesAvailable callback
         1788711892.809  4040  4073 I AebsFrameSubscriber: readNextMessages count=1
         1788711892.809  4040  4073 I MainActivity: onGatewayFrame: frame seq=1677 egoSpeed=6.9373956 pts=0 intervention=false warning=false braking=true lifecycle=released_verified_stop range=null bearing=null rss=15.958405
         1788711892.908  4040  4073 I AebsFrameSubscriber: onMessagesAvailable callback
         1788711892.909  4040  4073 I AebsFrameSubscriber: readNextMessages count=1
         1788711892.909  4040  4073 I MainActivity: onGatewayFrame: frame seq=1678 egoSpeed=6.9373956 pts=0 intervention=false warning=false braking=true lifecycle=released_verified_stop range=null bearing=null rss=15.958405
         1788711893.008  4040  4073 I AebsFrameSubscriber: onMessagesAvailable callback
         1788711893.009  4040  4073 I AebsFrameSubscriber: readNextMessages count=1
         1788711893.009  4040  4073 I MainActivity: onGatewayFrame: frame seq=1679 egoSpeed=6.9373956 pts=0 intervention=false warning=false braking=true lifecycle=released_verified_stop range=null bearing=null rss=15.958405
         1788711893.108  4040  4073 I AebsFrameSubscriber: onMessagesAvailable callback
         1788711893.109  4040  4073 I AebsFrameSubscriber: readNextMessages count=1
         1788711893.109  4040  4073 I MainActivity: onGatewayFrame: frame seq=1680 egoSpeed=6.9373956 pts=0 intervention=false warning=false braking=true lifecycle=released_verified_stop range=null bearing=null rss=15.958405
         1788711893.208  4040  4073 I AebsFrameSubscriber: onMessagesAvailable callback
         1788711893.209  4040  4073 I AebsFrameSubscriber: readNextMessages count=1
         1788711893.209  4040  4073 I MainActivity: onGatewayFrame: frame seq=1681 egoSpeed=6.9373956 pts=0 intervention=false warning=false braking=true lifecycle=released_verified_stop range=null bearing=null rss=15.958405
         1788711893.308  4040  4073 I AebsFrameSubscriber: onMessagesAvailable callback
         1788711893.309  4040  4073 I AebsFrameSubscriber: readNextMessages count=1
         1788711893.309  4040  4073 I MainActivity: onGatewayFrame: frame seq=1682 egoSpeed=6.9373956 pts=0 intervention=false warning=false braking=true lifecycle=released_verified_stop range=null bearing=null rss=15.958405
         1788711893.408  4040  4073 I AebsFrameSubscriber: onMessagesAvailable callback
         1788711893.409  4040  4073 I AebsFrameSubscriber: readNextMessages count=1
         1788711893.409  4040  4073 I MainActivity: onGatewayFrame: frame seq=1683 egoSpeed=6.9373956 pts=0 intervention=false warning=false braking=true lifecycle=released_verified_stop range=null bearing=null rss=15.958405
         1788711893.508  4040  4073 I AebsFrameSubscriber: onMessagesAvailable callback
         1788711893.509  4040  4073 I AebsFrameSubscriber: readNextMessages count=1
         1788711893.509  4040  4073 I MainActivity: onGatewayFrame: frame seq=1684 egoSpeed=6.9373956 pts=0 intervention=false warning=false braking=true lifecycle=released_verified_stop range=null bearing=null rss=15.958405
         1788711893.608  4040  4073 I AebsFrameSubscriber: onMessagesAvailable callback
         1788711893.609  4040  4073 I AebsFrameSubscriber: readNextMessages count=1
         1788711893.609  4040  4073 I MainActivity: onGatewayFrame: frame seq=1685 egoSpeed=6.9373956 pts=0 intervention=false warning=false braking=true lifecycle=released_verified_stop range=null bearing=null rss=15.958405
         1788711893.708  4040  4073 I AebsFrameSubscriber: onMessagesAvailable callback
         1788711893.709  4040  4073 I AebsFrameSubscriber: readNextMessages count=1
         1788711893.709  4040  4073 I MainActivity: onGatewayFrame: frame seq=1686 egoSpeed=6.9373956 pts=0 intervention=false warning=false braking=true lifecycle=released_verified_stop range=null bearing=null rss=15.958405
         1788711893.808  4040  4073 I AebsFrameSubscriber: onMessagesAvailable callback
         1788711893.809  4040  4073 I AebsFrameSubscriber: readNextMessages count=1
         1788711893.809  4040  4073 I MainActivity: onGatewayFrame: frame seq=1687 egoSpeed=6.9373956 pts=0 intervention=false warning=false braking=true lifecycle=released_verified_stop range=null bearing=null rss=15.958405
         1788711893.908  4040  4073 I AebsFrameSubscriber: onMessagesAvailable callback
         1788711893.909  4040  4073 I AebsFrameSubscriber: readNextMessages count=1
         1788711893.909  4040  4073 I MainActivity: onGatewayFrame: frame seq=1688 egoSpeed=6.9373956 pts=0 intervention=false warning=false braking=true lifecycle=released_verified_stop range=null bearing=null rss=15.958405
         1788711894.008  4040  4073 I AebsFrameSubscriber: onMessagesAvailable callback
         1788711894.009  4040  4073 I AebsFrameSubscriber: readNextMessages count=1
         1788711894.009  4040  4073 I MainActivity: onGatewayFrame: frame seq=1689 egoSpeed=6.9373956 pts=0 intervention=false warning=false braking=true lifecycle=released_verified_stop range=null bearing=null rss=15.958405
         1788711894.108  4040  4073 I AebsFrameSubscriber: onMessagesAvailable callback
         1788711894.109  4040  4073 I AebsFrameSubscriber: readNextMessages count=1
         1788711894.109  4040  4073 I MainActivity: onGatewayFrame: frame seq=1690 egoSpeed=6.9373956 pts=0 intervention=false warning=false braking=true lifecycle=released_verified_stop range=null bearing=null rss=15.958405
         1788711894.208  4040  4073 I AebsFrameSubscriber: onMessagesAvailable callback
         1788711894.209  4040  4073 I AebsFrameSubscriber: readNextMessages count=1
         1788711894.209  4040  4073 I MainActivity: onGatewayFrame: frame seq=1691 egoSpeed=6.9373956 pts=0 intervention=false warning=false braking=true lifecycle=released_verified_stop range=null bearing=null rss=15.958405
         1788711894.308  4040  4073 I AebsFrameSubscriber: onMessagesAvailable callback
         1788711894.309  4040  4073 I AebsFrameSubscriber: readNextMessages count=1
         1788711894.309  4040  4073 I MainActivity: onGatewayFrame: frame seq=1692 egoSpeed=6.9373956 pts=0 intervention=false warning=false braking=true lifecycle=released_verified_stop range=null bearing=null rss=15.958405
         1788711894.408  4040  4073 I AebsFrameSubscriber: onMessagesAvailable callback
         1788711894.409  4040  4073 I AebsFrameSubscriber: readNextMessages count=1
         1788711894.409  4040  4073 I MainActivity: onGatewayFrame: frame seq=1693 egoSpeed=6.9373956 pts=0 intervention=false warning=false braking=true lifecycle=released_verified_stop range=null bearing=null rss=15.958405
         1788711894.508  4040  4073 I AebsFrameSubscriber: onMessagesAvailable callback
         1788711894.509  4040  4073 I AebsFrameSubscriber: readNextMessages count=1
         1788711894.509  4040  4073 I MainActivity: onGatewayFrame: frame seq=1694 egoSpeed=6.9373956 pts=0 intervention=false warning=false braking=true lifecycle=released_verified_stop range=null bearing=null rss=15.958405
         1788711894.608  4040  4073 I AebsFrameSubscriber: onMessagesAvailable callback
         1788711894.609  4040  4073 I AebsFrameSubscriber: readNextMessages count=1
         1788711894.609  4040  4073 I MainActivity: onGatewayFrame: frame seq=1695 egoSpeed=6.9373956 pts=0 intervention=false warning=false braking=true lifecycle=released_verified_stop range=null bearing=null rss=15.958405
         1788711894.708  4040  4073 I AebsFrameSubscriber: onMessagesAvailable callback
         1788711894.709  4040  4073 I AebsFrameSubscriber: readNextMessages count=1
         1788711894.710  4040  4073 I MainActivity: onGatewayFrame: frame seq=1696 egoSpeed=6.9373956 pts=0 intervention=false warning=false braking=true lifecycle=released_verified_stop range=null bearing=null rss=15.958405
         1788711894.808  4040  4073 I AebsFrameSubscriber: onMessagesAvailable callback
         1788711894.809  4040  4073 I AebsFrameSubscriber: readNextMessages count=1
         1788711894.809  4040  4073 I MainActivity: onGatewayFrame: frame seq=1697 egoSpeed=6.9373956 pts=0 intervention=false warning=false braking=true lifecycle=released_verified_stop range=null bearing=null rss=15.958405
         1788711894.908  4040  4073 I AebsFrameSubscriber: onMessagesAvailable callback
         1788711894.909  4040  4073 I AebsFrameSubscriber: readNextMessages count=1
         1788711894.909  4040  4073 I MainActivity: onGatewayFrame: frame seq=1698 egoSpeed=6.9373956 pts=0 intervention=false warning=false braking=true lifecycle=released_verified_stop range=null bearing=null rss=15.958405
         1788711895.008  4040  4073 I AebsFrameSubscriber: onMessagesAvailable callback
         1788711895.009  4040  4073 I AebsFrameSubscriber: readNextMessages count=1
         1788711895.009  4040  4073 I MainActivity: onGatewayFrame: frame seq=1699 egoSpeed=6.9373956 pts=0 intervention=false warning=false braking=true lifecycle=released_verified_stop range=null bearing=null rss=15.958405
         1788711895.108  4040  4073 I AebsFrameSubscriber: onMessagesAvailable callback
         1788711895.109  4040  4073 I AebsFrameSubscriber: readNextMessages count=1
         1788711895.109  4040  4073 I MainActivity: onGatewayFrame: frame seq=1700 egoSpeed=6.9373956 pts=0 intervention=false warning=false braking=true lifecycle=released_verified_stop range=null bearing=null rss=15.958405
         1788711895.208  4040  4073 I AebsFrameSubscriber: onMessagesAvailable callback
         1788711895.209  4040  4073 I AebsFrameSubscriber: readNextMessages count=1
         1788711895.209  4040  4073 I MainActivity: onGatewayFrame: frame seq=1701 egoSpeed=6.9373956 pts=0 intervention=false warning=false braking=true lifecycle=released_verified_stop range=null bearing=null rss=15.958405
         1788711895.308  4040  4073 I AebsFrameSubscriber: onMessagesAvailable callback
         1788711895.309  4040  4073 I AebsFrameSubscriber: readNextMessages count=1
         1788711895.309  4040  4073 I MainActivity: onGatewayFrame: frame seq=1702 egoSpeed=6.9373956 pts=0 intervention=false warning=false braking=true lifecycle=released_verified_stop range=null bearing=null rss=15.958405
         1788711895.408  4040  4073 I AebsFrameSubscriber: onMessagesAvailable callback
         1788711895.409  4040  4073 I AebsFrameSubscriber: readNextMessages count=1
         1788711895.409  4040  4073 I MainActivity: onGatewayFrame: frame seq=1703 egoSpeed=6.9373956 pts=0 intervention=false warning=false braking=true lifecycle=released_verified_stop range=null bearing=null rss=15.958405
         1788711895.508  4040  4073 I AebsFrameSubscriber: onMessagesAvailable callback
         1788711895.509  4040  4073 I AebsFrameSubscriber: readNextMessages count=1
         1788711895.509  4040  4073 I MainActivity: onGatewayFrame: frame seq=1704 egoSpeed=6.9373956 pts=0 intervention=false warning=false braking=true lifecycle=released_verified_stop range=null bearing=null rss=15.958405
         1788711895.609  4040  4073 I AebsFrameSubscriber: onMessagesAvailable callback
         1788711895.610  4040  4073 I AebsFrameSubscriber: readNextMessages count=1
         1788711895.610  4040  4073 I MainActivity: onGatewayFrame: frame seq=1705 egoSpeed=6.9373956 pts=0 intervention=false warning=false braking=true lifecycle=released_verified_stop range=null bearing=null rss=15.958405
         1788711895.741  4040  4073 I AebsFrameSubscriber: readNextMessages count=1
         1788711895.741  4040  4073 I MainActivity: onGatewayFrame: frame seq=1706 egoSpeed=6.9373956 pts=0 intervention=false warning=false braking=true lifecycle=released_verified_stop range=null bearing=null rss=15.958405
         1788711895.741  4040  4073 I AebsFrameSubscriber: onMessagesAvailable callback
         1788711895.808  4040  4073 I AebsFrameSubscriber: onMessagesAvailable callback
         1788711895.808  4040  4073 I AebsFrameSubscriber: readNextMessages count=1
         1788711895.808  4040  4073 I MainActivity: onGatewayFrame: frame seq=1707 egoSpeed=6.9373956 pts=0 intervention=false warning=false braking=true lifecycle=released_verified_stop range=null bearing=null rss=15.958405
         1788711895.908  4040  4073 I AebsFrameSubscriber: onMessagesAvailable callback
         1788711895.909  4040  4073 I AebsFrameSubscriber: readNextMessages count=1
         1788711895.909  4040  4073 I MainActivity: onGatewayFrame: frame seq=1708 egoSpeed=6.9373956 pts=0 intervention=false warning=false braking=true lifecycle=released_verified_stop range=null bearing=null rss=15.958405
         1788711896.008  4040  4073 I AebsFrameSubscriber: onMessagesAvailable callback
         1788711896.009  4040  4073 I AebsFrameSubscriber: readNextMessages count=1
         1788711896.009  4040  4073 I MainActivity: onGatewayFrame: frame seq=1709 egoSpeed=6.9373956 pts=0 intervention=false warning=false braking=true lifecycle=released_verified_stop range=null bearing=null rss=15.958405
         1788711896.108  4040  4073 I AebsFrameSubscriber: onMessagesAvailable callback
         1788711896.109  4040  4073 I AebsFrameSubscriber: readNextMessages count=1
         1788711896.109  4040  4073 I MainActivity: onGatewayFrame: frame seq=1710 egoSpeed=6.9373956 pts=0 intervention=false warning=false braking=true lifecycle=released_verified_stop range=null bearing=null rss=15.958405
         1788711896.208  4040  4073 I AebsFrameSubscriber: onMessagesAvailable callback
         1788711896.208  4040  4073 I AebsFrameSubscriber: readNextMessages count=1
         1788711896.209  4040  4073 I MainActivity: onGatewayFrame: frame seq=1711 egoSpeed=6.9373956 pts=0 intervention=false warning=false braking=true lifecycle=released_verified_stop range=null bearing=null rss=15.958405
         1788711896.308  4040  4073 I AebsFrameSubscriber: onMessagesAvailable callback
         1788711896.309  4040  4073 I AebsFrameSubscriber: readNextMessages count=1
         1788711896.309  4040  4073 I MainActivity: onGatewayFrame: frame seq=1712 egoSpeed=6.9373956 pts=0 intervention=false warning=false braking=true lifecycle=released_verified_stop range=null bearing=null rss=15.958405
         1788711896.408  4040  4073 I AebsFrameSubscriber: onMessagesAvailable callback
         1788711896.408  4040  4073 I AebsFrameSubscriber: readNextMessages count=1
         1788711896.408  4040  4073 I MainActivity: onGatewayFrame: frame seq=1713 egoSpeed=6.9373956 pts=0 intervention=false warning=false braking=true lifecycle=released_verified_stop range=null bearing=null rss=15.958405
         1788711896.508  4040  4073 I AebsFrameSubscriber: onMessagesAvailable callback
         1788711896.509  4040  4073 I AebsFrameSubscriber: readNextMessages count=1
         1788711896.509  4040  4073 I MainActivity: onGatewayFrame: frame seq=1714 egoSpeed=6.9373956 pts=0 intervention=false warning=false braking=true lifecycle=released_verified_stop range=null bearing=null rss=15.958405
         1788711896.608  4040  4073 I AebsFrameSubscriber: onMessagesAvailable callback
         1788711896.608  4040  4073 I AebsFrameSubscriber: readNextMessages count=1
         1788711896.608  4040  4073 I MainActivity: onGatewayFrame: frame seq=1715 egoSpeed=6.9373956 pts=0 intervention=false warning=false braking=true lifecycle=released_verified_stop range=null bearing=null rss=15.958405
         1788711896.708  4040  4073 I AebsFrameSubscriber: onMessagesAvailable callback
         1788711896.708  4040  4073 I AebsFrameSubscriber: readNextMessages count=1
         1788711896.708  4040  4073 I MainActivity: onGatewayFrame: frame seq=1716 egoSpeed=6.9373956 pts=0 intervention=false warning=false braking=true lifecycle=released_verified_stop range=null bearing=null rss=15.958405
         1788711896.808  4040  4073 I AebsFrameSubscriber: onMessagesAvailable callback
         1788711896.808  4040  4073 I AebsFrameSubscriber: readNextMessages count=1
         1788711896.808  4040  4073 I MainActivity: onGatewayFrame: frame seq=1717 egoSpeed=6.9373956 pts=0 intervention=false warning=false braking=true lifecycle=released_verified_stop range=null bearing=null rss=15.958405
         1788711896.908  4040  4073 I AebsFrameSubscriber: onMessagesAvailable callback
         1788711896.908  4040  4073 I AebsFrameSubscriber: readNextMessages count=1
         1788711896.908  4040  4073 I MainActivity: onGatewayFrame: frame seq=1718 egoSpeed=6.9373956 pts=0 intervention=false warning=false braking=true lifecycle=released_verified_stop range=null bearing=null rss=15.958405
         1788711897.008  4040  4073 I AebsFrameSubscriber: onMessagesAvailable callback
         1788711897.008  4040  4073 I AebsFrameSubscriber: readNextMessages count=1
         1788711897.008  4040  4073 I MainActivity: onGatewayFrame: frame seq=1719 egoSpeed=6.9373956 pts=0 intervention=false warning=false braking=true lifecycle=released_verified_stop range=null bearing=null rss=15.958405
         1788711897.108  4040  4073 I AebsFrameSubscriber: onMessagesAvailable callback
         1788711897.108  4040  4073 I AebsFrameSubscriber: readNextMessages count=1
         1788711897.108  4040  4073 I MainActivity: onGatewayFrame: frame seq=1720 egoSpeed=6.9373956 pts=0 intervention=false warning=false braking=true lifecycle=released_verified_stop range=null bearing=null rss=15.958405
         1788711897.208  4040  4073 I AebsFrameSubscriber: onMessagesAvailable callback
         1788711897.208  4040  4073 I AebsFrameSubscriber: readNextMessages count=1
         1788711897.208  4040  4073 I MainActivity: onGatewayFrame: frame seq=1721 egoSpeed=6.9373956 pts=0 intervention=false warning=false braking=true lifecycle=released_verified_stop range=null bearing=null rss=15.958405
         1788711897.308  4040  4073 I AebsFrameSubscriber: onMessagesAvailable callback
         1788711897.308  4040  4073 I AebsFrameSubscriber: readNextMessages count=1
         1788711897.309  4040  4073 I MainActivity: onGatewayFrame: frame seq=1722 egoSpeed=6.9373956 pts=0 intervention=false warning=false braking=true lifecycle=released_verified_stop range=null bearing=null rss=15.958405
         1788711897.408  4040  4073 I AebsFrameSubscriber: onMessagesAvailable callback
         1788711897.408  4040  4073 I AebsFrameSubscriber: readNextMessages count=1
         1788711897.408  4040  4073 I MainActivity: onGatewayFrame: frame seq=1723 egoSpeed=6.9373956 pts=0 intervention=false warning=false braking=true lifecycle=released_verified_stop range=null bearing=null rss=15.958405
         1788711897.508  4040  4073 I AebsFrameSubscriber: onMessagesAvailable callback
         1788711897.508  4040  4073 I AebsFrameSubscriber: readNextMessages count=1
         1788711897.508  4040  4073 I MainActivity: onGatewayFrame: frame seq=1724 egoSpeed=6.9373956 pts=0 intervention=false warning=false braking=true lifecycle=released_verified_stop range=null bearing=null rss=15.958405
         1788711897.608  4040  4073 I AebsFrameSubscriber: onMessagesAvailable callback
         1788711897.608  4040  4073 I AebsFrameSubscriber: readNextMessages count=1
         1788711897.608  4040  4073 I MainActivity: onGatewayFrame: frame seq=1725 egoSpeed=6.9373956 pts=0 intervention=false warning=false braking=true lifecycle=released_verified_stop range=null bearing=null rss=15.958405
         1788711897.708  4040  4073 I AebsFrameSubscriber: onMessagesAvailable callback
         1788711897.709  4040  4073 I AebsFrameSubscriber: readNextMessages count=1
         1788711897.709  4040  4073 I MainActivity: onGatewayFrame: frame seq=1726 egoSpeed=6.9373956 pts=0 intervention=false warning=false braking=true lifecycle=released_verified_stop range=null bearing=null rss=15.958405
         1788711897.808  4040  4073 I AebsFrameSubscriber: onMessagesAvailable callback
         1788711897.809  4040  4073 I AebsFrameSubscriber: readNextMessages count=1
         1788711897.809  4040  4073 I MainActivity: onGatewayFrame: frame seq=1727 egoSpeed=6.9373956 pts=0 intervention=false warning=false braking=true lifecycle=released_verified_stop range=null bearing=null rss=15.958405
         1788711897.908  4040  4073 I AebsFrameSubscriber: onMessagesAvailable callback
         1788711897.908  4040  4073 I AebsFrameSubscriber: readNextMessages count=1
         1788711897.909  4040  4073 I MainActivity: onGatewayFrame: frame seq=1728 egoSpeed=6.9373956 pts=0 intervention=false warning=false braking=true lifecycle=released_verified_stop range=null bearing=null rss=15.958405
         1788711898.008  4040  4073 I AebsFrameSubscriber: onMessagesAvailable callback
         1788711898.008  4040  4073 I AebsFrameSubscriber: readNextMessages count=1
         1788711898.008  4040  4073 I MainActivity: onGatewayFrame: frame seq=1729 egoSpeed=6.9373956 pts=0 intervention=false warning=false braking=true lifecycle=released_verified_stop range=null bearing=null rss=15.958405
         1788711898.108  4040  4073 I AebsFrameSubscriber: onMessagesAvailable callback
         1788711898.108  4040  4073 I AebsFrameSubscriber: readNextMessages count=1
         1788711898.108  4040  4073 I MainActivity: onGatewayFrame: frame seq=1730 egoSpeed=6.9373956 pts=0 intervention=false warning=false braking=true lifecycle=released_verified_stop range=null bearing=null rss=15.958405
         1788711898.208  4040  4073 I AebsFrameSubscriber: onMessagesAvailable callback
         1788711898.208  4040  4073 I AebsFrameSubscriber: readNextMessages count=1
         1788711898.208  4040  4073 I MainActivity: onGatewayFrame: frame seq=1731 egoSpeed=6.9373956 pts=0 intervention=false warning=false braking=true lifecycle=released_verified_stop range=null bearing=null rss=15.958405
         1788711898.308  4040  4073 I AebsFrameSubscriber: onMessagesAvailable callback
         1788711898.308  4040  4073 I AebsFrameSubscriber: readNextMessages count=1
         1788711898.308  4040  4073 I MainActivity: onGatewayFrame: frame seq=1732 egoSpeed=6.9373956 pts=0 intervention=false warning=false braking=true lifecycle=released_verified_stop range=null bearing=null rss=15.958405
         1788711898.408  4040  4073 I AebsFrameSubscriber: onMessagesAvailable callback
         1788711898.408  4040  4073 I AebsFrameSubscriber: readNextMessages count=1
         1788711898.409  4040  4073 I MainActivity: onGatewayFrame: frame seq=1733 egoSpeed=6.9373956 pts=0 intervention=false warning=false braking=true lifecycle=released_verified_stop range=null bearing=null rss=15.958405
         1788711898.508  4040  4073 I AebsFrameSubscriber: onMessagesAvailable callback
         1788711898.508  4040  4073 I AebsFrameSubscriber: readNextMessages count=1
         1788711898.508  4040  4073 I MainActivity: onGatewayFrame: frame seq=1734 egoSpeed=6.9373956 pts=0 intervention=false warning=false braking=true lifecycle=released_verified_stop range=null bearing=null rss=15.958405
         1788711898.608  4040  4073 I AebsFrameSubscriber: onMessagesAvailable callback
         1788711898.608  4040  4073 I AebsFrameSubscriber: readNextMessages count=1
         1788711898.608  4040  4073 I MainActivity: onGatewayFrame: frame seq=1735 egoSpeed=6.9373956 pts=0 intervention=false warning=false braking=true lifecycle=released_verified_stop range=null bearing=null rss=15.958405
         1788711898.708  4040  4073 I AebsFrameSubscriber: onMessagesAvailable callback
         1788711898.708  4040  4073 I AebsFrameSubscriber: readNextMessages count=1
         1788711898.708  4040  4073 I MainActivity: onGatewayFrame: frame seq=1736 egoSpeed=6.9373956 pts=0 intervention=false warning=false braking=true lifecycle=released_verified_stop range=null bearing=null rss=15.958405
         1788711898.808  4040  4073 I AebsFrameSubscriber: onMessagesAvailable callback
         1788711898.808  4040  4073 I AebsFrameSubscriber: readNextMessages count=1
         1788711898.808  4040  4073 I MainActivity: onGatewayFrame: frame seq=1737 egoSpeed=6.9373956 pts=0 intervention=false warning=false braking=true lifecycle=released_verified_stop range=null bearing=null rss=15.958405
         1788711898.908  4040  4073 I AebsFrameSubscriber: onMessagesAvailable callback
         1788711898.908  4040  4073 I AebsFrameSubscriber: readNextMessages count=1
         1788711898.908  4040  4073 I MainActivity: onGatewayFrame: frame seq=1738 egoSpeed=6.9373956 pts=0 intervention=false warning=false braking=true lifecycle=released_verified_stop range=null bearing=null rss=15.958405
         1788711899.008  4040  4073 I AebsFrameSubscriber: onMessagesAvailable callback
         1788711899.008  4040  4073 I AebsFrameSubscriber: readNextMessages count=1
         1788711899.010  4040  4073 I MainActivity: onGatewayFrame: frame seq=1739 egoSpeed=6.9373956 pts=0 intervention=false warning=false braking=true lifecycle=released_verified_stop range=null bearing=null rss=15.958405
         1788711899.108  4040  4073 I AebsFrameSubscriber: onMessagesAvailable callback
         1788711899.108  4040  4073 I AebsFrameSubscriber: readNextMessages count=1
         1788711899.108  4040  4073 I MainActivity: onGatewayFrame: frame seq=1740 egoSpeed=6.9373956 pts=0 intervention=false warning=false braking=true lifecycle=released_verified_stop range=null bearing=null rss=15.958405
         1788711899.208  4040  4073 I AebsFrameSubscriber: onMessagesAvailable callback
         1788711899.208  4040  4073 I AebsFrameSubscriber: readNextMessages count=1
         1788711899.208  4040  4073 I MainActivity: onGatewayFrame: frame seq=1741 egoSpeed=6.9373956 pts=0 intervention=false warning=false braking=true lifecycle=released_verified_stop range=null bearing=null rss=15.958405
         1788711899.308  4040  4073 I AebsFrameSubscriber: onMessagesAvailable callback
         1788711899.308  4040  4073 I AebsFrameSubscriber: readNextMessages count=1
         1788711899.308  4040  4073 I MainActivity: onGatewayFrame: frame seq=1742 egoSpeed=6.9373956 pts=0 intervention=false warning=false braking=true lifecycle=released_verified_stop range=null bearing=null rss=15.958405
         1788711899.408  4040  4073 I AebsFrameSubscriber: onMessagesAvailable callback
         1788711899.408  4040  4073 I AebsFrameSubscriber: readNextMessages count=1
         1788711899.408  4040  4073 I MainActivity: onGatewayFrame: frame seq=1743 egoSpeed=6.9373956 pts=0 intervention=false warning=false braking=true lifecycle=released_verified_stop range=null bearing=null rss=15.958405
         1788711899.508  4040  4073 I AebsFrameSubscriber: onMessagesAvailable callback
         1788711899.508  4040  4073 I AebsFrameSubscriber: readNextMessages count=1
         1788711899.508  4040  4073 I MainActivity: onGatewayFrame: frame seq=1744 egoSpeed=6.9373956 pts=0 intervention=false warning=false braking=true lifecycle=released_verified_stop range=null bearing=null rss=15.958405
         1788711899.727  4040  4073 I AebsFrameSubscriber: readNextMessages count=2
         1788711899.728  4040  4073 I MainActivity: onGatewayFrame: frame seq=1745 egoSpeed=6.9373956 pts=0 intervention=false warning=false braking=true lifecycle=released_verified_stop range=null bearing=null rss=15.958405
         1788711899.728  4040  4073 I MainActivity: onGatewayFrame: frame seq=1746 egoSpeed=6.9373956 pts=0 intervention=false warning=false braking=true lifecycle=released_verified_stop range=null bearing=null rss=15.958405
         1788711899.728  4040  4073 I AebsFrameSubscriber: onMessagesAvailable callback
         1788711899.728  4040  4073 I AebsFrameSubscriber: onMessagesAvailable callback
         1788711899.808  4040  4073 I AebsFrameSubscriber: onMessagesAvailable callback
         1788711899.808  4040  4073 I AebsFrameSubscriber: readNextMessages count=1
         1788711899.808  4040  4073 I MainActivity: onGatewayFrame: frame seq=1747 egoSpeed=6.9373956 pts=0 intervention=false warning=false braking=true lifecycle=released_verified_stop range=null bearing=null rss=15.958405
         1788711899.908  4040  4073 I AebsFrameSubscriber: onMessagesAvailable callback
         1788711899.908  4040  4073 I AebsFrameSubscriber: readNextMessages count=1
         1788711899.908  4040  4073 I MainActivity: onGatewayFrame: frame seq=1748 egoSpeed=6.9373956 pts=0 intervention=false warning=false braking=true lifecycle=released_verified_stop range=null bearing=null rss=15.958405
         1788711900.008  4040  4073 I AebsFrameSubscriber: onMessagesAvailable callback
         1788711900.008  4040  4073 I AebsFrameSubscriber: readNextMessages count=1
         1788711900.008  4040  4073 I MainActivity: onGatewayFrame: frame seq=1749 egoSpeed=6.9373956 pts=0 intervention=false warning=false braking=true lifecycle=released_verified_stop range=null bearing=null rss=15.958405
         1788711900.108  4040  4073 I AebsFrameSubscriber: onMessagesAvailable callback
         1788711900.108  4040  4073 I AebsFrameSubscriber: readNextMessages count=1
         1788711900.108  4040  4073 I MainActivity: onGatewayFrame: frame seq=1750 egoSpeed=6.9373956 pts=0 intervention=false warning=false braking=true lifecycle=released_verified_stop range=null bearing=null rss=15.958405
         1788711900.208  4040  4073 I AebsFrameSubscriber: onMessagesAvailable callback
         1788711900.208  4040  4073 I AebsFrameSubscriber: readNextMessages count=1
         1788711900.208  4040  4073 I MainActivity: onGatewayFrame: frame seq=1751 egoSpeed=6.9373956 pts=0 intervention=false warning=false braking=true lifecycle=released_verified_stop range=null bearing=null rss=15.958405
         1788711900.308  4040  4073 I AebsFrameSubscriber: onMessagesAvailable callback
         1788711900.308  4040  4073 I AebsFrameSubscriber: readNextMessages count=1
         1788711900.308  4040  4073 I MainActivity: onGatewayFrame: frame seq=1752 egoSpeed=6.9373956 pts=0 intervention=false warning=false braking=true lifecycle=released_verified_stop range=null bearing=null rss=15.958405
         1788711900.408  4040  4073 I AebsFrameSubscriber: onMessagesAvailable callback
         1788711900.408  4040  4073 I AebsFrameSubscriber: readNextMessages count=1
         1788711900.408  4040  4073 I MainActivity: onGatewayFrame: frame seq=1753 egoSpeed=6.9373956 pts=0 intervention=false warning=false braking=true lifecycle=released_verified_stop range=null bearing=null rss=15.958405
         1788711900.508  4040  4073 I AebsFrameSubscriber: onMessagesAvailable callback
         1788711900.508  4040  4073 I AebsFrameSubscriber: readNextMessages count=1
         1788711900.508  4040  4073 I MainActivity: onGatewayFrame: frame seq=1754 egoSpeed=6.9373956 pts=0 intervention=false warning=false braking=true lifecycle=released_verified_stop range=null bearing=null rss=15.958405
         1788711900.608  4040  4073 I AebsFrameSubscriber: onMessagesAvailable callback
         1788711900.608  4040  4073 I AebsFrameSubscriber: readNextMessages count=1
         1788711900.608  4040  4073 I MainActivity: onGatewayFrame: frame seq=1755 egoSpeed=6.9373956 pts=0 intervention=false warning=false braking=true lifecycle=released_verified_stop range=null bearing=null rss=15.958405
         1788711900.708  4040  4073 I AebsFrameSubscriber: onMessagesAvailable callback
         1788711900.708  4040  4073 I AebsFrameSubscriber: readNextMessages count=1
         1788711900.708  4040  4073 I MainActivity: onGatewayFrame: frame seq=1756 egoSpeed=6.9373956 pts=0 intervention=false warning=false braking=true lifecycle=released_verified_stop range=null bearing=null rss=15.958405
         1788711900.808  4040  4073 I AebsFrameSubscriber: onMessagesAvailable callback
         1788711900.808  4040  4073 I AebsFrameSubscriber: readNextMessages count=1
         1788711900.808  4040  4073 I MainActivity: onGatewayFrame: frame seq=1757 egoSpeed=6.9373956 pts=0 intervention=false warning=false braking=true lifecycle=released_verified_stop range=null bearing=null rss=15.958405
         1788711900.908  4040  4073 I AebsFrameSubscriber: onMessagesAvailable callback
         1788711900.908  4040  4073 I AebsFrameSubscriber: readNextMessages count=1
         1788711900.908  4040  4073 I MainActivity: onGatewayFrame: frame seq=1758 egoSpeed=6.9373956 pts=0 intervention=false warning=false braking=true lifecycle=released_verified_stop range=null bearing=null rss=15.958405
         1788711901.008  4040  4073 I AebsFrameSubscriber: onMessagesAvailable callback
         1788711901.008  4040  4073 I AebsFrameSubscriber: readNextMessages count=1
         1788711901.008  4040  4073 I MainActivity: onGatewayFrame: frame seq=1759 egoSpeed=6.9373956 pts=0 intervention=false warning=false braking=true lifecycle=released_verified_stop range=null bearing=null rss=15.958405
         1788711901.108  4040  4073 I AebsFrameSubscriber: onMessagesAvailable callback
         1788711901.108  4040  4073 I AebsFrameSubscriber: readNextMessages count=1
         1788711901.108  4040  4073 I MainActivity: onGatewayFrame: frame seq=1760 egoSpeed=6.9373956 pts=0 intervention=false warning=false braking=true lifecycle=released_verified_stop range=null bearing=null rss=15.958405
         1788711901.208  4040  4073 I AebsFrameSubscriber: onMessagesAvailable callback
         1788711901.208  4040  4073 I AebsFrameSubscriber: readNextMessages count=1
         1788711901.208  4040  4073 I MainActivity: onGatewayFrame: frame seq=1761 egoSpeed=6.9373956 pts=0 intervention=false warning=false braking=true lifecycle=released_verified_stop range=null bearing=null rss=15.958405
         1788711901.308  4040  4073 I AebsFrameSubscriber: onMessagesAvailable callback
         1788711901.308  4040  4073 I AebsFrameSubscriber: readNextMessages count=1
         1788711901.308  4040  4073 I MainActivity: onGatewayFrame: frame seq=1762 egoSpeed=6.9373956 pts=0 intervention=false warning=false braking=true lifecycle=released_verified_stop range=null bearing=null rss=15.958405
         1788711901.408  4040  4073 I AebsFrameSubscriber: onMessagesAvailable callback
         1788711901.408  4040  4073 I AebsFrameSubscriber: readNextMessages count=1
         1788711901.408  4040  4073 I MainActivity: onGatewayFrame: frame seq=1763 egoSpeed=6.9373956 pts=0 intervention=false warning=false braking=true lifecycle=released_verified_stop range=null bearing=null rss=15.958405
         1788711901.508  4040  4073 I AebsFrameSubscriber: onMessagesAvailable callback
         1788711901.508  4040  4073 I AebsFrameSubscriber: readNextMessages count=1
         1788711901.508  4040  4073 I MainActivity: onGatewayFrame: frame seq=1764 egoSpeed=6.9373956 pts=0 intervention=false warning=false braking=true lifecycle=released_verified_stop range=null bearing=null rss=15.958405
         1788711901.608  4040  4073 I AebsFrameSubscriber: onMessagesAvailable callback
         1788711901.608  4040  4073 I AebsFrameSubscriber: readNextMessages count=1
         1788711901.608  4040  4073 I MainActivity: onGatewayFrame: frame seq=1765 egoSpeed=6.9373956 pts=0 intervention=false warning=false braking=true lifecycle=released_verified_stop range=null bearing=null rss=15.958405
         1788711901.708  4040  4073 I AebsFrameSubscriber: onMessagesAvailable callback
         1788711901.708  4040  4073 I AebsFrameSubscriber: readNextMessages count=1
         1788711901.708  4040  4073 I MainActivity: onGatewayFrame: frame seq=1766 egoSpeed=6.9373956 pts=0 intervention=false warning=false braking=true lifecycle=released_verified_stop range=null bearing=null rss=15.958405
         1788711901.807  4040  4073 I AebsFrameSubscriber: onMessagesAvailable callback
         1788711901.808  4040  4073 I AebsFrameSubscriber: readNextMessages count=1
         1788711901.808  4040  4073 I MainActivity: onGatewayFrame: frame seq=1767 egoSpeed=6.9373956 pts=0 intervention=false warning=false braking=true lifecycle=released_verified_stop range=null bearing=null rss=15.958405
         1788711901.908  4040  4073 I AebsFrameSubscriber: onMessagesAvailable callback
         1788711901.908  4040  4073 I AebsFrameSubscriber: readNextMessages count=1
         1788711901.908  4040  4073 I MainActivity: onGatewayFrame: frame seq=1768 egoSpeed=6.9373956 pts=0 intervention=false warning=false braking=true lifecycle=released_verified_stop range=null bearing=null rss=15.958405
         1788711902.008  4040  4073 I AebsFrameSubscriber: onMessagesAvailable callback
         1788711902.008  4040  4073 I AebsFrameSubscriber: readNextMessages count=1
         1788711902.008  4040  4073 I MainActivity: onGatewayFrame: frame seq=1769 egoSpeed=6.9373956 pts=0 intervention=false warning=false braking=true lifecycle=released_verified_stop range=null bearing=null rss=15.958405
         1788711902.108  4040  4073 I AebsFrameSubscriber: onMessagesAvailable callback
         1788711902.108  4040  4073 I AebsFrameSubscriber: readNextMessages count=1
         1788711902.108  4040  4073 I MainActivity: onGatewayFrame: frame seq=1770 egoSpeed=6.9373956 pts=0 intervention=false warning=false braking=true lifecycle=released_verified_stop range=null bearing=null rss=15.958405
         1788711902.208  4040  4073 I AebsFrameSubscriber: onMessagesAvailable callback
         1788711902.208  4040  4073 I AebsFrameSubscriber: readNextMessages count=1
         1788711902.209  4040  4073 I MainActivity: onGatewayFrame: frame seq=1771 egoSpeed=6.9373956 pts=0 intervention=false warning=false braking=true lifecycle=released_verified_stop range=null bearing=null rss=15.958405
         1788711902.308  4040  4073 I AebsFrameSubscriber: onMessagesAvailable callback
         1788711902.308  4040  4073 I AebsFrameSubscriber: readNextMessages count=1
         1788711902.308  4040  4073 I MainActivity: onGatewayFrame: frame seq=1772 egoSpeed=6.9373956 pts=0 intervention=false warning=false braking=true lifecycle=released_verified_stop range=null bearing=null rss=15.958405
         1788711902.408  4040  4073 I AebsFrameSubscriber: onMessagesAvailable callback
         1788711902.408  4040  4073 I AebsFrameSubscriber: readNextMessages count=1
         1788711902.408  4040  4073 I MainActivity: onGatewayFrame: frame seq=1773 egoSpeed=6.9373956 pts=0 intervention=false warning=false braking=true lifecycle=released_verified_stop range=null bearing=null rss=15.958405
         1788711902.507  4040  4073 I AebsFrameSubscriber: onMessagesAvailable callback
         1788711902.508  4040  4073 I AebsFrameSubscriber: readNextMessages count=1
         1788711902.508  4040  4073 I MainActivity: onGatewayFrame: frame seq=1774 egoSpeed=6.9373956 pts=0 intervention=false warning=false braking=true lifecycle=released_verified_stop range=null bearing=null rss=15.958405
         1788711902.607  4040  4073 I AebsFrameSubscriber: onMessagesAvailable callback
         1788711902.608  4040  4073 I AebsFrameSubscriber: readNextMessages count=1
         1788711902.608  4040  4073 I MainActivity: onGatewayFrame: frame seq=1775 egoSpeed=6.9373956 pts=0 intervention=false warning=false braking=true lifecycle=released_verified_stop range=null bearing=null rss=15.958405
         1788711902.707  4040  4073 I AebsFrameSubscriber: onMessagesAvailable callback
         1788711902.708  4040  4073 I AebsFrameSubscriber: readNextMessages count=1
         1788711902.708  4040  4073 I MainActivity: onGatewayFrame: frame seq=1776 egoSpeed=6.9373956 pts=0 intervention=false warning=false braking=true lifecycle=released_verified_stop range=null bearing=null rss=15.958405
         1788711902.808  4040  4073 I AebsFrameSubscriber: onMessagesAvailable callback
         1788711902.808  4040  4073 I AebsFrameSubscriber: readNextMessages count=1
         1788711902.808  4040  4073 I MainActivity: onGatewayFrame: frame seq=1777 egoSpeed=6.9373956 pts=0 intervention=false warning=false braking=true lifecycle=released_verified_stop range=null bearing=null rss=15.958405
         1788711902.907  4040  4073 I AebsFrameSubscriber: onMessagesAvailable callback
         1788711902.908  4040  4073 I AebsFrameSubscriber: readNextMessages count=1
         1788711902.908  4040  4073 I MainActivity: onGatewayFrame: frame seq=1778 egoSpeed=6.9373956 pts=0 intervention=false warning=false braking=true lifecycle=released_verified_stop range=null bearing=null rss=15.958405
         1788711903.007  4040  4073 I AebsFrameSubscriber: onMessagesAvailable callback
         1788711903.008  4040  4073 I AebsFrameSubscriber: readNextMessages count=1
         1788711903.008  4040  4073 I MainActivity: onGatewayFrame: frame seq=1779 egoSpeed=6.9373956 pts=0 intervention=false warning=false braking=true lifecycle=released_verified_stop range=null bearing=null rss=15.958405
         1788711903.108  4040  4073 I AebsFrameSubscriber: onMessagesAvailable callback
         1788711903.108  4040  4073 I AebsFrameSubscriber: readNextMessages count=1
         1788711903.108  4040  4073 I MainActivity: onGatewayFrame: frame seq=1780 egoSpeed=6.9373956 pts=0 intervention=false warning=false braking=true lifecycle=released_verified_stop range=null bearing=null rss=15.958405
         1788711903.208  4040  4073 I AebsFrameSubscriber: onMessagesAvailable callback
         1788711903.208  4040  4073 I AebsFrameSubscriber: readNextMessages count=1
         1788711903.208  4040  4073 I MainActivity: onGatewayFrame: frame seq=1781 egoSpeed=6.9373956 pts=0 intervention=false warning=false braking=true lifecycle=released_verified_stop range=null bearing=null rss=15.958405
         1788711903.308  4040  4073 I AebsFrameSubscriber: onMessagesAvailable callback
         1788711903.308  4040  4073 I AebsFrameSubscriber: readNextMessages count=1
         1788711903.309  4040  4073 I MainActivity: onGatewayFrame: frame seq=1782 egoSpeed=6.9373956 pts=0 intervention=false warning=false braking=true lifecycle=released_verified_stop range=null bearing=null rss=15.958405
         1788711903.407  4040  4073 I AebsFrameSubscriber: onMessagesAvailable callback
         1788711903.408  4040  4073 I AebsFrameSubscriber: readNextMessages count=1
         1788711903.408  4040  4073 I MainActivity: onGatewayFrame: frame seq=1783 egoSpeed=6.9373956 pts=0 intervention=false warning=false braking=true lifecycle=released_verified_stop range=null bearing=null rss=15.958405
         1788711903.507  4040  4073 I AebsFrameSubscriber: onMessagesAvailable callback
         1788711903.508  4040  4073 I AebsFrameSubscriber: readNextMessages count=1
         1788711903.508  4040  4073 I MainActivity: onGatewayFrame: frame seq=1784 egoSpeed=6.9373956 pts=0 intervention=false warning=false braking=true lifecycle=released_verified_stop range=null bearing=null rss=15.958405
         1788711903.607  4040  4073 I AebsFrameSubscriber: onMessagesAvailable callback
         1788711903.608  4040  4073 I AebsFrameSubscriber: readNextMessages count=1
         1788711903.608  4040  4073 I MainActivity: onGatewayFrame: frame seq=1785 egoSpeed=6.9373956 pts=0 intervention=false warning=false braking=true lifecycle=released_verified_stop range=null bearing=null rss=15.958405
         1788711903.708  4040  4073 I AebsFrameSubscriber: onMessagesAvailable callback
         1788711903.708  4040  4073 I AebsFrameSubscriber: readNextMessages count=1
         1788711903.709  4040  4073 I MainActivity: onGatewayFrame: frame seq=1786 egoSpeed=6.9373956 pts=0 intervention=false warning=false braking=true lifecycle=released_verified_stop range=null bearing=null rss=15.958405
         1788711903.926  4040  4073 I AebsFrameSubscriber: readNextMessages count=2
         1788711903.927  4040  4073 I MainActivity: onGatewayFrame: frame seq=1787 egoSpeed=6.9373956 pts=0 intervention=false warning=false braking=true lifecycle=released_verified_stop range=null bearing=null rss=15.958405
         1788711903.927  4040  4073 I MainActivity: onGatewayFrame: frame seq=1788 egoSpeed=6.9373956 pts=0 intervention=false warning=false braking=true lifecycle=released_verified_stop range=null bearing=null rss=15.958405
         1788711903.927  4040  4073 I AebsFrameSubscriber: onMessagesAvailable callback
         1788711903.927  4040  4073 I AebsFrameSubscriber: onMessagesAvailable callback
         1788711904.008  4040  4073 I AebsFrameSubscriber: onMessagesAvailable callback
         1788711904.009  4040  4073 I AebsFrameSubscriber: readNextMessages count=1
         1788711904.009  4040  4073 I MainActivity: onGatewayFrame: frame seq=1789 egoSpeed=6.9373956 pts=0 intervention=false warning=false braking=true lifecycle=released_verified_stop range=null bearing=null rss=15.958405
         1788711904.108  4040  4073 I AebsFrameSubscriber: onMessagesAvailable callback
         1788711904.108  4040  4073 I AebsFrameSubscriber: readNextMessages count=1
         1788711904.108  4040  4073 I MainActivity: onGatewayFrame: frame seq=1790 egoSpeed=6.9373956 pts=0 intervention=false warning=false braking=true lifecycle=released_verified_stop range=null bearing=null rss=15.958405
         1788711904.208  4040  4073 I AebsFrameSubscriber: onMessagesAvailable callback
         1788711904.208  4040  4073 I AebsFrameSubscriber: readNextMessages count=1
         1788711904.208  4040  4073 I MainActivity: onGatewayFrame: frame seq=1791 egoSpeed=6.9373956 pts=0 intervention=false warning=false braking=true lifecycle=released_verified_stop range=null bearing=null rss=15.958405
         1788711904.307  4040  4073 I AebsFrameSubscriber: onMessagesAvailable callback
         1788711904.308  4040  4073 I AebsFrameSubscriber: readNextMessages count=1
         1788711904.308  4040  4073 I MainActivity: onGatewayFrame: frame seq=1792 egoSpeed=6.9373956 pts=0 intervention=false warning=false braking=true lifecycle=released_verified_stop range=null bearing=null rss=15.958405
         1788711904.408  4040  4073 I AebsFrameSubscriber: onMessagesAvailable callback
         1788711904.408  4040  4073 I AebsFrameSubscriber: readNextMessages count=1
         1788711904.409  4040  4073 I MainActivity: onGatewayFrame: frame seq=1793 egoSpeed=6.9373956 pts=0 intervention=false warning=false braking=true lifecycle=released_verified_stop range=null bearing=null rss=15.958405
         1788711904.507  4040  4073 I AebsFrameSubscriber: onMessagesAvailable callback
         1788711904.508  4040  4073 I AebsFrameSubscriber: readNextMessages count=1
         1788711904.508  4040  4073 I MainActivity: onGatewayFrame: frame seq=1794 egoSpeed=6.9373956 pts=0 intervention=false warning=false braking=true lifecycle=released_verified_stop range=null bearing=null rss=15.958405
         1788711904.608  4040  4073 I AebsFrameSubscriber: onMessagesAvailable callback
         1788711904.608  4040  4073 I AebsFrameSubscriber: readNextMessages count=1
         1788711904.609  4040  4073 I MainActivity: onGatewayFrame: frame seq=1795 egoSpeed=6.9373956 pts=0 intervention=false warning=false braking=true lifecycle=released_verified_stop range=null bearing=null rss=15.958405
         1788711904.707  4040  4073 I AebsFrameSubscriber: onMessagesAvailable callback
         1788711904.708  4040  4073 I AebsFrameSubscriber: readNextMessages count=1
         1788711904.708  4040  4073 I MainActivity: onGatewayFrame: frame seq=1796 egoSpeed=6.9373956 pts=0 intervention=false warning=false braking=true lifecycle=released_verified_stop range=null bearing=null rss=15.958405
         1788711904.808  4040  4073 I AebsFrameSubscriber: onMessagesAvailable callback
         1788711904.808  4040  4073 I AebsFrameSubscriber: readNextMessages count=1
         1788711904.808  4040  4073 I MainActivity: onGatewayFrame: frame seq=1797 egoSpeed=6.9373956 pts=0 intervention=false warning=false braking=true lifecycle=released_verified_stop range=null bearing=null rss=15.958405
         1788711904.907  4040  4073 I AebsFrameSubscriber: onMessagesAvailable callback
         1788711904.908  4040  4073 I AebsFrameSubscriber: readNextMessages count=1
         1788711904.908  4040  4073 I MainActivity: onGatewayFrame: frame seq=1798 egoSpeed=6.9373956 pts=0 intervention=false warning=false braking=true lifecycle=released_verified_stop range=null bearing=null rss=15.958405
         1788711905.007  4040  4073 I AebsFrameSubscriber: onMessagesAvailable callback
         1788711905.008  4040  4073 I AebsFrameSubscriber: readNextMessages count=1
         1788711905.008  4040  4073 I MainActivity: onGatewayFrame: frame seq=1799 egoSpeed=6.9373956 pts=0 intervention=false warning=false braking=true lifecycle=released_verified_stop range=null bearing=null rss=15.958405
         1788711905.107  4040  4073 I AebsFrameSubscriber: onMessagesAvailable callback
         1788711905.108  4040  4073 I AebsFrameSubscriber: readNextMessages count=1
         1788711905.108  4040  4073 I MainActivity: onGatewayFrame: frame seq=1800 egoSpeed=6.9373956 pts=0 intervention=false warning=false braking=true lifecycle=released_verified_stop range=null bearing=null rss=15.958405
         1788711905.207  4040  4073 I AebsFrameSubscriber: onMessagesAvailable callback
         1788711905.208  4040  4073 I AebsFrameSubscriber: readNextMessages count=1
         1788711905.208  4040  4073 I MainActivity: onGatewayFrame: frame seq=1801 egoSpeed=6.9373956 pts=0 intervention=false warning=false braking=true lifecycle=released_verified_stop range=null bearing=null rss=15.958405
         1788711905.308  4040  4073 I AebsFrameSubscriber: onMessagesAvailable callback
         1788711905.308  4040  4073 I AebsFrameSubscriber: readNextMessages count=1
         1788711905.309  4040  4073 I MainActivity: onGatewayFrame: frame seq=1802 egoSpeed=6.9373956 pts=0 intervention=false warning=false braking=true lifecycle=released_verified_stop range=null bearing=null rss=15.958405
         1788711905.408  4040  4073 I AebsFrameSubscriber: onMessagesAvailable callback
         1788711905.409  4040  4073 I AebsFrameSubscriber: readNextMessages count=1
         1788711905.409  4040  4073 I MainActivity: onGatewayFrame: frame seq=1803 egoSpeed=6.9373956 pts=0 intervention=false warning=false braking=true lifecycle=released_verified_stop range=null bearing=null rss=15.958405
         1788711905.508  4040  4073 I AebsFrameSubscriber: onMessagesAvailable callback
         1788711905.508  4040  4073 I AebsFrameSubscriber: readNextMessages count=1
         1788711905.508  4040  4073 I MainActivity: onGatewayFrame: frame seq=1804 egoSpeed=6.9373956 pts=0 intervention=false warning=false braking=true lifecycle=released_verified_stop range=null bearing=null rss=15.958405
         1788711905.608  4040  4073 I AebsFrameSubscriber: onMessagesAvailable callback
         1788711905.608  4040  4073 I AebsFrameSubscriber: readNextMessages count=1
         1788711905.608  4040  4073 I MainActivity: onGatewayFrame: frame seq=1805 egoSpeed=6.9373956 pts=0 intervention=false warning=false braking=true lifecycle=released_verified_stop range=null bearing=null rss=15.958405
         1788711905.707  4040  4073 I AebsFrameSubscriber: onMessagesAvailable callback
         1788711905.708  4040  4073 I AebsFrameSubscriber: readNextMessages count=1
         1788711905.708  4040  4073 I MainActivity: onGatewayFrame: frame seq=1806 egoSpeed=6.9373956 pts=0 intervention=false warning=false braking=true lifecycle=released_verified_stop range=null bearing=null rss=15.958405
         1788711905.808  4040  4073 I AebsFrameSubscriber: onMessagesAvailable callback
         1788711905.808  4040  4073 I AebsFrameSubscriber: readNextMessages count=1
         1788711905.808  4040  4073 I MainActivity: onGatewayFrame: frame seq=1807 egoSpeed=6.9373956 pts=0 intervention=false warning=false braking=true lifecycle=released_verified_stop range=null bearing=null rss=15.958405
         1788711905.907  4040  4073 I AebsFrameSubscriber: onMessagesAvailable callback
         1788711905.908  4040  4073 I AebsFrameSubscriber: readNextMessages count=1
         1788711905.908  4040  4073 I MainActivity: onGatewayFrame: frame seq=1808 egoSpeed=6.9373956 pts=0 intervention=false warning=false braking=true lifecycle=released_verified_stop range=null bearing=null rss=15.958405
         1788711906.008  4040  4073 I AebsFrameSubscriber: onMessagesAvailable callback
         1788711906.008  4040  4073 I AebsFrameSubscriber: readNextMessages count=1
         1788711906.008  4040  4073 I MainActivity: onGatewayFrame: frame seq=1809 egoSpeed=6.9373956 pts=0 intervention=false warning=false braking=true lifecycle=released_verified_stop range=null bearing=null rss=15.958405
         1788711906.108  4040  4073 I AebsFrameSubscriber: onMessagesAvailable callback
         1788711906.108  4040  4073 I AebsFrameSubscriber: readNextMessages count=1
         1788711906.108  4040  4073 I MainActivity: onGatewayFrame: frame seq=1810 egoSpeed=6.9373956 pts=0 intervention=false warning=false braking=true lifecycle=released_verified_stop range=null bearing=null rss=15.958405
         1788711906.208  4040  4073 I AebsFrameSubscriber: onMessagesAvailable callback
         1788711906.208  4040  4073 I AebsFrameSubscriber: readNextMessages count=1
         1788711906.208  4040  4073 I MainActivity: onGatewayFrame: frame seq=1811 egoSpeed=6.9373956 pts=0 intervention=false warning=false braking=true lifecycle=released_verified_stop range=null bearing=null rss=15.958405
         1788711906.307  4040  4073 I AebsFrameSubscriber: onMessagesAvailable callback
         1788711906.308  4040  4073 I AebsFrameSubscriber: readNextMessages count=1
         1788711906.308  4040  4073 I MainActivity: onGatewayFrame: frame seq=1812 egoSpeed=6.9373956 pts=0 intervention=false warning=false braking=true lifecycle=released_verified_stop range=null bearing=null rss=15.958405
         1788711906.407  4040  4073 I AebsFrameSubscriber: onMessagesAvailable callback
         1788711906.408  4040  4073 I AebsFrameSubscriber: readNextMessages count=1
         1788711906.408  4040  4073 I MainActivity: onGatewayFrame: frame seq=1813 egoSpeed=6.9373956 pts=0 intervention=false warning=false braking=true lifecycle=released_verified_stop range=null bearing=null rss=15.958405
         1788711906.508  4040  4073 I AebsFrameSubscriber: onMessagesAvailable callback
         1788711906.508  4040  4073 I AebsFrameSubscriber: readNextMessages count=1
         1788711906.508  4040  4073 I MainActivity: onGatewayFrame: frame seq=1814 egoSpeed=6.9373956 pts=0 intervention=false warning=false braking=true lifecycle=released_verified_stop range=null bearing=null rss=15.958405
         1788711906.607  4040  4073 I AebsFrameSubscriber: onMessagesAvailable callback
         1788711906.609  4040  4073 I AebsFrameSubscriber: readNextMessages count=1
         1788711906.610  4040  4073 I MainActivity: onGatewayFrame: frame seq=1815 egoSpeed=6.9373956 pts=0 intervention=false warning=false braking=true lifecycle=released_verified_stop range=null bearing=null rss=15.958405
         1788711906.708  4040  4073 I AebsFrameSubscriber: onMessagesAvailable callback
         1788711906.708  4040  4073 I AebsFrameSubscriber: readNextMessages count=1
         1788711906.709  4040  4073 I MainActivity: onGatewayFrame: frame seq=1816 egoSpeed=6.9373956 pts=0 intervention=false warning=false braking=true lifecycle=released_verified_stop range=null bearing=null rss=15.958405
         1788711906.808  4040  4073 I AebsFrameSubscriber: onMessagesAvailable callback
         1788711906.808  4040  4073 I AebsFrameSubscriber: readNextMessages count=1
         1788711906.808  4040  4073 I MainActivity: onGatewayFrame: frame seq=1817 egoSpeed=6.9373956 pts=0 intervention=false warning=false braking=true lifecycle=released_verified_stop range=null bearing=null rss=15.958405
         1788711906.907  4040  4073 I AebsFrameSubscriber: onMessagesAvailable callback
         1788711906.908  4040  4073 I AebsFrameSubscriber: readNextMessages count=1
         1788711906.908  4040  4073 I MainActivity: onGatewayFrame: frame seq=1818 egoSpeed=6.9373956 pts=0 intervention=false warning=false braking=true lifecycle=released_verified_stop range=null bearing=null rss=15.958405
         1788711907.007  4040  4073 I AebsFrameSubscriber: onMessagesAvailable callback
         1788711907.008  4040  4073 I AebsFrameSubscriber: readNextMessages count=1
         1788711907.008  4040  4073 I MainActivity: onGatewayFrame: frame seq=1819 egoSpeed=6.9373956 pts=0 intervention=false warning=false braking=true lifecycle=released_verified_stop range=null bearing=null rss=15.958405
         1788711907.107  4040  4073 I AebsFrameSubscriber: onMessagesAvailable callback
         1788711907.108  4040  4073 I AebsFrameSubscriber: readNextMessages count=1
         1788711907.108  4040  4073 I MainActivity: onGatewayFrame: frame seq=1820 egoSpeed=6.9373956 pts=0 intervention=false warning=false braking=true lifecycle=released_verified_stop range=null bearing=null rss=15.958405
         1788711907.207  4040  4073 I AebsFrameSubscriber: onMessagesAvailable callback
         1788711907.208  4040  4073 I AebsFrameSubscriber: readNextMessages count=1
         1788711907.208  4040  4073 I MainActivity: onGatewayFrame: frame seq=1821 egoSpeed=6.9373956 pts=0 intervention=false warning=false braking=true lifecycle=released_verified_stop range=null bearing=null rss=15.958405
         1788711907.308  4040  4073 I AebsFrameSubscriber: onMessagesAvailable callback
         1788711907.308  4040  4073 I AebsFrameSubscriber: readNextMessages count=1
         1788711907.308  4040  4073 I MainActivity: onGatewayFrame: frame seq=1822 egoSpeed=6.9373956 pts=0 intervention=false warning=false braking=true lifecycle=released_verified_stop range=null bearing=null rss=15.958405
         1788711907.407  4040  4073 I AebsFrameSubscriber: onMessagesAvailable callback
         1788711907.408  4040  4073 I AebsFrameSubscriber: readNextMessages count=1
         1788711907.408  4040  4073 I MainActivity: onGatewayFrame: frame seq=1823 egoSpeed=6.9373956 pts=0 intervention=false warning=false braking=true lifecycle=released_verified_stop range=null bearing=null rss=15.958405
         1788711907.508  4040  4073 I AebsFrameSubscriber: onMessagesAvailable callback
         1788711907.508  4040  4073 I AebsFrameSubscriber: readNextMessages count=1
         1788711907.508  4040  4073 I MainActivity: onGatewayFrame: frame seq=1824 egoSpeed=6.9373956 pts=0 intervention=false warning=false braking=true lifecycle=released_verified_stop range=null bearing=null rss=15.958405
         1788711907.608  4040  4073 I AebsFrameSubscriber: onMessagesAvailable callback
         1788711907.608  4040  4073 I AebsFrameSubscriber: readNextMessages count=1
         1788711907.608  4040  4073 I MainActivity: onGatewayFrame: frame seq=1825 egoSpeed=6.9373956 pts=0 intervention=false warning=false braking=true lifecycle=released_verified_stop range=null bearing=null rss=15.958405
         1788711907.834  4040  4073 I AebsFrameSubscriber: onMessagesAvailable callback
         1788711907.834  4040  4073 I AebsFrameSubscriber: readNextMessages count=2
         1788711907.835  4040  4073 I MainActivity: onGatewayFrame: frame seq=1826 egoSpeed=6.9373956 pts=0 intervention=false warning=false braking=true lifecycle=released_verified_stop range=null bearing=null rss=15.958405
         1788711907.835  4040  4073 I MainActivity: onGatewayFrame: frame seq=1827 egoSpeed=6.9373956 pts=0 intervention=false warning=false braking=true lifecycle=released_verified_stop range=null bearing=null rss=15.958405
         1788711907.835  4040  4073 I AebsFrameSubscriber: onMessagesAvailable callback
         1788711907.907  4040  4073 I AebsFrameSubscriber: onMessagesAvailable callback
         1788711907.908  4040  4073 I AebsFrameSubscriber: readNextMessages count=1
         1788711907.908  4040  4073 I MainActivity: onGatewayFrame: frame seq=1828 egoSpeed=6.9373956 pts=0 intervention=false warning=false braking=true lifecycle=released_verified_stop range=null bearing=null rss=15.958405
         1788711908.007  4040  4073 I AebsFrameSubscriber: onMessagesAvailable callback
         1788711908.008  4040  4073 I AebsFrameSubscriber: readNextMessages count=1
         1788711908.008  4040  4073 I MainActivity: onGatewayFrame: frame seq=1829 egoSpeed=6.9373956 pts=0 intervention=false warning=false braking=true lifecycle=released_verified_stop range=null bearing=null rss=15.958405
         1788711908.107  4040  4073 I AebsFrameSubscriber: onMessagesAvailable callback
         1788711908.108  4040  4073 I AebsFrameSubscriber: readNextMessages count=1
         1788711908.108  4040  4073 I MainActivity: onGatewayFrame: frame seq=1830 egoSpeed=6.9373956 pts=0 intervention=false warning=false braking=true lifecycle=released_verified_stop range=null bearing=null rss=15.958405
         1788711908.208  4040  4073 I AebsFrameSubscriber: onMessagesAvailable callback
         1788711908.208  4040  4073 I AebsFrameSubscriber: readNextMessages count=1
         1788711908.208  4040  4073 I MainActivity: onGatewayFrame: frame seq=1831 egoSpeed=6.9373956 pts=0 intervention=false warning=false braking=true lifecycle=released_verified_stop range=null bearing=null rss=15.958405
         1788711908.307  4040  4073 I AebsFrameSubscriber: onMessagesAvailable callback
         1788711908.308  4040  4073 I AebsFrameSubscriber: readNextMessages count=1
         1788711908.308  4040  4073 I MainActivity: onGatewayFrame: frame seq=1832 egoSpeed=6.9373956 pts=0 intervention=false warning=false braking=true lifecycle=released_verified_stop range=null bearing=null rss=15.958405
         1788711908.407  4040  4073 I AebsFrameSubscriber: onMessagesAvailable callback
         1788711908.408  4040  4073 I AebsFrameSubscriber: readNextMessages count=1
         1788711908.408  4040  4073 I MainActivity: onGatewayFrame: frame seq=1833 egoSpeed=6.9373956 pts=0 intervention=false warning=false braking=true lifecycle=released_verified_stop range=null bearing=null rss=15.958405
         1788711908.507  4040  4073 I AebsFrameSubscriber: onMessagesAvailable callback
         1788711908.508  4040  4073 I AebsFrameSubscriber: readNextMessages count=1
         1788711908.508  4040  4073 I MainActivity: onGatewayFrame: frame seq=1834 egoSpeed=6.9373956 pts=0 intervention=false warning=false braking=true lifecycle=released_verified_stop range=null bearing=null rss=15.958405
         1788711908.607  4040  4073 I AebsFrameSubscriber: onMessagesAvailable callback
         1788711908.608  4040  4073 I AebsFrameSubscriber: readNextMessages count=1
         1788711908.608  4040  4073 I MainActivity: onGatewayFrame: frame seq=1835 egoSpeed=6.9373956 pts=0 intervention=false warning=false braking=true lifecycle=released_verified_stop range=null bearing=null rss=15.958405
         1788711908.707  4040  4073 I AebsFrameSubscriber: onMessagesAvailable callback
         1788711908.708  4040  4073 I AebsFrameSubscriber: readNextMessages count=1
         1788711908.708  4040  4073 I MainActivity: onGatewayFrame: frame seq=1836 egoSpeed=6.9373956 pts=0 intervention=false warning=false braking=true lifecycle=released_verified_stop range=null bearing=null rss=15.958405
         1788711908.807  4040  4073 I AebsFrameSubscriber: onMessagesAvailable callback
         1788711908.808  4040  4073 I AebsFrameSubscriber: readNextMessages count=1
         1788711908.808  4040  4073 I MainActivity: onGatewayFrame: frame seq=1837 egoSpeed=6.9373956 pts=0 intervention=false warning=false braking=true lifecycle=released_verified_stop range=null bearing=null rss=15.958405
         1788711908.907  4040  4073 I AebsFrameSubscriber: onMessagesAvailable callback
         1788711908.908  4040  4073 I AebsFrameSubscriber: readNextMessages count=1
         1788711908.908  4040  4073 I MainActivity: onGatewayFrame: frame seq=1838 egoSpeed=6.9373956 pts=0 intervention=false warning=false braking=true lifecycle=released_verified_stop range=null bearing=null rss=15.958405
         1788711909.007  4040  4073 I AebsFrameSubscriber: onMessagesAvailable callback
         1788711909.008  4040  4073 I AebsFrameSubscriber: readNextMessages count=1
         1788711909.008  4040  4073 I MainActivity: onGatewayFrame: frame seq=1839 egoSpeed=6.9373956 pts=0 intervention=false warning=false braking=true lifecycle=released_verified_stop range=null bearing=null rss=15.958405
         1788711909.107  4040  4073 I AebsFrameSubscriber: onMessagesAvailable callback
         1788711909.108  4040  4073 I AebsFrameSubscriber: readNextMessages count=1
         1788711909.108  4040  4073 I MainActivity: onGatewayFrame: frame seq=1840 egoSpeed=6.9373956 pts=0 intervention=false warning=false braking=true lifecycle=released_verified_stop range=null bearing=null rss=15.958405
         1788711909.207  4040  4073 I AebsFrameSubscriber: onMessagesAvailable callback
         1788711909.208  4040  4073 I AebsFrameSubscriber: readNextMessages count=1
         1788711909.208  4040  4073 I MainActivity: onGatewayFrame: frame seq=1841 egoSpeed=6.9373956 pts=0 intervention=false warning=false braking=true lifecycle=released_verified_stop range=null bearing=null rss=15.958405
         1788711909.307  4040  4073 I AebsFrameSubscriber: onMessagesAvailable callback
         1788711909.308  4040  4073 I AebsFrameSubscriber: readNextMessages count=1
         1788711909.308  4040  4073 I MainActivity: onGatewayFrame: frame seq=1842 egoSpeed=6.9373956 pts=0 intervention=false warning=false braking=true lifecycle=released_verified_stop range=null bearing=null rss=15.958405
         1788711909.407  4040  4073 I AebsFrameSubscriber: onMessagesAvailable callback
         1788711909.408  4040  4073 I AebsFrameSubscriber: readNextMessages count=1
         1788711909.408  4040  4073 I MainActivity: onGatewayFrame: frame seq=1843 egoSpeed=6.9373956 pts=0 intervention=false warning=false braking=true lifecycle=released_verified_stop range=null bearing=null rss=15.958405
         1788711909.508  4040  4073 I AebsFrameSubscriber: onMessagesAvailable callback
         1788711909.508  4040  4073 I AebsFrameSubscriber: readNextMessages count=1
         1788711909.508  4040  4073 I MainActivity: onGatewayFrame: frame seq=1844 egoSpeed=6.9373956 pts=0 intervention=false warning=false braking=true lifecycle=released_verified_stop range=null bearing=null rss=15.958405
         1788711909.607  4040  4073 I AebsFrameSubscriber: onMessagesAvailable callback
         1788711909.608  4040  4073 I AebsFrameSubscriber: readNextMessages count=1
         1788711909.608  4040  4073 I MainActivity: onGatewayFrame: frame seq=1845 egoSpeed=6.9373956 pts=0 intervention=false warning=false braking=true lifecycle=released_verified_stop range=null bearing=null rss=15.958405
         1788711909.707  4040  4073 I AebsFrameSubscriber: onMessagesAvailable callback
         1788711909.708  4040  4073 I AebsFrameSubscriber: readNextMessages count=1
         1788711909.708  4040  4073 I MainActivity: onGatewayFrame: frame seq=1846 egoSpeed=6.9373956 pts=0 intervention=false warning=false braking=true lifecycle=released_verified_stop range=null bearing=null rss=15.958405
         1788711909.808  4040  4073 I AebsFrameSubscriber: onMessagesAvailable callback
         1788711909.808  4040  4073 I AebsFrameSubscriber: readNextMessages count=1
         1788711909.808  4040  4073 I MainActivity: onGatewayFrame: frame seq=1847 egoSpeed=6.9373956 pts=0 intervention=false warning=false braking=true lifecycle=released_verified_stop range=null bearing=null rss=15.958405
         1788711909.907  4040  4073 I AebsFrameSubscriber: onMessagesAvailable callback
         1788711909.908  4040  4073 I AebsFrameSubscriber: readNextMessages count=1
         1788711909.908  4040  4073 I MainActivity: onGatewayFrame: frame seq=1848 egoSpeed=6.9373956 pts=0 intervention=false warning=false braking=true lifecycle=released_verified_stop range=null bearing=null rss=15.958405
         1788711910.008  4040  4073 I AebsFrameSubscriber: onMessagesAvailable callback
         1788711910.008  4040  4073 I AebsFrameSubscriber: readNextMessages count=1
         1788711910.008  4040  4073 I MainActivity: onGatewayFrame: frame seq=1849 egoSpeed=6.9373956 pts=0 intervention=false warning=false braking=true lifecycle=released_verified_stop range=null bearing=null rss=15.958405
         1788711910.107  4040  4073 I AebsFrameSubscriber: onMessagesAvailable callback
         1788711910.108  4040  4073 I AebsFrameSubscriber: readNextMessages count=1
         1788711910.108  4040  4073 I MainActivity: onGatewayFrame: frame seq=1850 egoSpeed=6.9373956 pts=0 intervention=false warning=false braking=true lifecycle=released_verified_stop range=null bearing=null rss=15.958405
         1788711910.207  4040  4073 I AebsFrameSubscriber: onMessagesAvailable callback
         1788711910.208  4040  4073 I AebsFrameSubscriber: readNextMessages count=1
         1788711910.208  4040  4073 I MainActivity: onGatewayFrame: frame seq=1851 egoSpeed=6.9373956 pts=0 intervention=false warning=false braking=true lifecycle=released_verified_stop range=null bearing=null rss=15.958405
         1788711910.307  4040  4073 I AebsFrameSubscriber: onMessagesAvailable callback
         1788711910.308  4040  4073 I AebsFrameSubscriber: readNextMessages count=1
         1788711910.308  4040  4073 I MainActivity: onGatewayFrame: frame seq=1852 egoSpeed=6.9373956 pts=0 intervention=false warning=false braking=true lifecycle=released_verified_stop range=null bearing=null rss=15.958405
         1788711910.407  4040  4073 I AebsFrameSubscriber: onMessagesAvailable callback
         1788711910.408  4040  4073 I AebsFrameSubscriber: readNextMessages count=1
         1788711910.408  4040  4073 I MainActivity: onGatewayFrame: frame seq=1853 egoSpeed=6.9373956 pts=0 intervention=false warning=false braking=true lifecycle=released_verified_stop range=null bearing=null rss=15.958405
         1788711910.507  4040  4073 I AebsFrameSubscriber: onMessagesAvailable callback
         1788711910.508  4040  4073 I AebsFrameSubscriber: readNextMessages count=1
         1788711910.508  4040  4073 I MainActivity: onGatewayFrame: frame seq=1854 egoSpeed=6.9373956 pts=0 intervention=false warning=false braking=true lifecycle=released_verified_stop range=null bearing=null rss=15.958405
         1788711910.607  4040  4073 I AebsFrameSubscriber: onMessagesAvailable callback
         1788711910.608  4040  4073 I AebsFrameSubscriber: readNextMessages count=1
         1788711910.608  4040  4073 I MainActivity: onGatewayFrame: frame seq=1855 egoSpeed=6.9373956 pts=0 intervention=false warning=false braking=true lifecycle=released_verified_stop range=null bearing=null rss=15.958405
         1788711910.707  4040  4073 I AebsFrameSubscriber: onMessagesAvailable callback
         1788711910.708  4040  4073 I AebsFrameSubscriber: readNextMessages count=1
         1788711910.708  4040  4073 I MainActivity: onGatewayFrame: frame seq=1856 egoSpeed=6.9373956 pts=0 intervention=false warning=false braking=true lifecycle=released_verified_stop range=null bearing=null rss=15.958405
         1788711910.807  4040  4073 I AebsFrameSubscriber: onMessagesAvailable callback
         1788711910.808  4040  4073 I AebsFrameSubscriber: readNextMessages count=1
         1788711910.808  4040  4073 I MainActivity: onGatewayFrame: frame seq=1857 egoSpeed=6.9373956 pts=0 intervention=false warning=false braking=true lifecycle=released_verified_stop range=null bearing=null rss=15.958405
         1788711910.907  4040  4073 I AebsFrameSubscriber: onMessagesAvailable callback
         1788711910.907  4040  4073 I AebsFrameSubscriber: readNextMessages count=1
         1788711910.908  4040  4073 I MainActivity: onGatewayFrame: frame seq=1858 egoSpeed=6.9373956 pts=0 intervention=false warning=false braking=true lifecycle=released_verified_stop range=null bearing=null rss=15.958405
         1788711911.007  4040  4073 I AebsFrameSubscriber: onMessagesAvailable callback
         1788711911.008  4040  4073 I AebsFrameSubscriber: readNextMessages count=1
         1788711911.008  4040  4073 I MainActivity: onGatewayFrame: frame seq=1859 egoSpeed=6.9373956 pts=0 intervention=false warning=false braking=true lifecycle=released_verified_stop range=null bearing=null rss=15.958405
         1788711911.107  4040  4073 I AebsFrameSubscriber: onMessagesAvailable callback
         1788711911.108  4040  4073 I AebsFrameSubscriber: readNextMessages count=1
         1788711911.108  4040  4073 I MainActivity: onGatewayFrame: frame seq=1860 egoSpeed=6.9373956 pts=0 intervention=false warning=false braking=true lifecycle=released_verified_stop range=null bearing=null rss=15.958405
         1788711911.207  4040  4073 I AebsFrameSubscriber: onMessagesAvailable callback
         1788711911.208  4040  4073 I AebsFrameSubscriber: readNextMessages count=1
         1788711911.208  4040  4073 I MainActivity: onGatewayFrame: frame seq=1861 egoSpeed=6.9373956 pts=0 intervention=false warning=false braking=true lifecycle=released_verified_stop range=null bearing=null rss=15.958405
         1788711911.307  4040  4073 I AebsFrameSubscriber: onMessagesAvailable callback
         1788711911.308  4040  4073 I AebsFrameSubscriber: readNextMessages count=1
         1788711911.308  4040  4073 I MainActivity: onGatewayFrame: frame seq=1862 egoSpeed=6.9373956 pts=0 intervention=false warning=false braking=true lifecycle=released_verified_stop range=null bearing=null rss=15.958405
         1788711911.407  4040  4073 I AebsFrameSubscriber: onMessagesAvailable callback
         1788711911.408  4040  4073 I AebsFrameSubscriber: readNextMessages count=1
         1788711911.408  4040  4073 I MainActivity: onGatewayFrame: frame seq=1863 egoSpeed=6.9373956 pts=0 intervention=false warning=false braking=true lifecycle=released_verified_stop range=null bearing=null rss=15.958405
         1788711911.507  4040  4073 I AebsFrameSubscriber: onMessagesAvailable callback
         1788711911.508  4040  4073 I AebsFrameSubscriber: readNextMessages count=1
         1788711911.508  4040  4073 I MainActivity: onGatewayFrame: frame seq=1864 egoSpeed=6.9373956 pts=0 intervention=false warning=false braking=true lifecycle=released_verified_stop range=null bearing=null rss=15.958405
         1788711911.607  4040  4073 I AebsFrameSubscriber: onMessagesAvailable callback
         1788711911.608  4040  4073 I AebsFrameSubscriber: readNextMessages count=1
         1788711911.608  4040  4073 I MainActivity: onGatewayFrame: frame seq=1865 egoSpeed=6.9373956 pts=0 intervention=false warning=false braking=true lifecycle=released_verified_stop range=null bearing=null rss=15.958405
         1788711911.707  4040  4073 I AebsFrameSubscriber: onMessagesAvailable callback
         1788711911.708  4040  4073 I AebsFrameSubscriber: readNextMessages count=1
         1788711911.708  4040  4073 I MainActivity: onGatewayFrame: frame seq=1866 egoSpeed=6.9373956 pts=0 intervention=false warning=false braking=true lifecycle=released_verified_stop range=null bearing=null rss=15.958405
         1788711911.833  4040  4073 I AebsFrameSubscriber: readNextMessages count=1
         1788711911.834  4040  4073 I MainActivity: onGatewayFrame: frame seq=1867 egoSpeed=6.9373956 pts=0 intervention=false warning=false braking=true lifecycle=released_verified_stop range=null bearing=null rss=15.958405
         1788711911.834  4040  4073 I AebsFrameSubscriber: onMessagesAvailable callback
         1788711911.907  4040  4073 I AebsFrameSubscriber: onMessagesAvailable callback
         1788711911.907  4040  4073 I AebsFrameSubscriber: readNextMessages count=1
         1788711911.907  4040  4073 I MainActivity: onGatewayFrame: frame seq=1868 egoSpeed=6.9373956 pts=0 intervention=false warning=false braking=true lifecycle=released_verified_stop range=null bearing=null rss=15.958405
         1788711912.007  4040  4073 I AebsFrameSubscriber: onMessagesAvailable callback
         1788711912.008  4040  4073 I AebsFrameSubscriber: readNextMessages count=1
         1788711912.008  4040  4073 I MainActivity: onGatewayFrame: frame seq=1869 egoSpeed=6.9373956 pts=0 intervention=false warning=false braking=true lifecycle=released_verified_stop range=null bearing=null rss=15.958405
         1788711912.107  4040  4073 I AebsFrameSubscriber: onMessagesAvailable callback
         1788711912.108  4040  4073 I AebsFrameSubscriber: readNextMessages count=1
         1788711912.108  4040  4073 I MainActivity: onGatewayFrame: frame seq=1870 egoSpeed=6.9373956 pts=0 intervention=false warning=false braking=true lifecycle=released_verified_stop range=null bearing=null rss=15.958405
         1788711912.207  4040  4073 I AebsFrameSubscriber: onMessagesAvailable callback
         1788711912.207  4040  4073 I AebsFrameSubscriber: readNextMessages count=1
         1788711912.208  4040  4073 I MainActivity: onGatewayFrame: frame seq=1871 egoSpeed=6.9373956 pts=0 intervention=false warning=false braking=true lifecycle=released_verified_stop range=null bearing=null rss=15.958405
         1788711912.307  4040  4073 I AebsFrameSubscriber: onMessagesAvailable callback
         1788711912.307  4040  4073 I AebsFrameSubscriber: readNextMessages count=1
         1788711912.307  4040  4073 I MainActivity: onGatewayFrame: frame seq=1872 egoSpeed=6.9373956 pts=0 intervention=false warning=false braking=true lifecycle=released_verified_stop range=null bearing=null rss=15.958405
         1788711912.407  4040  4073 I AebsFrameSubscriber: onMessagesAvailable callback
         1788711912.407  4040  4073 I AebsFrameSubscriber: readNextMessages count=1
         1788711912.407  4040  4073 I MainActivity: onGatewayFrame: frame seq=1873 egoSpeed=6.9373956 pts=0 intervention=false warning=false braking=true lifecycle=released_verified_stop range=null bearing=null rss=15.958405
         1788711912.507  4040  4073 I AebsFrameSubscriber: onMessagesAvailable callback
         1788711912.507  4040  4073 I AebsFrameSubscriber: readNextMessages count=1
         1788711912.508  4040  4073 I MainActivity: onGatewayFrame: frame seq=1874 egoSpeed=6.9373956 pts=0 intervention=false warning=false braking=true lifecycle=released_verified_stop range=null bearing=null rss=15.958405
         1788711912.607  4040  4073 I AebsFrameSubscriber: onMessagesAvailable callback
         1788711912.608  4040  4073 I AebsFrameSubscriber: readNextMessages count=1
         1788711912.608  4040  4073 I MainActivity: onGatewayFrame: frame seq=1875 egoSpeed=6.9373956 pts=0 intervention=false warning=false braking=true lifecycle=released_verified_stop range=null bearing=null rss=15.958405
         1788711912.707  4040  4073 I AebsFrameSubscriber: onMessagesAvailable callback
         1788711912.707  4040  4073 I AebsFrameSubscriber: readNextMessages count=1
         1788711912.708  4040  4073 I MainActivity: onGatewayFrame: frame seq=1876 egoSpeed=6.9373956 pts=0 intervention=false warning=false braking=true lifecycle=released_verified_stop range=null bearing=null rss=15.958405
         1788711912.807  4040  4073 I AebsFrameSubscriber: onMessagesAvailable callback
         1788711912.808  4040  4073 I AebsFrameSubscriber: readNextMessages count=1
         1788711912.808  4040  4073 I MainActivity: onGatewayFrame: frame seq=1877 egoSpeed=6.9373956 pts=0 intervention=false warning=false braking=true lifecycle=released_verified_stop range=null bearing=null rss=15.958405
         1788711912.907  4040  4073 I AebsFrameSubscriber: onMessagesAvailable callback
         1788711912.907  4040  4073 I AebsFrameSubscriber: readNextMessages count=1
         1788711912.908  4040  4073 I MainActivity: onGatewayFrame: frame seq=1878 egoSpeed=6.9373956 pts=0 intervention=false warning=false braking=true lifecycle=released_verified_stop range=null bearing=null rss=15.958405
         1788711913.007  4040  4073 I AebsFrameSubscriber: onMessagesAvailable callback
         1788711913.007  4040  4073 I AebsFrameSubscriber: readNextMessages count=1
         1788711913.008  4040  4073 I MainActivity: onGatewayFrame: frame seq=1879 egoSpeed=6.9373956 pts=0 intervention=false warning=false braking=true lifecycle=released_verified_stop range=null bearing=null rss=15.958405
         1788711913.107  4040  4073 I AebsFrameSubscriber: onMessagesAvailable callback
         1788711913.107  4040  4073 I AebsFrameSubscriber: readNextMessages count=1
         1788711913.107  4040  4073 I MainActivity: onGatewayFrame: frame seq=1880 egoSpeed=6.9373956 pts=0 intervention=false warning=false braking=true lifecycle=released_verified_stop range=null bearing=null rss=15.958405
         1788711913.207  4040  4073 I AebsFrameSubscriber: onMessagesAvailable callback
         1788711913.207  4040  4073 I AebsFrameSubscriber: readNextMessages count=1
         1788711913.208  4040  4073 I MainActivity: onGatewayFrame: frame seq=1881 egoSpeed=6.9373956 pts=0 intervention=false warning=false braking=true lifecycle=released_verified_stop range=null bearing=null rss=15.958405
         1788711913.307  4040  4073 I AebsFrameSubscriber: onMessagesAvailable callback
         1788711913.308  4040  4073 I AebsFrameSubscriber: readNextMessages count=1
         1788711913.308  4040  4073 I MainActivity: onGatewayFrame: frame seq=1882 egoSpeed=6.9373956 pts=0 intervention=false warning=false braking=true lifecycle=released_verified_stop range=null bearing=null rss=15.958405
         1788711913.407  4040  4073 I AebsFrameSubscriber: onMessagesAvailable callback
         1788711913.408  4040  4073 I AebsFrameSubscriber: readNextMessages count=1
         1788711913.408  4040  4073 I MainActivity: onGatewayFrame: frame seq=1883 egoSpeed=6.9373956 pts=0 intervention=false warning=false braking=true lifecycle=released_verified_stop range=null bearing=null rss=15.958405
         1788711913.507  4040  4073 I AebsFrameSubscriber: onMessagesAvailable callback
         1788711913.507  4040  4073 I AebsFrameSubscriber: readNextMessages count=1
         1788711913.508  4040  4073 I MainActivity: onGatewayFrame: frame seq=1884 egoSpeed=6.9373956 pts=0 intervention=false warning=false braking=true lifecycle=released_verified_stop range=null bearing=null rss=15.958405
         1788711913.607  4040  4073 I AebsFrameSubscriber: onMessagesAvailable callback
         1788711913.608  4040  4073 I AebsFrameSubscriber: readNextMessages count=1
         1788711913.608  4040  4073 I MainActivity: onGatewayFrame: frame seq=1885 egoSpeed=6.9373956 pts=0 intervention=false warning=false braking=true lifecycle=released_verified_stop range=null bearing=null rss=15.958405
         1788711913.707  4040  4073 I AebsFrameSubscriber: onMessagesAvailable callback
         1788711913.707  4040  4073 I AebsFrameSubscriber: readNextMessages count=1
         1788711913.707  4040  4073 I MainActivity: onGatewayFrame: frame seq=1886 egoSpeed=6.9373956 pts=0 intervention=false warning=false braking=true lifecycle=released_verified_stop range=null bearing=null rss=15.958405
         1788711913.807  4040  4073 I AebsFrameSubscriber: onMessagesAvailable callback
         1788711913.808  4040  4073 I AebsFrameSubscriber: readNextMessages count=1
         1788711913.808  4040  4073 I MainActivity: onGatewayFrame: frame seq=1887 egoSpeed=6.9373956 pts=0 intervention=false warning=false braking=true lifecycle=released_verified_stop range=null bearing=null rss=15.958405
         1788711913.907  4040  4073 I AebsFrameSubscriber: onMessagesAvailable callback
         1788711913.908  4040  4073 I AebsFrameSubscriber: readNextMessages count=1
         1788711913.908  4040  4073 I MainActivity: onGatewayFrame: frame seq=1888 egoSpeed=6.9373956 pts=0 intervention=false warning=false braking=true lifecycle=released_verified_stop range=null bearing=null rss=15.958405
         1788711914.007  4040  4073 I AebsFrameSubscriber: onMessagesAvailable callback
         1788711914.007  4040  4073 I AebsFrameSubscriber: readNextMessages count=1
         1788711914.007  4040  4073 I MainActivity: onGatewayFrame: frame seq=1889 egoSpeed=6.9373956 pts=0 intervention=false warning=false braking=true lifecycle=released_verified_stop range=null bearing=null rss=15.958405
         1788711914.107  4040  4073 I AebsFrameSubscriber: onMessagesAvailable callback
         1788711914.107  4040  4073 I AebsFrameSubscriber: readNextMessages count=1
         1788711914.107  4040  4073 I MainActivity: onGatewayFrame: frame seq=1890 egoSpeed=6.9373956 pts=0 intervention=false warning=false braking=true lifecycle=released_verified_stop range=null bearing=null rss=15.958405
         1788711914.207  4040  4073 I AebsFrameSubscriber: onMessagesAvailable callback
         1788711914.207  4040  4073 I AebsFrameSubscriber: readNextMessages count=1
         1788711914.207  4040  4073 I MainActivity: onGatewayFrame: frame seq=1891 egoSpeed=6.9373956 pts=0 intervention=false warning=false braking=true lifecycle=released_verified_stop range=null bearing=null rss=15.958405
         1788711914.307  4040  4073 I AebsFrameSubscriber: onMessagesAvailable callback
         1788711914.307  4040  4073 I AebsFrameSubscriber: readNextMessages count=1
         1788711914.307  4040  4073 I MainActivity: onGatewayFrame: frame seq=1892 egoSpeed=6.9373956 pts=0 intervention=false warning=false braking=true lifecycle=released_verified_stop range=null bearing=null rss=15.958405
         1788711914.407  4040  4073 I AebsFrameSubscriber: onMessagesAvailable callback
         1788711914.408  4040  4073 I AebsFrameSubscriber: readNextMessages count=1
         1788711914.408  4040  4073 I MainActivity: onGatewayFrame: frame seq=1893 egoSpeed=6.9373956 pts=0 intervention=false warning=false braking=true lifecycle=released_verified_stop range=null bearing=null rss=15.958405
         1788711914.507  4040  4073 I AebsFrameSubscriber: onMessagesAvailable callback
         1788711914.507  4040  4073 I AebsFrameSubscriber: readNextMessages count=1
         1788711914.508  4040  4073 I MainActivity: onGatewayFrame: frame seq=1894 egoSpeed=6.9373956 pts=0 intervention=false warning=false braking=true lifecycle=released_verified_stop range=null bearing=null rss=15.958405
         1788711914.607  4040  4073 I AebsFrameSubscriber: onMessagesAvailable callback
         1788711914.607  4040  4073 I AebsFrameSubscriber: readNextMessages count=1
         1788711914.607  4040  4073 I MainActivity: onGatewayFrame: frame seq=1895 egoSpeed=6.9373956 pts=0 intervention=false warning=false braking=true lifecycle=released_verified_stop range=null bearing=null rss=15.958405
         1788711914.707  4040  4073 I AebsFrameSubscriber: onMessagesAvailable callback
         1788711914.707  4040  4073 I AebsFrameSubscriber: readNextMessages count=1
         1788711914.707  4040  4073 I MainActivity: onGatewayFrame: frame seq=1896 egoSpeed=6.9373956 pts=0 intervention=false warning=false braking=true lifecycle=released_verified_stop range=null bearing=null rss=15.958405
         1788711914.807  4040  4073 I AebsFrameSubscriber: onMessagesAvailable callback
         1788711914.807  4040  4073 I AebsFrameSubscriber: readNextMessages count=1
         1788711914.807  4040  4073 I MainActivity: onGatewayFrame: frame seq=1897 egoSpeed=6.9373956 pts=0 intervention=false warning=false braking=true lifecycle=released_verified_stop range=null bearing=null rss=15.958405
         1788711914.907  4040  4073 I AebsFrameSubscriber: onMessagesAvailable callback
         1788711914.907  4040  4073 I AebsFrameSubscriber: readNextMessages count=1
         1788711914.907  4040  4073 I MainActivity: onGatewayFrame: frame seq=1898 egoSpeed=6.9373956 pts=0 intervention=false warning=false braking=true lifecycle=released_verified_stop range=null bearing=null rss=15.958405
         1788711915.007  4040  4073 I AebsFrameSubscriber: onMessagesAvailable callback
         1788711915.007  4040  4073 I AebsFrameSubscriber: readNextMessages count=1
         1788711915.007  4040  4073 I MainActivity: onGatewayFrame: frame seq=1899 egoSpeed=6.9373956 pts=0 intervention=false warning=false braking=true lifecycle=released_verified_stop range=null bearing=null rss=15.958405
         1788711915.107  4040  4073 I AebsFrameSubscriber: onMessagesAvailable callback
         1788711915.107  4040  4073 I AebsFrameSubscriber: readNextMessages count=1
         1788711915.107  4040  4073 I MainActivity: onGatewayFrame: frame seq=1900 egoSpeed=6.9373956 pts=0 intervention=false warning=false braking=true lifecycle=released_verified_stop range=null bearing=null rss=15.958405
         1788711915.207  4040  4073 I AebsFrameSubscriber: onMessagesAvailable callback
         1788711915.207  4040  4073 I AebsFrameSubscriber: readNextMessages count=1
         1788711915.207  4040  4073 I MainActivity: onGatewayFrame: frame seq=1901 egoSpeed=6.9373956 pts=0 intervention=false warning=false braking=true lifecycle=released_verified_stop range=null bearing=null rss=15.958405
         1788711915.307  4040  4073 I AebsFrameSubscriber: onMessagesAvailable callback
         1788711915.307  4040  4073 I AebsFrameSubscriber: readNextMessages count=1
         1788711915.308  4040  4073 I MainActivity: onGatewayFrame: frame seq=1902 egoSpeed=6.9373956 pts=0 intervention=false warning=false braking=true lifecycle=released_verified_stop range=null bearing=null rss=15.958405
         1788711915.407  4040  4073 I AebsFrameSubscriber: onMessagesAvailable callback
         1788711915.407  4040  4073 I AebsFrameSubscriber: readNextMessages count=1
         1788711915.407  4040  4073 I MainActivity: onGatewayFrame: frame seq=1903 egoSpeed=6.9373956 pts=0 intervention=false warning=false braking=true lifecycle=released_verified_stop range=null bearing=null rss=15.958405
         1788711915.507  4040  4073 I AebsFrameSubscriber: onMessagesAvailable callback
         1788711915.507  4040  4073 I AebsFrameSubscriber: readNextMessages count=1
         1788711915.508  4040  4073 I MainActivity: onGatewayFrame: frame seq=1904 egoSpeed=6.9373956 pts=0 intervention=false warning=false braking=true lifecycle=released_verified_stop range=null bearing=null rss=15.958405
         1788711915.607  4040  4073 I AebsFrameSubscriber: onMessagesAvailable callback
         1788711915.608  4040  4073 I AebsFrameSubscriber: readNextMessages count=1
         1788711915.608  4040  4073 I MainActivity: onGatewayFrame: frame seq=1905 egoSpeed=6.9373956 pts=0 intervention=false warning=false braking=true lifecycle=released_verified_stop range=null bearing=null rss=15.958405
         1788711915.819  4040  4073 I AebsFrameSubscriber: readNextMessages count=2
         1788711915.819  4040  4073 I MainActivity: onGatewayFrame: frame seq=1906 egoSpeed=6.9373956 pts=0 intervention=false warning=false braking=true lifecycle=released_verified_stop range=null bearing=null rss=15.958405
         1788711915.819  4040  4073 I MainActivity: onGatewayFrame: frame seq=1907 egoSpeed=6.9373956 pts=0 intervention=false warning=false braking=true lifecycle=released_verified_stop range=null bearing=null rss=15.958405
         1788711915.820  4040  4073 I AebsFrameSubscriber: onMessagesAvailable callback
         1788711915.820  4040  4073 I AebsFrameSubscriber: onMessagesAvailable callback
         1788711915.907  4040  4073 I AebsFrameSubscriber: onMessagesAvailable callback
         1788711915.907  4040  4073 I AebsFrameSubscriber: readNextMessages count=1
         1788711915.907  4040  4073 I MainActivity: onGatewayFrame: frame seq=1908 egoSpeed=6.9373956 pts=0 intervention=false warning=false braking=true lifecycle=released_verified_stop range=null bearing=null rss=15.958405
         1788711916.007  4040  4073 I AebsFrameSubscriber: onMessagesAvailable callback
         1788711916.007  4040  4073 I AebsFrameSubscriber: readNextMessages count=1
         1788711916.007  4040  4073 I MainActivity: onGatewayFrame: frame seq=1909 egoSpeed=6.9373956 pts=0 intervention=false warning=false braking=true lifecycle=released_verified_stop range=null bearing=null rss=15.958405
         1788711916.107  4040  4073 I AebsFrameSubscriber: onMessagesAvailable callback
         1788711916.107  4040  4073 I AebsFrameSubscriber: readNextMessages count=1
         1788711916.107  4040  4073 I MainActivity: onGatewayFrame: frame seq=1910 egoSpeed=6.9373956 pts=0 intervention=false warning=false braking=true lifecycle=released_verified_stop range=null bearing=null rss=15.958405
         1788711916.207  4040  4073 I AebsFrameSubscriber: onMessagesAvailable callback
         1788711916.207  4040  4073 I AebsFrameSubscriber: readNextMessages count=1
         1788711916.207  4040  4073 I MainActivity: onGatewayFrame: frame seq=1911 egoSpeed=6.9373956 pts=0 intervention=false warning=false braking=true lifecycle=released_verified_stop range=null bearing=null rss=15.958405
         1788711916.307  4040  4073 I AebsFrameSubscriber: onMessagesAvailable callback
         1788711916.307  4040  4073 I AebsFrameSubscriber: readNextMessages count=1
         1788711916.307  4040  4073 I MainActivity: onGatewayFrame: frame seq=1912 egoSpeed=6.9373956 pts=0 intervention=false warning=false braking=true lifecycle=released_verified_stop range=null bearing=null rss=15.958405
         1788711916.407  4040  4073 I AebsFrameSubscriber: onMessagesAvailable callback
         1788711916.407  4040  4073 I AebsFrameSubscriber: readNextMessages count=1
         1788711916.407  4040  4073 I MainActivity: onGatewayFrame: frame seq=1913 egoSpeed=6.9373956 pts=0 intervention=false warning=false braking=true lifecycle=released_verified_stop range=null bearing=null rss=15.958405
         1788711916.507  4040  4073 I AebsFrameSubscriber: onMessagesAvailable callback
         1788711916.507  4040  4073 I AebsFrameSubscriber: readNextMessages count=1
         1788711916.507  4040  4073 I MainActivity: onGatewayFrame: frame seq=1914 egoSpeed=6.9373956 pts=0 intervention=false warning=false braking=true lifecycle=released_verified_stop range=null bearing=null rss=15.958405
         1788711916.607  4040  4073 I AebsFrameSubscriber: onMessagesAvailable callback
         1788711916.607  4040  4073 I AebsFrameSubscriber: readNextMessages count=1
         1788711916.608  4040  4073 I MainActivity: onGatewayFrame: frame seq=1915 egoSpeed=6.9373956 pts=0 intervention=false warning=false braking=true lifecycle=released_verified_stop range=null bearing=null rss=15.958405
         1788711916.707  4040  4073 I AebsFrameSubscriber: onMessagesAvailable callback
         1788711916.707  4040  4073 I AebsFrameSubscriber: readNextMessages count=1
         1788711916.707  4040  4073 I MainActivity: onGatewayFrame: frame seq=1916 egoSpeed=6.9373956 pts=0 intervention=false warning=false braking=true lifecycle=released_verified_stop range=null bearing=null rss=15.958405
         1788711916.807  4040  4073 I AebsFrameSubscriber: onMessagesAvailable callback
         1788711916.807  4040  4073 I AebsFrameSubscriber: readNextMessages count=1
         1788711916.807  4040  4073 I MainActivity: onGatewayFrame: frame seq=1917 egoSpeed=6.9373956 pts=0 intervention=false warning=false braking=true lifecycle=released_verified_stop range=null bearing=null rss=15.958405
         1788711916.907  4040  4073 I AebsFrameSubscriber: onMessagesAvailable callback
         1788711916.907  4040  4073 I AebsFrameSubscriber: readNextMessages count=1
         1788711916.907  4040  4073 I MainActivity: onGatewayFrame: frame seq=1918 egoSpeed=6.9373956 pts=0 intervention=false warning=false braking=true lifecycle=released_verified_stop range=null bearing=null rss=15.958405
         1788711917.007  4040  4073 I AebsFrameSubscriber: onMessagesAvailable callback
         1788711917.007  4040  4073 I AebsFrameSubscriber: readNextMessages count=1
         1788711917.007  4040  4073 I MainActivity: onGatewayFrame: frame seq=1919 egoSpeed=6.9373956 pts=0 intervention=false warning=false braking=true lifecycle=released_verified_stop range=null bearing=null rss=15.958405
         1788711917.107  4040  4073 I AebsFrameSubscriber: onMessagesAvailable callback
         1788711917.107  4040  4073 I AebsFrameSubscriber: readNextMessages count=1
         1788711917.107  4040  4073 I MainActivity: onGatewayFrame: frame seq=1920 egoSpeed=6.9373956 pts=0 intervention=false warning=false braking=true lifecycle=released_verified_stop range=null bearing=null rss=15.958405
         1788711917.207  4040  4073 I AebsFrameSubscriber: onMessagesAvailable callback
         1788711917.207  4040  4073 I AebsFrameSubscriber: readNextMessages count=1
         1788711917.208  4040  4073 I MainActivity: onGatewayFrame: frame seq=1921 egoSpeed=6.9373956 pts=0 intervention=false warning=false braking=true lifecycle=released_verified_stop range=null bearing=null rss=15.958405
         1788711917.307  4040  4073 I AebsFrameSubscriber: onMessagesAvailable callback
         1788711917.307  4040  4073 I AebsFrameSubscriber: readNextMessages count=1
         1788711917.307  4040  4073 I MainActivity: onGatewayFrame: frame seq=1922 egoSpeed=6.9373956 pts=0 intervention=false warning=false braking=true lifecycle=released_verified_stop range=null bearing=null rss=15.958405
         1788711917.407  4040  4073 I AebsFrameSubscriber: onMessagesAvailable callback
         1788711917.407  4040  4073 I AebsFrameSubscriber: readNextMessages count=1
         1788711917.407  4040  4073 I MainActivity: onGatewayFrame: frame seq=1923 egoSpeed=6.9373956 pts=0 intervention=false warning=false braking=true lifecycle=released_verified_stop range=null bearing=null rss=15.958405
         1788711917.507  4040  4073 I AebsFrameSubscriber: onMessagesAvailable callback
         1788711917.507  4040  4073 I AebsFrameSubscriber: readNextMessages count=1
         1788711917.507  4040  4073 I MainActivity: onGatewayFrame: frame seq=1924 egoSpeed=6.9373956 pts=0 intervention=false warning=false braking=true lifecycle=released_verified_stop range=null bearing=null rss=15.958405
         1788711917.607  4040  4073 I AebsFrameSubscriber: onMessagesAvailable callback
         1788711917.607  4040  4073 I AebsFrameSubscriber: readNextMessages count=1
         1788711917.607  4040  4073 I MainActivity: onGatewayFrame: frame seq=1925 egoSpeed=6.9373956 pts=0 intervention=false warning=false braking=true lifecycle=released_verified_stop range=null bearing=null rss=15.958405
         1788711917.707  4040  4073 I AebsFrameSubscriber: onMessagesAvailable callback
         1788711917.707  4040  4073 I AebsFrameSubscriber: readNextMessages count=1
         1788711917.707  4040  4073 I MainActivity: onGatewayFrame: frame seq=1926 egoSpeed=6.9373956 pts=0 intervention=false warning=false braking=true lifecycle=released_verified_stop range=null bearing=null rss=15.958405
         1788711917.807  4040  4073 I AebsFrameSubscriber: onMessagesAvailable callback
         1788711917.807  4040  4073 I AebsFrameSubscriber: readNextMessages count=1
         1788711917.807  4040  4073 I MainActivity: onGatewayFrame: frame seq=1927 egoSpeed=6.9373956 pts=0 intervention=false warning=false braking=true lifecycle=released_verified_stop range=null bearing=null rss=15.958405
         1788711917.907  4040  4073 I AebsFrameSubscriber: onMessagesAvailable callback
         1788711917.907  4040  4073 I AebsFrameSubscriber: readNextMessages count=1
         1788711917.907  4040  4073 I MainActivity: onGatewayFrame: frame seq=1928 egoSpeed=6.9373956 pts=0 intervention=false warning=false braking=true lifecycle=released_verified_stop range=null bearing=null rss=15.958405
         1788711918.007  4040  4073 I AebsFrameSubscriber: onMessagesAvailable callback
         1788711918.007  4040  4073 I AebsFrameSubscriber: readNextMessages count=1
         1788711918.007  4040  4073 I MainActivity: onGatewayFrame: frame seq=1929 egoSpeed=6.9373956 pts=0 intervention=false warning=false braking=true lifecycle=released_verified_stop range=null bearing=null rss=15.958405
         1788711918.107  4040  4073 I AebsFrameSubscriber: onMessagesAvailable callback
         1788711918.107  4040  4073 I AebsFrameSubscriber: readNextMessages count=1
         1788711918.107  4040  4073 I MainActivity: onGatewayFrame: frame seq=1930 egoSpeed=6.9373956 pts=0 intervention=false warning=false braking=true lifecycle=released_verified_stop range=null bearing=null rss=15.958405
         1788711918.206  4040  4073 I AebsFrameSubscriber: onMessagesAvailable callback
         1788711918.207  4040  4073 I AebsFrameSubscriber: readNextMessages count=1
         1788711918.207  4040  4073 I MainActivity: onGatewayFrame: frame seq=1931 egoSpeed=6.9373956 pts=0 intervention=false warning=false braking=true lifecycle=released_verified_stop range=null bearing=null rss=15.958405
         1788711918.307  4040  4073 I AebsFrameSubscriber: onMessagesAvailable callback
         1788711918.307  4040  4073 I AebsFrameSubscriber: readNextMessages count=1
         1788711918.307  4040  4073 I MainActivity: onGatewayFrame: frame seq=1932 egoSpeed=6.9373956 pts=0 intervention=false warning=false braking=true lifecycle=released_verified_stop range=null bearing=null rss=15.958405
         1788711918.406  4040  4073 I AebsFrameSubscriber: onMessagesAvailable callback
         1788711918.407  4040  4073 I AebsFrameSubscriber: readNextMessages count=1
         1788711918.407  4040  4073 I MainActivity: onGatewayFrame: frame seq=1933 egoSpeed=6.9373956 pts=0 intervention=false warning=false braking=true lifecycle=released_verified_stop range=null bearing=null rss=15.958405
         1788711918.507  4040  4073 I AebsFrameSubscriber: onMessagesAvailable callback
         1788711918.507  4040  4073 I AebsFrameSubscriber: readNextMessages count=1
         1788711918.507  4040  4073 I MainActivity: onGatewayFrame: frame seq=1934 egoSpeed=6.9373956 pts=0 intervention=false warning=false braking=true lifecycle=released_verified_stop range=null bearing=null rss=15.958405
         1788711918.606  4040  4073 I AebsFrameSubscriber: onMessagesAvailable callback
         1788711918.607  4040  4073 I AebsFrameSubscriber: readNextMessages count=1
         1788711918.607  4040  4073 I MainActivity: onGatewayFrame: frame seq=1935 egoSpeed=6.9373956 pts=0 intervention=false warning=false braking=true lifecycle=released_verified_stop range=null bearing=null rss=15.958405
         1788711918.707  4040  4073 I AebsFrameSubscriber: onMessagesAvailable callback
         1788711918.707  4040  4073 I AebsFrameSubscriber: readNextMessages count=1
         1788711918.707  4040  4073 I MainActivity: onGatewayFrame: frame seq=1936 egoSpeed=6.9373956 pts=0 intervention=false warning=false braking=true lifecycle=released_verified_stop range=null bearing=null rss=15.958405
         1788711918.807  4040  4073 I AebsFrameSubscriber: onMessagesAvailable callback
         1788711918.807  4040  4073 I AebsFrameSubscriber: readNextMessages count=1
         1788711918.807  4040  4073 I MainActivity: onGatewayFrame: frame seq=1937 egoSpeed=6.9373956 pts=0 intervention=false warning=false braking=true lifecycle=released_verified_stop range=null bearing=null rss=15.958405
         1788711918.907  4040  4073 I AebsFrameSubscriber: onMessagesAvailable callback
         1788711918.907  4040  4073 I AebsFrameSubscriber: readNextMessages count=1
         1788711918.907  4040  4073 I MainActivity: onGatewayFrame: frame seq=1938 egoSpeed=6.9373956 pts=0 intervention=false warning=false braking=true lifecycle=released_verified_stop range=null bearing=null rss=15.958405
         1788711919.007  4040  4073 I AebsFrameSubscriber: onMessagesAvailable callback
         1788711919.007  4040  4073 I AebsFrameSubscriber: readNextMessages count=1
         1788711919.008  4040  4073 I MainActivity: onGatewayFrame: frame seq=1939 egoSpeed=6.9373956 pts=0 intervention=false warning=false braking=true lifecycle=released_verified_stop range=null bearing=null rss=15.958405
         1788711919.107  4040  4073 I AebsFrameSubscriber: onMessagesAvailable callback
         1788711919.107  4040  4073 I AebsFrameSubscriber: readNextMessages count=1
         1788711919.107  4040  4073 I MainActivity: onGatewayFrame: frame seq=1940 egoSpeed=6.9373956 pts=0 intervention=false warning=false braking=true lifecycle=released_verified_stop range=null bearing=null rss=15.958405
         1788711919.207  4040  4073 I AebsFrameSubscriber: onMessagesAvailable callback
         1788711919.207  4040  4073 I AebsFrameSubscriber: readNextMessages count=1
         1788711919.207  4040  4073 I MainActivity: onGatewayFrame: frame seq=1941 egoSpeed=6.9373956 pts=0 intervention=false warning=false braking=true lifecycle=released_verified_stop range=null bearing=null rss=15.958405
         1788711919.307  4040  4073 I AebsFrameSubscriber: onMessagesAvailable callback
         1788711919.307  4040  4073 I AebsFrameSubscriber: readNextMessages count=1
         1788711919.307  4040  4073 I MainActivity: onGatewayFrame: frame seq=1942 egoSpeed=6.9373956 pts=0 intervention=false warning=false braking=true lifecycle=released_verified_stop range=null bearing=null rss=15.958405
         1788711919.407  4040  4073 I AebsFrameSubscriber: onMessagesAvailable callback
         1788711919.407  4040  4073 I AebsFrameSubscriber: readNextMessages count=1
         1788711919.407  4040  4073 I MainActivity: onGatewayFrame: frame seq=1943 egoSpeed=6.9373956 pts=0 intervention=false warning=false braking=true lifecycle=released_verified_stop range=null bearing=null rss=15.958405
         1788711919.507  4040  4073 I AebsFrameSubscriber: onMessagesAvailable callback
         1788711919.507  4040  4073 I AebsFrameSubscriber: readNextMessages count=1
         1788711919.507  4040  4073 I MainActivity: onGatewayFrame: frame seq=1944 egoSpeed=6.9373956 pts=0 intervention=false warning=false braking=true lifecycle=released_verified_stop range=null bearing=null rss=15.958405
         1788711919.607  4040  4073 I AebsFrameSubscriber: onMessagesAvailable callback
         1788711919.607  4040  4073 I AebsFrameSubscriber: readNextMessages count=1
         1788711919.607  4040  4073 I MainActivity: onGatewayFrame: frame seq=1945 egoSpeed=6.9373956 pts=0 intervention=false warning=false braking=true lifecycle=released_verified_stop range=null bearing=null rss=15.958405
         1788711919.707  4040  4073 I AebsFrameSubscriber: onMessagesAvailable callback
         1788711919.707  4040  4073 I AebsFrameSubscriber: readNextMessages count=1
         1788711919.707  4040  4073 I MainActivity: onGatewayFrame: frame seq=1946 egoSpeed=6.9373956 pts=0 intervention=false warning=false braking=true lifecycle=released_verified_stop range=null bearing=null rss=15.958405
         1788711919.807  4040  4073 I AebsFrameSubscriber: onMessagesAvailable callback
         1788711919.807  4040  4073 I AebsFrameSubscriber: readNextMessages count=1
         1788711919.808  4040  4073 I MainActivity: onGatewayFrame: frame seq=1947 egoSpeed=6.9373956 pts=0 intervention=false warning=false braking=true lifecycle=released_verified_stop range=null bearing=null rss=15.958405
         1788711919.908  4040  4073 I AebsFrameSubscriber: onMessagesAvailable callback
         1788711920.032  4040  4073 I AebsFrameSubscriber: readNextMessages count=2
         1788711920.032  4040  4073 I MainActivity: onGatewayFrame: frame seq=1948 egoSpeed=6.9373956 pts=0 intervention=false warning=false braking=true lifecycle=released_verified_stop range=null bearing=null rss=15.958405
         1788711920.032  4040  4073 I MainActivity: onGatewayFrame: frame seq=1949 egoSpeed=6.9373956 pts=0 intervention=false warning=false braking=true lifecycle=released_verified_stop range=null bearing=null rss=15.958405
         1788711920.032  4040  4073 I AebsFrameSubscriber: onMessagesAvailable callback
         1788711920.107  4040  4073 I AebsFrameSubscriber: onMessagesAvailable callback
         1788711920.107  4040  4073 I AebsFrameSubscriber: readNextMessages count=1
         1788711920.108  4040  4073 I MainActivity: onGatewayFrame: frame seq=1950 egoSpeed=6.9373956 pts=0 intervention=false warning=false braking=true lifecycle=released_verified_stop range=null bearing=null rss=15.958405
         1788711920.207  4040  4073 I AebsFrameSubscriber: onMessagesAvailable callback
         1788711920.207  4040  4073 I AebsFrameSubscriber: readNextMessages count=1
         1788711920.207  4040  4073 I MainActivity: onGatewayFrame: frame seq=1951 egoSpeed=6.9373956 pts=0 intervention=false warning=false braking=true lifecycle=released_verified_stop range=null bearing=null rss=15.958405
         1788711920.307  4040  4073 I AebsFrameSubscriber: onMessagesAvailable callback
         1788711920.307  4040  4073 I AebsFrameSubscriber: readNextMessages count=1
         1788711920.308  4040  4073 I MainActivity: onGatewayFrame: frame seq=1952 egoSpeed=6.9373956 pts=0 intervention=false warning=false braking=true lifecycle=released_verified_stop range=null bearing=null rss=15.958405
         1788711920.407  4040  4073 I AebsFrameSubscriber: onMessagesAvailable callback
         1788711920.407  4040  4073 I AebsFrameSubscriber: readNextMessages count=1
         1788711920.407  4040  4073 I MainActivity: onGatewayFrame: frame seq=1953 egoSpeed=6.9373956 pts=0 intervention=false warning=false braking=true lifecycle=released_verified_stop range=null bearing=null rss=15.958405
         1788711920.507  4040  4073 I AebsFrameSubscriber: onMessagesAvailable callback
         1788711920.508  4040  4073 I AebsFrameSubscriber: readNextMessages count=1
         1788711920.508  4040  4073 I MainActivity: onGatewayFrame: frame seq=1954 egoSpeed=6.9373956 pts=0 intervention=false warning=false braking=true lifecycle=released_verified_stop range=null bearing=null rss=15.958405
         1788711920.607  4040  4073 I AebsFrameSubscriber: onMessagesAvailable callback
         1788711920.607  4040  4073 I AebsFrameSubscriber: readNextMessages count=1
         1788711920.607  4040  4073 I MainActivity: onGatewayFrame: frame seq=1955 egoSpeed=6.9373956 pts=0 intervention=false warning=false braking=true lifecycle=released_verified_stop range=null bearing=null rss=15.958405
         1788711920.707  4040  4073 I AebsFrameSubscriber: onMessagesAvailable callback
         1788711920.708  4040  4073 I AebsFrameSubscriber: readNextMessages count=1
         1788711920.708  4040  4073 I MainActivity: onGatewayFrame: frame seq=1956 egoSpeed=6.9373956 pts=0 intervention=false warning=false braking=true lifecycle=released_verified_stop range=null bearing=null rss=15.958405
         1788711920.806  4040  4073 I AebsFrameSubscriber: onMessagesAvailable callback
         1788711920.807  4040  4073 I AebsFrameSubscriber: readNextMessages count=1
         1788711920.807  4040  4073 I MainActivity: onGatewayFrame: frame seq=1957 egoSpeed=6.9373956 pts=0 intervention=false warning=false braking=true lifecycle=released_verified_stop range=null bearing=null rss=15.958405
         1788711920.907  4040  4073 I AebsFrameSubscriber: onMessagesAvailable callback
         1788711920.907  4040  4073 I AebsFrameSubscriber: readNextMessages count=1
         1788711920.908  4040  4073 I MainActivity: onGatewayFrame: frame seq=1958 egoSpeed=6.9373956 pts=0 intervention=false warning=false braking=true lifecycle=released_verified_stop range=null bearing=null rss=15.958405
         1788711921.007  4040  4073 I AebsFrameSubscriber: onMessagesAvailable callback
         1788711921.007  4040  4073 I AebsFrameSubscriber: readNextMessages count=1
         1788711921.007  4040  4073 I MainActivity: onGatewayFrame: frame seq=1959 egoSpeed=6.9373956 pts=0 intervention=false warning=false braking=true lifecycle=released_verified_stop range=null bearing=null rss=15.958405
         1788711921.107  4040  4073 I AebsFrameSubscriber: onMessagesAvailable callback
         1788711921.108  4040  4073 I AebsFrameSubscriber: readNextMessages count=1
         1788711921.108  4040  4073 I MainActivity: onGatewayFrame: frame seq=1960 egoSpeed=6.9373956 pts=0 intervention=false warning=false braking=true lifecycle=released_verified_stop range=null bearing=null rss=15.958405
         1788711921.206  4040  4073 I AebsFrameSubscriber: onMessagesAvailable callback
         1788711921.207  4040  4073 I AebsFrameSubscriber: readNextMessages count=1
         1788711921.207  4040  4073 I MainActivity: onGatewayFrame: frame seq=1961 egoSpeed=6.9373956 pts=0 intervention=false warning=false braking=true lifecycle=released_verified_stop range=null bearing=null rss=15.958405
         1788711921.307  4040  4073 I AebsFrameSubscriber: onMessagesAvailable callback
         1788711921.308  4040  4073 I AebsFrameSubscriber: readNextMessages count=1
         1788711921.308  4040  4073 I MainActivity: onGatewayFrame: frame seq=1962 egoSpeed=6.9373956 pts=0 intervention=false warning=false braking=true lifecycle=released_verified_stop range=null bearing=null rss=15.958405
         1788711921.406  4040  4073 I AebsFrameSubscriber: onMessagesAvailable callback
         1788711921.407  4040  4073 I AebsFrameSubscriber: readNextMessages count=1
         1788711921.407  4040  4073 I MainActivity: onGatewayFrame: frame seq=1963 egoSpeed=6.9373956 pts=0 intervention=false warning=false braking=true lifecycle=released_verified_stop range=null bearing=null rss=15.958405
         1788711921.507  4040  4073 I AebsFrameSubscriber: onMessagesAvailable callback
         1788711921.508  4040  4073 I AebsFrameSubscriber: readNextMessages count=1
         1788711921.508  4040  4073 I MainActivity: onGatewayFrame: frame seq=1964 egoSpeed=6.9373956 pts=0 intervention=false warning=false braking=true lifecycle=released_verified_stop range=null bearing=null rss=15.958405
         1788711921.607  4040  4073 I AebsFrameSubscriber: onMessagesAvailable callback
         1788711921.607  4040  4073 I AebsFrameSubscriber: readNextMessages count=1
         1788711921.608  4040  4073 I MainActivity: onGatewayFrame: frame seq=1965 egoSpeed=6.9373956 pts=0 intervention=false warning=false braking=true lifecycle=released_verified_stop range=null bearing=null rss=15.958405
         1788711921.707  4040  4073 I AebsFrameSubscriber: onMessagesAvailable callback
         1788711921.707  4040  4073 I AebsFrameSubscriber: readNextMessages count=1
         1788711921.708  4040  4073 I MainActivity: onGatewayFrame: frame seq=1966 egoSpeed=6.9373956 pts=0 intervention=false warning=false braking=true lifecycle=released_verified_stop range=null bearing=null rss=15.958405
         1788711921.807  4040  4073 I AebsFrameSubscriber: onMessagesAvailable callback
         1788711921.807  4040  4073 I AebsFrameSubscriber: readNextMessages count=1
         1788711921.807  4040  4073 I MainActivity: onGatewayFrame: frame seq=1967 egoSpeed=6.9373956 pts=0 intervention=false warning=false braking=true lifecycle=released_verified_stop range=null bearing=null rss=15.958405
         1788711921.907  4040  4073 I AebsFrameSubscriber: onMessagesAvailable callback
         1788711921.909  4040  4073 I AebsFrameSubscriber: readNextMessages count=1
         1788711921.909  4040  4073 I MainActivity: onGatewayFrame: frame seq=1968 egoSpeed=6.9373956 pts=0 intervention=false warning=false braking=true lifecycle=released_verified_stop range=null bearing=null rss=15.958405
         1788711922.007  4040  4073 I AebsFrameSubscriber: onMessagesAvailable callback
         1788711922.007  4040  4073 I AebsFrameSubscriber: readNextMessages count=1
         1788711922.007  4040  4073 I MainActivity: onGatewayFrame: frame seq=1969 egoSpeed=6.9373956 pts=0 intervention=false warning=false braking=true lifecycle=released_verified_stop range=null bearing=null rss=15.958405
         1788711922.107  4040  4073 I AebsFrameSubscriber: onMessagesAvailable callback
         1788711922.108  4040  4073 I AebsFrameSubscriber: readNextMessages count=1
         1788711922.108  4040  4073 I MainActivity: onGatewayFrame: frame seq=1970 egoSpeed=6.9373956 pts=0 intervention=false warning=false braking=true lifecycle=released_verified_stop range=null bearing=null rss=15.958405
         1788711922.206  4040  4073 I AebsFrameSubscriber: onMessagesAvailable callback
         1788711922.207  4040  4073 I AebsFrameSubscriber: readNextMessages count=1
         1788711922.207  4040  4073 I MainActivity: onGatewayFrame: frame seq=1971 egoSpeed=6.9373956 pts=0 intervention=false warning=false braking=true lifecycle=released_verified_stop range=null bearing=null rss=15.958405
         1788711922.307  4040  4073 I AebsFrameSubscriber: onMessagesAvailable callback
         1788711922.307  4040  4073 I AebsFrameSubscriber: readNextMessages count=1
         1788711922.308  4040  4073 I MainActivity: onGatewayFrame: frame seq=1972 egoSpeed=6.9373956 pts=0 intervention=false warning=false braking=true lifecycle=released_verified_stop range=null bearing=null rss=15.958405
         1788711922.406  4040  4073 I AebsFrameSubscriber: onMessagesAvailable callback
         1788711922.407  4040  4073 I AebsFrameSubscriber: readNextMessages count=1
         1788711922.407  4040  4073 I MainActivity: onGatewayFrame: frame seq=1973 egoSpeed=6.9373956 pts=0 intervention=false warning=false braking=true lifecycle=released_verified_stop range=null bearing=null rss=15.958405
         1788711922.507  4040  4073 I AebsFrameSubscriber: onMessagesAvailable callback
         1788711922.508  4040  4073 I AebsFrameSubscriber: readNextMessages count=1
         1788711922.508  4040  4073 I MainActivity: onGatewayFrame: frame seq=1974 egoSpeed=6.9373956 pts=0 intervention=false warning=false braking=true lifecycle=released_verified_stop range=null bearing=null rss=15.958405
         1788711922.606  4040  4073 I AebsFrameSubscriber: onMessagesAvailable callback
         1788711922.607  4040  4073 I AebsFrameSubscriber: readNextMessages count=1
         1788711922.607  4040  4073 I MainActivity: onGatewayFrame: frame seq=1975 egoSpeed=6.9373956 pts=0 intervention=false warning=false braking=true lifecycle=released_verified_stop range=null bearing=null rss=15.958405
         1788711922.706  4040  4073 I AebsFrameSubscriber: onMessagesAvailable callback
         1788711922.707  4040  4073 I AebsFrameSubscriber: readNextMessages count=1
         1788711922.707  4040  4073 I MainActivity: onGatewayFrame: frame seq=1976 egoSpeed=6.9373956 pts=0 intervention=false warning=false braking=true lifecycle=released_verified_stop range=null bearing=null rss=15.958405
         1788711922.806  4040  4073 I AebsFrameSubscriber: onMessagesAvailable callback
         1788711922.807  4040  4073 I AebsFrameSubscriber: readNextMessages count=1
         1788711922.807  4040  4073 I MainActivity: onGatewayFrame: frame seq=1977 egoSpeed=6.9373956 pts=0 intervention=false warning=false braking=true lifecycle=released_verified_stop range=null bearing=null rss=15.958405
         1788711922.906  4040  4073 I AebsFrameSubscriber: onMessagesAvailable callback
         1788711922.907  4040  4073 I AebsFrameSubscriber: readNextMessages count=1
         1788711922.907  4040  4073 I MainActivity: onGatewayFrame: frame seq=1978 egoSpeed=6.9373956 pts=0 intervention=false warning=false braking=true lifecycle=released_verified_stop range=null bearing=null rss=15.958405
         1788711923.006  4040  4073 I AebsFrameSubscriber: onMessagesAvailable callback
         1788711923.007  4040  4073 I AebsFrameSubscriber: readNextMessages count=1
         1788711923.007  4040  4073 I MainActivity: onGatewayFrame: frame seq=1979 egoSpeed=6.9373956 pts=0 intervention=false warning=false braking=true lifecycle=released_verified_stop range=null bearing=null rss=15.958405
         1788711923.106  4040  4073 I AebsFrameSubscriber: onMessagesAvailable callback
         1788711923.107  4040  4073 I AebsFrameSubscriber: readNextMessages count=1
         1788711923.107  4040  4073 I MainActivity: onGatewayFrame: frame seq=1980 egoSpeed=6.9373956 pts=0 intervention=false warning=false braking=true lifecycle=released_verified_stop range=null bearing=null rss=15.958405
         1788711923.206  4040  4073 I AebsFrameSubscriber: onMessagesAvailable callback
         1788711923.207  4040  4073 I AebsFrameSubscriber: readNextMessages count=1
         1788711923.207  4040  4073 I MainActivity: onGatewayFrame: frame seq=1981 egoSpeed=6.9373956 pts=0 intervention=false warning=false braking=true lifecycle=released_verified_stop range=null bearing=null rss=15.958405
         1788711923.306  4040  4073 I AebsFrameSubscriber: onMessagesAvailable callback
         1788711923.306  4040  4073 I AebsFrameSubscriber: readNextMessages count=1
         1788711923.307  4040  4073 I MainActivity: onGatewayFrame: frame seq=1982 egoSpeed=6.9373956 pts=0 intervention=false warning=false braking=true lifecycle=released_verified_stop range=null bearing=null rss=15.958405
         1788711923.406  4040  4073 I AebsFrameSubscriber: onMessagesAvailable callback
         1788711923.406  4040  4073 I AebsFrameSubscriber: readNextMessages count=1
         1788711923.407  4040  4073 I MainActivity: onGatewayFrame: frame seq=1983 egoSpeed=6.9373956 pts=0 intervention=false warning=false braking=true lifecycle=released_verified_stop range=null bearing=null rss=15.958405
         1788711923.506  4040  4073 I AebsFrameSubscriber: onMessagesAvailable callback
         1788711923.507  4040  4073 I AebsFrameSubscriber: readNextMessages count=1
         1788711923.507  4040  4073 I MainActivity: onGatewayFrame: frame seq=1984 egoSpeed=6.9373956 pts=0 intervention=false warning=false braking=true lifecycle=released_verified_stop range=null bearing=null rss=15.958405
         1788711923.606  4040  4073 I AebsFrameSubscriber: onMessagesAvailable callback
         1788711923.606  4040  4073 I AebsFrameSubscriber: readNextMessages count=1
         1788711923.607  4040  4073 I MainActivity: onGatewayFrame: frame seq=1985 egoSpeed=6.9373956 pts=0 intervention=false warning=false braking=true lifecycle=released_verified_stop range=null bearing=null rss=15.958405
         1788711923.706  4040  4073 I AebsFrameSubscriber: onMessagesAvailable callback
         1788711923.706  4040  4073 I AebsFrameSubscriber: readNextMessages count=1
         1788711923.707  4040  4073 I MainActivity: onGatewayFrame: frame seq=1986 egoSpeed=6.9373956 pts=0 intervention=false warning=false braking=true lifecycle=released_verified_stop range=null bearing=null rss=15.958405
         1788711923.806  4040  4073 I AebsFrameSubscriber: onMessagesAvailable callback
         1788711923.806  4040  4073 I AebsFrameSubscriber: readNextMessages count=1
         1788711923.807  4040  4073 I MainActivity: onGatewayFrame: frame seq=1987 egoSpeed=6.9373956 pts=0 intervention=false warning=false braking=true lifecycle=released_verified_stop range=null bearing=null rss=15.958405
         1788711924.023  4040  4073 I AebsFrameSubscriber: readNextMessages count=2
         1788711924.023  4040  4073 I MainActivity: onGatewayFrame: frame seq=1988 egoSpeed=6.9373956 pts=0 intervention=false warning=false braking=true lifecycle=released_verified_stop range=null bearing=null rss=15.958405
         1788711924.024  4040  4073 I MainActivity: onGatewayFrame: frame seq=1989 egoSpeed=6.9373956 pts=0 intervention=false warning=false braking=true lifecycle=released_verified_stop range=null bearing=null rss=15.958405
         1788711924.024  4040  4073 I AebsFrameSubscriber: onMessagesAvailable callback
         1788711924.024  4040  4073 I AebsFrameSubscriber: onMessagesAvailable callback
         1788711924.106  4040  4073 I AebsFrameSubscriber: onMessagesAvailable callback
         1788711924.107  4040  4073 I AebsFrameSubscriber: readNextMessages count=1
         1788711924.107  4040  4073 I MainActivity: onGatewayFrame: frame seq=1990 egoSpeed=6.9373956 pts=0 intervention=false warning=false braking=true lifecycle=released_verified_stop range=null bearing=null rss=15.958405
         1788711924.206  4040  4073 I AebsFrameSubscriber: onMessagesAvailable callback
         1788711924.207  4040  4073 I AebsFrameSubscriber: readNextMessages count=1
         1788711924.207  4040  4073 I MainActivity: onGatewayFrame: frame seq=1991 egoSpeed=6.9373956 pts=0 intervention=false warning=false braking=true lifecycle=released_verified_stop range=null bearing=null rss=15.958405
         1788711924.306  4040  4073 I AebsFrameSubscriber: onMessagesAvailable callback
         1788711924.307  4040  4073 I AebsFrameSubscriber: readNextMessages count=1
         1788711924.307  4040  4073 I MainActivity: onGatewayFrame: frame seq=1992 egoSpeed=6.9373956 pts=0 intervention=false warning=false braking=true lifecycle=released_verified_stop range=null bearing=null rss=15.958405
         1788711924.406  4040  4073 I AebsFrameSubscriber: onMessagesAvailable callback
         1788711924.407  4040  4073 I AebsFrameSubscriber: readNextMessages count=1
         1788711924.407  4040  4073 I MainActivity: onGatewayFrame: frame seq=1993 egoSpeed=6.9373956 pts=0 intervention=false warning=false braking=true lifecycle=released_verified_stop range=null bearing=null rss=15.958405
         1788711924.506  4040  4073 I AebsFrameSubscriber: onMessagesAvailable callback
         1788711924.507  4040  4073 I AebsFrameSubscriber: readNextMessages count=1
         1788711924.507  4040  4073 I MainActivity: onGatewayFrame: frame seq=1994 egoSpeed=6.9373956 pts=0 intervention=false warning=false braking=true lifecycle=released_verified_stop range=null bearing=null rss=15.958405
         1788711924.606  4040  4073 I AebsFrameSubscriber: onMessagesAvailable callback
         1788711924.607  4040  4073 I AebsFrameSubscriber: readNextMessages count=1
         1788711924.607  4040  4073 I MainActivity: onGatewayFrame: frame seq=1995 egoSpeed=6.9373956 pts=0 intervention=false warning=false braking=true lifecycle=released_verified_stop range=null bearing=null rss=15.958405
         1788711924.706  4040  4073 I AebsFrameSubscriber: onMessagesAvailable callback
         1788711924.707  4040  4073 I AebsFrameSubscriber: readNextMessages count=1
         1788711924.707  4040  4073 I MainActivity: onGatewayFrame: frame seq=1996 egoSpeed=6.9373956 pts=0 intervention=false warning=false braking=true lifecycle=released_verified_stop range=null bearing=null rss=15.958405
         1788711924.806  4040  4073 I AebsFrameSubscriber: onMessagesAvailable callback
         1788711924.807  4040  4073 I AebsFrameSubscriber: readNextMessages count=1
         1788711924.807  4040  4073 I MainActivity: onGatewayFrame: frame seq=1997 egoSpeed=6.9373956 pts=0 intervention=false warning=false braking=true lifecycle=released_verified_stop range=null bearing=null rss=15.958405
         1788711924.906  4040  4073 I AebsFrameSubscriber: onMessagesAvailable callback
         1788711924.907  4040  4073 I AebsFrameSubscriber: readNextMessages count=1
         1788711924.907  4040  4073 I MainActivity: onGatewayFrame: frame seq=1998 egoSpeed=6.9373956 pts=0 intervention=false warning=false braking=true lifecycle=released_verified_stop range=null bearing=null rss=15.958405
         1788711925.007  4040  4073 I AebsFrameSubscriber: onMessagesAvailable callback
         1788711925.007  4040  4073 I AebsFrameSubscriber: readNextMessages count=1
         1788711925.007  4040  4073 I MainActivity: onGatewayFrame: frame seq=1999 egoSpeed=6.9373956 pts=0 intervention=false warning=false braking=true lifecycle=released_verified_stop range=null bearing=null rss=15.958405
         1788711925.106  4040  4073 I AebsFrameSubscriber: onMessagesAvailable callback
         1788711925.107  4040  4073 I AebsFrameSubscriber: readNextMessages count=1
         1788711925.107  4040  4073 I MainActivity: onGatewayFrame: frame seq=2000 egoSpeed=6.9373956 pts=0 intervention=false warning=false braking=true lifecycle=released_verified_stop range=null bearing=null rss=15.958405
         1788711925.207  4040  4073 I AebsFrameSubscriber: onMessagesAvailable callback
         1788711925.207  4040  4073 I AebsFrameSubscriber: readNextMessages count=1
         1788711925.207  4040  4073 I MainActivity: onGatewayFrame: frame seq=2001 egoSpeed=6.9373956 pts=0 intervention=false warning=false braking=true lifecycle=released_verified_stop range=null bearing=null rss=15.958405
         1788711925.306  4040  4073 I AebsFrameSubscriber: onMessagesAvailable callback
         1788711925.307  4040  4073 I AebsFrameSubscriber: readNextMessages count=1
         1788711925.307  4040  4073 I MainActivity: onGatewayFrame: frame seq=2002 egoSpeed=6.9373956 pts=0 intervention=false warning=false braking=true lifecycle=released_verified_stop range=null bearing=null rss=15.958405
         1788711925.406  4040  4073 I AebsFrameSubscriber: onMessagesAvailable callback
         1788711925.407  4040  4073 I AebsFrameSubscriber: readNextMessages count=1
         1788711925.407  4040  4073 I MainActivity: onGatewayFrame: frame seq=2003 egoSpeed=6.9373956 pts=0 intervention=false warning=false braking=true lifecycle=released_verified_stop range=null bearing=null rss=15.958405
         1788711925.506  4040  4073 I AebsFrameSubscriber: onMessagesAvailable callback
         1788711925.507  4040  4073 I AebsFrameSubscriber: readNextMessages count=1
         1788711925.507  4040  4073 I MainActivity: onGatewayFrame: frame seq=2004 egoSpeed=6.9373956 pts=0 intervention=false warning=false braking=true lifecycle=released_verified_stop range=null bearing=null rss=15.958405
         1788711925.606  4040  4073 I AebsFrameSubscriber: onMessagesAvailable callback
         1788711925.607  4040  4073 I AebsFrameSubscriber: readNextMessages count=1
         1788711925.607  4040  4073 I MainActivity: onGatewayFrame: frame seq=2005 egoSpeed=6.9373956 pts=0 intervention=false warning=false braking=true lifecycle=released_verified_stop range=null bearing=null rss=15.958405
         1788711925.706  4040  4073 I AebsFrameSubscriber: onMessagesAvailable callback
         1788711925.707  4040  4073 I AebsFrameSubscriber: readNextMessages count=1
         1788711925.707  4040  4073 I MainActivity: onGatewayFrame: frame seq=2006 egoSpeed=6.9373956 pts=0 intervention=false warning=false braking=true lifecycle=released_verified_stop range=null bearing=null rss=15.958405
         1788711925.807  4040  4073 I AebsFrameSubscriber: onMessagesAvailable callback
         1788711925.807  4040  4073 I AebsFrameSubscriber: readNextMessages count=1
         1788711925.807  4040  4073 I MainActivity: onGatewayFrame: frame seq=2007 egoSpeed=6.9373956 pts=0 intervention=false warning=false braking=true lifecycle=released_verified_stop range=null bearing=null rss=15.958405
         1788711925.906  4040  4073 I AebsFrameSubscriber: onMessagesAvailable callback
         1788711925.907  4040  4073 I AebsFrameSubscriber: readNextMessages count=1
         1788711925.907  4040  4073 I MainActivity: onGatewayFrame: frame seq=2008 egoSpeed=6.9373956 pts=0 intervention=false warning=false braking=true lifecycle=released_verified_stop range=null bearing=null rss=15.958405
         1788711926.006  4040  4073 I AebsFrameSubscriber: onMessagesAvailable callback
         1788711926.007  4040  4073 I AebsFrameSubscriber: readNextMessages count=1
         1788711926.007  4040  4073 I MainActivity: onGatewayFrame: frame seq=2009 egoSpeed=6.9373956 pts=0 intervention=false warning=false braking=true lifecycle=released_verified_stop range=null bearing=null rss=15.958405
         1788711926.106  4040  4073 I AebsFrameSubscriber: onMessagesAvailable callback
         1788711926.107  4040  4073 I AebsFrameSubscriber: readNextMessages count=1
         1788711926.107  4040  4073 I MainActivity: onGatewayFrame: frame seq=2010 egoSpeed=6.9373956 pts=0 intervention=false warning=false braking=true lifecycle=released_verified_stop range=null bearing=null rss=15.958405
         1788711926.206  4040  4073 I AebsFrameSubscriber: onMessagesAvailable callback
         1788711926.207  4040  4073 I AebsFrameSubscriber: readNextMessages count=1
         1788711926.207  4040  4073 I MainActivity: onGatewayFrame: frame seq=2011 egoSpeed=6.9373956 pts=0 intervention=false warning=false braking=true lifecycle=released_verified_stop range=null bearing=null rss=15.958405
         1788711926.306  4040  4073 I AebsFrameSubscriber: onMessagesAvailable callback
         1788711926.307  4040  4073 I AebsFrameSubscriber: readNextMessages count=1
         1788711926.307  4040  4073 I MainActivity: onGatewayFrame: frame seq=2012 egoSpeed=6.9373956 pts=0 intervention=false warning=false braking=true lifecycle=released_verified_stop range=null bearing=null rss=15.958405
         1788711926.406  4040  4073 I AebsFrameSubscriber: onMessagesAvailable callback
         1788711926.407  4040  4073 I AebsFrameSubscriber: readNextMessages count=1
         1788711926.407  4040  4073 I MainActivity: onGatewayFrame: frame seq=2013 egoSpeed=6.9373956 pts=0 intervention=false warning=false braking=true lifecycle=released_verified_stop range=null bearing=null rss=15.958405
         1788711926.506  4040  4073 I AebsFrameSubscriber: onMessagesAvailable callback
         1788711926.507  4040  4073 I AebsFrameSubscriber: readNextMessages count=1
         1788711926.507  4040  4073 I MainActivity: onGatewayFrame: frame seq=2014 egoSpeed=6.9373956 pts=0 intervention=false warning=false braking=true lifecycle=released_verified_stop range=null bearing=null rss=15.958405
         1788711926.606  4040  4073 I AebsFrameSubscriber: onMessagesAvailable callback
         1788711926.607  4040  4073 I AebsFrameSubscriber: readNextMessages count=1
         1788711926.607  4040  4073 I MainActivity: onGatewayFrame: frame seq=2015 egoSpeed=6.9373956 pts=0 intervention=false warning=false braking=true lifecycle=released_verified_stop range=null bearing=null rss=15.958405
         1788711926.706  4040  4073 I AebsFrameSubscriber: onMessagesAvailable callback
         1788711926.707  4040  4073 I AebsFrameSubscriber: readNextMessages count=1
         1788711926.707  4040  4073 I MainActivity: onGatewayFrame: frame seq=2016 egoSpeed=6.9373956 pts=0 intervention=false warning=false braking=true lifecycle=released_verified_stop range=null bearing=null rss=15.958405
         1788711926.806  4040  4073 I AebsFrameSubscriber: onMessagesAvailable callback
         1788711926.807  4040  4073 I AebsFrameSubscriber: readNextMessages count=1
         1788711926.807  4040  4073 I MainActivity: onGatewayFrame: frame seq=2017 egoSpeed=6.9373956 pts=0 intervention=false warning=false braking=true lifecycle=released_verified_stop range=null bearing=null rss=15.958405
         1788711926.907  4040  4073 I AebsFrameSubscriber: onMessagesAvailable callback
         1788711926.907  4040  4073 I AebsFrameSubscriber: readNextMessages count=1
         1788711926.907  4040  4073 I MainActivity: onGatewayFrame: frame seq=2018 egoSpeed=6.9373956 pts=0 intervention=false warning=false braking=true lifecycle=released_verified_stop range=null bearing=null rss=15.958405
         1788711927.006  4040  4073 I AebsFrameSubscriber: onMessagesAvailable callback
         1788711927.006  4040  4073 I AebsFrameSubscriber: readNextMessages count=1
         1788711927.007  4040  4073 I MainActivity: onGatewayFrame: frame seq=2019 egoSpeed=6.9373956 pts=0 intervention=false warning=false braking=true lifecycle=released_verified_stop range=null bearing=null rss=15.958405
         1788711927.106  4040  4073 I AebsFrameSubscriber: onMessagesAvailable callback
         1788711927.107  4040  4073 I AebsFrameSubscriber: readNextMessages count=1
         1788711927.107  4040  4073 I MainActivity: onGatewayFrame: frame seq=2020 egoSpeed=6.9373956 pts=0 intervention=false warning=false braking=true lifecycle=released_verified_stop range=null bearing=null rss=15.958405
         1788711927.206  4040  4073 I AebsFrameSubscriber: onMessagesAvailable callback
         1788711927.207  4040  4073 I AebsFrameSubscriber: readNextMessages count=1
         1788711927.207  4040  4073 I MainActivity: onGatewayFrame: frame seq=2021 egoSpeed=6.9373956 pts=0 intervention=false warning=false braking=true lifecycle=released_verified_stop range=null bearing=null rss=15.958405
         1788711927.306  4040  4073 I AebsFrameSubscriber: onMessagesAvailable callback
         1788711927.307  4040  4073 I AebsFrameSubscriber: readNextMessages count=1
         1788711927.307  4040  4073 I MainActivity: onGatewayFrame: frame seq=2022 egoSpeed=6.9373956 pts=0 intervention=false warning=false braking=true lifecycle=released_verified_stop range=null bearing=null rss=15.958405
         1788711927.406  4040  4073 I AebsFrameSubscriber: onMessagesAvailable callback
         1788711927.407  4040  4073 I AebsFrameSubscriber: readNextMessages count=1
         1788711927.407  4040  4073 I MainActivity: onGatewayFrame: frame seq=2023 egoSpeed=6.9373956 pts=0 intervention=false warning=false braking=true lifecycle=released_verified_stop range=null bearing=null rss=15.958405
         1788711927.506  4040  4073 I AebsFrameSubscriber: onMessagesAvailable callback
         1788711927.506  4040  4073 I AebsFrameSubscriber: readNextMessages count=1
         1788711927.507  4040  4073 I MainActivity: onGatewayFrame: frame seq=2024 egoSpeed=6.9373956 pts=0 intervention=false warning=false braking=true lifecycle=released_verified_stop range=null bearing=null rss=15.958405
         1788711927.606  4040  4073 I AebsFrameSubscriber: onMessagesAvailable callback
         1788711927.607  4040  4073 I AebsFrameSubscriber: readNextMessages count=1
         1788711927.607  4040  4073 I MainActivity: onGatewayFrame: frame seq=2025 egoSpeed=6.9373956 pts=0 intervention=false warning=false braking=true lifecycle=released_verified_stop range=null bearing=null rss=15.958405
         1788711927.706  4040  4073 I AebsFrameSubscriber: onMessagesAvailable callback
         1788711927.707  4040  4073 I AebsFrameSubscriber: readNextMessages count=1
         1788711927.707  4040  4073 I MainActivity: onGatewayFrame: frame seq=2026 egoSpeed=6.9373956 pts=0 intervention=false warning=false braking=true lifecycle=released_verified_stop range=null bearing=null rss=15.958405
         1788711927.806  4040  4073 I AebsFrameSubscriber: onMessagesAvailable callback
         1788711927.807  4040  4073 I AebsFrameSubscriber: readNextMessages count=1
         1788711927.807  4040  4073 I MainActivity: onGatewayFrame: frame seq=2027 egoSpeed=6.9373956 pts=0 intervention=false warning=false braking=true lifecycle=released_verified_stop range=null bearing=null rss=15.958405
         1788711927.906  4040  4073 I AebsFrameSubscriber: onMessagesAvailable callback
         1788711927.906  4040  4073 I AebsFrameSubscriber: readNextMessages count=1
         1788711927.907  4040  4073 I MainActivity: onGatewayFrame: frame seq=2028 egoSpeed=6.9373956 pts=0 intervention=false warning=false braking=true lifecycle=released_verified_stop range=null bearing=null rss=15.958405
         1788711928.006  4040  4073 I AebsFrameSubscriber: onMessagesAvailable callback
         1788711928.007  4040  4073 I AebsFrameSubscriber: readNextMessages count=1
         1788711928.007  4040  4073 I MainActivity: onGatewayFrame: frame seq=2029 egoSpeed=6.9373956 pts=0 intervention=false warning=false braking=true lifecycle=released_verified_stop range=null bearing=null rss=15.958405
         1788711928.109  4040  4073 I AebsFrameSubscriber: onMessagesAvailable callback
         1788711928.109  4040  4073 I AebsFrameSubscriber: readNextMessages count=1
         1788711928.109  4040  4073 I MainActivity: onGatewayFrame: frame seq=2030 egoSpeed=6.9373956 pts=0 intervention=false warning=false braking=true lifecycle=released_verified_stop range=null bearing=null rss=15.958405
         1788711928.247  4040  4073 I AebsFrameSubscriber: readNextMessages count=1
         1788711928.248  4040  4073 I MainActivity: onGatewayFrame: frame seq=2031 egoSpeed=6.9373956 pts=0 intervention=false warning=false braking=true lifecycle=released_verified_stop range=null bearing=null rss=15.958405
         1788711928.248  4040  4073 I AebsFrameSubscriber: onMessagesAvailable callback
         1788711928.306  4040  4073 I AebsFrameSubscriber: onMessagesAvailable callback
         1788711928.307  4040  4073 I AebsFrameSubscriber: readNextMessages count=1
         1788711928.307  4040  4073 I MainActivity: onGatewayFrame: frame seq=2032 egoSpeed=6.9373956 pts=0 intervention=false warning=false braking=true lifecycle=released_verified_stop range=null bearing=null rss=15.958405
         1788711928.406  4040  4073 I AebsFrameSubscriber: onMessagesAvailable callback
         1788711928.406  4040  4073 I AebsFrameSubscriber: readNextMessages count=1
         1788711928.406  4040  4073 I MainActivity: onGatewayFrame: frame seq=2033 egoSpeed=6.9373956 pts=0 intervention=false warning=false braking=true lifecycle=released_verified_stop range=null bearing=null rss=15.958405
         1788711928.506  4040  4073 I AebsFrameSubscriber: onMessagesAvailable callback
         1788711928.506  4040  4073 I AebsFrameSubscriber: readNextMessages count=1
         1788711928.506  4040  4073 I MainActivity: onGatewayFrame: frame seq=2034 egoSpeed=6.9373956 pts=0 intervention=false warning=false braking=true lifecycle=released_verified_stop range=null bearing=null rss=15.958405
         1788711928.606  4040  4073 I AebsFrameSubscriber: onMessagesAvailable callback
         1788711928.606  4040  4073 I AebsFrameSubscriber: readNextMessages count=1
         1788711928.606  4040  4073 I MainActivity: onGatewayFrame: frame seq=2035 egoSpeed=6.9373956 pts=0 intervention=false warning=false braking=true lifecycle=released_verified_stop range=null bearing=null rss=15.958405
         1788711928.706  4040  4073 I AebsFrameSubscriber: onMessagesAvailable callback
         1788711928.707  4040  4073 I AebsFrameSubscriber: readNextMessages count=1
         1788711928.707  4040  4073 I MainActivity: onGatewayFrame: frame seq=2036 egoSpeed=6.9373956 pts=0 intervention=false warning=false braking=true lifecycle=released_verified_stop range=null bearing=null rss=15.958405
         1788711928.806  4040  4073 I AebsFrameSubscriber: onMessagesAvailable callback
         1788711928.806  4040  4073 I AebsFrameSubscriber: readNextMessages count=1
         1788711928.806  4040  4073 I MainActivity: onGatewayFrame: frame seq=2037 egoSpeed=6.9373956 pts=0 intervention=false warning=false braking=true lifecycle=released_verified_stop range=null bearing=null rss=15.958405
         1788711928.906  4040  4073 I AebsFrameSubscriber: onMessagesAvailable callback
         1788711928.906  4040  4073 I AebsFrameSubscriber: readNextMessages count=1
         1788711928.907  4040  4073 I MainActivity: onGatewayFrame: frame seq=2038 egoSpeed=6.9373956 pts=0 intervention=false warning=false braking=true lifecycle=released_verified_stop range=null bearing=null rss=15.958405
         1788711929.006  4040  4073 I AebsFrameSubscriber: onMessagesAvailable callback
         1788711929.006  4040  4073 I AebsFrameSubscriber: readNextMessages count=1
         1788711929.006  4040  4073 I MainActivity: onGatewayFrame: frame seq=2039 egoSpeed=6.9373956 pts=0 intervention=false warning=false braking=true lifecycle=released_verified_stop range=null bearing=null rss=15.958405
         1788711929.106  4040  4073 I AebsFrameSubscriber: onMessagesAvailable callback
         1788711929.106  4040  4073 I AebsFrameSubscriber: readNextMessages count=1
         1788711929.106  4040  4073 I MainActivity: onGatewayFrame: frame seq=2040 egoSpeed=6.9373956 pts=0 intervention=false warning=false braking=true lifecycle=released_verified_stop range=null bearing=null rss=15.958405
         1788711929.206  4040  4073 I AebsFrameSubscriber: onMessagesAvailable callback
         1788711929.207  4040  4073 I AebsFrameSubscriber: readNextMessages count=1
         1788711929.207  4040  4073 I MainActivity: onGatewayFrame: frame seq=2041 egoSpeed=6.9373956 pts=0 intervention=false warning=false braking=true lifecycle=released_verified_stop range=null bearing=null rss=15.958405
         1788711929.306  4040  4073 I AebsFrameSubscriber: onMessagesAvailable callback
         1788711929.306  4040  4073 I AebsFrameSubscriber: readNextMessages count=1
         1788711929.307  4040  4073 I MainActivity: onGatewayFrame: frame seq=2042 egoSpeed=6.9373956 pts=0 intervention=false warning=false braking=true lifecycle=released_verified_stop range=null bearing=null rss=15.958405
         1788711929.406  4040  4073 I AebsFrameSubscriber: onMessagesAvailable callback
         1788711929.406  4040  4073 I AebsFrameSubscriber: readNextMessages count=1
         1788711929.407  4040  4073 I MainActivity: onGatewayFrame: frame seq=2043 egoSpeed=6.9373956 pts=0 intervention=false warning=false braking=true lifecycle=released_verified_stop range=null bearing=null rss=15.958405
         1788711929.506  4040  4073 I AebsFrameSubscriber: onMessagesAvailable callback
         1788711929.506  4040  4073 I AebsFrameSubscriber: readNextMessages count=1
         1788711929.507  4040  4073 I MainActivity: onGatewayFrame: frame seq=2044 egoSpeed=6.9373956 pts=0 intervention=false warning=false braking=true lifecycle=released_verified_stop range=null bearing=null rss=15.958405
         1788711929.606  4040  4073 I AebsFrameSubscriber: onMessagesAvailable callback
         1788711929.607  4040  4073 I AebsFrameSubscriber: readNextMessages count=1
         1788711929.607  4040  4073 I MainActivity: onGatewayFrame: frame seq=2045 egoSpeed=6.9373956 pts=0 intervention=false warning=false braking=true lifecycle=released_verified_stop range=null bearing=null rss=15.958405
         1788711929.706  4040  4073 I AebsFrameSubscriber: onMessagesAvailable callback
         1788711929.706  4040  4073 I AebsFrameSubscriber: readNextMessages count=1
         1788711929.706  4040  4073 I MainActivity: onGatewayFrame: frame seq=2046 egoSpeed=6.9373956 pts=0 intervention=false warning=false braking=true lifecycle=released_verified_stop range=null bearing=null rss=15.958405
         1788711929.806  4040  4073 I AebsFrameSubscriber: onMessagesAvailable callback
         1788711929.807  4040  4073 I AebsFrameSubscriber: readNextMessages count=1
         1788711929.807  4040  4073 I MainActivity: onGatewayFrame: frame seq=2047 egoSpeed=6.9373956 pts=0 intervention=false warning=false braking=true lifecycle=released_verified_stop range=null bearing=null rss=15.958405
         1788711929.906  4040  4073 I AebsFrameSubscriber: onMessagesAvailable callback
         1788711929.906  4040  4073 I AebsFrameSubscriber: readNextMessages count=1
         1788711929.907  4040  4073 I MainActivity: onGatewayFrame: frame seq=2048 egoSpeed=6.9373956 pts=0 intervention=false warning=false braking=true lifecycle=released_verified_stop range=null bearing=null rss=15.958405
         1788711930.006  4040  4073 I AebsFrameSubscriber: onMessagesAvailable callback
         1788711930.007  4040  4073 I AebsFrameSubscriber: readNextMessages count=1
         1788711930.007  4040  4073 I MainActivity: onGatewayFrame: frame seq=2049 egoSpeed=6.9373956 pts=0 intervention=false warning=false braking=true lifecycle=released_verified_stop range=null bearing=null rss=15.958405
         1788711930.106  4040  4073 I AebsFrameSubscriber: onMessagesAvailable callback
         1788711930.106  4040  4073 I AebsFrameSubscriber: readNextMessages count=1
         1788711930.106  4040  4073 I MainActivity: onGatewayFrame: frame seq=2050 egoSpeed=6.9373956 pts=0 intervention=false warning=false braking=true lifecycle=released_verified_stop range=null bearing=null rss=15.958405
         1788711930.206  4040  4073 I AebsFrameSubscriber: onMessagesAvailable callback
         1788711930.206  4040  4073 I AebsFrameSubscriber: readNextMessages count=1
         1788711930.207  4040  4073 I MainActivity: onGatewayFrame: frame seq=2051 egoSpeed=6.9373956 pts=0 intervention=false warning=false braking=true lifecycle=released_verified_stop range=null bearing=null rss=15.958405
         1788711930.306  4040  4073 I AebsFrameSubscriber: onMessagesAvailable callback
         1788711930.306  4040  4073 I AebsFrameSubscriber: readNextMessages count=1
         1788711930.307  4040  4073 I MainActivity: onGatewayFrame: frame seq=2052 egoSpeed=6.9373956 pts=0 intervention=false warning=false braking=true lifecycle=released_verified_stop range=null bearing=null rss=15.958405
         1788711930.406  4040  4073 I AebsFrameSubscriber: onMessagesAvailable callback
         1788711930.406  4040  4073 I AebsFrameSubscriber: readNextMessages count=1
         1788711930.406  4040  4073 I MainActivity: onGatewayFrame: frame seq=2053 egoSpeed=6.9373956 pts=0 intervention=false warning=false braking=true lifecycle=released_verified_stop range=null bearing=null rss=15.958405
         1788711930.506  4040  4073 I AebsFrameSubscriber: onMessagesAvailable callback
         1788711930.506  4040  4073 I AebsFrameSubscriber: readNextMessages count=1
         1788711930.506  4040  4073 I MainActivity: onGatewayFrame: frame seq=2054 egoSpeed=6.9373956 pts=0 intervention=false warning=false braking=true lifecycle=released_verified_stop range=null bearing=null rss=15.958405
         1788711930.606  4040  4073 I AebsFrameSubscriber: onMessagesAvailable callback
         1788711930.606  4040  4073 I AebsFrameSubscriber: readNextMessages count=1
         1788711930.607  4040  4073 I MainActivity: onGatewayFrame: frame seq=2055 egoSpeed=6.9373956 pts=0 intervention=false warning=false braking=true lifecycle=released_verified_stop range=null bearing=null rss=15.958405
         1788711930.706  4040  4073 I AebsFrameSubscriber: onMessagesAvailable callback
         1788711930.707  4040  4073 I AebsFrameSubscriber: readNextMessages count=1
         1788711930.707  4040  4073 I MainActivity: onGatewayFrame: frame seq=2056 egoSpeed=6.9373956 pts=0 intervention=false warning=false braking=true lifecycle=released_verified_stop range=null bearing=null rss=15.958405
         1788711930.806  4040  4073 I AebsFrameSubscriber: onMessagesAvailable callback
         1788711930.806  4040  4073 I AebsFrameSubscriber: readNextMessages count=1
         1788711930.807  4040  4073 I MainActivity: onGatewayFrame: frame seq=2057 egoSpeed=6.9373956 pts=0 intervention=false warning=false braking=true lifecycle=released_verified_stop range=null bearing=null rss=15.958405
         1788711930.906  4040  4073 I AebsFrameSubscriber: onMessagesAvailable callback
         1788711930.906  4040  4073 I AebsFrameSubscriber: readNextMessages count=1
         1788711930.907  4040  4073 I MainActivity: onGatewayFrame: frame seq=2058 egoSpeed=6.9373956 pts=0 intervention=false warning=false braking=true lifecycle=released_verified_stop range=null bearing=null rss=15.958405
         1788711931.006  4040  4073 I AebsFrameSubscriber: onMessagesAvailable callback
         1788711931.006  4040  4073 I AebsFrameSubscriber: readNextMessages count=1
         1788711931.006  4040  4073 I MainActivity: onGatewayFrame: frame seq=2059 egoSpeed=6.9373956 pts=0 intervention=false warning=false braking=true lifecycle=released_verified_stop range=null bearing=null rss=15.958405
         1788711931.106  4040  4073 I AebsFrameSubscriber: onMessagesAvailable callback
         1788711931.106  4040  4073 I AebsFrameSubscriber: readNextMessages count=1
         1788711931.106  4040  4073 I MainActivity: onGatewayFrame: frame seq=2060 egoSpeed=6.9373956 pts=0 intervention=false warning=false braking=true lifecycle=released_verified_stop range=null bearing=null rss=15.958405
         1788711931.206  4040  4073 I AebsFrameSubscriber: onMessagesAvailable callback
         1788711931.206  4040  4073 I AebsFrameSubscriber: readNextMessages count=1
         1788711931.206  4040  4073 I MainActivity: onGatewayFrame: frame seq=2061 egoSpeed=6.9373956 pts=0 intervention=false warning=false braking=true lifecycle=released_verified_stop range=null bearing=null rss=15.958405
         1788711931.306  4040  4073 I AebsFrameSubscriber: onMessagesAvailable callback
         1788711931.306  4040  4073 I AebsFrameSubscriber: readNextMessages count=1
         1788711931.306  4040  4073 I MainActivity: onGatewayFrame: frame seq=2062 egoSpeed=6.9373956 pts=0 intervention=false warning=false braking=true lifecycle=released_verified_stop range=null bearing=null rss=15.958405
         1788711931.406  4040  4073 I AebsFrameSubscriber: onMessagesAvailable callback
         1788711931.406  4040  4073 I AebsFrameSubscriber: readNextMessages count=1
         1788711931.406  4040  4073 I MainActivity: onGatewayFrame: frame seq=2063 egoSpeed=6.9373956 pts=0 intervention=false warning=false braking=true lifecycle=released_verified_stop range=null bearing=null rss=15.958405
         1788711931.506  4040  4073 I AebsFrameSubscriber: onMessagesAvailable callback
         1788711931.507  4040  4073 I AebsFrameSubscriber: readNextMessages count=1
         1788711931.507  4040  4073 I MainActivity: onGatewayFrame: frame seq=2064 egoSpeed=6.9373956 pts=0 intervention=false warning=false braking=true lifecycle=released_verified_stop range=null bearing=null rss=15.958405
         1788711931.606  4040  4073 I AebsFrameSubscriber: onMessagesAvailable callback
         1788711931.606  4040  4073 I AebsFrameSubscriber: readNextMessages count=1
         1788711931.606  4040  4073 I MainActivity: onGatewayFrame: frame seq=2065 egoSpeed=6.9373956 pts=0 intervention=false warning=false braking=true lifecycle=released_verified_stop range=null bearing=null rss=15.958405
         1788711931.706  4040  4073 I AebsFrameSubscriber: onMessagesAvailable callback
         1788711931.706  4040  4073 I AebsFrameSubscriber: readNextMessages count=1
         1788711931.706  4040  4073 I MainActivity: onGatewayFrame: frame seq=2066 egoSpeed=6.9373956 pts=0 intervention=false warning=false braking=true lifecycle=released_verified_stop range=null bearing=null rss=15.958405
         1788711931.806  4040  4073 I AebsFrameSubscriber: onMessagesAvailable callback
         1788711931.806  4040  4073 I AebsFrameSubscriber: readNextMessages count=1
         1788711931.806  4040  4073 I MainActivity: onGatewayFrame: frame seq=2067 egoSpeed=6.9373956 pts=0 intervention=false warning=false braking=true lifecycle=released_verified_stop range=null bearing=null rss=15.958405
         1788711931.906  4040  4073 I AebsFrameSubscriber: onMessagesAvailable callback
         1788711931.906  4040  4073 I AebsFrameSubscriber: readNextMessages count=1
         1788711931.906  4040  4073 I MainActivity: onGatewayFrame: frame seq=2068 egoSpeed=6.9373956 pts=0 intervention=false warning=false braking=true lifecycle=released_verified_stop range=null bearing=null rss=15.958405
         1788711932.124  4040  4073 I AebsFrameSubscriber: readNextMessages count=2
         1788711932.124  4040  4073 I MainActivity: onGatewayFrame: frame seq=2069 egoSpeed=6.9373956 pts=0 intervention=false warning=false braking=true lifecycle=released_verified_stop range=null bearing=null rss=15.958405
         1788711932.124  4040  4073 I MainActivity: onGatewayFrame: frame seq=2070 egoSpeed=6.9373956 pts=0 intervention=false warning=false braking=true lifecycle=released_verified_stop range=null bearing=null rss=15.958405
         1788711932.124  4040  4073 I AebsFrameSubscriber: onMessagesAvailable callback
         1788711932.125  4040  4073 I AebsFrameSubscriber: onMessagesAvailable callback
         1788711932.206  4040  4073 I AebsFrameSubscriber: onMessagesAvailable callback
         1788711932.206  4040  4073 I AebsFrameSubscriber: readNextMessages count=1
         1788711932.206  4040  4073 I MainActivity: onGatewayFrame: frame seq=2071 egoSpeed=6.9373956 pts=0 intervention=false warning=false braking=true lifecycle=released_verified_stop range=null bearing=null rss=15.958405
         1788711932.306  4040  4073 I AebsFrameSubscriber: onMessagesAvailable callback
         1788711932.306  4040  4073 I AebsFrameSubscriber: readNextMessages count=1
         1788711932.307  4040  4073 I MainActivity: onGatewayFrame: frame seq=2072 egoSpeed=6.9373956 pts=0 intervention=false warning=false braking=true lifecycle=released_verified_stop range=null bearing=null rss=15.958405
         1788711932.406  4040  4073 I AebsFrameSubscriber: onMessagesAvailable callback
         1788711932.406  4040  4073 I AebsFrameSubscriber: readNextMessages count=1
         1788711932.406  4040  4073 I MainActivity: onGatewayFrame: frame seq=2073 egoSpeed=6.9373956 pts=0 intervention=false warning=false braking=true lifecycle=released_verified_stop range=null bearing=null rss=15.958405
         1788711932.506  4040  4073 I AebsFrameSubscriber: onMessagesAvailable callback
         1788711932.506  4040  4073 I AebsFrameSubscriber: readNextMessages count=1
         1788711932.506  4040  4073 I MainActivity: onGatewayFrame: frame seq=2074 egoSpeed=6.9373956 pts=0 intervention=false warning=false braking=true lifecycle=released_verified_stop range=null bearing=null rss=15.958405
         1788711932.606  4040  4073 I AebsFrameSubscriber: onMessagesAvailable callback
         1788711932.606  4040  4073 I AebsFrameSubscriber: readNextMessages count=1
         1788711932.606  4040  4073 I MainActivity: onGatewayFrame: frame seq=2075 egoSpeed=6.9373956 pts=0 intervention=false warning=false braking=true lifecycle=released_verified_stop range=null bearing=null rss=15.958405
         1788711932.706  4040  4073 I AebsFrameSubscriber: onMessagesAvailable callback
         1788711932.706  4040  4073 I AebsFrameSubscriber: readNextMessages count=1
         1788711932.706  4040  4073 I MainActivity: onGatewayFrame: frame seq=2076 egoSpeed=6.9373956 pts=0 intervention=false warning=false braking=true lifecycle=released_verified_stop range=null bearing=null rss=15.958405
         1788711932.806  4040  4073 I AebsFrameSubscriber: onMessagesAvailable callback
         1788711932.806  4040  4073 I AebsFrameSubscriber: readNextMessages count=1
         1788711932.806  4040  4073 I MainActivity: onGatewayFrame: frame seq=2077 egoSpeed=6.9373956 pts=0 intervention=false warning=false braking=true lifecycle=released_verified_stop range=null bearing=null rss=15.958405
         1788711932.906  4040  4073 I AebsFrameSubscriber: onMessagesAvailable callback
         1788711932.906  4040  4073 I AebsFrameSubscriber: readNextMessages count=1
         1788711932.906  4040  4073 I MainActivity: onGatewayFrame: frame seq=2078 egoSpeed=6.9373956 pts=0 intervention=false warning=false braking=true lifecycle=released_verified_stop range=null bearing=null rss=15.958405
         1788711933.006  4040  4073 I AebsFrameSubscriber: onMessagesAvailable callback
         1788711933.006  4040  4073 I AebsFrameSubscriber: readNextMessages count=1
         1788711933.006  4040  4073 I MainActivity: onGatewayFrame: frame seq=2079 egoSpeed=6.9373956 pts=0 intervention=false warning=false braking=true lifecycle=released_verified_stop range=null bearing=null rss=15.958405
         1788711933.106  4040  4073 I AebsFrameSubscriber: onMessagesAvailable callback
         1788711933.106  4040  4073 I AebsFrameSubscriber: readNextMessages count=1
         1788711933.106  4040  4073 I MainActivity: onGatewayFrame: frame seq=2080 egoSpeed=6.9373956 pts=0 intervention=false warning=false braking=true lifecycle=released_verified_stop range=null bearing=null rss=15.958405
         1788711933.206  4040  4073 I AebsFrameSubscriber: onMessagesAvailable callback
         1788711933.206  4040  4073 I AebsFrameSubscriber: readNextMessages count=1
         1788711933.206  4040  4073 I MainActivity: onGatewayFrame: frame seq=2081 egoSpeed=6.9373956 pts=0 intervention=false warning=false braking=true lifecycle=released_verified_stop range=null bearing=null rss=15.958405
         1788711933.306  4040  4073 I AebsFrameSubscriber: onMessagesAvailable callback
         1788711933.306  4040  4073 I AebsFrameSubscriber: readNextMessages count=1
         1788711933.306  4040  4073 I MainActivity: onGatewayFrame: frame seq=2082 egoSpeed=6.9373956 pts=0 intervention=false warning=false braking=true lifecycle=released_verified_stop range=null bearing=null rss=15.958405
         1788711933.406  4040  4073 I AebsFrameSubscriber: onMessagesAvailable callback
         1788711933.406  4040  4073 I AebsFrameSubscriber: readNextMessages count=1
         1788711933.406  4040  4073 I MainActivity: onGatewayFrame: frame seq=2083 egoSpeed=6.9373956 pts=0 intervention=false warning=false braking=true lifecycle=released_verified_stop range=null bearing=null rss=15.958405
         1788711933.506  4040  4073 I AebsFrameSubscriber: onMessagesAvailable callback
         1788711933.506  4040  4073 I AebsFrameSubscriber: readNextMessages count=1
         1788711933.506  4040  4073 I MainActivity: onGatewayFrame: frame seq=2084 egoSpeed=6.9373956 pts=0 intervention=false warning=false braking=true lifecycle=released_verified_stop range=null bearing=null rss=15.958405
         1788711933.606  4040  4073 I AebsFrameSubscriber: onMessagesAvailable callback
         1788711933.606  4040  4073 I AebsFrameSubscriber: readNextMessages count=1
         1788711933.606  4040  4073 I MainActivity: onGatewayFrame: frame seq=2085 egoSpeed=6.9373956 pts=0 intervention=false warning=false braking=true lifecycle=released_verified_stop range=null bearing=null rss=15.958405
         1788711933.706  4040  4073 I AebsFrameSubscriber: onMessagesAvailable callback
         1788711933.706  4040  4073 I AebsFrameSubscriber: readNextMessages count=1
         1788711933.706  4040  4073 I MainActivity: onGatewayFrame: frame seq=2086 egoSpeed=6.9373956 pts=0 intervention=false warning=false braking=true lifecycle=released_verified_stop range=null bearing=null rss=15.958405
         1788711933.806  4040  4073 I AebsFrameSubscriber: onMessagesAvailable callback
         1788711933.806  4040  4073 I AebsFrameSubscriber: readNextMessages count=1
         1788711933.806  4040  4073 I MainActivity: onGatewayFrame: frame seq=2087 egoSpeed=6.9373956 pts=0 intervention=false warning=false braking=true lifecycle=released_verified_stop range=null bearing=null rss=15.958405
         1788711933.906  4040  4073 I AebsFrameSubscriber: onMessagesAvailable callback
         1788711933.906  4040  4073 I AebsFrameSubscriber: readNextMessages count=1
         1788711933.906  4040  4073 I MainActivity: onGatewayFrame: frame seq=2088 egoSpeed=6.9373956 pts=0 intervention=false warning=false braking=true lifecycle=released_verified_stop range=null bearing=null rss=15.958405
         1788711934.006  4040  4073 I AebsFrameSubscriber: onMessagesAvailable callback
         1788711934.006  4040  4073 I AebsFrameSubscriber: readNextMessages count=1
         1788711934.006  4040  4073 I MainActivity: onGatewayFrame: frame seq=2089 egoSpeed=6.9373956 pts=0 intervention=false warning=false braking=true lifecycle=released_verified_stop range=null bearing=null rss=15.958405
         1788711934.106  4040  4073 I AebsFrameSubscriber: onMessagesAvailable callback
         1788711934.106  4040  4073 I AebsFrameSubscriber: readNextMessages count=1
         1788711934.106  4040  4073 I MainActivity: onGatewayFrame: frame seq=2090 egoSpeed=6.9373956 pts=0 intervention=false warning=false braking=true lifecycle=released_verified_stop range=null bearing=null rss=15.958405
         1788711934.206  4040  4073 I AebsFrameSubscriber: onMessagesAvailable callback
         1788711934.206  4040  4073 I AebsFrameSubscriber: readNextMessages count=1
         1788711934.206  4040  4073 I MainActivity: onGatewayFrame: frame seq=2091 egoSpeed=6.9373956 pts=0 intervention=false warning=false braking=true lifecycle=released_verified_stop range=null bearing=null rss=15.958405
         1788711934.306  4040  4073 I AebsFrameSubscriber: onMessagesAvailable callback
         1788711934.306  4040  4073 I AebsFrameSubscriber: readNextMessages count=1
         1788711934.306  4040  4073 I MainActivity: onGatewayFrame: frame seq=2092 egoSpeed=6.9373956 pts=0 intervention=false warning=false braking=true lifecycle=released_verified_stop range=null bearing=null rss=15.958405
         1788711934.406  4040  4073 I AebsFrameSubscriber: onMessagesAvailable callback
         1788711934.406  4040  4073 I AebsFrameSubscriber: readNextMessages count=1
         1788711934.406  4040  4073 I MainActivity: onGatewayFrame: frame seq=2093 egoSpeed=6.9373956 pts=0 intervention=false warning=false braking=true lifecycle=released_verified_stop range=null bearing=null rss=15.958405
         1788711934.506  4040  4073 I AebsFrameSubscriber: onMessagesAvailable callback
         1788711934.506  4040  4073 I AebsFrameSubscriber: readNextMessages count=1
         1788711934.506  4040  4073 I MainActivity: onGatewayFrame: frame seq=2094 egoSpeed=6.9373956 pts=0 intervention=false warning=false braking=true lifecycle=released_verified_stop range=null bearing=null rss=15.958405
         1788711934.606  4040  4073 I AebsFrameSubscriber: onMessagesAvailable callback
         1788711934.606  4040  4073 I AebsFrameSubscriber: readNextMessages count=1
         1788711934.606  4040  4073 I MainActivity: onGatewayFrame: frame seq=2095 egoSpeed=6.9373956 pts=0 intervention=false warning=false braking=true lifecycle=released_verified_stop range=null bearing=null rss=15.958405
         1788711934.706  4040  4073 I AebsFrameSubscriber: onMessagesAvailable callback
         1788711934.706  4040  4073 I AebsFrameSubscriber: readNextMessages count=1
         1788711934.706  4040  4073 I MainActivity: onGatewayFrame: frame seq=2096 egoSpeed=6.9373956 pts=0 intervention=false warning=false braking=true lifecycle=released_verified_stop range=null bearing=null rss=15.958405
         1788711934.806  4040  4073 I AebsFrameSubscriber: onMessagesAvailable callback
         1788711934.806  4040  4073 I AebsFrameSubscriber: readNextMessages count=1
         1788711934.806  4040  4073 I MainActivity: onGatewayFrame: frame seq=2097 egoSpeed=6.9373956 pts=0 intervention=false warning=false braking=true lifecycle=released_verified_stop range=null bearing=null rss=15.958405
         1788711934.906  4040  4073 I AebsFrameSubscriber: onMessagesAvailable callback
         1788711934.906  4040  4073 I AebsFrameSubscriber: readNextMessages count=1
         1788711934.906  4040  4073 I MainActivity: onGatewayFrame: frame seq=2098 egoSpeed=6.9373956 pts=0 intervention=false warning=false braking=true lifecycle=released_verified_stop range=null bearing=null rss=15.958405
         1788711935.006  4040  4073 I AebsFrameSubscriber: onMessagesAvailable callback
         1788711935.006  4040  4073 I AebsFrameSubscriber: readNextMessages count=1
         1788711935.006  4040  4073 I MainActivity: onGatewayFrame: frame seq=2099 egoSpeed=6.9373956 pts=0 intervention=false warning=false braking=true lifecycle=released_verified_stop range=null bearing=null rss=15.958405
         1788711935.106  4040  4073 I AebsFrameSubscriber: onMessagesAvailable callback
         1788711935.106  4040  4073 I AebsFrameSubscriber: readNextMessages count=1
         1788711935.106  4040  4073 I MainActivity: onGatewayFrame: frame seq=2100 egoSpeed=6.9373956 pts=0 intervention=false warning=false braking=true lifecycle=released_verified_stop range=null bearing=null rss=15.958405
         1788711935.206  4040  4073 I AebsFrameSubscriber: onMessagesAvailable callback
         1788711935.206  4040  4073 I AebsFrameSubscriber: readNextMessages count=1
         1788711935.207  4040  4073 I MainActivity: onGatewayFrame: frame seq=2101 egoSpeed=6.9373956 pts=0 intervention=false warning=false braking=true lifecycle=released_verified_stop range=null bearing=null rss=15.958405
         1788711935.306  4040  4073 I AebsFrameSubscriber: onMessagesAvailable callback
         1788711935.306  4040  4073 I AebsFrameSubscriber: readNextMessages count=1
         1788711935.306  4040  4073 I MainActivity: onGatewayFrame: frame seq=2102 egoSpeed=6.9373956 pts=0 intervention=false warning=false braking=true lifecycle=released_verified_stop range=null bearing=null rss=15.958405
         1788711935.406  4040  4073 I AebsFrameSubscriber: onMessagesAvailable callback
         1788711935.406  4040  4073 I AebsFrameSubscriber: readNextMessages count=1
         1788711935.406  4040  4073 I MainActivity: onGatewayFrame: frame seq=2103 egoSpeed=6.9373956 pts=0 intervention=false warning=false braking=true lifecycle=released_verified_stop range=null bearing=null rss=15.958405
         1788711935.506  4040  4073 I AebsFrameSubscriber: onMessagesAvailable callback
         1788711935.506  4040  4073 I AebsFrameSubscriber: readNextMessages count=1
         1788711935.507  4040  4073 I MainActivity: onGatewayFrame: frame seq=2104 egoSpeed=6.9373956 pts=0 intervention=false warning=false braking=true lifecycle=released_verified_stop range=null bearing=null rss=15.958405
         1788711935.606  4040  4073 I AebsFrameSubscriber: onMessagesAvailable callback
         1788711935.607  4040  4073 I AebsFrameSubscriber: readNextMessages count=1
         1788711935.607  4040  4073 I MainActivity: onGatewayFrame: frame seq=2105 egoSpeed=6.9373956 pts=0 intervention=false warning=false braking=true lifecycle=released_verified_stop range=null bearing=null rss=15.958405
         1788711935.706  4040  4073 I AebsFrameSubscriber: onMessagesAvailable callback
         1788711935.706  4040  4073 I AebsFrameSubscriber: readNextMessages count=1
         1788711935.706  4040  4073 I MainActivity: onGatewayFrame: frame seq=2106 egoSpeed=6.9373956 pts=0 intervention=false warning=false braking=true lifecycle=released_verified_stop range=null bearing=null rss=15.958405
         1788711935.806  4040  4073 I AebsFrameSubscriber: onMessagesAvailable callback
         1788711935.806  4040  4073 I AebsFrameSubscriber: readNextMessages count=1
         1788711935.806  4040  4073 I MainActivity: onGatewayFrame: frame seq=2107 egoSpeed=6.9373956 pts=0 intervention=false warning=false braking=true lifecycle=released_verified_stop range=null bearing=null rss=15.958405
         1788711935.906  4040  4073 I AebsFrameSubscriber: onMessagesAvailable callback
         1788711935.906  4040  4073 I AebsFrameSubscriber: readNextMessages count=1
         1788711935.906  4040  4073 I MainActivity: onGatewayFrame: frame seq=2108 egoSpeed=6.9373956 pts=0 intervention=false warning=false braking=true lifecycle=released_verified_stop range=null bearing=null rss=15.958405
         1788711936.006  4040  4073 I AebsFrameSubscriber: onMessagesAvailable callback
         1788711936.006  4040  4073 I AebsFrameSubscriber: readNextMessages count=1
         1788711936.006  4040  4073 I MainActivity: onGatewayFrame: frame seq=2109 egoSpeed=6.9373956 pts=0 intervention=false warning=false braking=true lifecycle=released_verified_stop range=null bearing=null rss=15.958405
         1788711936.226  4040  4073 I AebsFrameSubscriber: readNextMessages count=2
         1788711936.226  4040  4073 I MainActivity: onGatewayFrame: frame seq=2110 egoSpeed=6.9373956 pts=0 intervention=false warning=false braking=true lifecycle=released_verified_stop range=null bearing=null rss=15.958405
         1788711936.226  4040  4073 I MainActivity: onGatewayFrame: frame seq=2111 egoSpeed=6.9373956 pts=0 intervention=false warning=false braking=true lifecycle=released_verified_stop range=null bearing=null rss=15.958405
         1788711936.227  4040  4073 I AebsFrameSubscriber: onMessagesAvailable callback
         1788711936.227  4040  4073 I AebsFrameSubscriber: onMessagesAvailable callback
         1788711936.306  4040  4073 I AebsFrameSubscriber: onMessagesAvailable callback
         1788711936.306  4040  4073 I AebsFrameSubscriber: readNextMessages count=1
         1788711936.306  4040  4073 I MainActivity: onGatewayFrame: frame seq=2112 egoSpeed=6.9373956 pts=0 intervention=false warning=false braking=true lifecycle=released_verified_stop range=null bearing=null rss=15.958405
         1788711936.406  4040  4073 I AebsFrameSubscriber: onMessagesAvailable callback
         1788711936.406  4040  4073 I AebsFrameSubscriber: readNextMessages count=1
         1788711936.406  4040  4073 I MainActivity: onGatewayFrame: frame seq=2113 egoSpeed=6.9373956 pts=0 intervention=false warning=false braking=true lifecycle=released_verified_stop range=null bearing=null rss=15.958405
         1788711936.506  4040  4073 I AebsFrameSubscriber: onMessagesAvailable callback
         1788711936.506  4040  4073 I AebsFrameSubscriber: readNextMessages count=1
         1788711936.506  4040  4073 I MainActivity: onGatewayFrame: frame seq=2114 egoSpeed=6.9373956 pts=0 intervention=false warning=false braking=true lifecycle=released_verified_stop range=null bearing=null rss=15.958405
         1788711936.606  4040  4073 I AebsFrameSubscriber: onMessagesAvailable callback
         1788711936.606  4040  4073 I AebsFrameSubscriber: readNextMessages count=1
         1788711936.606  4040  4073 I MainActivity: onGatewayFrame: frame seq=2115 egoSpeed=6.9373956 pts=0 intervention=false warning=false braking=true lifecycle=released_verified_stop range=null bearing=null rss=15.958405
         1788711936.706  4040  4073 I AebsFrameSubscriber: onMessagesAvailable callback
         1788711936.706  4040  4073 I AebsFrameSubscriber: readNextMessages count=1
         1788711936.707  4040  4073 I MainActivity: onGatewayFrame: frame seq=2116 egoSpeed=6.9373956 pts=0 intervention=false warning=false braking=true lifecycle=released_verified_stop range=null bearing=null rss=15.958405
         1788711936.806  4040  4073 I AebsFrameSubscriber: onMessagesAvailable callback
         1788711936.806  4040  4073 I AebsFrameSubscriber: readNextMessages count=1
         1788711936.806  4040  4073 I MainActivity: onGatewayFrame: frame seq=2117 egoSpeed=6.9373956 pts=0 intervention=false warning=false braking=true lifecycle=released_verified_stop range=null bearing=null rss=15.958405
         1788711936.906  4040  4073 I AebsFrameSubscriber: onMessagesAvailable callback
         1788711936.906  4040  4073 I AebsFrameSubscriber: readNextMessages count=1
         1788711936.906  4040  4073 I MainActivity: onGatewayFrame: frame seq=2118 egoSpeed=6.9373956 pts=0 intervention=false warning=false braking=true lifecycle=released_verified_stop range=null bearing=null rss=15.958405
         1788711937.006  4040  4073 I AebsFrameSubscriber: onMessagesAvailable callback
         1788711937.006  4040  4073 I AebsFrameSubscriber: readNextMessages count=1
         1788711937.006  4040  4073 I MainActivity: onGatewayFrame: frame seq=2119 egoSpeed=6.9373956 pts=0 intervention=false warning=false braking=true lifecycle=released_verified_stop range=null bearing=null rss=15.958405
         1788711937.106  4040  4073 I AebsFrameSubscriber: onMessagesAvailable callback
         1788711937.106  4040  4073 I AebsFrameSubscriber: readNextMessages count=1
         1788711937.106  4040  4073 I MainActivity: onGatewayFrame: frame seq=2120 egoSpeed=6.9373956 pts=0 intervention=false warning=false braking=true lifecycle=released_verified_stop range=null bearing=null rss=15.958405
         1788711937.206  4040  4073 I AebsFrameSubscriber: onMessagesAvailable callback
         1788711937.206  4040  4073 I AebsFrameSubscriber: readNextMessages count=1
         1788711937.206  4040  4073 I MainActivity: onGatewayFrame: frame seq=2121 egoSpeed=6.9373956 pts=0 intervention=false warning=false braking=true lifecycle=released_verified_stop range=null bearing=null rss=15.958405
         1788711937.306  4040  4073 I AebsFrameSubscriber: onMessagesAvailable callback
         1788711937.306  4040  4073 I AebsFrameSubscriber: readNextMessages count=1
         1788711937.306  4040  4073 I MainActivity: onGatewayFrame: frame seq=2122 egoSpeed=6.9373956 pts=0 intervention=false warning=false braking=true lifecycle=released_verified_stop range=null bearing=null rss=15.958405
         1788711937.406  4040  4073 I AebsFrameSubscriber: onMessagesAvailable callback
         1788711937.406  4040  4073 I AebsFrameSubscriber: readNextMessages count=1
         1788711937.406  4040  4073 I MainActivity: onGatewayFrame: frame seq=2123 egoSpeed=6.9373956 pts=0 intervention=false warning=false braking=true lifecycle=released_verified_stop range=null bearing=null rss=15.958405
         1788711937.506  4040  4073 I AebsFrameSubscriber: onMessagesAvailable callback
         1788711937.506  4040  4073 I AebsFrameSubscriber: readNextMessages count=1
         1788711937.506  4040  4073 I MainActivity: onGatewayFrame: frame seq=2124 egoSpeed=6.9373956 pts=0 intervention=false warning=false braking=true lifecycle=released_verified_stop range=null bearing=null rss=15.958405
         1788711937.605  4040  4073 I AebsFrameSubscriber: onMessagesAvailable callback
         1788711937.606  4040  4073 I AebsFrameSubscriber: readNextMessages count=1
         1788711937.606  4040  4073 I MainActivity: onGatewayFrame: frame seq=2125 egoSpeed=6.9373956 pts=0 intervention=false warning=false braking=true lifecycle=released_verified_stop range=null bearing=null rss=15.958405
         1788711937.705  4040  4073 I AebsFrameSubscriber: onMessagesAvailable callback
         1788711937.706  4040  4073 I AebsFrameSubscriber: readNextMessages count=1
         1788711937.706  4040  4073 I MainActivity: onGatewayFrame: frame seq=2126 egoSpeed=6.9373956 pts=0 intervention=false warning=false braking=true lifecycle=released_verified_stop range=null bearing=null rss=15.958405
         1788711937.806  4040  4073 I AebsFrameSubscriber: onMessagesAvailable callback
         1788711937.806  4040  4073 I AebsFrameSubscriber: readNextMessages count=1
         1788711937.807  4040  4073 I MainActivity: onGatewayFrame: frame seq=2127 egoSpeed=6.9373956 pts=0 intervention=false warning=false braking=true lifecycle=released_verified_stop range=null bearing=null rss=15.958405
         1788711937.906  4040  4073 I AebsFrameSubscriber: onMessagesAvailable callback
         1788711937.906  4040  4073 I AebsFrameSubscriber: readNextMessages count=1
         1788711937.906  4040  4073 I MainActivity: onGatewayFrame: frame seq=2128 egoSpeed=6.9373956 pts=0 intervention=false warning=false braking=true lifecycle=released_verified_stop range=null bearing=null rss=15.958405
         1788711938.006  4040  4073 I AebsFrameSubscriber: onMessagesAvailable callback
         1788711938.006  4040  4073 I AebsFrameSubscriber: readNextMessages count=1
         1788711938.006  4040  4073 I MainActivity: onGatewayFrame: frame seq=2129 egoSpeed=6.9373956 pts=0 intervention=false warning=false braking=true lifecycle=released_verified_stop range=null bearing=null rss=15.958405
         1788711938.106  4040  4073 I AebsFrameSubscriber: onMessagesAvailable callback
         1788711938.106  4040  4073 I AebsFrameSubscriber: readNextMessages count=1
         1788711938.106  4040  4073 I MainActivity: onGatewayFrame: frame seq=2130 egoSpeed=6.9373956 pts=0 intervention=false warning=false braking=true lifecycle=released_verified_stop range=null bearing=null rss=15.958405
         1788711938.206  4040  4073 I AebsFrameSubscriber: onMessagesAvailable callback
         1788711938.206  4040  4073 I AebsFrameSubscriber: readNextMessages count=1
         1788711938.206  4040  4073 I MainActivity: onGatewayFrame: frame seq=2131 egoSpeed=6.9373956 pts=0 intervention=false warning=false braking=true lifecycle=released_verified_stop range=null bearing=null rss=15.958405
         1788711938.306  4040  4073 I AebsFrameSubscriber: onMessagesAvailable callback
         1788711938.306  4040  4073 I AebsFrameSubscriber: readNextMessages count=1
         1788711938.306  4040  4073 I MainActivity: onGatewayFrame: frame seq=2132 egoSpeed=6.9373956 pts=0 intervention=false warning=false braking=true lifecycle=released_verified_stop range=null bearing=null rss=15.958405
         1788711938.406  4040  4073 I AebsFrameSubscriber: onMessagesAvailable callback
         1788711938.406  4040  4073 I AebsFrameSubscriber: readNextMessages count=1
         1788711938.406  4040  4073 I MainActivity: onGatewayFrame: frame seq=2133 egoSpeed=6.9373956 pts=0 intervention=false warning=false braking=true lifecycle=released_verified_stop range=null bearing=null rss=15.958405
         1788711938.505  4040  4073 I AebsFrameSubscriber: onMessagesAvailable callback
         1788711938.506  4040  4073 I AebsFrameSubscriber: readNextMessages count=1
         1788711938.506  4040  4073 I MainActivity: onGatewayFrame: frame seq=2134 egoSpeed=6.9373956 pts=0 intervention=false warning=false braking=true lifecycle=released_verified_stop range=null bearing=null rss=15.958405
         1788711938.605  4040  4073 I AebsFrameSubscriber: onMessagesAvailable callback
         1788711938.606  4040  4073 I AebsFrameSubscriber: readNextMessages count=1
         1788711938.606  4040  4073 I MainActivity: onGatewayFrame: frame seq=2135 egoSpeed=6.9373956 pts=0 intervention=false warning=false braking=true lifecycle=released_verified_stop range=null bearing=null rss=15.958405
         1788711938.705  4040  4073 I AebsFrameSubscriber: onMessagesAvailable callback
         1788711938.706  4040  4073 I AebsFrameSubscriber: readNextMessages count=1
         1788711938.706  4040  4073 I MainActivity: onGatewayFrame: frame seq=2136 egoSpeed=6.9373956 pts=0 intervention=false warning=false braking=true lifecycle=released_verified_stop range=null bearing=null rss=15.958405
         1788711938.805  4040  4073 I AebsFrameSubscriber: onMessagesAvailable callback
         1788711938.806  4040  4073 I AebsFrameSubscriber: readNextMessages count=1
         1788711938.806  4040  4073 I MainActivity: onGatewayFrame: frame seq=2137 egoSpeed=6.9373956 pts=0 intervention=false warning=false braking=true lifecycle=released_verified_stop range=null bearing=null rss=15.958405
         1788711938.905  4040  4073 I AebsFrameSubscriber: onMessagesAvailable callback
         1788711938.906  4040  4073 I AebsFrameSubscriber: readNextMessages count=1
         1788711938.906  4040  4073 I MainActivity: onGatewayFrame: frame seq=2138 egoSpeed=6.9373956 pts=0 intervention=false warning=false braking=true lifecycle=released_verified_stop range=null bearing=null rss=15.958405
         1788711939.005  4040  4073 I AebsFrameSubscriber: onMessagesAvailable callback
         1788711939.006  4040  4073 I AebsFrameSubscriber: readNextMessages count=1
         1788711939.006  4040  4073 I MainActivity: onGatewayFrame: frame seq=2139 egoSpeed=6.9373956 pts=0 intervention=false warning=false braking=true lifecycle=released_verified_stop range=null bearing=null rss=15.958405
         1788711939.106  4040  4073 I AebsFrameSubscriber: onMessagesAvailable callback
         1788711939.106  4040  4073 I AebsFrameSubscriber: readNextMessages count=1
         1788711939.106  4040  4073 I MainActivity: onGatewayFrame: frame seq=2140 egoSpeed=6.9373956 pts=0 intervention=false warning=false braking=true lifecycle=released_verified_stop range=null bearing=null rss=15.958405
         1788711939.205  4040  4073 I AebsFrameSubscriber: onMessagesAvailable callback
         1788711939.206  4040  4073 I AebsFrameSubscriber: readNextMessages count=1
         1788711939.206  4040  4073 I MainActivity: onGatewayFrame: frame seq=2141 egoSpeed=6.9373956 pts=0 intervention=false warning=false braking=true lifecycle=released_verified_stop range=null bearing=null rss=15.958405
         1788711939.306  4040  4073 I AebsFrameSubscriber: onMessagesAvailable callback
         1788711939.306  4040  4073 I AebsFrameSubscriber: readNextMessages count=1
         1788711939.306  4040  4073 I MainActivity: onGatewayFrame: frame seq=2142 egoSpeed=6.9373956 pts=0 intervention=false warning=false braking=true lifecycle=released_verified_stop range=null bearing=null rss=15.958405
         1788711939.405  4040  4073 I AebsFrameSubscriber: onMessagesAvailable callback
         1788711939.406  4040  4073 I AebsFrameSubscriber: readNextMessages count=1
         1788711939.406  4040  4073 I MainActivity: onGatewayFrame: frame seq=2143 egoSpeed=6.9373956 pts=0 intervention=false warning=false braking=true lifecycle=released_verified_stop range=null bearing=null rss=15.958405
         1788711939.505  4040  4073 I AebsFrameSubscriber: onMessagesAvailable callback
         1788711939.506  4040  4073 I AebsFrameSubscriber: readNextMessages count=1
         1788711939.506  4040  4073 I MainActivity: onGatewayFrame: frame seq=2144 egoSpeed=6.9373956 pts=0 intervention=false warning=false braking=true lifecycle=released_verified_stop range=null bearing=null rss=15.958405
         1788711939.605  4040  4073 I AebsFrameSubscriber: onMessagesAvailable callback
         1788711939.606  4040  4073 I AebsFrameSubscriber: readNextMessages count=1
         1788711939.606  4040  4073 I MainActivity: onGatewayFrame: frame seq=2145 egoSpeed=6.9373956 pts=0 intervention=false warning=false braking=true lifecycle=released_verified_stop range=null bearing=null rss=15.958405
         1788711939.706  4040  4073 I AebsFrameSubscriber: onMessagesAvailable callback
         1788711939.706  4040  4073 I AebsFrameSubscriber: readNextMessages count=1
         1788711939.706  4040  4073 I MainActivity: onGatewayFrame: frame seq=2146 egoSpeed=6.9373956 pts=0 intervention=false warning=false braking=true lifecycle=released_verified_stop range=null bearing=null rss=15.958405
         1788711939.805  4040  4073 I AebsFrameSubscriber: onMessagesAvailable callback
         1788711939.806  4040  4073 I AebsFrameSubscriber: readNextMessages count=1
         1788711939.806  4040  4073 I MainActivity: onGatewayFrame: frame seq=2147 egoSpeed=6.9373956 pts=0 intervention=false warning=false braking=true lifecycle=released_verified_stop range=null bearing=null rss=15.958405
         1788711939.919  4040  4073 I AebsFrameSubscriber: onMessagesAvailable callback
         1788711939.919  4040  4073 I AebsFrameSubscriber: readNextMessages count=1
         1788711939.919  4040  4073 I MainActivity: onGatewayFrame: frame seq=2148 egoSpeed=6.9373956 pts=0 intervention=false warning=false braking=true lifecycle=released_verified_stop range=null bearing=null rss=15.958405
         1788711940.065  4040  4073 I AebsFrameSubscriber: readNextMessages count=1
         1788711940.065  4040  4073 I MainActivity: onGatewayFrame: frame seq=2149 egoSpeed=6.9373956 pts=0 intervention=false warning=false braking=true lifecycle=released_verified_stop range=null bearing=null rss=15.958405
         1788711940.065  4040  4073 I AebsFrameSubscriber: onMessagesAvailable callback
         1788711940.106  4040  4073 I AebsFrameSubscriber: onMessagesAvailable callback
         1788711940.106  4040  4073 I AebsFrameSubscriber: readNextMessages count=1
         1788711940.106  4040  4073 I MainActivity: onGatewayFrame: frame seq=2150 egoSpeed=6.9373956 pts=0 intervention=false warning=false braking=true lifecycle=released_verified_stop range=null bearing=null rss=15.958405
         1788711940.205  4040  4073 I AebsFrameSubscriber: onMessagesAvailable callback
         1788711940.206  4040  4073 I AebsFrameSubscriber: readNextMessages count=1
         1788711940.206  4040  4073 I MainActivity: onGatewayFrame: frame seq=2151 egoSpeed=6.9373956 pts=0 intervention=false warning=false braking=true lifecycle=released_verified_stop range=null bearing=null rss=15.958405
         1788711940.305  4040  4073 I AebsFrameSubscriber: onMessagesAvailable callback
         1788711940.306  4040  4073 I AebsFrameSubscriber: readNextMessages count=1
         1788711940.306  4040  4073 I MainActivity: onGatewayFrame: frame seq=2152 egoSpeed=6.9373956 pts=0 intervention=false warning=false braking=true lifecycle=released_verified_stop range=null bearing=null rss=15.958405
         1788711940.405  4040  4073 I AebsFrameSubscriber: onMessagesAvailable callback
         1788711940.406  4040  4073 I AebsFrameSubscriber: readNextMessages count=1
         1788711940.406  4040  4073 I MainActivity: onGatewayFrame: frame seq=2153 egoSpeed=6.9373956 pts=0 intervention=false warning=false braking=true lifecycle=released_verified_stop range=null bearing=null rss=15.958405
         1788711940.506  4040  4073 I AebsFrameSubscriber: onMessagesAvailable callback
         1788711940.506  4040  4073 I AebsFrameSubscriber: readNextMessages count=1
         1788711940.506  4040  4073 I MainActivity: onGatewayFrame: frame seq=2154 egoSpeed=6.9373956 pts=0 intervention=false warning=false braking=true lifecycle=released_verified_stop range=null bearing=null rss=15.958405
         1788711940.606  4040  4073 I AebsFrameSubscriber: onMessagesAvailable callback
         1788711940.606  4040  4073 I AebsFrameSubscriber: readNextMessages count=1
         1788711940.606  4040  4073 I MainActivity: onGatewayFrame: frame seq=2155 egoSpeed=6.9373956 pts=0 intervention=false warning=false braking=true lifecycle=released_verified_stop range=null bearing=null rss=15.958405
         1788711940.705  4040  4073 I AebsFrameSubscriber: onMessagesAvailable callback
         1788711940.706  4040  4073 I AebsFrameSubscriber: readNextMessages count=1
         1788711940.706  4040  4073 I MainActivity: onGatewayFrame: frame seq=2156 egoSpeed=6.9373956 pts=0 intervention=false warning=false braking=true lifecycle=released_verified_stop range=null bearing=null rss=15.958405
         1788711940.805  4040  4073 I AebsFrameSubscriber: onMessagesAvailable callback
         1788711940.806  4040  4073 I AebsFrameSubscriber: readNextMessages count=1
         1788711940.806  4040  4073 I MainActivity: onGatewayFrame: frame seq=2157 egoSpeed=6.9373956 pts=0 intervention=false warning=false braking=true lifecycle=released_verified_stop range=null bearing=null rss=15.958405
         1788711940.906  4040  4073 I AebsFrameSubscriber: onMessagesAvailable callback
         1788711940.906  4040  4073 I AebsFrameSubscriber: readNextMessages count=1
         1788711940.906  4040  4073 I MainActivity: onGatewayFrame: frame seq=2158 egoSpeed=6.9373956 pts=0 intervention=false warning=false braking=true lifecycle=released_verified_stop range=null bearing=null rss=15.958405
         1788711941.005  4040  4073 I AebsFrameSubscriber: onMessagesAvailable callback
         1788711941.006  4040  4073 I AebsFrameSubscriber: readNextMessages count=1
         1788711941.006  4040  4073 I MainActivity: onGatewayFrame: frame seq=2159 egoSpeed=6.9373956 pts=0 intervention=false warning=false braking=true lifecycle=released_verified_stop range=null bearing=null rss=15.958405
         1788711941.105  4040  4073 I AebsFrameSubscriber: onMessagesAvailable callback
         1788711941.106  4040  4073 I AebsFrameSubscriber: readNextMessages count=1
         1788711941.106  4040  4073 I MainActivity: onGatewayFrame: frame seq=2160 egoSpeed=6.9373956 pts=0 intervention=false warning=false braking=true lifecycle=released_verified_stop range=null bearing=null rss=15.958405
         1788711941.205  4040  4073 I AebsFrameSubscriber: onMessagesAvailable callback
         1788711941.206  4040  4073 I AebsFrameSubscriber: readNextMessages count=1
         1788711941.206  4040  4073 I MainActivity: onGatewayFrame: frame seq=2161 egoSpeed=6.9373956 pts=0 intervention=false warning=false braking=true lifecycle=released_verified_stop range=null bearing=null rss=15.958405
         1788711941.305  4040  4073 I AebsFrameSubscriber: onMessagesAvailable callback
         1788711941.306  4040  4073 I AebsFrameSubscriber: readNextMessages count=1
         1788711941.306  4040  4073 I MainActivity: onGatewayFrame: frame seq=2162 egoSpeed=6.9373956 pts=0 intervention=false warning=false braking=true lifecycle=released_verified_stop range=null bearing=null rss=15.958405
         1788711941.405  4040  4073 I AebsFrameSubscriber: onMessagesAvailable callback
         1788711941.406  4040  4073 I AebsFrameSubscriber: readNextMessages count=1
         1788711941.406  4040  4073 I MainActivity: onGatewayFrame: frame seq=2163 egoSpeed=6.9373956 pts=0 intervention=false warning=false braking=true lifecycle=released_verified_stop range=null bearing=null rss=15.958405
         1788711941.505  4040  4073 I AebsFrameSubscriber: onMessagesAvailable callback
         1788711941.506  4040  4073 I AebsFrameSubscriber: readNextMessages count=1
         1788711941.506  4040  4073 I MainActivity: onGatewayFrame: frame seq=2164 egoSpeed=6.9373956 pts=0 intervention=false warning=false braking=true lifecycle=released_verified_stop range=null bearing=null rss=15.958405
         1788711941.605  4040  4073 I AebsFrameSubscriber: onMessagesAvailable callback
         1788711941.606  4040  4073 I AebsFrameSubscriber: readNextMessages count=1
         1788711941.606  4040  4073 I MainActivity: onGatewayFrame: frame seq=2165 egoSpeed=6.9373956 pts=0 intervention=false warning=false braking=true lifecycle=released_verified_stop range=null bearing=null rss=15.958405
         1788711941.705  4040  4073 I AebsFrameSubscriber: onMessagesAvailable callback
         1788711941.706  4040  4073 I AebsFrameSubscriber: readNextMessages count=1
         1788711941.706  4040  4073 I MainActivity: onGatewayFrame: frame seq=2166 egoSpeed=6.9373956 pts=0 intervention=false warning=false braking=true lifecycle=released_verified_stop range=null bearing=null rss=15.958405
         1788711941.806  4040  4073 I AebsFrameSubscriber: onMessagesAvailable callback
         1788711941.806  4040  4073 I AebsFrameSubscriber: readNextMessages count=1
         1788711941.806  4040  4073 I MainActivity: onGatewayFrame: frame seq=2167 egoSpeed=6.9373956 pts=0 intervention=false warning=false braking=true lifecycle=released_verified_stop range=null bearing=null rss=15.958405
         1788711941.906  4040  4073 I AebsFrameSubscriber: onMessagesAvailable callback
         1788711941.906  4040  4073 I AebsFrameSubscriber: readNextMessages count=1
         1788711941.906  4040  4073 I MainActivity: onGatewayFrame: frame seq=2168 egoSpeed=6.9373956 pts=0 intervention=false warning=false braking=true lifecycle=released_verified_stop range=null bearing=null rss=15.958405
         1788711942.005  4040  4073 I AebsFrameSubscriber: onMessagesAvailable callback
         1788711942.006  4040  4073 I AebsFrameSubscriber: readNextMessages count=1
         1788711942.006  4040  4073 I MainActivity: onGatewayFrame: frame seq=2169 egoSpeed=6.9373956 pts=0 intervention=false warning=false braking=true lifecycle=released_verified_stop range=null bearing=null rss=15.958405
         1788711942.105  4040  4073 I AebsFrameSubscriber: onMessagesAvailable callback
         1788711942.106  4040  4073 I AebsFrameSubscriber: readNextMessages count=1
         1788711942.106  4040  4073 I MainActivity: onGatewayFrame: frame seq=2170 egoSpeed=6.9373956 pts=0 intervention=false warning=false braking=true lifecycle=released_verified_stop range=null bearing=null rss=15.958405
         1788711942.205  4040  4073 I AebsFrameSubscriber: onMessagesAvailable callback
         1788711942.206  4040  4073 I AebsFrameSubscriber: readNextMessages count=1
         1788711942.206  4040  4073 I MainActivity: onGatewayFrame: frame seq=2171 egoSpeed=6.9373956 pts=0 intervention=false warning=false braking=true lifecycle=released_verified_stop range=null bearing=null rss=15.958405
         1788711942.305  4040  4073 I AebsFrameSubscriber: onMessagesAvailable callback
         1788711942.306  4040  4073 I AebsFrameSubscriber: readNextMessages count=1
         1788711942.306  4040  4073 I MainActivity: onGatewayFrame: frame seq=2172 egoSpeed=6.9373956 pts=0 intervention=false warning=false braking=true lifecycle=released_verified_stop range=null bearing=null rss=15.958405
         1788711942.405  4040  4073 I AebsFrameSubscriber: onMessagesAvailable callback
         1788711942.406  4040  4073 I AebsFrameSubscriber: readNextMessages count=1
         1788711942.406  4040  4073 I MainActivity: onGatewayFrame: frame seq=2173 egoSpeed=6.9373956 pts=0 intervention=false warning=false braking=true lifecycle=released_verified_stop range=null bearing=null rss=15.958405
         1788711942.506  4040  4073 I AebsFrameSubscriber: onMessagesAvailable callback
         1788711942.506  4040  4073 I AebsFrameSubscriber: readNextMessages count=1
         1788711942.506  4040  4073 I MainActivity: onGatewayFrame: frame seq=2174 egoSpeed=6.9373956 pts=0 intervention=false warning=false braking=true lifecycle=released_verified_stop range=null bearing=null rss=15.958405
         1788711942.605  4040  4073 I AebsFrameSubscriber: onMessagesAvailable callback
         1788711942.605  4040  4073 I AebsFrameSubscriber: readNextMessages count=1
         1788711942.606  4040  4073 I MainActivity: onGatewayFrame: frame seq=2175 egoSpeed=6.9373956 pts=0 intervention=false warning=false braking=true lifecycle=released_verified_stop range=null bearing=null rss=15.958405
         1788711942.706  4040  4073 I AebsFrameSubscriber: onMessagesAvailable callback
         1788711942.706  4040  4073 I AebsFrameSubscriber: readNextMessages count=1
         1788711942.706  4040  4073 I MainActivity: onGatewayFrame: frame seq=2176 egoSpeed=6.9373956 pts=0 intervention=false warning=false braking=true lifecycle=released_verified_stop range=null bearing=null rss=15.958405
         1788711942.805  4040  4073 I AebsFrameSubscriber: onMessagesAvailable callback
         1788711942.805  4040  4073 I AebsFrameSubscriber: readNextMessages count=1
         1788711942.806  4040  4073 I MainActivity: onGatewayFrame: frame seq=2177 egoSpeed=6.9373956 pts=0 intervention=false warning=false braking=true lifecycle=released_verified_stop range=null bearing=null rss=15.958405
         1788711942.906  4040  4073 I AebsFrameSubscriber: onMessagesAvailable callback
         1788711942.906  4040  4073 I AebsFrameSubscriber: readNextMessages count=1
         1788711942.906  4040  4073 I MainActivity: onGatewayFrame: frame seq=2178 egoSpeed=6.9373956 pts=0 intervention=false warning=false braking=true lifecycle=released_verified_stop range=null bearing=null rss=15.958405
         1788711943.008  4040  4073 I AebsFrameSubscriber: onMessagesAvailable callback
         1788711943.008  4040  4073 I AebsFrameSubscriber: readNextMessages count=1
         1788711943.008  4040  4073 I MainActivity: onGatewayFrame: frame seq=2179 egoSpeed=6.9373956 pts=0 intervention=false warning=false braking=true lifecycle=released_verified_stop range=null bearing=null rss=15.958405
         1788711943.105  4040  4073 I AebsFrameSubscriber: onMessagesAvailable callback
         1788711943.106  4040  4073 I AebsFrameSubscriber: readNextMessages count=1
         1788711943.106  4040  4073 I MainActivity: onGatewayFrame: frame seq=2180 egoSpeed=6.9373956 pts=0 intervention=false warning=false braking=true lifecycle=released_verified_stop range=null bearing=null rss=15.958405
         1788711943.205  4040  4073 I AebsFrameSubscriber: onMessagesAvailable callback
         1788711943.205  4040  4073 I AebsFrameSubscriber: readNextMessages count=1
         1788711943.205  4040  4073 I MainActivity: onGatewayFrame: frame seq=2181 egoSpeed=6.9373956 pts=0 intervention=false warning=false braking=true lifecycle=released_verified_stop range=null bearing=null rss=15.958405
         1788711943.305  4040  4073 I AebsFrameSubscriber: onMessagesAvailable callback
         1788711943.306  4040  4073 I AebsFrameSubscriber: readNextMessages count=1
         1788711943.306  4040  4073 I MainActivity: onGatewayFrame: frame seq=2182 egoSpeed=6.9373956 pts=0 intervention=false warning=false braking=true lifecycle=released_verified_stop range=null bearing=null rss=15.958405
         1788711943.405  4040  4073 I AebsFrameSubscriber: onMessagesAvailable callback
         1788711943.405  4040  4073 I AebsFrameSubscriber: readNextMessages count=1
         1788711943.406  4040  4073 I MainActivity: onGatewayFrame: frame seq=2183 egoSpeed=6.9373956 pts=0 intervention=false warning=false braking=true lifecycle=released_verified_stop range=null bearing=null rss=15.958405
         1788711943.506  4040  4073 I AebsFrameSubscriber: onMessagesAvailable callback
         1788711943.506  4040  4073 I AebsFrameSubscriber: readNextMessages count=1
         1788711943.507  4040  4073 I MainActivity: onGatewayFrame: frame seq=2184 egoSpeed=6.9373956 pts=0 intervention=false warning=false braking=true lifecycle=released_verified_stop range=null bearing=null rss=15.958405
         1788711943.605  4040  4073 I AebsFrameSubscriber: onMessagesAvailable callback
         1788711943.606  4040  4073 I AebsFrameSubscriber: readNextMessages count=1
         1788711943.606  4040  4073 I MainActivity: onGatewayFrame: frame seq=2185 egoSpeed=6.9373956 pts=0 intervention=false warning=false braking=true lifecycle=released_verified_stop range=null bearing=null rss=15.958405
         1788711943.706  4040  4073 I AebsFrameSubscriber: onMessagesAvailable callback
         1788711943.706  4040  4073 I AebsFrameSubscriber: readNextMessages count=1
         1788711943.707  4040  4073 I MainActivity: onGatewayFrame: frame seq=2186 egoSpeed=6.9373956 pts=0 intervention=false warning=false braking=true lifecycle=released_verified_stop range=null bearing=null rss=15.958405
         1788711943.922  4040  4073 I AebsFrameSubscriber: readNextMessages count=2
         1788711943.922  4040  4073 I MainActivity: onGatewayFrame: frame seq=2187 egoSpeed=6.9373956 pts=0 intervention=false warning=false braking=true lifecycle=released_verified_stop range=null bearing=null rss=15.958405
         1788711943.922  4040  4073 I MainActivity: onGatewayFrame: frame seq=2188 egoSpeed=6.9373956 pts=0 intervention=false warning=false braking=true lifecycle=released_verified_stop range=null bearing=null rss=15.958405
         1788711943.922  4040  4073 I AebsFrameSubscriber: onMessagesAvailable callback
         1788711943.922  4040  4073 I AebsFrameSubscriber: onMessagesAvailable callback
         1788711944.005  4040  4073 I AebsFrameSubscriber: onMessagesAvailable callback
         1788711944.006  4040  4073 I AebsFrameSubscriber: readNextMessages count=1
         1788711944.006  4040  4073 I MainActivity: onGatewayFrame: frame seq=2189 egoSpeed=6.9373956 pts=0 intervention=false warning=false braking=true lifecycle=released_verified_stop range=null bearing=null rss=15.958405
         1788711944.106  4040  4073 I AebsFrameSubscriber: onMessagesAvailable callback
         1788711944.106  4040  4073 I AebsFrameSubscriber: readNextMessages count=1
         1788711944.107  4040  4073 I MainActivity: onGatewayFrame: frame seq=2190 egoSpeed=6.9373956 pts=0 intervention=false warning=false braking=true lifecycle=released_verified_stop range=null bearing=null rss=15.958405
         1788711944.206  4040  4073 I AebsFrameSubscriber: onMessagesAvailable callback
         1788711944.206  4040  4073 I AebsFrameSubscriber: readNextMessages count=1
         1788711944.206  4040  4073 I MainActivity: onGatewayFrame: frame seq=2191 egoSpeed=6.9373956 pts=0 intervention=false warning=false braking=true lifecycle=released_verified_stop range=null bearing=null rss=15.958405
         1788711944.305  4040  4073 I AebsFrameSubscriber: onMessagesAvailable callback
         1788711944.306  4040  4073 I AebsFrameSubscriber: readNextMessages count=1
         1788711944.306  4040  4073 I MainActivity: onGatewayFrame: frame seq=2192 egoSpeed=6.9373956 pts=0 intervention=false warning=false braking=true lifecycle=released_verified_stop range=null bearing=null rss=15.958405
         1788711944.405  4040  4073 I AebsFrameSubscriber: onMessagesAvailable callback
         1788711944.406  4040  4073 I AebsFrameSubscriber: readNextMessages count=1
         1788711944.406  4040  4073 I MainActivity: onGatewayFrame: frame seq=2193 egoSpeed=6.9373956 pts=0 intervention=false warning=false braking=true lifecycle=released_verified_stop range=null bearing=null rss=15.958405
         1788711944.505  4040  4073 I AebsFrameSubscriber: onMessagesAvailable callback
         1788711944.506  4040  4073 I AebsFrameSubscriber: readNextMessages count=1
         1788711944.506  4040  4073 I MainActivity: onGatewayFrame: frame seq=2194 egoSpeed=6.9373956 pts=0 intervention=false warning=false braking=true lifecycle=released_verified_stop range=null bearing=null rss=15.958405
         1788711944.605  4040  4073 I AebsFrameSubscriber: onMessagesAvailable callback
         1788711944.605  4040  4073 I AebsFrameSubscriber: readNextMessages count=1
         1788711944.605  4040  4073 I MainActivity: onGatewayFrame: frame seq=2195 egoSpeed=6.9373956 pts=0 intervention=false warning=false braking=true lifecycle=released_verified_stop range=null bearing=null rss=15.958405
         1788711944.705  4040  4073 I AebsFrameSubscriber: onMessagesAvailable callback
         1788711944.705  4040  4073 I AebsFrameSubscriber: readNextMessages count=1
         1788711944.705  4040  4073 I MainActivity: onGatewayFrame: frame seq=2196 egoSpeed=6.9373956 pts=0 intervention=false warning=false braking=true lifecycle=released_verified_stop range=null bearing=null rss=15.958405
         1788711944.805  4040  4073 I AebsFrameSubscriber: onMessagesAvailable callback
         1788711944.805  4040  4073 I AebsFrameSubscriber: readNextMessages count=1
         1788711944.805  4040  4073 I MainActivity: onGatewayFrame: frame seq=2197 egoSpeed=6.9373956 pts=0 intervention=false warning=false braking=true lifecycle=released_verified_stop range=null bearing=null rss=15.958405
         1788711944.905  4040  4073 I AebsFrameSubscriber: onMessagesAvailable callback
         1788711944.905  4040  4073 I AebsFrameSubscriber: readNextMessages count=1
         1788711944.906  4040  4073 I MainActivity: onGatewayFrame: frame seq=2198 egoSpeed=6.9373956 pts=0 intervention=false warning=false braking=true lifecycle=released_verified_stop range=null bearing=null rss=15.958405
         1788711945.005  4040  4073 I AebsFrameSubscriber: onMessagesAvailable callback
         1788711945.005  4040  4073 I AebsFrameSubscriber: readNextMessages count=1
         1788711945.005  4040  4073 I MainActivity: onGatewayFrame: frame seq=2199 egoSpeed=6.9373956 pts=0 intervention=false warning=false braking=true lifecycle=released_verified_stop range=null bearing=null rss=15.958405
         1788711945.105  4040  4073 I AebsFrameSubscriber: onMessagesAvailable callback
         1788711945.105  4040  4073 I AebsFrameSubscriber: readNextMessages count=1
         1788711945.106  4040  4073 I MainActivity: onGatewayFrame: frame seq=2200 egoSpeed=6.9373956 pts=0 intervention=false warning=false braking=true lifecycle=released_verified_stop range=null bearing=null rss=15.958405
         1788711945.205  4040  4073 I AebsFrameSubscriber: onMessagesAvailable callback
         1788711945.205  4040  4073 I AebsFrameSubscriber: readNextMessages count=1
         1788711945.206  4040  4073 I MainActivity: onGatewayFrame: frame seq=2201 egoSpeed=6.9373956 pts=0 intervention=false warning=false braking=true lifecycle=released_verified_stop range=null bearing=null rss=15.958405
         1788711945.305  4040  4073 I AebsFrameSubscriber: onMessagesAvailable callback
         1788711945.305  4040  4073 I AebsFrameSubscriber: readNextMessages count=1
         1788711945.306  4040  4073 I MainActivity: onGatewayFrame: frame seq=2202 egoSpeed=6.9373956 pts=0 intervention=false warning=false braking=true lifecycle=released_verified_stop range=null bearing=null rss=15.958405
         1788711945.405  4040  4073 I AebsFrameSubscriber: onMessagesAvailable callback
         1788711945.406  4040  4073 I AebsFrameSubscriber: readNextMessages count=1
         1788711945.406  4040  4073 I MainActivity: onGatewayFrame: frame seq=2203 egoSpeed=6.9373956 pts=0 intervention=false warning=false braking=true lifecycle=released_verified_stop range=null bearing=null rss=15.958405
         1788711945.505  4040  4073 I AebsFrameSubscriber: onMessagesAvailable callback
         1788711945.506  4040  4073 I AebsFrameSubscriber: readNextMessages count=1
         1788711945.506  4040  4073 I MainActivity: onGatewayFrame: frame seq=2204 egoSpeed=6.9373956 pts=0 intervention=false warning=false braking=true lifecycle=released_verified_stop range=null bearing=null rss=15.958405
         1788711945.605  4040  4073 I AebsFrameSubscriber: onMessagesAvailable callback
         1788711945.606  4040  4073 I AebsFrameSubscriber: readNextMessages count=1
         1788711945.606  4040  4073 I MainActivity: onGatewayFrame: frame seq=2205 egoSpeed=6.9373956 pts=0 intervention=false warning=false braking=true lifecycle=released_verified_stop range=null bearing=null rss=15.958405
         1788711945.705  4040  4073 I AebsFrameSubscriber: onMessagesAvailable callback
         1788711945.705  4040  4073 I AebsFrameSubscriber: readNextMessages count=1
         1788711945.706  4040  4073 I MainActivity: onGatewayFrame: frame seq=2206 egoSpeed=6.9373956 pts=0 intervention=false warning=false braking=true lifecycle=released_verified_stop range=null bearing=null rss=15.958405
         1788711945.805  4040  4073 I AebsFrameSubscriber: onMessagesAvailable callback
         1788711945.806  4040  4073 I AebsFrameSubscriber: readNextMessages count=1
         1788711945.806  4040  4073 I MainActivity: onGatewayFrame: frame seq=2207 egoSpeed=6.9373956 pts=0 intervention=false warning=false braking=true lifecycle=released_verified_stop range=null bearing=null rss=15.958405
         1788711945.905  4040  4073 I AebsFrameSubscriber: onMessagesAvailable callback
         1788711945.905  4040  4073 I AebsFrameSubscriber: readNextMessages count=1
         1788711945.906  4040  4073 I MainActivity: onGatewayFrame: frame seq=2208 egoSpeed=6.9373956 pts=0 intervention=false warning=false braking=true lifecycle=released_verified_stop range=null bearing=null rss=15.958405
         1788711946.005  4040  4073 I AebsFrameSubscriber: onMessagesAvailable callback
         1788711946.005  4040  4073 I AebsFrameSubscriber: readNextMessages count=1
         1788711946.005  4040  4073 I MainActivity: onGatewayFrame: frame seq=2209 egoSpeed=6.9373956 pts=0 intervention=false warning=false braking=true lifecycle=released_verified_stop range=null bearing=null rss=15.958405
         1788711946.105  4040  4073 I AebsFrameSubscriber: onMessagesAvailable callback
         1788711946.105  4040  4073 I AebsFrameSubscriber: readNextMessages count=1
         1788711946.106  4040  4073 I MainActivity: onGatewayFrame: frame seq=2210 egoSpeed=6.9373956 pts=0 intervention=false warning=false braking=true lifecycle=released_verified_stop range=null bearing=null rss=15.958405
         1788711946.205  4040  4073 I AebsFrameSubscriber: onMessagesAvailable callback
         1788711946.205  4040  4073 I AebsFrameSubscriber: readNextMessages count=1
         1788711946.205  4040  4073 I MainActivity: onGatewayFrame: frame seq=2211 egoSpeed=6.9373956 pts=0 intervention=false warning=false braking=true lifecycle=released_verified_stop range=null bearing=null rss=15.958405
         1788711946.305  4040  4073 I AebsFrameSubscriber: onMessagesAvailable callback
         1788711946.305  4040  4073 I AebsFrameSubscriber: readNextMessages count=1
         1788711946.305  4040  4073 I MainActivity: onGatewayFrame: frame seq=2212 egoSpeed=6.9373956 pts=0 intervention=false warning=false braking=true lifecycle=released_verified_stop range=null bearing=null rss=15.958405
         1788711946.405  4040  4073 I AebsFrameSubscriber: onMessagesAvailable callback
         1788711946.405  4040  4073 I AebsFrameSubscriber: readNextMessages count=1
         1788711946.405  4040  4073 I MainActivity: onGatewayFrame: frame seq=2213 egoSpeed=6.9373956 pts=0 intervention=false warning=false braking=true lifecycle=released_verified_stop range=null bearing=null rss=15.958405
         1788711946.505  4040  4073 I AebsFrameSubscriber: onMessagesAvailable callback
         1788711946.505  4040  4073 I AebsFrameSubscriber: readNextMessages count=1
         1788711946.505  4040  4073 I MainActivity: onGatewayFrame: frame seq=2214 egoSpeed=6.9373956 pts=0 intervention=false warning=false braking=true lifecycle=released_verified_stop range=null bearing=null rss=15.958405
         1788711946.605  4040  4073 I AebsFrameSubscriber: onMessagesAvailable callback
         1788711946.605  4040  4073 I AebsFrameSubscriber: readNextMessages count=1
         1788711946.606  4040  4073 I MainActivity: onGatewayFrame: frame seq=2215 egoSpeed=6.9373956 pts=0 intervention=false warning=false braking=true lifecycle=released_verified_stop range=null bearing=null rss=15.958405
         1788711946.705  4040  4073 I AebsFrameSubscriber: onMessagesAvailable callback
         1788711946.705  4040  4073 I AebsFrameSubscriber: readNextMessages count=1
         1788711946.706  4040  4073 I MainActivity: onGatewayFrame: frame seq=2216 egoSpeed=6.9373956 pts=0 intervention=false warning=false braking=true lifecycle=released_verified_stop range=null bearing=null rss=15.958405
         1788711946.805  4040  4073 I AebsFrameSubscriber: onMessagesAvailable callback
         1788711946.805  4040  4073 I AebsFrameSubscriber: readNextMessages count=1
         1788711946.806  4040  4073 I MainActivity: onGatewayFrame: frame seq=2217 egoSpeed=6.9373956 pts=0 intervention=false warning=false braking=true lifecycle=released_verified_stop range=null bearing=null rss=15.958405
         1788711946.905  4040  4073 I AebsFrameSubscriber: onMessagesAvailable callback
         1788711946.905  4040  4073 I AebsFrameSubscriber: readNextMessages count=1
         1788711946.906  4040  4073 I MainActivity: onGatewayFrame: frame seq=2218 egoSpeed=6.9373956 pts=0 intervention=false warning=false braking=true lifecycle=released_verified_stop range=null bearing=null rss=15.958405
         1788711947.005  4040  4073 I AebsFrameSubscriber: onMessagesAvailable callback
         1788711947.005  4040  4073 I AebsFrameSubscriber: readNextMessages count=1
         1788711947.005  4040  4073 I MainActivity: onGatewayFrame: frame seq=2219 egoSpeed=6.9373956 pts=0 intervention=false warning=false braking=true lifecycle=released_verified_stop range=null bearing=null rss=15.958405
         1788711947.105  4040  4073 I AebsFrameSubscriber: onMessagesAvailable callback
         1788711947.105  4040  4073 I AebsFrameSubscriber: readNextMessages count=1
         1788711947.105  4040  4073 I MainActivity: onGatewayFrame: frame seq=2220 egoSpeed=6.9373956 pts=0 intervention=false warning=false braking=true lifecycle=released_verified_stop range=null bearing=null rss=15.958405
         1788711947.205  4040  4073 I AebsFrameSubscriber: onMessagesAvailable callback
         1788711947.205  4040  4073 I AebsFrameSubscriber: readNextMessages count=1
         1788711947.205  4040  4073 I MainActivity: onGatewayFrame: frame seq=2221 egoSpeed=6.9373956 pts=0 intervention=false warning=false braking=true lifecycle=released_verified_stop range=null bearing=null rss=15.958405
         1788711947.305  4040  4073 I AebsFrameSubscriber: onMessagesAvailable callback
         1788711947.305  4040  4073 I AebsFrameSubscriber: readNextMessages count=1
         1788711947.305  4040  4073 I MainActivity: onGatewayFrame: frame seq=2222 egoSpeed=6.9373956 pts=0 intervention=false warning=false braking=true lifecycle=released_verified_stop range=null bearing=null rss=15.958405
         1788711947.405  4040  4073 I AebsFrameSubscriber: onMessagesAvailable callback
         1788711947.405  4040  4073 I AebsFrameSubscriber: readNextMessages count=1
         1788711947.405  4040  4073 I MainActivity: onGatewayFrame: frame seq=2223 egoSpeed=6.9373956 pts=0 intervention=false warning=false braking=true lifecycle=released_verified_stop range=null bearing=null rss=15.958405
         1788711947.505  4040  4073 I AebsFrameSubscriber: onMessagesAvailable callback
         1788711947.505  4040  4073 I AebsFrameSubscriber: readNextMessages count=1
         1788711947.505  4040  4073 I MainActivity: onGatewayFrame: frame seq=2224 egoSpeed=6.9373956 pts=0 intervention=false warning=false braking=true lifecycle=released_verified_stop range=null bearing=null rss=15.958405
         1788711947.614  4040  4073 I AebsFrameSubscriber: onMessagesAvailable callback
         1788711947.614  4040  4073 I AebsFrameSubscriber: readNextMessages count=1
         1788711947.614  4040  4073 I MainActivity: onGatewayFrame: frame seq=2225 egoSpeed=6.9373956 pts=0 intervention=false warning=false braking=true lifecycle=released_verified_stop range=null bearing=null rss=15.958405
         1788711947.752  4040  4073 I AebsFrameSubscriber: readNextMessages count=1
         1788711947.753  4040  4073 I MainActivity: onGatewayFrame: frame seq=2226 egoSpeed=6.9373956 pts=0 intervention=false warning=false braking=true lifecycle=released_verified_stop range=null bearing=null rss=15.958405
         1788711947.753  4040  4073 I AebsFrameSubscriber: onMessagesAvailable callback
         1788711947.805  4040  4073 I AebsFrameSubscriber: onMessagesAvailable callback
         1788711947.805  4040  4073 I AebsFrameSubscriber: readNextMessages count=1
         1788711947.806  4040  4073 I MainActivity: onGatewayFrame: frame seq=2227 egoSpeed=6.9373956 pts=0 intervention=false warning=false braking=true lifecycle=released_verified_stop range=null bearing=null rss=15.958405
         1788711947.905  4040  4073 I AebsFrameSubscriber: onMessagesAvailable callback
         1788711947.905  4040  4073 I AebsFrameSubscriber: readNextMessages count=1
         1788711947.906  4040  4073 I MainActivity: onGatewayFrame: frame seq=2228 egoSpeed=6.9373956 pts=0 intervention=false warning=false braking=true lifecycle=released_verified_stop range=null bearing=null rss=15.958405
         1788711948.005  4040  4073 I AebsFrameSubscriber: onMessagesAvailable callback
         1788711948.005  4040  4073 I AebsFrameSubscriber: readNextMessages count=1
         1788711948.005  4040  4073 I MainActivity: onGatewayFrame: frame seq=2229 egoSpeed=6.9373956 pts=0 intervention=false warning=false braking=true lifecycle=released_verified_stop range=null bearing=null rss=15.958405
         1788711948.105  4040  4073 I AebsFrameSubscriber: onMessagesAvailable callback
         1788711948.106  4040  4073 I AebsFrameSubscriber: readNextMessages count=1
         1788711948.106  4040  4073 I MainActivity: onGatewayFrame: frame seq=2230 egoSpeed=6.9373956 pts=0 intervention=false warning=false braking=true lifecycle=released_verified_stop range=null bearing=null rss=15.958405
         1788711948.205  4040  4073 I AebsFrameSubscriber: onMessagesAvailable callback
         1788711948.205  4040  4073 I AebsFrameSubscriber: readNextMessages count=1
         1788711948.205  4040  4073 I MainActivity: onGatewayFrame: frame seq=2231 egoSpeed=6.9373956 pts=0 intervention=false warning=false braking=true lifecycle=released_verified_stop range=null bearing=null rss=15.958405
         1788711948.305  4040  4073 I AebsFrameSubscriber: onMessagesAvailable callback
         1788711948.305  4040  4073 I AebsFrameSubscriber: readNextMessages count=1
         1788711948.305  4040  4073 I MainActivity: onGatewayFrame: frame seq=2232 egoSpeed=6.9373956 pts=0 intervention=false warning=false braking=true lifecycle=released_verified_stop range=null bearing=null rss=15.958405
         1788711948.405  4040  4073 I AebsFrameSubscriber: onMessagesAvailable callback
         1788711948.405  4040  4073 I AebsFrameSubscriber: readNextMessages count=1
         1788711948.405  4040  4073 I MainActivity: onGatewayFrame: frame seq=2233 egoSpeed=6.9373956 pts=0 intervention=false warning=false braking=true lifecycle=released_verified_stop range=null bearing=null rss=15.958405
         1788711948.505  4040  4073 I AebsFrameSubscriber: onMessagesAvailable callback
         1788711948.505  4040  4073 I AebsFrameSubscriber: readNextMessages count=1
         1788711948.506  4040  4073 I MainActivity: onGatewayFrame: frame seq=2234 egoSpeed=6.9373956 pts=0 intervention=false warning=false braking=true lifecycle=released_verified_stop range=null bearing=null rss=15.958405
         1788711948.605  4040  4073 I AebsFrameSubscriber: onMessagesAvailable callback
         1788711948.605  4040  4073 I AebsFrameSubscriber: readNextMessages count=1
         1788711948.606  4040  4073 I MainActivity: onGatewayFrame: frame seq=2235 egoSpeed=6.9373956 pts=0 intervention=false warning=false braking=true lifecycle=released_verified_stop range=null bearing=null rss=15.958405
         1788711948.705  4040  4073 I AebsFrameSubscriber: onMessagesAvailable callback
         1788711948.705  4040  4073 I AebsFrameSubscriber: readNextMessages count=1
         1788711948.705  4040  4073 I MainActivity: onGatewayFrame: frame seq=2236 egoSpeed=6.9373956 pts=0 intervention=false warning=false braking=true lifecycle=released_verified_stop range=null bearing=null rss=15.958405
         1788711948.805  4040  4073 I AebsFrameSubscriber: onMessagesAvailable callback
         1788711948.805  4040  4073 I AebsFrameSubscriber: readNextMessages count=1
         1788711948.805  4040  4073 I MainActivity: onGatewayFrame: frame seq=2237 egoSpeed=6.9373956 pts=0 intervention=false warning=false braking=true lifecycle=released_verified_stop range=null bearing=null rss=15.958405
         1788711948.905  4040  4073 I AebsFrameSubscriber: onMessagesAvailable callback
         1788711948.906  4040  4073 I AebsFrameSubscriber: readNextMessages count=1
         1788711948.906  4040  4073 I MainActivity: onGatewayFrame: frame seq=2238 egoSpeed=6.9373956 pts=0 intervention=false warning=false braking=true lifecycle=released_verified_stop range=null bearing=null rss=15.958405
         1788711949.005  4040  4073 I AebsFrameSubscriber: onMessagesAvailable callback
         1788711949.006  4040  4073 I AebsFrameSubscriber: readNextMessages count=1
         1788711949.006  4040  4073 I MainActivity: onGatewayFrame: frame seq=2239 egoSpeed=6.9373956 pts=0 intervention=false warning=false braking=true lifecycle=released_verified_stop range=null bearing=null rss=15.958405
         1788711949.105  4040  4073 I AebsFrameSubscriber: onMessagesAvailable callback
         1788711949.106  4040  4073 I AebsFrameSubscriber: readNextMessages count=1
         1788711949.106  4040  4073 I MainActivity: onGatewayFrame: frame seq=2240 egoSpeed=6.9373956 pts=0 intervention=false warning=false braking=true lifecycle=released_verified_stop range=null bearing=null rss=15.958405
         1788711949.205  4040  4073 I AebsFrameSubscriber: onMessagesAvailable callback
         1788711949.206  4040  4073 I AebsFrameSubscriber: readNextMessages count=1
         1788711949.206  4040  4073 I MainActivity: onGatewayFrame: frame seq=2241 egoSpeed=6.9373956 pts=0 intervention=false warning=false braking=true lifecycle=released_verified_stop range=null bearing=null rss=15.958405
         1788711949.305  4040  4073 I AebsFrameSubscriber: onMessagesAvailable callback
         1788711949.306  4040  4073 I AebsFrameSubscriber: readNextMessages count=1
         1788711949.306  4040  4073 I MainActivity: onGatewayFrame: frame seq=2242 egoSpeed=6.9373956 pts=0 intervention=false warning=false braking=true lifecycle=released_verified_stop range=null bearing=null rss=15.958405
         1788711949.405  4040  4073 I AebsFrameSubscriber: onMessagesAvailable callback
         1788711949.406  4040  4073 I AebsFrameSubscriber: readNextMessages count=1
         1788711949.406  4040  4073 I MainActivity: onGatewayFrame: frame seq=2243 egoSpeed=6.9373956 pts=0 intervention=false warning=false braking=true lifecycle=released_verified_stop range=null bearing=null rss=15.958405
         1788711949.505  4040  4073 I AebsFrameSubscriber: onMessagesAvailable callback
         1788711949.505  4040  4073 I AebsFrameSubscriber: readNextMessages count=1
         1788711949.506  4040  4073 I MainActivity: onGatewayFrame: frame seq=2244 egoSpeed=6.9373956 pts=0 intervention=false warning=false braking=true lifecycle=released_verified_stop range=null bearing=null rss=15.958405
         1788711949.605  4040  4073 I AebsFrameSubscriber: onMessagesAvailable callback
         1788711949.606  4040  4073 I AebsFrameSubscriber: readNextMessages count=1
         1788711949.606  4040  4073 I MainActivity: onGatewayFrame: frame seq=2245 egoSpeed=6.9373956 pts=0 intervention=false warning=false braking=true lifecycle=released_verified_stop range=null bearing=null rss=15.958405
         1788711949.705  4040  4073 I AebsFrameSubscriber: onMessagesAvailable callback
         1788711949.706  4040  4073 I AebsFrameSubscriber: readNextMessages count=1
         1788711949.706  4040  4073 I MainActivity: onGatewayFrame: frame seq=2246 egoSpeed=6.9373956 pts=0 intervention=false warning=false braking=true lifecycle=released_verified_stop range=null bearing=null rss=15.958405
         1788711949.805  4040  4073 I AebsFrameSubscriber: onMessagesAvailable callback
         1788711949.806  4040  4073 I AebsFrameSubscriber: readNextMessages count=1
         1788711949.806  4040  4073 I MainActivity: onGatewayFrame: frame seq=2247 egoSpeed=6.9373956 pts=0 intervention=false warning=false braking=true lifecycle=released_verified_stop range=null bearing=null rss=15.958405
         1788711949.905  4040  4073 I AebsFrameSubscriber: onMessagesAvailable callback
         1788711949.905  4040  4073 I AebsFrameSubscriber: readNextMessages count=1
         1788711949.906  4040  4073 I MainActivity: onGatewayFrame: frame seq=2248 egoSpeed=6.9373956 pts=0 intervention=false warning=false braking=true lifecycle=released_verified_stop range=null bearing=null rss=15.958405
         1788711950.005  4040  4073 I AebsFrameSubscriber: onMessagesAvailable callback
         1788711950.005  4040  4073 I AebsFrameSubscriber: readNextMessages count=1
         1788711950.006  4040  4073 I MainActivity: onGatewayFrame: frame seq=2249 egoSpeed=6.9373956 pts=0 intervention=false warning=false braking=true lifecycle=released_verified_stop range=null bearing=null rss=15.958405
         1788711950.105  4040  4073 I AebsFrameSubscriber: onMessagesAvailable callback
         1788711950.105  4040  4073 I AebsFrameSubscriber: readNextMessages count=1
         1788711950.106  4040  4073 I MainActivity: onGatewayFrame: frame seq=2250 egoSpeed=6.9373956 pts=0 intervention=false warning=false braking=true lifecycle=released_verified_stop range=null bearing=null rss=15.958405
         1788711950.205  4040  4073 I AebsFrameSubscriber: onMessagesAvailable callback
         1788711950.205  4040  4073 I AebsFrameSubscriber: readNextMessages count=1
         1788711950.205  4040  4073 I MainActivity: onGatewayFrame: frame seq=2251 egoSpeed=6.9373956 pts=0 intervention=false warning=false braking=true lifecycle=released_verified_stop range=null bearing=null rss=15.958405
         1788711950.305  4040  4073 I AebsFrameSubscriber: onMessagesAvailable callback
         1788711950.306  4040  4073 I AebsFrameSubscriber: readNextMessages count=1
         1788711950.306  4040  4073 I MainActivity: onGatewayFrame: frame seq=2252 egoSpeed=6.9373956 pts=0 intervention=false warning=false braking=true lifecycle=released_verified_stop range=null bearing=null rss=15.958405
         1788711950.405  4040  4073 I AebsFrameSubscriber: onMessagesAvailable callback
         1788711950.406  4040  4073 I AebsFrameSubscriber: readNextMessages count=1
         1788711950.406  4040  4073 I MainActivity: onGatewayFrame: frame seq=2253 egoSpeed=6.9373956 pts=0 intervention=false warning=false braking=true lifecycle=released_verified_stop range=null bearing=null rss=15.958405
         1788711950.505  4040  4073 I AebsFrameSubscriber: onMessagesAvailable callback
         1788711950.506  4040  4073 I AebsFrameSubscriber: readNextMessages count=1
         1788711950.506  4040  4073 I MainActivity: onGatewayFrame: frame seq=2254 egoSpeed=6.9373956 pts=0 intervention=false warning=false braking=true lifecycle=released_verified_stop range=null bearing=null rss=15.958405
         1788711950.605  4040  4073 I AebsFrameSubscriber: onMessagesAvailable callback
         1788711950.606  4040  4073 I AebsFrameSubscriber: readNextMessages count=1
         1788711950.606  4040  4073 I MainActivity: onGatewayFrame: frame seq=2255 egoSpeed=6.9373956 pts=0 intervention=false warning=false braking=true lifecycle=released_verified_stop range=null bearing=null rss=15.958405
         1788711950.705  4040  4073 I AebsFrameSubscriber: onMessagesAvailable callback
         1788711950.706  4040  4073 I AebsFrameSubscriber: readNextMessages count=1
         1788711950.706  4040  4073 I MainActivity: onGatewayFrame: frame seq=2256 egoSpeed=6.9373956 pts=0 intervention=false warning=false braking=true lifecycle=released_verified_stop range=null bearing=null rss=15.958405
         1788711950.805  4040  4073 I AebsFrameSubscriber: onMessagesAvailable callback
         1788711950.805  4040  4073 I AebsFrameSubscriber: readNextMessages count=1
         1788711950.805  4040  4073 I MainActivity: onGatewayFrame: frame seq=2257 egoSpeed=6.9373956 pts=0 intervention=false warning=false braking=true lifecycle=released_verified_stop range=null bearing=null rss=15.958405
         1788711950.905  4040  4073 I AebsFrameSubscriber: onMessagesAvailable callback
         1788711950.905  4040  4073 I AebsFrameSubscriber: readNextMessages count=1
         1788711950.905  4040  4073 I MainActivity: onGatewayFrame: frame seq=2258 egoSpeed=6.9373956 pts=0 intervention=false warning=false braking=true lifecycle=released_verified_stop range=null bearing=null rss=15.958405
         1788711951.005  4040  4073 I AebsFrameSubscriber: onMessagesAvailable callback
         1788711951.005  4040  4073 I AebsFrameSubscriber: readNextMessages count=1
         1788711951.005  4040  4073 I MainActivity: onGatewayFrame: frame seq=2259 egoSpeed=6.9373956 pts=0 intervention=false warning=false braking=true lifecycle=released_verified_stop range=null bearing=null rss=15.958405
         1788711951.105  4040  4073 I AebsFrameSubscriber: onMessagesAvailable callback
         1788711951.105  4040  4073 I AebsFrameSubscriber: readNextMessages count=1
         1788711951.106  4040  4073 I MainActivity: onGatewayFrame: frame seq=2260 egoSpeed=6.9373956 pts=0 intervention=false warning=false braking=true lifecycle=released_verified_stop range=null bearing=null rss=15.958405
         1788711951.205  4040  4073 I AebsFrameSubscriber: onMessagesAvailable callback
         1788711951.205  4040  4073 I AebsFrameSubscriber: readNextMessages count=1
         1788711951.205  4040  4073 I MainActivity: onGatewayFrame: frame seq=2261 egoSpeed=6.9373956 pts=0 intervention=false warning=false braking=true lifecycle=released_verified_stop range=null bearing=null rss=15.958405
         1788711951.305  4040  4073 I AebsFrameSubscriber: onMessagesAvailable callback
         1788711951.306  4040  4073 I AebsFrameSubscriber: readNextMessages count=1
         1788711951.306  4040  4073 I MainActivity: onGatewayFrame: frame seq=2262 egoSpeed=6.9373956 pts=0 intervention=false warning=false braking=true lifecycle=released_verified_stop range=null bearing=null rss=15.958405
         1788711951.405  4040  4073 I AebsFrameSubscriber: onMessagesAvailable callback
         1788711951.406  4040  4073 I AebsFrameSubscriber: readNextMessages count=1
         1788711951.406  4040  4073 I MainActivity: onGatewayFrame: frame seq=2263 egoSpeed=6.9373956 pts=0 intervention=false warning=false braking=true lifecycle=released_verified_stop range=null bearing=null rss=15.958405
         1788711951.505  4040  4073 I AebsFrameSubscriber: onMessagesAvailable callback
         1788711951.505  4040  4073 I AebsFrameSubscriber: readNextMessages count=1
         1788711951.505  4040  4073 I MainActivity: onGatewayFrame: frame seq=2264 egoSpeed=6.9373956 pts=0 intervention=false warning=false braking=true lifecycle=released_verified_stop range=null bearing=null rss=15.958405
         1788711951.628  4040  4073 I AebsFrameSubscriber: readNextMessages count=1
         1788711951.628  4040  4073 I MainActivity: onGatewayFrame: frame seq=2265 egoSpeed=6.9373956 pts=0 intervention=false warning=false braking=true lifecycle=released_verified_stop range=null bearing=null rss=15.958405
         1788711951.628  4040  4073 I AebsFrameSubscriber: onMessagesAvailable callback
         1788711951.705  4040  4073 I AebsFrameSubscriber: onMessagesAvailable callback
         1788711951.705  4040  4073 I AebsFrameSubscriber: readNextMessages count=1
         1788711951.706  4040  4073 I MainActivity: onGatewayFrame: frame seq=2266 egoSpeed=6.9373956 pts=0 intervention=false warning=false braking=true lifecycle=released_verified_stop range=null bearing=null rss=15.958405
         1788711951.805  4040  4073 I AebsFrameSubscriber: onMessagesAvailable callback
         1788711951.805  4040  4073 I AebsFrameSubscriber: readNextMessages count=1
         1788711951.805  4040  4073 I MainActivity: onGatewayFrame: frame seq=2267 egoSpeed=6.9373956 pts=0 intervention=false warning=false braking=true lifecycle=released_verified_stop range=null bearing=null rss=15.958405
         1788711951.905  4040  4073 I AebsFrameSubscriber: onMessagesAvailable callback
         1788711951.905  4040  4073 I AebsFrameSubscriber: readNextMessages count=1
         1788711951.905  4040  4073 I MainActivity: onGatewayFrame: frame seq=2268 egoSpeed=6.9373956 pts=0 intervention=false warning=false braking=true lifecycle=released_verified_stop range=null bearing=null rss=15.958405
         1788711952.005  4040  4073 I AebsFrameSubscriber: onMessagesAvailable callback
         1788711952.005  4040  4073 I AebsFrameSubscriber: readNextMessages count=1
         1788711952.005  4040  4073 I MainActivity: onGatewayFrame: frame seq=2269 egoSpeed=6.9373956 pts=0 intervention=false warning=false braking=true lifecycle=released_verified_stop range=null bearing=null rss=15.958405
         1788711952.105  4040  4073 I AebsFrameSubscriber: onMessagesAvailable callback
         1788711952.105  4040  4073 I AebsFrameSubscriber: readNextMessages count=1
         1788711952.105  4040  4073 I MainActivity: onGatewayFrame: frame seq=2270 egoSpeed=6.9373956 pts=0 intervention=false warning=false braking=true lifecycle=released_verified_stop range=null bearing=null rss=15.958405
         1788711952.205  4040  4073 I AebsFrameSubscriber: onMessagesAvailable callback
         1788711952.205  4040  4073 I AebsFrameSubscriber: readNextMessages count=1
         1788711952.205  4040  4073 I MainActivity: onGatewayFrame: frame seq=2271 egoSpeed=6.9373956 pts=0 intervention=false warning=false braking=true lifecycle=released_verified_stop range=null bearing=null rss=15.958405
         1788711952.305  4040  4073 I AebsFrameSubscriber: onMessagesAvailable callback
         1788711952.305  4040  4073 I AebsFrameSubscriber: readNextMessages count=1
         1788711952.305  4040  4073 I MainActivity: onGatewayFrame: frame seq=2272 egoSpeed=6.9373956 pts=0 intervention=false warning=false braking=true lifecycle=released_verified_stop range=null bearing=null rss=15.958405
         1788711952.405  4040  4073 I AebsFrameSubscriber: onMessagesAvailable callback
         1788711952.405  4040  4073 I AebsFrameSubscriber: readNextMessages count=1
         1788711952.405  4040  4073 I MainActivity: onGatewayFrame: frame seq=2273 egoSpeed=6.9373956 pts=0 intervention=false warning=false braking=true lifecycle=released_verified_stop range=null bearing=null rss=15.958405
         1788711952.505  4040  4073 I AebsFrameSubscriber: onMessagesAvailable callback
         1788711952.505  4040  4073 I AebsFrameSubscriber: readNextMessages count=1
         1788711952.505  4040  4073 I MainActivity: onGatewayFrame: frame seq=2274 egoSpeed=6.9373956 pts=0 intervention=false warning=false braking=true lifecycle=released_verified_stop range=null bearing=null rss=15.958405
         1788711952.605  4040  4073 I AebsFrameSubscriber: onMessagesAvailable callback
         1788711952.605  4040  4073 I AebsFrameSubscriber: readNextMessages count=1
         1788711952.605  4040  4073 I MainActivity: onGatewayFrame: frame seq=2275 egoSpeed=6.9373956 pts=0 intervention=false warning=false braking=true lifecycle=released_verified_stop range=null bearing=null rss=15.958405
         1788711952.705  4040  4073 I AebsFrameSubscriber: onMessagesAvailable callback
         1788711952.705  4040  4073 I AebsFrameSubscriber: readNextMessages count=1
         1788711952.706  4040  4073 I MainActivity: onGatewayFrame: frame seq=2276 egoSpeed=6.9373956 pts=0 intervention=false warning=false braking=true lifecycle=released_verified_stop range=null bearing=null rss=15.958405
         1788711952.805  4040  4073 I AebsFrameSubscriber: onMessagesAvailable callback
         1788711952.805  4040  4073 I AebsFrameSubscriber: readNextMessages count=1
         1788711952.805  4040  4073 I MainActivity: onGatewayFrame: frame seq=2277 egoSpeed=6.9373956 pts=0 intervention=false warning=false braking=true lifecycle=released_verified_stop range=null bearing=null rss=15.958405
         1788711952.905  4040  4073 I AebsFrameSubscriber: onMessagesAvailable callback
         1788711952.905  4040  4073 I AebsFrameSubscriber: readNextMessages count=1
         1788711952.905  4040  4073 I MainActivity: onGatewayFrame: frame seq=2278 egoSpeed=6.9373956 pts=0 intervention=false warning=false braking=true lifecycle=released_verified_stop range=null bearing=null rss=15.958405
         1788711953.005  4040  4073 I AebsFrameSubscriber: onMessagesAvailable callback
         1788711953.005  4040  4073 I AebsFrameSubscriber: readNextMessages count=1
         1788711953.005  4040  4073 I MainActivity: onGatewayFrame: frame seq=2279 egoSpeed=6.9373956 pts=0 intervention=false warning=false braking=true lifecycle=released_verified_stop range=null bearing=null rss=15.958405
         1788711953.105  4040  4073 I AebsFrameSubscriber: onMessagesAvailable callback
         1788711953.105  4040  4073 I AebsFrameSubscriber: readNextMessages count=1
         1788711953.105  4040  4073 I MainActivity: onGatewayFrame: frame seq=2280 egoSpeed=6.9373956 pts=0 intervention=false warning=false braking=true lifecycle=released_verified_stop range=null bearing=null rss=15.958405
         1788711953.205  4040  4073 I AebsFrameSubscriber: onMessagesAvailable callback
         1788711953.205  4040  4073 I AebsFrameSubscriber: readNextMessages count=1
         1788711953.205  4040  4073 I MainActivity: onGatewayFrame: frame seq=2281 egoSpeed=6.9373956 pts=0 intervention=false warning=false braking=true lifecycle=released_verified_stop range=null bearing=null rss=15.958405
         1788711953.305  4040  4073 I AebsFrameSubscriber: onMessagesAvailable callback
         1788711953.305  4040  4073 I AebsFrameSubscriber: readNextMessages count=1
         1788711953.305  4040  4073 I MainActivity: onGatewayFrame: frame seq=2282 egoSpeed=6.9373956 pts=0 intervention=false warning=false braking=true lifecycle=released_verified_stop range=null bearing=null rss=15.958405
         1788711953.405  4040  4073 I AebsFrameSubscriber: onMessagesAvailable callback
         1788711953.405  4040  4073 I AebsFrameSubscriber: readNextMessages count=1
         1788711953.405  4040  4073 I MainActivity: onGatewayFrame: frame seq=2283 egoSpeed=6.9373956 pts=0 intervention=false warning=false braking=true lifecycle=released_verified_stop range=null bearing=null rss=15.958405
         1788711953.505  4040  4073 I AebsFrameSubscriber: onMessagesAvailable callback
         1788711953.505  4040  4073 I AebsFrameSubscriber: readNextMessages count=1
         1788711953.505  4040  4073 I MainActivity: onGatewayFrame: frame seq=2284 egoSpeed=6.9373956 pts=0 intervention=false warning=false braking=true lifecycle=released_verified_stop range=null bearing=null rss=15.958405
         1788711953.605  4040  4073 I AebsFrameSubscriber: onMessagesAvailable callback
         1788711953.605  4040  4073 I AebsFrameSubscriber: readNextMessages count=1
         1788711953.605  4040  4073 I MainActivity: onGatewayFrame: frame seq=2285 egoSpeed=6.9373956 pts=0 intervention=false warning=false braking=true lifecycle=released_verified_stop range=null bearing=null rss=15.958405
         1788711953.705  4040  4073 I AebsFrameSubscriber: onMessagesAvailable callback
         1788711953.705  4040  4073 I AebsFrameSubscriber: readNextMessages count=1
         1788711953.705  4040  4073 I MainActivity: onGatewayFrame: frame seq=2286 egoSpeed=6.9373956 pts=0 intervention=false warning=false braking=true lifecycle=released_verified_stop range=null bearing=null rss=15.958405
         1788711953.805  4040  4073 I AebsFrameSubscriber: onMessagesAvailable callback
         1788711953.805  4040  4073 I AebsFrameSubscriber: readNextMessages count=1
         1788711953.805  4040  4073 I MainActivity: onGatewayFrame: frame seq=2287 egoSpeed=6.9373956 pts=0 intervention=false warning=false braking=true lifecycle=released_verified_stop range=null bearing=null rss=15.958405
         1788711953.905  4040  4073 I AebsFrameSubscriber: onMessagesAvailable callback
         1788711953.905  4040  4073 I AebsFrameSubscriber: readNextMessages count=1
         1788711953.905  4040  4073 I MainActivity: onGatewayFrame: frame seq=2288 egoSpeed=6.9373956 pts=0 intervention=false warning=false braking=true lifecycle=released_verified_stop range=null bearing=null rss=15.958405
         1788711954.005  4040  4073 I AebsFrameSubscriber: onMessagesAvailable callback
         1788711954.005  4040  4073 I AebsFrameSubscriber: readNextMessages count=1
         1788711954.005  4040  4073 I MainActivity: onGatewayFrame: frame seq=2289 egoSpeed=6.9373956 pts=0 intervention=false warning=false braking=true lifecycle=released_verified_stop range=null bearing=null rss=15.958405
         1788711954.105  4040  4073 I AebsFrameSubscriber: onMessagesAvailable callback
         1788711954.105  4040  4073 I AebsFrameSubscriber: readNextMessages count=1
         1788711954.105  4040  4073 I MainActivity: onGatewayFrame: frame seq=2290 egoSpeed=6.9373956 pts=0 intervention=false warning=false braking=true lifecycle=released_verified_stop range=null bearing=null rss=15.958405
         1788711954.205  4040  4073 I AebsFrameSubscriber: onMessagesAvailable callback
         1788711954.205  4040  4073 I AebsFrameSubscriber: readNextMessages count=1
         1788711954.205  4040  4073 I MainActivity: onGatewayFrame: frame seq=2291 egoSpeed=6.9373956 pts=0 intervention=false warning=false braking=true lifecycle=released_verified_stop range=null bearing=null rss=15.958405
         1788711954.305  4040  4073 I AebsFrameSubscriber: onMessagesAvailable callback
         1788711954.305  4040  4073 I AebsFrameSubscriber: readNextMessages count=1
         1788711954.305  4040  4073 I MainActivity: onGatewayFrame: frame seq=2292 egoSpeed=6.9373956 pts=0 intervention=false warning=false braking=true lifecycle=released_verified_stop range=null bearing=null rss=15.958405
         1788711954.405  4040  4073 I AebsFrameSubscriber: onMessagesAvailable callback
         1788711954.405  4040  4073 I AebsFrameSubscriber: readNextMessages count=1
         1788711954.405  4040  4073 I MainActivity: onGatewayFrame: frame seq=2293 egoSpeed=6.9373956 pts=0 intervention=false warning=false braking=true lifecycle=released_verified_stop range=null bearing=null rss=15.958405
         1788711954.505  4040  4073 I AebsFrameSubscriber: onMessagesAvailable callback
         1788711954.505  4040  4073 I AebsFrameSubscriber: readNextMessages count=1
         1788711954.505  4040  4073 I MainActivity: onGatewayFrame: frame seq=2294 egoSpeed=6.9373956 pts=0 intervention=false warning=false braking=true lifecycle=released_verified_stop range=null bearing=null rss=15.958405
         1788711954.605  4040  4073 I AebsFrameSubscriber: onMessagesAvailable callback
         1788711954.605  4040  4073 I AebsFrameSubscriber: readNextMessages count=1
         1788711954.605  4040  4073 I MainActivity: onGatewayFrame: frame seq=2295 egoSpeed=6.9373956 pts=0 intervention=false warning=false braking=true lifecycle=released_verified_stop range=null bearing=null rss=15.958405
         1788711954.705  4040  4073 I AebsFrameSubscriber: onMessagesAvailable callback
         1788711954.705  4040  4073 I AebsFrameSubscriber: readNextMessages count=1
         1788711954.705  4040  4073 I MainActivity: onGatewayFrame: frame seq=2296 egoSpeed=6.9373956 pts=0 intervention=false warning=false braking=true lifecycle=released_verified_stop range=null bearing=null rss=15.958405
         1788711954.805  4040  4073 I AebsFrameSubscriber: onMessagesAvailable callback
         1788711954.805  4040  4073 I AebsFrameSubscriber: readNextMessages count=1
         1788711954.805  4040  4073 I MainActivity: onGatewayFrame: frame seq=2297 egoSpeed=6.9373956 pts=0 intervention=false warning=false braking=true lifecycle=released_verified_stop range=null bearing=null rss=15.958405
         1788711954.905  4040  4073 I AebsFrameSubscriber: onMessagesAvailable callback
         1788711954.905  4040  4073 I AebsFrameSubscriber: readNextMessages count=1
         1788711954.905  4040  4073 I MainActivity: onGatewayFrame: frame seq=2298 egoSpeed=6.9373956 pts=0 intervention=false warning=false braking=true lifecycle=released_verified_stop range=null bearing=null rss=15.958405
         1788711955.005  4040  4073 I AebsFrameSubscriber: onMessagesAvailable callback
         1788711955.005  4040  4073 I AebsFrameSubscriber: readNextMessages count=1
         1788711955.005  4040  4073 I MainActivity: onGatewayFrame: frame seq=2299 egoSpeed=6.9373956 pts=0 intervention=false warning=false braking=true lifecycle=released_verified_stop range=null bearing=null rss=15.958405
         1788711955.105  4040  4073 I AebsFrameSubscriber: onMessagesAvailable callback
         1788711955.105  4040  4073 I AebsFrameSubscriber: readNextMessages count=1
         1788711955.105  4040  4073 I MainActivity: onGatewayFrame: frame seq=2300 egoSpeed=6.9373956 pts=0 intervention=false warning=false braking=true lifecycle=released_verified_stop range=null bearing=null rss=15.958405
         1788711955.205  4040  4073 I AebsFrameSubscriber: onMessagesAvailable callback
         1788711955.205  4040  4073 I AebsFrameSubscriber: readNextMessages count=1
         1788711955.205  4040  4073 I MainActivity: onGatewayFrame: frame seq=2301 egoSpeed=6.9373956 pts=0 intervention=false warning=false braking=true lifecycle=released_verified_stop range=null bearing=null rss=15.958405
         1788711955.305  4040  4073 I AebsFrameSubscriber: onMessagesAvailable callback
         1788711955.306  4040  4073 I AebsFrameSubscriber: readNextMessages count=1
         1788711955.306  4040  4073 I MainActivity: onGatewayFrame: frame seq=2302 egoSpeed=6.9373956 pts=0 intervention=false warning=false braking=true lifecycle=released_verified_stop range=null bearing=null rss=15.958405
         1788711955.524  4040  4073 I AebsFrameSubscriber: readNextMessages count=2
         1788711955.524  4040  4073 I MainActivity: onGatewayFrame: frame seq=2303 egoSpeed=6.9373956 pts=0 intervention=false warning=false braking=true lifecycle=released_verified_stop range=null bearing=null rss=15.958405
         1788711955.524  4040  4073 I MainActivity: onGatewayFrame: frame seq=2304 egoSpeed=6.9373956 pts=0 intervention=false warning=false braking=true lifecycle=released_verified_stop range=null bearing=null rss=15.958405
         1788711955.524  4040  4073 I AebsFrameSubscriber: onMessagesAvailable callback
         1788711955.525  4040  4073 I AebsFrameSubscriber: onMessagesAvailable callback
         1788711955.605  4040  4073 I AebsFrameSubscriber: onMessagesAvailable callback
         1788711955.605  4040  4073 I AebsFrameSubscriber: readNextMessages count=1
         1788711955.605  4040  4073 I MainActivity: onGatewayFrame: frame seq=2305 egoSpeed=6.9373956 pts=0 intervention=false warning=false braking=true lifecycle=released_verified_stop range=null bearing=null rss=15.958405
         1788711955.705  4040  4073 I AebsFrameSubscriber: onMessagesAvailable callback
         1788711955.705  4040  4073 I AebsFrameSubscriber: readNextMessages count=1
         1788711955.705  4040  4073 I MainActivity: onGatewayFrame: frame seq=2306 egoSpeed=6.9373956 pts=0 intervention=false warning=false braking=true lifecycle=released_verified_stop range=null bearing=null rss=15.958405
         1788711955.805  4040  4073 I AebsFrameSubscriber: onMessagesAvailable callback
         1788711955.805  4040  4073 I AebsFrameSubscriber: readNextMessages count=1
         1788711955.805  4040  4073 I MainActivity: onGatewayFrame: frame seq=2307 egoSpeed=6.9373956 pts=0 intervention=false warning=false braking=true lifecycle=released_verified_stop range=null bearing=null rss=15.958405
         1788711955.905  4040  4073 I AebsFrameSubscriber: onMessagesAvailable callback
         1788711955.905  4040  4073 I AebsFrameSubscriber: readNextMessages count=1
         1788711955.905  4040  4073 I MainActivity: onGatewayFrame: frame seq=2308 egoSpeed=6.9373956 pts=0 intervention=false warning=false braking=true lifecycle=released_verified_stop range=null bearing=null rss=15.958405
         1788711956.005  4040  4073 I AebsFrameSubscriber: onMessagesAvailable callback
         1788711956.005  4040  4073 I AebsFrameSubscriber: readNextMessages count=1
         1788711956.005  4040  4073 I MainActivity: onGatewayFrame: frame seq=2309 egoSpeed=6.9373956 pts=0 intervention=false warning=false braking=true lifecycle=released_verified_stop range=null bearing=null rss=15.958405
         1788711956.105  4040  4073 I AebsFrameSubscriber: onMessagesAvailable callback
         1788711956.105  4040  4073 I AebsFrameSubscriber: readNextMessages count=1
         1788711956.105  4040  4073 I MainActivity: onGatewayFrame: frame seq=2310 egoSpeed=6.9373956 pts=0 intervention=false warning=false braking=true lifecycle=released_verified_stop range=null bearing=null rss=15.958405
         1788711956.205  4040  4073 I AebsFrameSubscriber: onMessagesAvailable callback
         1788711956.205  4040  4073 I AebsFrameSubscriber: readNextMessages count=1
         1788711956.205  4040  4073 I MainActivity: onGatewayFrame: frame seq=2311 egoSpeed=6.9373956 pts=0 intervention=false warning=false braking=true lifecycle=released_verified_stop range=null bearing=null rss=15.958405
         1788711956.305  4040  4073 I AebsFrameSubscriber: onMessagesAvailable callback
         1788711956.305  4040  4073 I AebsFrameSubscriber: readNextMessages count=1
         1788711956.305  4040  4073 I MainActivity: onGatewayFrame: frame seq=2312 egoSpeed=6.9373956 pts=0 intervention=false warning=false braking=true lifecycle=released_verified_stop range=null bearing=null rss=15.958405
         1788711956.404  4040  4073 I AebsFrameSubscriber: onMessagesAvailable callback
         1788711956.405  4040  4073 I AebsFrameSubscriber: readNextMessages count=1
         1788711956.405  4040  4073 I MainActivity: onGatewayFrame: frame seq=2313 egoSpeed=6.9373956 pts=0 intervention=false warning=false braking=true lifecycle=released_verified_stop range=null bearing=null rss=15.958405
         1788711956.504  4040  4073 I AebsFrameSubscriber: onMessagesAvailable callback
         1788711956.505  4040  4073 I AebsFrameSubscriber: readNextMessages count=1
         1788711956.505  4040  4073 I MainActivity: onGatewayFrame: frame seq=2314 egoSpeed=6.9373956 pts=0 intervention=false warning=false braking=true lifecycle=released_verified_stop range=null bearing=null rss=15.958405
         1788711956.605  4040  4073 I AebsFrameSubscriber: onMessagesAvailable callback
         1788711956.605  4040  4073 I AebsFrameSubscriber: readNextMessages count=1
         1788711956.606  4040  4073 I MainActivity: onGatewayFrame: frame seq=2315 egoSpeed=6.9373956 pts=0 intervention=false warning=false braking=true lifecycle=released_verified_stop range=null bearing=null rss=15.958405
         1788711956.705  4040  4073 I AebsFrameSubscriber: onMessagesAvailable callback
         1788711956.705  4040  4073 I AebsFrameSubscriber: readNextMessages count=1
         1788711956.705  4040  4073 I MainActivity: onGatewayFrame: frame seq=2316 egoSpeed=6.9373956 pts=0 intervention=false warning=false braking=true lifecycle=released_verified_stop range=null bearing=null rss=15.958405
         1788711956.805  4040  4073 I AebsFrameSubscriber: onMessagesAvailable callback
         1788711956.805  4040  4073 I AebsFrameSubscriber: readNextMessages count=1
         1788711956.805  4040  4073 I MainActivity: onGatewayFrame: frame seq=2317 egoSpeed=6.9373956 pts=0 intervention=false warning=false braking=true lifecycle=released_verified_stop range=null bearing=null rss=15.958405
         1788711956.905  4040  4073 I AebsFrameSubscriber: onMessagesAvailable callback
         1788711956.905  4040  4073 I AebsFrameSubscriber: readNextMessages count=1
         1788711956.905  4040  4073 I MainActivity: onGatewayFrame: frame seq=2318 egoSpeed=6.9373956 pts=0 intervention=false warning=false braking=true lifecycle=released_verified_stop range=null bearing=null rss=15.958405
         1788711957.005  4040  4073 I AebsFrameSubscriber: onMessagesAvailable callback
         1788711957.005  4040  4073 I AebsFrameSubscriber: readNextMessages count=1
         1788711957.005  4040  4073 I MainActivity: onGatewayFrame: frame seq=2319 egoSpeed=6.9373956 pts=0 intervention=false warning=false braking=true lifecycle=released_verified_stop range=null bearing=null rss=15.958405
         1788711957.105  4040  4073 I AebsFrameSubscriber: onMessagesAvailable callback
         1788711957.105  4040  4073 I AebsFrameSubscriber: readNextMessages count=1
         1788711957.105  4040  4073 I MainActivity: onGatewayFrame: frame seq=2320 egoSpeed=6.9373956 pts=0 intervention=false warning=false braking=true lifecycle=released_verified_stop range=null bearing=null rss=15.958405
         1788711957.205  4040  4073 I AebsFrameSubscriber: onMessagesAvailable callback
         1788711957.205  4040  4073 I AebsFrameSubscriber: readNextMessages count=1
         1788711957.205  4040  4073 I MainActivity: onGatewayFrame: frame seq=2321 egoSpeed=6.9373956 pts=0 intervention=false warning=false braking=true lifecycle=released_verified_stop range=null bearing=null rss=15.958405
         1788711957.305  4040  4073 I AebsFrameSubscriber: onMessagesAvailable callback
         1788711957.305  4040  4073 I AebsFrameSubscriber: readNextMessages count=1
         1788711957.305  4040  4073 I MainActivity: onGatewayFrame: frame seq=2322 egoSpeed=6.9373956 pts=0 intervention=false warning=false braking=true lifecycle=released_verified_stop range=null bearing=null rss=15.958405
         1788711957.405  4040  4073 I AebsFrameSubscriber: onMessagesAvailable callback
         1788711957.405  4040  4073 I AebsFrameSubscriber: readNextMessages count=1
         1788711957.405  4040  4073 I MainActivity: onGatewayFrame: frame seq=2323 egoSpeed=6.9373956 pts=0 intervention=false warning=false braking=true lifecycle=released_verified_stop range=null bearing=null rss=15.958405
         1788711957.504  4040  4073 I AebsFrameSubscriber: onMessagesAvailable callback
         1788711957.505  4040  4073 I AebsFrameSubscriber: readNextMessages count=1
         1788711957.505  4040  4073 I MainActivity: onGatewayFrame: frame seq=2324 egoSpeed=6.9373956 pts=0 intervention=false warning=false braking=true lifecycle=released_verified_stop range=null bearing=null rss=15.958405
         1788711957.604  4040  4073 I AebsFrameSubscriber: onMessagesAvailable callback
         1788711957.605  4040  4073 I AebsFrameSubscriber: readNextMessages count=1
         1788711957.605  4040  4073 I MainActivity: onGatewayFrame: frame seq=2325 egoSpeed=6.9373956 pts=0 intervention=false warning=false braking=true lifecycle=released_verified_stop range=null bearing=null rss=15.958405
         1788711957.705  4040  4073 I AebsFrameSubscriber: onMessagesAvailable callback
         1788711957.705  4040  4073 I AebsFrameSubscriber: readNextMessages count=1
         1788711957.705  4040  4073 I MainActivity: onGatewayFrame: frame seq=2326 egoSpeed=6.9373956 pts=0 intervention=false warning=false braking=true lifecycle=released_verified_stop range=null bearing=null rss=15.958405
         1788711957.805  4040  4073 I AebsFrameSubscriber: onMessagesAvailable callback
         1788711957.805  4040  4073 I AebsFrameSubscriber: readNextMessages count=1
         1788711957.805  4040  4073 I MainActivity: onGatewayFrame: frame seq=2327 egoSpeed=6.9373956 pts=0 intervention=false warning=false braking=true lifecycle=released_verified_stop range=null bearing=null rss=15.958405
         1788711957.904  4040  4073 I AebsFrameSubscriber: onMessagesAvailable callback
         1788711957.905  4040  4073 I AebsFrameSubscriber: readNextMessages count=1
         1788711957.905  4040  4073 I MainActivity: onGatewayFrame: frame seq=2328 egoSpeed=6.9373956 pts=0 intervention=false warning=false braking=true lifecycle=released_verified_stop range=null bearing=null rss=15.958405
         1788711958.004  4040  4073 I AebsFrameSubscriber: onMessagesAvailable callback
         1788711958.005  4040  4073 I AebsFrameSubscriber: readNextMessages count=1
         1788711958.005  4040  4073 I MainActivity: onGatewayFrame: frame seq=2329 egoSpeed=6.9373956 pts=0 intervention=false warning=false braking=true lifecycle=released_verified_stop range=null bearing=null rss=15.958405
         1788711958.104  4040  4073 I AebsFrameSubscriber: onMessagesAvailable callback
         1788711958.105  4040  4073 I AebsFrameSubscriber: readNextMessages count=1
         1788711958.105  4040  4073 I MainActivity: onGatewayFrame: frame seq=2330 egoSpeed=6.9373956 pts=0 intervention=false warning=false braking=true lifecycle=released_verified_stop range=null bearing=null rss=15.958405
         1788711958.205  4040  4073 I AebsFrameSubscriber: onMessagesAvailable callback
         1788711958.205  4040  4073 I AebsFrameSubscriber: readNextMessages count=1
         1788711958.205  4040  4073 I MainActivity: onGatewayFrame: frame seq=2331 egoSpeed=6.9373956 pts=0 intervention=false warning=false braking=true lifecycle=released_verified_stop range=null bearing=null rss=15.958405
         1788711958.304  4040  4073 I AebsFrameSubscriber: onMessagesAvailable callback
         1788711958.305  4040  4073 I AebsFrameSubscriber: readNextMessages count=1
         1788711958.305  4040  4073 I MainActivity: onGatewayFrame: frame seq=2332 egoSpeed=6.9373956 pts=0 intervention=false warning=false braking=true lifecycle=released_verified_stop range=null bearing=null rss=15.958405
         1788711958.405  4040  4073 I AebsFrameSubscriber: onMessagesAvailable callback
         1788711958.405  4040  4073 I AebsFrameSubscriber: readNextMessages count=1
         1788711958.405  4040  4073 I MainActivity: onGatewayFrame: frame seq=2333 egoSpeed=6.9373956 pts=0 intervention=false warning=false braking=true lifecycle=released_verified_stop range=null bearing=null rss=15.958405
         1788711958.504  4040  4073 I AebsFrameSubscriber: onMessagesAvailable callback
         1788711958.505  4040  4073 I AebsFrameSubscriber: readNextMessages count=1
         1788711958.505  4040  4073 I MainActivity: onGatewayFrame: frame seq=2334 egoSpeed=6.9373956 pts=0 intervention=false warning=false braking=true lifecycle=released_verified_stop range=null bearing=null rss=15.958405
         1788711958.605  4040  4073 I AebsFrameSubscriber: onMessagesAvailable callback
         1788711958.605  4040  4073 I AebsFrameSubscriber: readNextMessages count=1
         1788711958.605  4040  4073 I MainActivity: onGatewayFrame: frame seq=2335 egoSpeed=6.9373956 pts=0 intervention=false warning=false braking=true lifecycle=released_verified_stop range=null bearing=null rss=15.958405
         1788711958.704  4040  4073 I AebsFrameSubscriber: onMessagesAvailable callback
         1788711958.705  4040  4073 I AebsFrameSubscriber: readNextMessages count=1
         1788711958.705  4040  4073 I MainActivity: onGatewayFrame: frame seq=2336 egoSpeed=6.9373956 pts=0 intervention=false warning=false braking=true lifecycle=released_verified_stop range=null bearing=null rss=15.958405
         1788711958.805  4040  4073 I AebsFrameSubscriber: onMessagesAvailable callback
         1788711958.805  4040  4073 I AebsFrameSubscriber: readNextMessages count=1
         1788711958.805  4040  4073 I MainActivity: onGatewayFrame: frame seq=2337 egoSpeed=6.9373956 pts=0 intervention=false warning=false braking=true lifecycle=released_verified_stop range=null bearing=null rss=15.958405
         1788711958.904  4040  4073 I AebsFrameSubscriber: onMessagesAvailable callback
         1788711958.905  4040  4073 I AebsFrameSubscriber: readNextMessages count=1
         1788711958.905  4040  4073 I MainActivity: onGatewayFrame: frame seq=2338 egoSpeed=6.9373956 pts=0 intervention=false warning=false braking=true lifecycle=released_verified_stop range=null bearing=null rss=15.958405
         1788711959.004  4040  4073 I AebsFrameSubscriber: onMessagesAvailable callback
         1788711959.005  4040  4073 I AebsFrameSubscriber: readNextMessages count=1
         1788711959.005  4040  4073 I MainActivity: onGatewayFrame: frame seq=2339 egoSpeed=6.9373956 pts=0 intervention=false warning=false braking=true lifecycle=released_verified_stop range=null bearing=null rss=15.958405
         1788711959.104  4040  4073 I AebsFrameSubscriber: onMessagesAvailable callback
         1788711959.105  4040  4073 I AebsFrameSubscriber: readNextMessages count=1
         1788711959.105  4040  4073 I MainActivity: onGatewayFrame: frame seq=2340 egoSpeed=6.9373956 pts=0 intervention=false warning=false braking=true lifecycle=released_verified_stop range=null bearing=null rss=15.958405
         1788711959.204  4040  4073 I AebsFrameSubscriber: onMessagesAvailable callback
         1788711959.205  4040  4073 I AebsFrameSubscriber: readNextMessages count=1
         1788711959.205  4040  4073 I MainActivity: onGatewayFrame: frame seq=2341 egoSpeed=6.9373956 pts=0 intervention=false warning=false braking=true lifecycle=released_verified_stop range=null bearing=null rss=15.958405
         1788711959.304  4040  4073 I AebsFrameSubscriber: onMessagesAvailable callback
         1788711959.304  4040  4073 I AebsFrameSubscriber: readNextMessages count=1
         1788711959.305  4040  4073 I MainActivity: onGatewayFrame: frame seq=2342 egoSpeed=6.9373956 pts=0 intervention=false warning=false braking=true lifecycle=released_verified_stop range=null bearing=null rss=15.958405
         1788711959.404  4040  4073 I AebsFrameSubscriber: onMessagesAvailable callback
         1788711959.405  4040  4073 I AebsFrameSubscriber: readNextMessages count=1
         1788711959.405  4040  4073 I MainActivity: onGatewayFrame: frame seq=2343 egoSpeed=6.9373956 pts=0 intervention=false warning=false braking=true lifecycle=released_verified_stop range=null bearing=null rss=15.958405
         1788711959.530  4040  4073 I AebsFrameSubscriber: readNextMessages count=1
         1788711959.530  4040  4073 I MainActivity: onGatewayFrame: frame seq=2344 egoSpeed=6.9373956 pts=0 intervention=false warning=false braking=true lifecycle=released_verified_stop range=null bearing=null rss=15.958405
         1788711959.531  4040  4073 I AebsFrameSubscriber: onMessagesAvailable callback
         1788711959.605  4040  4073 I AebsFrameSubscriber: onMessagesAvailable callback
         1788711959.605  4040  4073 I AebsFrameSubscriber: readNextMessages count=1
         1788711959.605  4040  4073 I MainActivity: onGatewayFrame: frame seq=2345 egoSpeed=6.9373956 pts=0 intervention=false warning=false braking=true lifecycle=released_verified_stop range=null bearing=null rss=15.958405
         1788711959.704  4040  4073 I AebsFrameSubscriber: onMessagesAvailable callback
         1788711959.705  4040  4073 I AebsFrameSubscriber: readNextMessages count=1
         1788711959.705  4040  4073 I MainActivity: onGatewayFrame: frame seq=2346 egoSpeed=6.9373956 pts=0 intervention=false warning=false braking=true lifecycle=released_verified_stop range=null bearing=null rss=15.958405
         1788711959.804  4040  4073 I AebsFrameSubscriber: onMessagesAvailable callback
         1788711959.805  4040  4073 I AebsFrameSubscriber: readNextMessages count=1
         1788711959.805  4040  4073 I MainActivity: onGatewayFrame: frame seq=2347 egoSpeed=6.9373956 pts=0 intervention=false warning=false braking=true lifecycle=released_verified_stop range=null bearing=null rss=15.958405
         1788711959.904  4040  4073 I AebsFrameSubscriber: onMessagesAvailable callback
         1788711959.905  4040  4073 I AebsFrameSubscriber: readNextMessages count=1
         1788711959.905  4040  4073 I MainActivity: onGatewayFrame: frame seq=2348 egoSpeed=6.9373956 pts=0 intervention=false warning=false braking=true lifecycle=released_verified_stop range=null bearing=null rss=15.958405
         1788711960.004  4040  4073 I AebsFrameSubscriber: onMessagesAvailable callback
         1788711960.005  4040  4073 I AebsFrameSubscriber: readNextMessages count=1
         1788711960.005  4040  4073 I MainActivity: onGatewayFrame: frame seq=2349 egoSpeed=6.9373956 pts=0 intervention=false warning=false braking=true lifecycle=released_verified_stop range=null bearing=null rss=15.958405
         1788711960.104  4040  4073 I AebsFrameSubscriber: onMessagesAvailable callback
         1788711960.104  4040  4073 I AebsFrameSubscriber: readNextMessages count=1
         1788711960.105  4040  4073 I MainActivity: onGatewayFrame: frame seq=2350 egoSpeed=6.9373956 pts=0 intervention=false warning=false braking=true lifecycle=released_verified_stop range=null bearing=null rss=15.958405
         1788711960.205  4040  4073 I AebsFrameSubscriber: onMessagesAvailable callback
         1788711960.205  4040  4073 I AebsFrameSubscriber: readNextMessages count=1
         1788711960.205  4040  4073 I MainActivity: onGatewayFrame: frame seq=2351 egoSpeed=6.9373956 pts=0 intervention=false warning=false braking=true lifecycle=released_verified_stop range=null bearing=null rss=15.958405
         1788711960.304  4040  4073 I AebsFrameSubscriber: onMessagesAvailable callback
         1788711960.305  4040  4073 I AebsFrameSubscriber: readNextMessages count=1
         1788711960.305  4040  4073 I MainActivity: onGatewayFrame: frame seq=2352 egoSpeed=6.9373956 pts=0 intervention=false warning=false braking=true lifecycle=released_verified_stop range=null bearing=null rss=15.958405
         1788711960.404  4040  4073 I AebsFrameSubscriber: onMessagesAvailable callback
         1788711960.405  4040  4073 I AebsFrameSubscriber: readNextMessages count=1
         1788711960.405  4040  4073 I MainActivity: onGatewayFrame: frame seq=2353 egoSpeed=6.9373956 pts=0 intervention=false warning=false braking=true lifecycle=released_verified_stop range=null bearing=null rss=15.958405
         1788711960.504  4040  4073 I AebsFrameSubscriber: onMessagesAvailable callback
         1788711960.505  4040  4073 I AebsFrameSubscriber: readNextMessages count=1
         1788711960.505  4040  4073 I MainActivity: onGatewayFrame: frame seq=2354 egoSpeed=6.9373956 pts=0 intervention=false warning=false braking=true lifecycle=released_verified_stop range=null bearing=null rss=15.958405
         1788711960.604  4040  4073 I AebsFrameSubscriber: onMessagesAvailable callback
         1788711960.604  4040  4073 I AebsFrameSubscriber: readNextMessages count=1
         1788711960.605  4040  4073 I MainActivity: onGatewayFrame: frame seq=2355 egoSpeed=6.9373956 pts=0 intervention=false warning=false braking=true lifecycle=released_verified_stop range=null bearing=null rss=15.958405
         1788711960.704  4040  4073 I AebsFrameSubscriber: onMessagesAvailable callback
         1788711960.705  4040  4073 I AebsFrameSubscriber: readNextMessages count=1
         1788711960.705  4040  4073 I MainActivity: onGatewayFrame: frame seq=2356 egoSpeed=6.9373956 pts=0 intervention=false warning=false braking=true lifecycle=released_verified_stop range=null bearing=null rss=15.958405
         1788711960.804  4040  4073 I AebsFrameSubscriber: onMessagesAvailable callback
         1788711960.804  4040  4073 I AebsFrameSubscriber: readNextMessages count=1
         1788711960.804  4040  4073 I MainActivity: onGatewayFrame: frame seq=2357 egoSpeed=6.9373956 pts=0 intervention=false warning=false braking=true lifecycle=released_verified_stop range=null bearing=null rss=15.958405
         1788711960.904  4040  4073 I AebsFrameSubscriber: onMessagesAvailable callback
         1788711960.905  4040  4073 I AebsFrameSubscriber: readNextMessages count=1
         1788711960.905  4040  4073 I MainActivity: onGatewayFrame: frame seq=2358 egoSpeed=6.9373956 pts=0 intervention=false warning=false braking=true lifecycle=released_verified_stop range=null bearing=null rss=15.958405
         1788711961.004  4040  4073 I AebsFrameSubscriber: onMessagesAvailable callback
         1788711961.004  4040  4073 I AebsFrameSubscriber: readNextMessages count=1
         1788711961.004  4040  4073 I MainActivity: onGatewayFrame: frame seq=2359 egoSpeed=6.9373956 pts=0 intervention=false warning=false braking=true lifecycle=released_verified_stop range=null bearing=null rss=15.958405
         1788711961.104  4040  4073 I AebsFrameSubscriber: onMessagesAvailable callback
         1788711961.104  4040  4073 I AebsFrameSubscriber: readNextMessages count=1
         1788711961.105  4040  4073 I MainActivity: onGatewayFrame: frame seq=2360 egoSpeed=6.9373956 pts=0 intervention=false warning=false braking=true lifecycle=released_verified_stop range=null bearing=null rss=15.958405
         1788711961.204  4040  4073 I AebsFrameSubscriber: onMessagesAvailable callback
         1788711961.205  4040  4073 I AebsFrameSubscriber: readNextMessages count=1
         1788711961.205  4040  4073 I MainActivity: onGatewayFrame: frame seq=2361 egoSpeed=6.9373956 pts=0 intervention=false warning=false braking=true lifecycle=released_verified_stop range=null bearing=null rss=15.958405
         1788711961.304  4040  4073 I AebsFrameSubscriber: onMessagesAvailable callback
         1788711961.304  4040  4073 I AebsFrameSubscriber: readNextMessages count=1
         1788711961.304  4040  4073 I MainActivity: onGatewayFrame: frame seq=2362 egoSpeed=6.9373956 pts=0 intervention=false warning=false braking=true lifecycle=released_verified_stop range=null bearing=null rss=15.958405
         1788711961.404  4040  4073 I AebsFrameSubscriber: onMessagesAvailable callback
         1788711961.404  4040  4073 I AebsFrameSubscriber: readNextMessages count=1
         1788711961.404  4040  4073 I MainActivity: onGatewayFrame: frame seq=2363 egoSpeed=6.9373956 pts=0 intervention=false warning=false braking=true lifecycle=released_verified_stop range=null bearing=null rss=15.958405
         1788711961.504  4040  4073 I AebsFrameSubscriber: onMessagesAvailable callback
         1788711961.504  4040  4073 I AebsFrameSubscriber: readNextMessages count=1
         1788711961.504  4040  4073 I MainActivity: onGatewayFrame: frame seq=2364 egoSpeed=6.9373956 pts=0 intervention=false warning=false braking=true lifecycle=released_verified_stop range=null bearing=null rss=15.958405
         1788711961.604  4040  4073 I AebsFrameSubscriber: onMessagesAvailable callback
         1788711961.604  4040  4073 I AebsFrameSubscriber: readNextMessages count=1
         1788711961.604  4040  4073 I MainActivity: onGatewayFrame: frame seq=2365 egoSpeed=6.9373956 pts=0 intervention=false warning=false braking=true lifecycle=released_verified_stop range=null bearing=null rss=15.958405
         1788711961.704  4040  4073 I AebsFrameSubscriber: onMessagesAvailable callback
         1788711961.704  4040  4073 I AebsFrameSubscriber: readNextMessages count=1
         1788711961.705  4040  4073 I MainActivity: onGatewayFrame: frame seq=2366 egoSpeed=6.9373956 pts=0 intervention=false warning=false braking=true lifecycle=released_verified_stop range=null bearing=null rss=15.958405
         1788711961.804  4040  4073 I AebsFrameSubscriber: onMessagesAvailable callback
         1788711961.805  4040  4073 I AebsFrameSubscriber: readNextMessages count=1
         1788711961.805  4040  4073 I MainActivity: onGatewayFrame: frame seq=2367 egoSpeed=6.9373956 pts=0 intervention=false warning=false braking=true lifecycle=released_verified_stop range=null bearing=null rss=15.958405
         1788711961.904  4040  4073 I AebsFrameSubscriber: onMessagesAvailable callback
         1788711961.905  4040  4073 I AebsFrameSubscriber: readNextMessages count=1
         1788711961.905  4040  4073 I MainActivity: onGatewayFrame: frame seq=2368 egoSpeed=6.9373956 pts=0 intervention=false warning=false braking=true lifecycle=released_verified_stop range=null bearing=null rss=15.958405
         1788711962.004  4040  4073 I AebsFrameSubscriber: onMessagesAvailable callback
         1788711962.005  4040  4073 I AebsFrameSubscriber: readNextMessages count=1
         1788711962.005  4040  4073 I MainActivity: onGatewayFrame: frame seq=2369 egoSpeed=6.9373956 pts=0 intervention=false warning=false braking=true lifecycle=released_verified_stop range=null bearing=null rss=15.958405
         1788711962.104  4040  4073 I AebsFrameSubscriber: onMessagesAvailable callback
         1788711962.104  4040  4073 I AebsFrameSubscriber: readNextMessages count=1
         1788711962.105  4040  4073 I MainActivity: onGatewayFrame: frame seq=2370 egoSpeed=6.9373956 pts=0 intervention=false warning=false braking=true lifecycle=released_verified_stop range=null bearing=null rss=15.958405
         1788711962.204  4040  4073 I AebsFrameSubscriber: onMessagesAvailable callback
         1788711962.205  4040  4073 I AebsFrameSubscriber: readNextMessages count=1
         1788711962.205  4040  4073 I MainActivity: onGatewayFrame: frame seq=2371 egoSpeed=6.9373956 pts=0 intervention=false warning=false braking=true lifecycle=released_verified_stop range=null bearing=null rss=15.958405
         1788711962.304  4040  4073 I AebsFrameSubscriber: onMessagesAvailable callback
         1788711962.305  4040  4073 I AebsFrameSubscriber: readNextMessages count=1
         1788711962.305  4040  4073 I MainActivity: onGatewayFrame: frame seq=2372 egoSpeed=6.9373956 pts=0 intervention=false warning=false braking=true lifecycle=released_verified_stop range=null bearing=null rss=15.958405
         1788711962.404  4040  4073 I AebsFrameSubscriber: onMessagesAvailable callback
         1788711962.405  4040  4073 I AebsFrameSubscriber: readNextMessages count=1
         1788711962.405  4040  4073 I MainActivity: onGatewayFrame: frame seq=2373 egoSpeed=6.9373956 pts=0 intervention=false warning=false braking=true lifecycle=released_verified_stop range=null bearing=null rss=15.958405
         1788711962.504  4040  4073 I AebsFrameSubscriber: onMessagesAvailable callback
         1788711962.504  4040  4073 I AebsFrameSubscriber: readNextMessages count=1
         1788711962.505  4040  4073 I MainActivity: onGatewayFrame: frame seq=2374 egoSpeed=6.9373956 pts=0 intervention=false warning=false braking=true lifecycle=released_verified_stop range=null bearing=null rss=15.958405
         1788711962.604  4040  4073 I AebsFrameSubscriber: onMessagesAvailable callback
         1788711962.604  4040  4073 I AebsFrameSubscriber: readNextMessages count=1
         1788711962.604  4040  4073 I MainActivity: onGatewayFrame: frame seq=2375 egoSpeed=6.9373956 pts=0 intervention=false warning=false braking=true lifecycle=released_verified_stop range=null bearing=null rss=15.958405
         1788711962.704  4040  4073 I AebsFrameSubscriber: onMessagesAvailable callback
         1788711962.705  4040  4073 I AebsFrameSubscriber: readNextMessages count=1
         1788711962.705  4040  4073 I MainActivity: onGatewayFrame: frame seq=2376 egoSpeed=6.9373956 pts=0 intervention=false warning=false braking=true lifecycle=released_verified_stop range=null bearing=null rss=15.958405
         1788711962.804  4040  4073 I AebsFrameSubscriber: onMessagesAvailable callback
         1788711962.804  4040  4073 I AebsFrameSubscriber: readNextMessages count=1
         1788711962.804  4040  4073 I MainActivity: onGatewayFrame: frame seq=2377 egoSpeed=6.9373956 pts=0 intervention=false warning=false braking=true lifecycle=released_verified_stop range=null bearing=null rss=15.958405
         1788711962.904  4040  4073 I AebsFrameSubscriber: onMessagesAvailable callback
         1788711962.905  4040  4073 I AebsFrameSubscriber: readNextMessages count=1
         1788711962.905  4040  4073 I MainActivity: onGatewayFrame: frame seq=2378 egoSpeed=6.9373956 pts=0 intervention=false warning=false braking=true lifecycle=released_verified_stop range=null bearing=null rss=15.958405
         1788711963.004  4040  4073 I AebsFrameSubscriber: onMessagesAvailable callback
         1788711963.004  4040  4073 I AebsFrameSubscriber: readNextMessages count=1
         1788711963.005  4040  4073 I MainActivity: onGatewayFrame: frame seq=2379 egoSpeed=6.9373956 pts=0 intervention=false warning=false braking=true lifecycle=released_verified_stop range=null bearing=null rss=15.958405
