--------- beginning of main
         1788689028.833  3322  3378 I AebsFrameSubscriber: initComms ok
         1788689028.860  3322  3378 I AebsFrameSubscriber: subscribed to topic=aebs-visualization-frame
         1788689028.860  3322  3378 I AebsFrameSubscriber: message poller started period_ms=100
         1788689028.860  3322  3378 I MainActivity: Gateway subscription active
         1788689044.076  3954  3987 I AebsFrameSubscriber: initComms ok
         1788689044.099  3954  3987 I AebsFrameSubscriber: subscribed to topic=aebs-visualization-frame
         1788689044.099  3954  3987 I AebsFrameSubscriber: message poller started period_ms=100
         1788689044.099  3954  3987 I MainActivity: Gateway subscription active
         1788689170.722  3954  3987 I AebsFrameSubscriber: onMessagesAvailable callback
         1788689170.753  3954  3987 I AebsFrameSubscriber: readNextMessages count=1
         1788689170.754  3954  3987 I MainActivity: onGatewayFrame: frame seq=1072 egoSpeed=6.5625253 pts=0 intervention=false warning=false braking=false lifecycle=armed range=null bearing=null rss=null
         1788689170.822  3954  3987 I AebsFrameSubscriber: onMessagesAvailable callback
         1788689170.822  3954  3987 I AebsFrameSubscriber: readNextMessages count=1
         1788689170.823  3954  3987 I MainActivity: onGatewayFrame: frame seq=1073 egoSpeed=6.5625253 pts=0 intervention=false warning=false braking=false lifecycle=armed range=null bearing=null rss=null
         1788689170.922  3954  3987 I AebsFrameSubscriber: onMessagesAvailable callback
         1788689170.923  3954  3987 I AebsFrameSubscriber: readNextMessages count=1
         1788689170.923  3954  3987 I MainActivity: onGatewayFrame: frame seq=1074 egoSpeed=6.5625253 pts=0 intervention=false warning=false braking=false lifecycle=armed range=null bearing=null rss=null
         1788689171.022  3954  3987 I AebsFrameSubscriber: onMessagesAvailable callback
         1788689171.022  3954  3987 I AebsFrameSubscriber: readNextMessages count=1
         1788689171.023  3954  3987 I MainActivity: onGatewayFrame: frame seq=1075 egoSpeed=6.5625253 pts=0 intervention=false warning=false braking=false lifecycle=armed range=null bearing=null rss=null
         1788689171.122  3954  3987 I AebsFrameSubscriber: onMessagesAvailable callback
         1788689171.123  3954  3987 I AebsFrameSubscriber: readNextMessages count=1
         1788689171.123  3954  3987 I MainActivity: onGatewayFrame: frame seq=1076 egoSpeed=6.5625253 pts=0 intervention=false warning=false braking=false lifecycle=armed range=null bearing=null rss=null
         1788689171.222  3954  3987 I AebsFrameSubscriber: onMessagesAvailable callback
         1788689171.222  3954  3987 I AebsFrameSubscriber: readNextMessages count=1
         1788689171.223  3954  3987 I MainActivity: onGatewayFrame: frame seq=1077 egoSpeed=6.5625253 pts=0 intervention=false warning=false braking=false lifecycle=armed range=null bearing=null rss=null
         1788689171.322  3954  3987 I AebsFrameSubscriber: onMessagesAvailable callback
         1788689171.323  3954  3987 I AebsFrameSubscriber: readNextMessages count=1
         1788689171.323  3954  3987 I MainActivity: onGatewayFrame: frame seq=1078 egoSpeed=6.5625253 pts=0 intervention=false warning=false braking=false lifecycle=armed range=null bearing=null rss=null
         1788689171.422  3954  3987 I AebsFrameSubscriber: onMessagesAvailable callback
         1788689171.422  3954  3987 I AebsFrameSubscriber: readNextMessages count=1
         1788689171.423  3954  3987 I MainActivity: onGatewayFrame: frame seq=1079 egoSpeed=6.5625253 pts=0 intervention=false warning=false braking=false lifecycle=armed range=null bearing=null rss=null
         1788689171.522  3954  3987 I AebsFrameSubscriber: onMessagesAvailable callback
         1788689171.523  3954  3987 I AebsFrameSubscriber: readNextMessages count=1
         1788689171.523  3954  3987 I MainActivity: onGatewayFrame: frame seq=1080 egoSpeed=6.5625253 pts=0 intervention=false warning=false braking=false lifecycle=armed range=null bearing=null rss=null
         1788689171.622  3954  3987 I AebsFrameSubscriber: onMessagesAvailable callback
         1788689171.623  3954  3987 I AebsFrameSubscriber: readNextMessages count=1
         1788689171.623  3954  3987 I MainActivity: onGatewayFrame: frame seq=1081 egoSpeed=6.5625253 pts=0 intervention=false warning=false braking=false lifecycle=armed range=null bearing=null rss=null
         1788689171.722  3954  3987 I AebsFrameSubscriber: onMessagesAvailable callback
         1788689171.723  3954  3987 I AebsFrameSubscriber: readNextMessages count=1
         1788689171.723  3954  3987 I MainActivity: onGatewayFrame: frame seq=1082 egoSpeed=6.5625253 pts=0 intervention=false warning=false braking=false lifecycle=armed range=null bearing=null rss=null
         1788689171.822  3954  3987 I AebsFrameSubscriber: onMessagesAvailable callback
         1788689171.822  3954  3987 I AebsFrameSubscriber: readNextMessages count=1
         1788689171.822  3954  3987 I MainActivity: onGatewayFrame: frame seq=1083 egoSpeed=6.5625253 pts=0 intervention=false warning=false braking=false lifecycle=armed range=null bearing=null rss=null
         1788689171.922  3954  3987 I AebsFrameSubscriber: onMessagesAvailable callback
         1788689171.922  3954  3987 I AebsFrameSubscriber: readNextMessages count=1
         1788689171.923  3954  3987 I MainActivity: onGatewayFrame: frame seq=1084 egoSpeed=6.5625253 pts=0 intervention=false warning=false braking=false lifecycle=armed range=null bearing=null rss=null
         1788689172.022  3954  3987 I AebsFrameSubscriber: onMessagesAvailable callback
         1788689172.022  3954  3987 I AebsFrameSubscriber: readNextMessages count=1
         1788689172.022  3954  3987 I MainActivity: onGatewayFrame: frame seq=1085 egoSpeed=6.5625253 pts=0 intervention=false warning=false braking=false lifecycle=armed range=null bearing=null rss=null
         1788689172.122  3954  3987 I AebsFrameSubscriber: onMessagesAvailable callback
         1788689172.122  3954  3987 I AebsFrameSubscriber: readNextMessages count=1
         1788689172.122  3954  3987 I MainActivity: onGatewayFrame: frame seq=1086 egoSpeed=6.5625253 pts=0 intervention=false warning=false braking=false lifecycle=armed range=null bearing=null rss=null
         1788689172.222  3954  3987 I AebsFrameSubscriber: onMessagesAvailable callback
         1788689172.222  3954  3987 I AebsFrameSubscriber: readNextMessages count=1
         1788689172.223  3954  3987 I MainActivity: onGatewayFrame: frame seq=1087 egoSpeed=6.5625253 pts=0 intervention=false warning=false braking=false lifecycle=armed range=null bearing=null rss=null
         1788689172.322  3954  3987 I AebsFrameSubscriber: onMessagesAvailable callback
         1788689172.322  3954  3987 I AebsFrameSubscriber: readNextMessages count=1
         1788689172.323  3954  3987 I MainActivity: onGatewayFrame: frame seq=1088 egoSpeed=6.5625253 pts=0 intervention=false warning=false braking=false lifecycle=armed range=null bearing=null rss=null
         1788689172.422  3954  3987 I AebsFrameSubscriber: onMessagesAvailable callback
         1788689172.422  3954  3987 I AebsFrameSubscriber: readNextMessages count=1
         1788689172.422  3954  3987 I MainActivity: onGatewayFrame: frame seq=1089 egoSpeed=6.5625253 pts=0 intervention=false warning=false braking=false lifecycle=armed range=null bearing=null rss=null
         1788689172.522  3954  3987 I AebsFrameSubscriber: onMessagesAvailable callback
         1788689172.522  3954  3987 I AebsFrameSubscriber: readNextMessages count=1
         1788689172.522  3954  3987 I MainActivity: onGatewayFrame: frame seq=1090 egoSpeed=6.5625253 pts=0 intervention=false warning=false braking=false lifecycle=armed range=null bearing=null rss=null
         1788689172.622  3954  3987 I AebsFrameSubscriber: onMessagesAvailable callback
         1788689172.622  3954  3987 I AebsFrameSubscriber: readNextMessages count=1
         1788689172.622  3954  3987 I MainActivity: onGatewayFrame: frame seq=1091 egoSpeed=6.5625253 pts=0 intervention=false warning=false braking=false lifecycle=armed range=null bearing=null rss=null
         1788689172.722  3954  3987 I AebsFrameSubscriber: onMessagesAvailable callback
         1788689172.722  3954  3987 I AebsFrameSubscriber: readNextMessages count=1
         1788689172.723  3954  3987 I MainActivity: onGatewayFrame: frame seq=1092 egoSpeed=6.5625253 pts=0 intervention=false warning=false braking=false lifecycle=armed range=null bearing=null rss=null
         1788689172.822  3954  3987 I AebsFrameSubscriber: onMessagesAvailable callback
         1788689172.822  3954  3987 I AebsFrameSubscriber: readNextMessages count=1
         1788689172.822  3954  3987 I MainActivity: onGatewayFrame: frame seq=1093 egoSpeed=6.5625253 pts=0 intervention=false warning=false braking=false lifecycle=armed range=null bearing=null rss=null
         1788689172.922  3954  3987 I AebsFrameSubscriber: onMessagesAvailable callback
         1788689172.922  3954  3987 I AebsFrameSubscriber: readNextMessages count=1
         1788689172.922  3954  3987 I MainActivity: onGatewayFrame: frame seq=1094 egoSpeed=6.5625253 pts=0 intervention=false warning=false braking=false lifecycle=armed range=null bearing=null rss=null
         1788689173.022  3954  3987 I AebsFrameSubscriber: onMessagesAvailable callback
         1788689173.022  3954  3987 I AebsFrameSubscriber: readNextMessages count=1
         1788689173.022  3954  3987 I MainActivity: onGatewayFrame: frame seq=1095 egoSpeed=6.5625253 pts=0 intervention=false warning=false braking=false lifecycle=armed range=null bearing=null rss=null
         1788689173.122  3954  3987 I AebsFrameSubscriber: onMessagesAvailable callback
         1788689173.122  3954  3987 I AebsFrameSubscriber: readNextMessages count=1
         1788689173.122  3954  3987 I MainActivity: onGatewayFrame: frame seq=1096 egoSpeed=6.5625253 pts=0 intervention=false warning=false braking=false lifecycle=armed range=null bearing=null rss=null
         1788689173.222  3954  3987 I AebsFrameSubscriber: onMessagesAvailable callback
         1788689173.222  3954  3987 I AebsFrameSubscriber: readNextMessages count=1
         1788689173.222  3954  3987 I MainActivity: onGatewayFrame: frame seq=1097 egoSpeed=6.5625253 pts=0 intervention=false warning=false braking=false lifecycle=armed range=null bearing=null rss=null
         1788689173.322  3954  3987 I AebsFrameSubscriber: onMessagesAvailable callback
         1788689173.322  3954  3987 I AebsFrameSubscriber: readNextMessages count=1
         1788689173.322  3954  3987 I MainActivity: onGatewayFrame: frame seq=1098 egoSpeed=6.5625253 pts=0 intervention=false warning=false braking=false lifecycle=armed range=null bearing=null rss=null
         1788689173.422  3954  3987 I AebsFrameSubscriber: onMessagesAvailable callback
         1788689173.422  3954  3987 I AebsFrameSubscriber: readNextMessages count=1
         1788689173.422  3954  3987 I MainActivity: onGatewayFrame: frame seq=1099 egoSpeed=6.5625253 pts=0 intervention=false warning=false braking=false lifecycle=armed range=null bearing=null rss=null
         1788689173.522  3954  3987 I AebsFrameSubscriber: onMessagesAvailable callback
         1788689173.522  3954  3987 I AebsFrameSubscriber: readNextMessages count=1
         1788689173.523  3954  3987 I MainActivity: onGatewayFrame: frame seq=1100 egoSpeed=6.5625253 pts=0 intervention=false warning=false braking=false lifecycle=armed range=null bearing=null rss=null
         1788689173.622  3954  3987 I AebsFrameSubscriber: onMessagesAvailable callback
         1788689173.622  3954  3987 I AebsFrameSubscriber: readNextMessages count=1
         1788689173.623  3954  3987 I MainActivity: onGatewayFrame: frame seq=1101 egoSpeed=6.5625253 pts=0 intervention=false warning=false braking=false lifecycle=armed range=null bearing=null rss=null
         1788689173.722  3954  3987 I AebsFrameSubscriber: onMessagesAvailable callback
         1788689173.722  3954  3987 I AebsFrameSubscriber: readNextMessages count=1
         1788689173.722  3954  3987 I MainActivity: onGatewayFrame: frame seq=1102 egoSpeed=6.5625253 pts=0 intervention=false warning=false braking=false lifecycle=armed range=null bearing=null rss=null
         1788689173.822  3954  3987 I AebsFrameSubscriber: onMessagesAvailable callback
         1788689173.822  3954  3987 I AebsFrameSubscriber: readNextMessages count=1
         1788689173.822  3954  3987 I MainActivity: onGatewayFrame: frame seq=1103 egoSpeed=6.5625253 pts=0 intervention=false warning=false braking=false lifecycle=armed range=null bearing=null rss=null
         1788689173.922  3954  3987 I AebsFrameSubscriber: onMessagesAvailable callback
         1788689173.923  3954  3987 I AebsFrameSubscriber: readNextMessages count=1
         1788689173.923  3954  3987 I MainActivity: onGatewayFrame: frame seq=1104 egoSpeed=6.5625253 pts=0 intervention=false warning=false braking=false lifecycle=armed range=null bearing=null rss=null
         1788689174.021  3954  3987 I AebsFrameSubscriber: onMessagesAvailable callback
         1788689174.022  3954  3987 I AebsFrameSubscriber: readNextMessages count=1
         1788689174.022  3954  3987 I MainActivity: onGatewayFrame: frame seq=1105 egoSpeed=6.5625253 pts=0 intervention=false warning=false braking=false lifecycle=armed range=null bearing=null rss=null
         1788689174.122  3954  3987 I AebsFrameSubscriber: onMessagesAvailable callback
         1788689174.122  3954  3987 I AebsFrameSubscriber: readNextMessages count=1
         1788689174.122  3954  3987 I MainActivity: onGatewayFrame: frame seq=1106 egoSpeed=6.5625253 pts=0 intervention=false warning=false braking=false lifecycle=armed range=null bearing=null rss=null
         1788689174.222  3954  3987 I AebsFrameSubscriber: onMessagesAvailable callback
         1788689174.222  3954  3987 I AebsFrameSubscriber: readNextMessages count=1
         1788689174.222  3954  3987 I MainActivity: onGatewayFrame: frame seq=1107 egoSpeed=6.5625253 pts=0 intervention=false warning=false braking=false lifecycle=armed range=null bearing=null rss=null
         1788689174.322  3954  3987 I AebsFrameSubscriber: onMessagesAvailable callback
         1788689174.323  3954  3987 I AebsFrameSubscriber: readNextMessages count=1
         1788689174.323  3954  3987 I MainActivity: onGatewayFrame: frame seq=1108 egoSpeed=6.5625253 pts=0 intervention=false warning=false braking=false lifecycle=armed range=null bearing=null rss=null
         1788689174.421  3954  3987 I AebsFrameSubscriber: onMessagesAvailable callback
         1788689174.422  3954  3987 I AebsFrameSubscriber: readNextMessages count=1
         1788689174.422  3954  3987 I MainActivity: onGatewayFrame: frame seq=1109 egoSpeed=6.5625253 pts=0 intervention=false warning=false braking=false lifecycle=armed range=null bearing=null rss=null
         1788689174.521  3954  3987 I AebsFrameSubscriber: onMessagesAvailable callback
         1788689174.522  3954  3987 I AebsFrameSubscriber: readNextMessages count=1
         1788689174.522  3954  3987 I MainActivity: onGatewayFrame: frame seq=1110 egoSpeed=6.5625253 pts=0 intervention=false warning=false braking=false lifecycle=armed range=null bearing=null rss=null
         1788689174.622  3954  3987 I AebsFrameSubscriber: onMessagesAvailable callback
         1788689174.623  3954  3987 I AebsFrameSubscriber: readNextMessages count=1
         1788689174.623  3954  3987 I MainActivity: onGatewayFrame: frame seq=1111 egoSpeed=6.5625253 pts=0 intervention=false warning=false braking=false lifecycle=armed range=null bearing=null rss=null
         1788689174.839  3954  3987 I AebsFrameSubscriber: readNextMessages count=2
         1788689174.840  3954  3987 I MainActivity: onGatewayFrame: frame seq=1112 egoSpeed=6.5625253 pts=0 intervention=false warning=false braking=false lifecycle=armed range=null bearing=null rss=null
         1788689174.840  3954  3987 I MainActivity: onGatewayFrame: frame seq=1113 egoSpeed=6.5625253 pts=0 intervention=false warning=false braking=false lifecycle=armed range=null bearing=null rss=null
         1788689174.840  3954  3987 I AebsFrameSubscriber: onMessagesAvailable callback
         1788689174.840  3954  3987 I AebsFrameSubscriber: onMessagesAvailable callback
         1788689174.923  3954  3987 I AebsFrameSubscriber: onMessagesAvailable callback
         1788689174.923  3954  3987 I AebsFrameSubscriber: readNextMessages count=1
         1788689174.923  3954  3987 I MainActivity: onGatewayFrame: frame seq=1114 egoSpeed=6.5625253 pts=0 intervention=false warning=false braking=false lifecycle=armed range=null bearing=null rss=null
         1788689175.021  3954  3987 I AebsFrameSubscriber: onMessagesAvailable callback
         1788689175.022  3954  3987 I AebsFrameSubscriber: readNextMessages count=1
         1788689175.022  3954  3987 I MainActivity: onGatewayFrame: frame seq=1115 egoSpeed=6.5625253 pts=0 intervention=false warning=false braking=false lifecycle=armed range=null bearing=null rss=null
         1788689175.122  3954  3987 I AebsFrameSubscriber: onMessagesAvailable callback
         1788689175.123  3954  3987 I AebsFrameSubscriber: readNextMessages count=1
         1788689175.123  3954  3987 I MainActivity: onGatewayFrame: frame seq=1116 egoSpeed=6.5625253 pts=0 intervention=false warning=false braking=false lifecycle=armed range=null bearing=null rss=null
         1788689175.221  3954  3987 I AebsFrameSubscriber: onMessagesAvailable callback
         1788689175.222  3954  3987 I AebsFrameSubscriber: readNextMessages count=1
         1788689175.222  3954  3987 I MainActivity: onGatewayFrame: frame seq=1117 egoSpeed=6.5625253 pts=0 intervention=false warning=false braking=false lifecycle=armed range=null bearing=null rss=null
         1788689175.322  3954  3987 I AebsFrameSubscriber: onMessagesAvailable callback
         1788689175.323  3954  3987 I AebsFrameSubscriber: readNextMessages count=1
         1788689175.323  3954  3987 I MainActivity: onGatewayFrame: frame seq=1118 egoSpeed=6.5625253 pts=0 intervention=false warning=false braking=false lifecycle=armed range=null bearing=null rss=null
         1788689175.421  3954  3987 I AebsFrameSubscriber: onMessagesAvailable callback
         1788689175.422  3954  3987 I AebsFrameSubscriber: readNextMessages count=1
         1788689175.423  3954  3987 I MainActivity: onGatewayFrame: frame seq=1119 egoSpeed=6.5625253 pts=0 intervention=false warning=false braking=false lifecycle=armed range=null bearing=null rss=null
         1788689175.522  3954  3987 I AebsFrameSubscriber: onMessagesAvailable callback
         1788689175.523  3954  3987 I AebsFrameSubscriber: readNextMessages count=1
         1788689175.523  3954  3987 I MainActivity: onGatewayFrame: frame seq=1120 egoSpeed=6.5625253 pts=0 intervention=false warning=false braking=false lifecycle=armed range=null bearing=null rss=null
         1788689175.621  3954  3987 I AebsFrameSubscriber: onMessagesAvailable callback
         1788689175.622  3954  3987 I AebsFrameSubscriber: readNextMessages count=1
         1788689175.622  3954  3987 I MainActivity: onGatewayFrame: frame seq=1121 egoSpeed=6.5625253 pts=0 intervention=false warning=false braking=false lifecycle=armed range=null bearing=null rss=null
         1788689175.722  3954  3987 I AebsFrameSubscriber: onMessagesAvailable callback
         1788689175.722  3954  3987 I AebsFrameSubscriber: readNextMessages count=1
         1788689175.722  3954  3987 I MainActivity: onGatewayFrame: frame seq=1122 egoSpeed=6.5625253 pts=0 intervention=false warning=false braking=false lifecycle=armed range=null bearing=null rss=null
         1788689175.822  3954  3987 I AebsFrameSubscriber: onMessagesAvailable callback
         1788689175.822  3954  3987 I AebsFrameSubscriber: readNextMessages count=1
         1788689175.822  3954  3987 I MainActivity: onGatewayFrame: frame seq=1123 egoSpeed=6.5625253 pts=0 intervention=false warning=false braking=false lifecycle=armed range=null bearing=null rss=null
         1788689175.922  3954  3987 I AebsFrameSubscriber: onMessagesAvailable callback
         1788689175.923  3954  3987 I AebsFrameSubscriber: readNextMessages count=1
         1788689175.923  3954  3987 I MainActivity: onGatewayFrame: frame seq=1124 egoSpeed=6.5625253 pts=0 intervention=false warning=false braking=false lifecycle=armed range=null bearing=null rss=null
         1788689176.021  3954  3987 I AebsFrameSubscriber: onMessagesAvailable callback
         1788689176.022  3954  3987 I AebsFrameSubscriber: readNextMessages count=1
         1788689176.022  3954  3987 I MainActivity: onGatewayFrame: frame seq=1125 egoSpeed=6.5625253 pts=0 intervention=false warning=false braking=false lifecycle=armed range=null bearing=null rss=null
         1788689176.122  3954  3987 I AebsFrameSubscriber: onMessagesAvailable callback
         1788689176.123  3954  3987 I AebsFrameSubscriber: readNextMessages count=1
         1788689176.123  3954  3987 I MainActivity: onGatewayFrame: frame seq=1126 egoSpeed=6.5625253 pts=0 intervention=false warning=false braking=false lifecycle=armed range=null bearing=null rss=null
         1788689176.221  3954  3987 I AebsFrameSubscriber: onMessagesAvailable callback
         1788689176.222  3954  3987 I AebsFrameSubscriber: readNextMessages count=1
         1788689176.222  3954  3987 I MainActivity: onGatewayFrame: frame seq=1127 egoSpeed=6.5625253 pts=0 intervention=false warning=false braking=false lifecycle=armed range=null bearing=null rss=null
         1788689176.322  3954  3987 I AebsFrameSubscriber: onMessagesAvailable callback
         1788689176.322  3954  3987 I AebsFrameSubscriber: readNextMessages count=1
         1788689176.323  3954  3987 I MainActivity: onGatewayFrame: frame seq=1128 egoSpeed=6.5625253 pts=0 intervention=false warning=false braking=false lifecycle=armed range=null bearing=null rss=null
         1788689176.421  3954  3987 I AebsFrameSubscriber: onMessagesAvailable callback
         1788689176.422  3954  3987 I AebsFrameSubscriber: readNextMessages count=1
         1788689176.422  3954  3987 I MainActivity: onGatewayFrame: frame seq=1129 egoSpeed=6.5625253 pts=0 intervention=false warning=false braking=false lifecycle=armed range=null bearing=null rss=null
         1788689176.522  3954  3987 I AebsFrameSubscriber: onMessagesAvailable callback
         1788689176.523  3954  3987 I AebsFrameSubscriber: readNextMessages count=1
         1788689176.523  3954  3987 I MainActivity: onGatewayFrame: frame seq=1130 egoSpeed=6.5625253 pts=0 intervention=false warning=false braking=false lifecycle=armed range=null bearing=null rss=null
         1788689176.621  3954  3987 I AebsFrameSubscriber: onMessagesAvailable callback
         1788689176.622  3954  3987 I AebsFrameSubscriber: readNextMessages count=1
         1788689176.622  3954  3987 I MainActivity: onGatewayFrame: frame seq=1131 egoSpeed=6.5625253 pts=0 intervention=false warning=false braking=false lifecycle=armed range=null bearing=null rss=null
         1788689176.722  3954  3987 I AebsFrameSubscriber: onMessagesAvailable callback
         1788689176.723  3954  3987 I AebsFrameSubscriber: readNextMessages count=1
         1788689176.723  3954  3987 I MainActivity: onGatewayFrame: frame seq=1132 egoSpeed=6.5625253 pts=0 intervention=false warning=false braking=false lifecycle=armed range=null bearing=null rss=null
         1788689176.821  3954  3987 I AebsFrameSubscriber: onMessagesAvailable callback
         1788689176.822  3954  3987 I AebsFrameSubscriber: readNextMessages count=1
         1788689176.822  3954  3987 I MainActivity: onGatewayFrame: frame seq=1133 egoSpeed=6.5625253 pts=0 intervention=false warning=false braking=false lifecycle=armed range=null bearing=null rss=null
         1788689176.921  3954  3987 I AebsFrameSubscriber: onMessagesAvailable callback
         1788689176.922  3954  3987 I AebsFrameSubscriber: readNextMessages count=1
         1788689176.922  3954  3987 I MainActivity: onGatewayFrame: frame seq=1134 egoSpeed=6.5625253 pts=0 intervention=false warning=false braking=false lifecycle=armed range=null bearing=null rss=null
         1788689177.021  3954  3987 I AebsFrameSubscriber: onMessagesAvailable callback
         1788689177.022  3954  3987 I AebsFrameSubscriber: readNextMessages count=1
         1788689177.022  3954  3987 I MainActivity: onGatewayFrame: frame seq=1135 egoSpeed=6.5625253 pts=0 intervention=false warning=false braking=false lifecycle=armed range=null bearing=null rss=null
         1788689177.121  3954  3987 I AebsFrameSubscriber: onMessagesAvailable callback
         1788689177.122  3954  3987 I AebsFrameSubscriber: readNextMessages count=1
         1788689177.122  3954  3987 I MainActivity: onGatewayFrame: frame seq=1136 egoSpeed=6.5625253 pts=0 intervention=false warning=false braking=false lifecycle=armed range=null bearing=null rss=null
         1788689177.221  3954  3987 I AebsFrameSubscriber: onMessagesAvailable callback
         1788689177.222  3954  3987 I AebsFrameSubscriber: readNextMessages count=1
         1788689177.222  3954  3987 I MainActivity: onGatewayFrame: frame seq=1137 egoSpeed=6.5625253 pts=0 intervention=false warning=false braking=false lifecycle=armed range=null bearing=null rss=null
         1788689177.321  3954  3987 I AebsFrameSubscriber: onMessagesAvailable callback
         1788689177.322  3954  3987 I AebsFrameSubscriber: readNextMessages count=1
         1788689177.322  3954  3987 I MainActivity: onGatewayFrame: frame seq=1138 egoSpeed=6.5625253 pts=0 intervention=false warning=false braking=false lifecycle=armed range=null bearing=null rss=null
         1788689177.421  3954  3987 I AebsFrameSubscriber: onMessagesAvailable callback
         1788689177.422  3954  3987 I AebsFrameSubscriber: readNextMessages count=1
         1788689177.422  3954  3987 I MainActivity: onGatewayFrame: frame seq=1139 egoSpeed=6.5625253 pts=0 intervention=false warning=false braking=false lifecycle=armed range=null bearing=null rss=null
         1788689177.521  3954  3987 I AebsFrameSubscriber: onMessagesAvailable callback
         1788689177.522  3954  3987 I AebsFrameSubscriber: readNextMessages count=1
         1788689177.522  3954  3987 I MainActivity: onGatewayFrame: frame seq=1140 egoSpeed=6.5625253 pts=0 intervention=false warning=false braking=false lifecycle=armed range=null bearing=null rss=null
         1788689177.621  3954  3987 I AebsFrameSubscriber: onMessagesAvailable callback
         1788689177.622  3954  3987 I AebsFrameSubscriber: readNextMessages count=1
         1788689177.622  3954  3987 I MainActivity: onGatewayFrame: frame seq=1141 egoSpeed=6.5625253 pts=0 intervention=false warning=false braking=false lifecycle=armed range=null bearing=null rss=null
         1788689177.721  3954  3987 I AebsFrameSubscriber: onMessagesAvailable callback
         1788689177.722  3954  3987 I AebsFrameSubscriber: readNextMessages count=1
         1788689177.722  3954  3987 I MainActivity: onGatewayFrame: frame seq=1142 egoSpeed=6.5625253 pts=0 intervention=false warning=false braking=false lifecycle=armed range=null bearing=null rss=null
         1788689177.821  3954  3987 I AebsFrameSubscriber: onMessagesAvailable callback
         1788689177.822  3954  3987 I AebsFrameSubscriber: readNextMessages count=1
         1788689177.822  3954  3987 I MainActivity: onGatewayFrame: frame seq=1143 egoSpeed=6.5625253 pts=0 intervention=false warning=false braking=false lifecycle=armed range=null bearing=null rss=null
         1788689177.921  3954  3987 I AebsFrameSubscriber: onMessagesAvailable callback
         1788689177.922  3954  3987 I AebsFrameSubscriber: readNextMessages count=1
         1788689177.922  3954  3987 I MainActivity: onGatewayFrame: frame seq=1144 egoSpeed=6.5625253 pts=0 intervention=false warning=false braking=false lifecycle=armed range=null bearing=null rss=null
         1788689178.021  3954  3987 I AebsFrameSubscriber: onMessagesAvailable callback
         1788689178.022  3954  3987 I AebsFrameSubscriber: readNextMessages count=1
         1788689178.022  3954  3987 I MainActivity: onGatewayFrame: frame seq=1145 egoSpeed=6.5625253 pts=0 intervention=false warning=false braking=false lifecycle=armed range=null bearing=null rss=null
         1788689178.122  3954  3987 I AebsFrameSubscriber: onMessagesAvailable callback
         1788689178.122  3954  3987 I AebsFrameSubscriber: readNextMessages count=1
         1788689178.122  3954  3987 I MainActivity: onGatewayFrame: frame seq=1146 egoSpeed=6.5625253 pts=0 intervention=false warning=false braking=false lifecycle=armed range=null bearing=null rss=null
         1788689178.221  3954  3987 I AebsFrameSubscriber: onMessagesAvailable callback
         1788689178.222  3954  3987 I AebsFrameSubscriber: readNextMessages count=1
         1788689178.222  3954  3987 I MainActivity: onGatewayFrame: frame seq=1147 egoSpeed=6.5625253 pts=0 intervention=false warning=false braking=false lifecycle=armed range=null bearing=null rss=null
         1788689178.322  3954  3987 I AebsFrameSubscriber: onMessagesAvailable callback
         1788689178.323  3954  3987 I AebsFrameSubscriber: readNextMessages count=1
         1788689178.323  3954  3987 I MainActivity: onGatewayFrame: frame seq=1148 egoSpeed=6.5625253 pts=0 intervention=false warning=false braking=false lifecycle=armed range=null bearing=null rss=null
         1788689178.421  3954  3987 I AebsFrameSubscriber: onMessagesAvailable callback
         1788689178.422  3954  3987 I AebsFrameSubscriber: readNextMessages count=1
         1788689178.422  3954  3987 I MainActivity: onGatewayFrame: frame seq=1149 egoSpeed=6.5625253 pts=0 intervention=false warning=false braking=false lifecycle=armed range=null bearing=null rss=null
         1788689178.521  3954  3987 I AebsFrameSubscriber: onMessagesAvailable callback
         1788689178.522  3954  3987 I AebsFrameSubscriber: readNextMessages count=1
         1788689178.522  3954  3987 I MainActivity: onGatewayFrame: frame seq=1150 egoSpeed=6.5625253 pts=0 intervention=false warning=false braking=false lifecycle=armed range=null bearing=null rss=null
         1788689178.621  3954  3987 I AebsFrameSubscriber: onMessagesAvailable callback
         1788689178.622  3954  3987 I AebsFrameSubscriber: readNextMessages count=1
         1788689178.622  3954  3987 I MainActivity: onGatewayFrame: frame seq=1151 egoSpeed=6.5625253 pts=0 intervention=false warning=false braking=false lifecycle=armed range=null bearing=null rss=null
         1788689178.721  3954  3987 I AebsFrameSubscriber: onMessagesAvailable callback
         1788689178.722  3954  3987 I AebsFrameSubscriber: readNextMessages count=1
         1788689178.722  3954  3987 I MainActivity: onGatewayFrame: frame seq=1152 egoSpeed=6.5625253 pts=0 intervention=false warning=false braking=false lifecycle=armed range=null bearing=null rss=null
         1788689178.821  3954  3987 I AebsFrameSubscriber: onMessagesAvailable callback
         1788689178.822  3954  3987 I AebsFrameSubscriber: readNextMessages count=1
         1788689178.822  3954  3987 I MainActivity: onGatewayFrame: frame seq=1153 egoSpeed=6.5625253 pts=0 intervention=false warning=false braking=false lifecycle=armed range=null bearing=null rss=null
         1788689178.921  3954  3987 I AebsFrameSubscriber: onMessagesAvailable callback
         1788689178.922  3954  3987 I AebsFrameSubscriber: readNextMessages count=1
         1788689178.922  3954  3987 I MainActivity: onGatewayFrame: frame seq=1154 egoSpeed=6.5625253 pts=0 intervention=false warning=false braking=false lifecycle=armed range=null bearing=null rss=null
         1788689179.021  3954  3987 I AebsFrameSubscriber: onMessagesAvailable callback
         1788689179.022  3954  3987 I AebsFrameSubscriber: readNextMessages count=1
         1788689179.022  3954  3987 I MainActivity: onGatewayFrame: frame seq=1155 egoSpeed=6.5625253 pts=0 intervention=false warning=false braking=false lifecycle=armed range=null bearing=null rss=null
         1788689179.239  3954  3987 I AebsFrameSubscriber: readNextMessages count=2
         1788689179.239  3954  3987 I MainActivity: onGatewayFrame: frame seq=1156 egoSpeed=6.5625253 pts=0 intervention=false warning=false braking=false lifecycle=armed range=null bearing=null rss=null
         1788689179.240  3954  3987 I MainActivity: onGatewayFrame: frame seq=1157 egoSpeed=6.5625253 pts=0 intervention=false warning=false braking=false lifecycle=armed range=null bearing=null rss=null
         1788689179.240  3954  3987 I AebsFrameSubscriber: onMessagesAvailable callback
         1788689179.240  3954  3987 I AebsFrameSubscriber: onMessagesAvailable callback
         1788689179.321  3954  3987 I AebsFrameSubscriber: onMessagesAvailable callback
         1788689179.322  3954  3987 I AebsFrameSubscriber: readNextMessages count=1
         1788689179.322  3954  3987 I MainActivity: onGatewayFrame: frame seq=1158 egoSpeed=6.5625253 pts=0 intervention=false warning=false braking=false lifecycle=armed range=null bearing=null rss=null
         1788689179.421  3954  3987 I AebsFrameSubscriber: onMessagesAvailable callback
         1788689179.421  3954  3987 I AebsFrameSubscriber: readNextMessages count=1
         1788689179.422  3954  3987 I MainActivity: onGatewayFrame: frame seq=1159 egoSpeed=6.5625253 pts=0 intervention=false warning=false braking=false lifecycle=armed range=null bearing=null rss=null
         1788689179.521  3954  3987 I AebsFrameSubscriber: onMessagesAvailable callback
         1788689179.522  3954  3987 I AebsFrameSubscriber: readNextMessages count=1
         1788689179.522  3954  3987 I MainActivity: onGatewayFrame: frame seq=1160 egoSpeed=6.5625253 pts=0 intervention=false warning=false braking=false lifecycle=armed range=null bearing=null rss=null
         1788689179.621  3954  3987 I AebsFrameSubscriber: onMessagesAvailable callback
         1788689179.621  3954  3987 I AebsFrameSubscriber: readNextMessages count=1
         1788689179.622  3954  3987 I MainActivity: onGatewayFrame: frame seq=1161 egoSpeed=6.5625253 pts=0 intervention=false warning=false braking=false lifecycle=armed range=null bearing=null rss=null
         1788689179.721  3954  3987 I AebsFrameSubscriber: onMessagesAvailable callback
         1788689179.722  3954  3987 I AebsFrameSubscriber: readNextMessages count=1
         1788689179.722  3954  3987 I MainActivity: onGatewayFrame: frame seq=1162 egoSpeed=6.5625253 pts=0 intervention=false warning=false braking=false lifecycle=armed range=null bearing=null rss=null
         1788689179.821  3954  3987 I AebsFrameSubscriber: onMessagesAvailable callback
         1788689179.822  3954  3987 I AebsFrameSubscriber: readNextMessages count=1
         1788689179.822  3954  3987 I MainActivity: onGatewayFrame: frame seq=1163 egoSpeed=6.5625253 pts=0 intervention=false warning=false braking=false lifecycle=armed range=null bearing=null rss=null
         1788689179.921  3954  3987 I AebsFrameSubscriber: onMessagesAvailable callback
         1788689179.922  3954  3987 I AebsFrameSubscriber: readNextMessages count=1
         1788689179.922  3954  3987 I MainActivity: onGatewayFrame: frame seq=1164 egoSpeed=6.5625253 pts=0 intervention=false warning=false braking=false lifecycle=armed range=null bearing=null rss=null
         1788689180.021  3954  3987 I AebsFrameSubscriber: onMessagesAvailable callback
         1788689180.022  3954  3987 I AebsFrameSubscriber: readNextMessages count=1
         1788689180.022  3954  3987 I MainActivity: onGatewayFrame: frame seq=1165 egoSpeed=6.5625253 pts=0 intervention=false warning=false braking=false lifecycle=armed range=null bearing=null rss=null
         1788689180.121  3954  3987 I AebsFrameSubscriber: onMessagesAvailable callback
         1788689180.122  3954  3987 I AebsFrameSubscriber: readNextMessages count=1
         1788689180.122  3954  3987 I MainActivity: onGatewayFrame: frame seq=1166 egoSpeed=6.5625253 pts=0 intervention=false warning=false braking=false lifecycle=armed range=null bearing=null rss=null
         1788689180.221  3954  3987 I AebsFrameSubscriber: onMessagesAvailable callback
         1788689180.222  3954  3987 I AebsFrameSubscriber: readNextMessages count=1
         1788689180.222  3954  3987 I MainActivity: onGatewayFrame: frame seq=1167 egoSpeed=6.5625253 pts=0 intervention=false warning=false braking=false lifecycle=armed range=null bearing=null rss=null
         1788689180.321  3954  3987 I AebsFrameSubscriber: onMessagesAvailable callback
         1788689180.322  3954  3987 I AebsFrameSubscriber: readNextMessages count=1
         1788689180.322  3954  3987 I MainActivity: onGatewayFrame: frame seq=1168 egoSpeed=6.5625253 pts=0 intervention=false warning=false braking=false lifecycle=armed range=null bearing=null rss=null
         1788689180.421  3954  3987 I AebsFrameSubscriber: onMessagesAvailable callback
         1788689180.422  3954  3987 I AebsFrameSubscriber: readNextMessages count=1
         1788689180.422  3954  3987 I MainActivity: onGatewayFrame: frame seq=1169 egoSpeed=6.5625253 pts=0 intervention=false warning=false braking=false lifecycle=armed range=null bearing=null rss=null
         1788689180.521  3954  3987 I AebsFrameSubscriber: onMessagesAvailable callback
         1788689180.522  3954  3987 I AebsFrameSubscriber: readNextMessages count=1
         1788689180.522  3954  3987 I MainActivity: onGatewayFrame: frame seq=1170 egoSpeed=6.5625253 pts=0 intervention=false warning=false braking=false lifecycle=armed range=null bearing=null rss=null
         1788689180.621  3954  3987 I AebsFrameSubscriber: onMessagesAvailable callback
         1788689180.621  3954  3987 I AebsFrameSubscriber: readNextMessages count=1
         1788689180.622  3954  3987 I MainActivity: onGatewayFrame: frame seq=1171 egoSpeed=6.5625253 pts=0 intervention=false warning=false braking=false lifecycle=armed range=null bearing=null rss=null
         1788689180.721  3954  3987 I AebsFrameSubscriber: onMessagesAvailable callback
         1788689180.722  3954  3987 I AebsFrameSubscriber: readNextMessages count=1
         1788689180.722  3954  3987 I MainActivity: onGatewayFrame: frame seq=1172 egoSpeed=6.5625253 pts=0 intervention=false warning=false braking=false lifecycle=armed range=null bearing=null rss=null
         1788689180.821  3954  3987 I AebsFrameSubscriber: onMessagesAvailable callback
         1788689180.822  3954  3987 I AebsFrameSubscriber: readNextMessages count=1
         1788689180.822  3954  3987 I MainActivity: onGatewayFrame: frame seq=1173 egoSpeed=6.5625253 pts=0 intervention=false warning=false braking=false lifecycle=armed range=null bearing=null rss=null
         1788689180.921  3954  3987 I AebsFrameSubscriber: onMessagesAvailable callback
         1788689180.922  3954  3987 I AebsFrameSubscriber: readNextMessages count=1
         1788689180.922  3954  3987 I MainActivity: onGatewayFrame: frame seq=1174 egoSpeed=6.5625253 pts=0 intervention=false warning=false braking=false lifecycle=armed range=null bearing=null rss=null
         1788689181.021  3954  3987 I AebsFrameSubscriber: onMessagesAvailable callback
         1788689181.021  3954  3987 I AebsFrameSubscriber: readNextMessages count=1
         1788689181.021  3954  3987 I MainActivity: onGatewayFrame: frame seq=1175 egoSpeed=6.5625253 pts=0 intervention=false warning=false braking=false lifecycle=armed range=null bearing=null rss=null
         1788689181.121  3954  3987 I AebsFrameSubscriber: onMessagesAvailable callback
         1788689181.122  3954  3987 I AebsFrameSubscriber: readNextMessages count=1
         1788689181.122  3954  3987 I MainActivity: onGatewayFrame: frame seq=1176 egoSpeed=6.5625253 pts=0 intervention=false warning=false braking=false lifecycle=armed range=null bearing=null rss=null
         1788689181.221  3954  3987 I AebsFrameSubscriber: onMessagesAvailable callback
         1788689181.222  3954  3987 I AebsFrameSubscriber: readNextMessages count=1
         1788689181.222  3954  3987 I MainActivity: onGatewayFrame: frame seq=1177 egoSpeed=6.5625253 pts=0 intervention=false warning=false braking=false lifecycle=armed range=null bearing=null rss=null
         1788689181.321  3954  3987 I AebsFrameSubscriber: onMessagesAvailable callback
         1788689181.322  3954  3987 I AebsFrameSubscriber: readNextMessages count=1
         1788689181.322  3954  3987 I MainActivity: onGatewayFrame: frame seq=1178 egoSpeed=6.5625253 pts=0 intervention=false warning=false braking=false lifecycle=armed range=null bearing=null rss=null
         1788689181.421  3954  3987 I AebsFrameSubscriber: onMessagesAvailable callback
         1788689181.422  3954  3987 I AebsFrameSubscriber: readNextMessages count=1
         1788689181.422  3954  3987 I MainActivity: onGatewayFrame: frame seq=1179 egoSpeed=6.5625253 pts=0 intervention=false warning=false braking=false lifecycle=armed range=null bearing=null rss=null
         1788689181.521  3954  3987 I AebsFrameSubscriber: onMessagesAvailable callback
         1788689181.522  3954  3987 I AebsFrameSubscriber: readNextMessages count=1
         1788689181.522  3954  3987 I MainActivity: onGatewayFrame: frame seq=1180 egoSpeed=6.5625253 pts=0 intervention=false warning=false braking=false lifecycle=armed range=null bearing=null rss=null
         1788689181.621  3954  3987 I AebsFrameSubscriber: onMessagesAvailable callback
         1788689181.622  3954  3987 I AebsFrameSubscriber: readNextMessages count=1
         1788689181.622  3954  3987 I MainActivity: onGatewayFrame: frame seq=1181 egoSpeed=6.5625253 pts=0 intervention=false warning=false braking=false lifecycle=armed range=null bearing=null rss=null
         1788689181.721  3954  3987 I AebsFrameSubscriber: onMessagesAvailable callback
         1788689181.721  3954  3987 I AebsFrameSubscriber: readNextMessages count=1
         1788689181.721  3954  3987 I MainActivity: onGatewayFrame: frame seq=1182 egoSpeed=6.5625253 pts=0 intervention=false warning=false braking=false lifecycle=armed range=null bearing=null rss=null
         1788689181.821  3954  3987 I AebsFrameSubscriber: onMessagesAvailable callback
         1788689181.821  3954  3987 I AebsFrameSubscriber: readNextMessages count=1
         1788689181.822  3954  3987 I MainActivity: onGatewayFrame: frame seq=1183 egoSpeed=6.5625253 pts=0 intervention=false warning=false braking=false lifecycle=armed range=null bearing=null rss=null
         1788689181.921  3954  3987 I AebsFrameSubscriber: onMessagesAvailable callback
         1788689181.921  3954  3987 I AebsFrameSubscriber: readNextMessages count=1
         1788689181.922  3954  3987 I MainActivity: onGatewayFrame: frame seq=1184 egoSpeed=6.5625253 pts=0 intervention=false warning=false braking=false lifecycle=armed range=null bearing=null rss=null
         1788689182.021  3954  3987 I AebsFrameSubscriber: onMessagesAvailable callback
         1788689182.021  3954  3987 I AebsFrameSubscriber: readNextMessages count=1
         1788689182.021  3954  3987 I MainActivity: onGatewayFrame: frame seq=1185 egoSpeed=6.5625253 pts=0 intervention=false warning=false braking=false lifecycle=armed range=null bearing=null rss=null
         1788689182.121  3954  3987 I AebsFrameSubscriber: onMessagesAvailable callback
         1788689182.121  3954  3987 I AebsFrameSubscriber: readNextMessages count=1
         1788689182.122  3954  3987 I MainActivity: onGatewayFrame: frame seq=1186 egoSpeed=6.5625253 pts=0 intervention=false warning=false braking=false lifecycle=armed range=null bearing=null rss=null
         1788689182.221  3954  3987 I AebsFrameSubscriber: onMessagesAvailable callback
         1788689182.221  3954  3987 I AebsFrameSubscriber: readNextMessages count=1
         1788689182.222  3954  3987 I MainActivity: onGatewayFrame: frame seq=1187 egoSpeed=6.5625253 pts=0 intervention=false warning=false braking=false lifecycle=armed range=null bearing=null rss=null
         1788689182.321  3954  3987 I AebsFrameSubscriber: onMessagesAvailable callback
         1788689182.322  3954  3987 I AebsFrameSubscriber: readNextMessages count=1
         1788689182.322  3954  3987 I MainActivity: onGatewayFrame: frame seq=1188 egoSpeed=6.5625253 pts=0 intervention=false warning=false braking=false lifecycle=armed range=null bearing=null rss=null
         1788689182.421  3954  3987 I AebsFrameSubscriber: onMessagesAvailable callback
         1788689182.421  3954  3987 I AebsFrameSubscriber: readNextMessages count=1
         1788689182.421  3954  3987 I MainActivity: onGatewayFrame: frame seq=1189 egoSpeed=6.5625253 pts=0 intervention=false warning=false braking=false lifecycle=armed range=null bearing=null rss=null
         1788689182.521  3954  3987 I AebsFrameSubscriber: onMessagesAvailable callback
         1788689182.521  3954  3987 I AebsFrameSubscriber: readNextMessages count=1
         1788689182.521  3954  3987 I MainActivity: onGatewayFrame: frame seq=1190 egoSpeed=6.5625253 pts=0 intervention=false warning=false braking=false lifecycle=armed range=null bearing=null rss=null
         1788689182.621  3954  3987 I AebsFrameSubscriber: onMessagesAvailable callback
         1788689182.621  3954  3987 I AebsFrameSubscriber: readNextMessages count=1
         1788689182.621  3954  3987 I MainActivity: onGatewayFrame: frame seq=1191 egoSpeed=6.5625253 pts=0 intervention=false warning=false braking=false lifecycle=armed range=null bearing=null rss=null
         1788689182.721  3954  3987 I AebsFrameSubscriber: onMessagesAvailable callback
         1788689182.722  3954  3987 I AebsFrameSubscriber: readNextMessages count=1
         1788689182.722  3954  3987 I MainActivity: onGatewayFrame: frame seq=1192 egoSpeed=6.5625253 pts=0 intervention=false warning=false braking=false lifecycle=armed range=null bearing=null rss=null
         1788689182.821  3954  3987 I AebsFrameSubscriber: onMessagesAvailable callback
         1788689182.822  3954  3987 I AebsFrameSubscriber: readNextMessages count=1
         1788689182.822  3954  3987 I MainActivity: onGatewayFrame: frame seq=1193 egoSpeed=6.5625253 pts=0 intervention=false warning=false braking=false lifecycle=armed range=null bearing=null rss=null
         1788689182.921  3954  3987 I AebsFrameSubscriber: onMessagesAvailable callback
         1788689182.922  3954  3987 I AebsFrameSubscriber: readNextMessages count=1
         1788689182.922  3954  3987 I MainActivity: onGatewayFrame: frame seq=1194 egoSpeed=6.5625253 pts=0 intervention=false warning=false braking=false lifecycle=armed range=null bearing=null rss=null
         1788689183.021  3954  3987 I AebsFrameSubscriber: onMessagesAvailable callback
         1788689183.021  3954  3987 I AebsFrameSubscriber: readNextMessages count=1
         1788689183.022  3954  3987 I MainActivity: onGatewayFrame: frame seq=1195 egoSpeed=6.5625253 pts=0 intervention=false warning=false braking=false lifecycle=armed range=null bearing=null rss=null
         1788689183.237  3954  3987 I AebsFrameSubscriber: readNextMessages count=2
         1788689183.237  3954  3987 I MainActivity: onGatewayFrame: frame seq=1196 egoSpeed=6.5625253 pts=0 intervention=false warning=false braking=false lifecycle=armed range=null bearing=null rss=null
         1788689183.238  3954  3987 I MainActivity: onGatewayFrame: frame seq=1197 egoSpeed=6.5625253 pts=0 intervention=false warning=false braking=false lifecycle=armed range=null bearing=null rss=null
         1788689183.238  3954  3987 I AebsFrameSubscriber: onMessagesAvailable callback
         1788689183.238  3954  3987 I AebsFrameSubscriber: onMessagesAvailable callback
         1788689183.321  3954  3987 I AebsFrameSubscriber: onMessagesAvailable callback
         1788689183.322  3954  3987 I AebsFrameSubscriber: readNextMessages count=1
         1788689183.322  3954  3987 I MainActivity: onGatewayFrame: frame seq=1198 egoSpeed=6.5625253 pts=0 intervention=false warning=false braking=false lifecycle=armed range=null bearing=null rss=null
         1788689183.421  3954  3987 I AebsFrameSubscriber: onMessagesAvailable callback
         1788689183.421  3954  3987 I AebsFrameSubscriber: readNextMessages count=1
         1788689183.421  3954  3987 I MainActivity: onGatewayFrame: frame seq=1199 egoSpeed=6.5625253 pts=0 intervention=false warning=false braking=false lifecycle=armed range=null bearing=null rss=null
         1788689183.521  3954  3987 I AebsFrameSubscriber: onMessagesAvailable callback
         1788689183.522  3954  3987 I AebsFrameSubscriber: readNextMessages count=1
         1788689183.522  3954  3987 I MainActivity: onGatewayFrame: frame seq=1200 egoSpeed=6.5625253 pts=0 intervention=false warning=false braking=false lifecycle=armed range=null bearing=null rss=null
         1788689183.621  3954  3987 I AebsFrameSubscriber: onMessagesAvailable callback
         1788689183.621  3954  3987 I AebsFrameSubscriber: readNextMessages count=1
         1788689183.622  3954  3987 I MainActivity: onGatewayFrame: frame seq=1201 egoSpeed=6.5625253 pts=0 intervention=false warning=false braking=false lifecycle=armed range=null bearing=null rss=null
         1788689183.721  3954  3987 I AebsFrameSubscriber: onMessagesAvailable callback
         1788689183.721  3954  3987 I AebsFrameSubscriber: readNextMessages count=1
         1788689183.722  3954  3987 I MainActivity: onGatewayFrame: frame seq=1202 egoSpeed=6.5625253 pts=0 intervention=false warning=false braking=false lifecycle=armed range=null bearing=null rss=null
         1788689183.821  3954  3987 I AebsFrameSubscriber: onMessagesAvailable callback
         1788689183.821  3954  3987 I AebsFrameSubscriber: readNextMessages count=1
         1788689183.822  3954  3987 I MainActivity: onGatewayFrame: frame seq=1203 egoSpeed=6.5625253 pts=0 intervention=false warning=false braking=false lifecycle=armed range=null bearing=null rss=null
         1788689183.921  3954  3987 I AebsFrameSubscriber: onMessagesAvailable callback
         1788689183.923  3954  3987 I AebsFrameSubscriber: readNextMessages count=1
         1788689183.923  3954  3987 I MainActivity: onGatewayFrame: frame seq=1204 egoSpeed=6.5625253 pts=0 intervention=false warning=false braking=false lifecycle=armed range=null bearing=null rss=null
         1788689184.021  3954  3987 I AebsFrameSubscriber: onMessagesAvailable callback
         1788689184.021  3954  3987 I AebsFrameSubscriber: readNextMessages count=1
         1788689184.021  3954  3987 I MainActivity: onGatewayFrame: frame seq=1205 egoSpeed=6.5625253 pts=0 intervention=false warning=false braking=false lifecycle=armed range=null bearing=null rss=null
         1788689184.121  3954  3987 I AebsFrameSubscriber: onMessagesAvailable callback
         1788689184.121  3954  3987 I AebsFrameSubscriber: readNextMessages count=1
         1788689184.122  3954  3987 I MainActivity: onGatewayFrame: frame seq=1206 egoSpeed=6.5625253 pts=0 intervention=false warning=false braking=false lifecycle=armed range=null bearing=null rss=null
         1788689184.221  3954  3987 I AebsFrameSubscriber: onMessagesAvailable callback
         1788689184.221  3954  3987 I AebsFrameSubscriber: readNextMessages count=1
         1788689184.221  3954  3987 I MainActivity: onGatewayFrame: frame seq=1207 egoSpeed=6.5625253 pts=0 intervention=false warning=false braking=false lifecycle=armed range=null bearing=null rss=null
         1788689184.321  3954  3987 I AebsFrameSubscriber: onMessagesAvailable callback
         1788689184.322  3954  3987 I AebsFrameSubscriber: readNextMessages count=1
         1788689184.322  3954  3987 I MainActivity: onGatewayFrame: frame seq=1208 egoSpeed=6.5625253 pts=0 intervention=false warning=false braking=false lifecycle=armed range=null bearing=null rss=null
         1788689184.421  3954  3987 I AebsFrameSubscriber: onMessagesAvailable callback
         1788689184.421  3954  3987 I AebsFrameSubscriber: readNextMessages count=1
         1788689184.421  3954  3987 I MainActivity: onGatewayFrame: frame seq=1209 egoSpeed=6.5625253 pts=0 intervention=false warning=false braking=false lifecycle=armed range=null bearing=null rss=null
         1788689184.521  3954  3987 I AebsFrameSubscriber: onMessagesAvailable callback
         1788689184.521  3954  3987 I AebsFrameSubscriber: readNextMessages count=1
         1788689184.522  3954  3987 I MainActivity: onGatewayFrame: frame seq=1210 egoSpeed=6.5625253 pts=0 intervention=false warning=false braking=false lifecycle=armed range=null bearing=null rss=null
         1788689184.621  3954  3987 I AebsFrameSubscriber: onMessagesAvailable callback
         1788689184.622  3954  3987 I AebsFrameSubscriber: readNextMessages count=1
         1788689184.622  3954  3987 I MainActivity: onGatewayFrame: frame seq=1211 egoSpeed=6.5625253 pts=0 intervention=false warning=false braking=false lifecycle=armed range=null bearing=null rss=null
         1788689184.721  3954  3987 I AebsFrameSubscriber: onMessagesAvailable callback
         1788689184.722  3954  3987 I AebsFrameSubscriber: readNextMessages count=1
         1788689184.722  3954  3987 I MainActivity: onGatewayFrame: frame seq=1212 egoSpeed=6.5625253 pts=0 intervention=false warning=false braking=false lifecycle=armed range=null bearing=null rss=null
         1788689184.821  3954  3987 I AebsFrameSubscriber: onMessagesAvailable callback
         1788689184.821  3954  3987 I AebsFrameSubscriber: readNextMessages count=1
         1788689184.821  3954  3987 I MainActivity: onGatewayFrame: frame seq=1213 egoSpeed=6.5625253 pts=0 intervention=false warning=false braking=false lifecycle=armed range=null bearing=null rss=null
         1788689184.921  3954  3987 I AebsFrameSubscriber: onMessagesAvailable callback
         1788689184.922  3954  3987 I AebsFrameSubscriber: readNextMessages count=1
         1788689184.922  3954  3987 I MainActivity: onGatewayFrame: frame seq=1214 egoSpeed=6.5625253 pts=0 intervention=false warning=false braking=false lifecycle=armed range=null bearing=null rss=null
         1788689185.021  3954  3987 I AebsFrameSubscriber: onMessagesAvailable callback
         1788689185.021  3954  3987 I AebsFrameSubscriber: readNextMessages count=1
         1788689185.022  3954  3987 I MainActivity: onGatewayFrame: frame seq=1215 egoSpeed=6.5625253 pts=0 intervention=false warning=false braking=false lifecycle=armed range=null bearing=null rss=null
         1788689185.121  3954  3987 I AebsFrameSubscriber: onMessagesAvailable callback
         1788689185.122  3954  3987 I AebsFrameSubscriber: readNextMessages count=1
         1788689185.122  3954  3987 I MainActivity: onGatewayFrame: frame seq=1216 egoSpeed=6.5625253 pts=0 intervention=false warning=false braking=false lifecycle=armed range=null bearing=null rss=null
         1788689185.221  3954  3987 I AebsFrameSubscriber: onMessagesAvailable callback
         1788689185.221  3954  3987 I AebsFrameSubscriber: readNextMessages count=1
         1788689185.221  3954  3987 I MainActivity: onGatewayFrame: frame seq=1217 egoSpeed=6.5625253 pts=0 intervention=false warning=false braking=false lifecycle=armed range=null bearing=null rss=null
         1788689185.321  3954  3987 I AebsFrameSubscriber: onMessagesAvailable callback
         1788689185.322  3954  3987 I AebsFrameSubscriber: readNextMessages count=1
         1788689185.322  3954  3987 I MainActivity: onGatewayFrame: frame seq=1218 egoSpeed=6.5625253 pts=0 intervention=false warning=false braking=false lifecycle=armed range=null bearing=null rss=null
         1788689185.420  3954  3987 I AebsFrameSubscriber: onMessagesAvailable callback
         1788689185.421  3954  3987 I AebsFrameSubscriber: readNextMessages count=1
         1788689185.421  3954  3987 I MainActivity: onGatewayFrame: frame seq=1219 egoSpeed=6.5625253 pts=0 intervention=false warning=false braking=false lifecycle=armed range=null bearing=null rss=null
         1788689185.521  3954  3987 I AebsFrameSubscriber: onMessagesAvailable callback
         1788689185.521  3954  3987 I AebsFrameSubscriber: readNextMessages count=1
         1788689185.521  3954  3987 I MainActivity: onGatewayFrame: frame seq=1220 egoSpeed=6.5625253 pts=0 intervention=false warning=false braking=false lifecycle=armed range=null bearing=null rss=null
         1788689185.621  3954  3987 I AebsFrameSubscriber: onMessagesAvailable callback
         1788689185.621  3954  3987 I AebsFrameSubscriber: readNextMessages count=1
         1788689185.621  3954  3987 I MainActivity: onGatewayFrame: frame seq=1221 egoSpeed=6.5625253 pts=0 intervention=false warning=false braking=false lifecycle=armed range=null bearing=null rss=null
         1788689185.721  3954  3987 I AebsFrameSubscriber: onMessagesAvailable callback
         1788689185.721  3954  3987 I AebsFrameSubscriber: readNextMessages count=1
         1788689185.721  3954  3987 I MainActivity: onGatewayFrame: frame seq=1222 egoSpeed=6.5625253 pts=0 intervention=false warning=false braking=false lifecycle=armed range=null bearing=null rss=null
         1788689185.821  3954  3987 I AebsFrameSubscriber: onMessagesAvailable callback
         1788689185.821  3954  3987 I AebsFrameSubscriber: readNextMessages count=1
         1788689185.821  3954  3987 I MainActivity: onGatewayFrame: frame seq=1223 egoSpeed=6.5625253 pts=0 intervention=false warning=false braking=false lifecycle=armed range=null bearing=null rss=null
         1788689185.921  3954  3987 I AebsFrameSubscriber: onMessagesAvailable callback
         1788689185.921  3954  3987 I AebsFrameSubscriber: readNextMessages count=1
         1788689185.921  3954  3987 I MainActivity: onGatewayFrame: frame seq=1224 egoSpeed=6.5625253 pts=0 intervention=false warning=false braking=false lifecycle=armed range=null bearing=null rss=null
         1788689186.021  3954  3987 I AebsFrameSubscriber: onMessagesAvailable callback
         1788689186.021  3954  3987 I AebsFrameSubscriber: readNextMessages count=1
         1788689186.021  3954  3987 I MainActivity: onGatewayFrame: frame seq=1225 egoSpeed=6.5625253 pts=0 intervention=false warning=false braking=false lifecycle=armed range=null bearing=null rss=null
         1788689186.121  3954  3987 I AebsFrameSubscriber: onMessagesAvailable callback
         1788689186.121  3954  3987 I AebsFrameSubscriber: readNextMessages count=1
         1788689186.121  3954  3987 I MainActivity: onGatewayFrame: frame seq=1226 egoSpeed=6.5625253 pts=0 intervention=false warning=false braking=false lifecycle=armed range=null bearing=null rss=null
         1788689186.220  3954  3987 I AebsFrameSubscriber: onMessagesAvailable callback
         1788689186.221  3954  3987 I AebsFrameSubscriber: readNextMessages count=1
         1788689186.221  3954  3987 I MainActivity: onGatewayFrame: frame seq=1227 egoSpeed=6.5625253 pts=0 intervention=false warning=false braking=false lifecycle=armed range=null bearing=null rss=null
         1788689186.321  3954  3987 I AebsFrameSubscriber: onMessagesAvailable callback
         1788689186.321  3954  3987 I AebsFrameSubscriber: readNextMessages count=1
         1788689186.322  3954  3987 I MainActivity: onGatewayFrame: frame seq=1228 egoSpeed=6.5625253 pts=0 intervention=false warning=false braking=false lifecycle=armed range=null bearing=null rss=null
         1788689186.420  3954  3987 I AebsFrameSubscriber: onMessagesAvailable callback
         1788689186.421  3954  3987 I AebsFrameSubscriber: readNextMessages count=1
         1788689186.421  3954  3987 I MainActivity: onGatewayFrame: frame seq=1229 egoSpeed=6.5625253 pts=0 intervention=false warning=false braking=false lifecycle=armed range=null bearing=null rss=null
         1788689186.521  3954  3987 I AebsFrameSubscriber: onMessagesAvailable callback
         1788689186.521  3954  3987 I AebsFrameSubscriber: readNextMessages count=1
         1788689186.521  3954  3987 I MainActivity: onGatewayFrame: frame seq=1230 egoSpeed=6.5625253 pts=0 intervention=false warning=false braking=false lifecycle=armed range=null bearing=null rss=null
         1788689186.620  3954  3987 I AebsFrameSubscriber: onMessagesAvailable callback
         1788689186.621  3954  3987 I AebsFrameSubscriber: readNextMessages count=1
         1788689186.622  3954  3987 I MainActivity: onGatewayFrame: frame seq=1231 egoSpeed=6.5625253 pts=0 intervention=false warning=false braking=false lifecycle=armed range=null bearing=null rss=null
         1788689186.721  3954  3987 I AebsFrameSubscriber: onMessagesAvailable callback
         1788689186.722  3954  3987 I AebsFrameSubscriber: readNextMessages count=1
         1788689186.722  3954  3987 I MainActivity: onGatewayFrame: frame seq=1232 egoSpeed=6.5625253 pts=0 intervention=false warning=false braking=false lifecycle=armed range=null bearing=null rss=null
         1788689186.820  3954  3987 I AebsFrameSubscriber: onMessagesAvailable callback
         1788689186.821  3954  3987 I AebsFrameSubscriber: readNextMessages count=1
         1788689186.821  3954  3987 I MainActivity: onGatewayFrame: frame seq=1233 egoSpeed=6.5625253 pts=0 intervention=false warning=false braking=false lifecycle=armed range=null bearing=null rss=null
         1788689186.921  3954  3987 I AebsFrameSubscriber: onMessagesAvailable callback
         1788689186.921  3954  3987 I AebsFrameSubscriber: readNextMessages count=1
         1788689186.922  3954  3987 I MainActivity: onGatewayFrame: frame seq=1234 egoSpeed=6.5625253 pts=0 intervention=false warning=false braking=false lifecycle=armed range=null bearing=null rss=null
         1788689187.020  3954  3987 I AebsFrameSubscriber: onMessagesAvailable callback
         1788689187.021  3954  3987 I AebsFrameSubscriber: readNextMessages count=1
         1788689187.022  3954  3987 I MainActivity: onGatewayFrame: frame seq=1235 egoSpeed=6.5625253 pts=0 intervention=false warning=false braking=false lifecycle=armed range=null bearing=null rss=null
         1788689187.247  3954  3987 I AebsFrameSubscriber: readNextMessages count=2
         1788689187.248  3954  3987 I MainActivity: onGatewayFrame: frame seq=1236 egoSpeed=6.5625253 pts=0 intervention=false warning=false braking=false lifecycle=armed range=null bearing=null rss=null
         1788689187.248  3954  3987 I MainActivity: onGatewayFrame: frame seq=1237 egoSpeed=6.5625253 pts=0 intervention=false warning=false braking=false lifecycle=armed range=null bearing=null rss=null
         1788689187.248  3954  3987 I AebsFrameSubscriber: onMessagesAvailable callback
         1788689187.248  3954  3987 I AebsFrameSubscriber: onMessagesAvailable callback
         1788689187.321  3954  3987 I AebsFrameSubscriber: onMessagesAvailable callback
         1788689187.321  3954  3987 I AebsFrameSubscriber: readNextMessages count=1
         1788689187.322  3954  3987 I MainActivity: onGatewayFrame: frame seq=1238 egoSpeed=6.5625253 pts=0 intervention=false warning=false braking=false lifecycle=armed range=null bearing=null rss=null
         1788689187.420  3954  3987 I AebsFrameSubscriber: onMessagesAvailable callback
         1788689187.421  3954  3987 I AebsFrameSubscriber: readNextMessages count=1
         1788689187.421  3954  3987 I MainActivity: onGatewayFrame: frame seq=1239 egoSpeed=6.5625253 pts=0 intervention=false warning=false braking=false lifecycle=armed range=null bearing=null rss=null
         1788689187.520  3954  3987 I AebsFrameSubscriber: onMessagesAvailable callback
         1788689187.521  3954  3987 I AebsFrameSubscriber: readNextMessages count=1
         1788689187.521  3954  3987 I MainActivity: onGatewayFrame: frame seq=1240 egoSpeed=6.5625253 pts=0 intervention=false warning=false braking=false lifecycle=armed range=null bearing=null rss=null
         1788689187.620  3954  3987 I AebsFrameSubscriber: onMessagesAvailable callback
         1788689187.621  3954  3987 I AebsFrameSubscriber: readNextMessages count=1
         1788689187.621  3954  3987 I MainActivity: onGatewayFrame: frame seq=1241 egoSpeed=6.5625253 pts=0 intervention=false warning=false braking=false lifecycle=armed range=null bearing=null rss=null
         1788689187.721  3954  3987 I AebsFrameSubscriber: onMessagesAvailable callback
         1788689187.721  3954  3987 I AebsFrameSubscriber: readNextMessages count=1
         1788689187.721  3954  3987 I MainActivity: onGatewayFrame: frame seq=1242 egoSpeed=6.5625253 pts=0 intervention=false warning=false braking=false lifecycle=armed range=null bearing=null rss=null
         1788689187.820  3954  3987 I AebsFrameSubscriber: onMessagesAvailable callback
         1788689187.821  3954  3987 I AebsFrameSubscriber: readNextMessages count=1
         1788689187.821  3954  3987 I MainActivity: onGatewayFrame: frame seq=1243 egoSpeed=6.5625253 pts=0 intervention=false warning=false braking=false lifecycle=armed range=null bearing=null rss=null
         1788689187.921  3954  3987 I AebsFrameSubscriber: onMessagesAvailable callback
         1788689187.922  3954  3987 I AebsFrameSubscriber: readNextMessages count=1
         1788689187.922  3954  3987 I MainActivity: onGatewayFrame: frame seq=1244 egoSpeed=6.5625253 pts=0 intervention=false warning=false braking=false lifecycle=armed range=null bearing=null rss=null
         1788689188.020  3954  3987 I AebsFrameSubscriber: onMessagesAvailable callback
         1788689188.021  3954  3987 I AebsFrameSubscriber: readNextMessages count=1
         1788689188.021  3954  3987 I MainActivity: onGatewayFrame: frame seq=1245 egoSpeed=6.5625253 pts=0 intervention=false warning=false braking=false lifecycle=armed range=null bearing=null rss=null
         1788689188.122  3954  3987 I AebsFrameSubscriber: onMessagesAvailable callback
         1788689188.122  3954  3987 I AebsFrameSubscriber: readNextMessages count=1
         1788689188.122  3954  3987 I MainActivity: onGatewayFrame: frame seq=1246 egoSpeed=6.5625253 pts=0 intervention=false warning=false braking=false lifecycle=armed range=null bearing=null rss=null
         1788689188.220  3954  3987 I AebsFrameSubscriber: onMessagesAvailable callback
         1788689188.221  3954  3987 I AebsFrameSubscriber: readNextMessages count=1
         1788689188.221  3954  3987 I MainActivity: onGatewayFrame: frame seq=1247 egoSpeed=6.5625253 pts=0 intervention=false warning=false braking=false lifecycle=armed range=null bearing=null rss=null
         1788689188.320  3954  3987 I AebsFrameSubscriber: onMessagesAvailable callback
         1788689188.321  3954  3987 I AebsFrameSubscriber: readNextMessages count=1
         1788689188.321  3954  3987 I MainActivity: onGatewayFrame: frame seq=1248 egoSpeed=6.5625253 pts=0 intervention=false warning=false braking=false lifecycle=armed range=null bearing=null rss=null
         1788689188.420  3954  3987 I AebsFrameSubscriber: onMessagesAvailable callback
         1788689188.421  3954  3987 I AebsFrameSubscriber: readNextMessages count=1
         1788689188.421  3954  3987 I MainActivity: onGatewayFrame: frame seq=1249 egoSpeed=6.5625253 pts=0 intervention=false warning=false braking=false lifecycle=armed range=null bearing=null rss=null
         1788689188.520  3954  3987 I AebsFrameSubscriber: onMessagesAvailable callback
         1788689188.521  3954  3987 I AebsFrameSubscriber: readNextMessages count=1
         1788689188.521  3954  3987 I MainActivity: onGatewayFrame: frame seq=1250 egoSpeed=6.5625253 pts=0 intervention=false warning=false braking=false lifecycle=armed range=null bearing=null rss=null
         1788689188.620  3954  3987 I AebsFrameSubscriber: onMessagesAvailable callback
         1788689188.621  3954  3987 I AebsFrameSubscriber: readNextMessages count=1
         1788689188.621  3954  3987 I MainActivity: onGatewayFrame: frame seq=1251 egoSpeed=6.5625253 pts=0 intervention=false warning=false braking=false lifecycle=armed range=null bearing=null rss=null
         1788689188.720  3954  3987 I AebsFrameSubscriber: onMessagesAvailable callback
         1788689188.721  3954  3987 I AebsFrameSubscriber: readNextMessages count=1
         1788689188.721  3954  3987 I MainActivity: onGatewayFrame: frame seq=1252 egoSpeed=6.5625253 pts=0 intervention=false warning=false braking=false lifecycle=armed range=null bearing=null rss=null
         1788689188.820  3954  3987 I AebsFrameSubscriber: onMessagesAvailable callback
         1788689188.821  3954  3987 I AebsFrameSubscriber: readNextMessages count=1
         1788689188.821  3954  3987 I MainActivity: onGatewayFrame: frame seq=1253 egoSpeed=6.5625253 pts=0 intervention=false warning=false braking=false lifecycle=armed range=null bearing=null rss=null
         1788689188.920  3954  3987 I AebsFrameSubscriber: onMessagesAvailable callback
         1788689188.921  3954  3987 I AebsFrameSubscriber: readNextMessages count=1
         1788689188.921  3954  3987 I MainActivity: onGatewayFrame: frame seq=1254 egoSpeed=6.5625253 pts=0 intervention=false warning=false braking=false lifecycle=armed range=null bearing=null rss=null
         1788689189.020  3954  3987 I AebsFrameSubscriber: onMessagesAvailable callback
         1788689189.021  3954  3987 I AebsFrameSubscriber: readNextMessages count=1
         1788689189.021  3954  3987 I MainActivity: onGatewayFrame: frame seq=1255 egoSpeed=6.5625253 pts=0 intervention=false warning=false braking=false lifecycle=armed range=null bearing=null rss=null
         1788689189.120  3954  3987 I AebsFrameSubscriber: onMessagesAvailable callback
         1788689189.121  3954  3987 I AebsFrameSubscriber: readNextMessages count=1
         1788689189.121  3954  3987 I MainActivity: onGatewayFrame: frame seq=1256 egoSpeed=6.5625253 pts=0 intervention=false warning=false braking=false lifecycle=armed range=null bearing=null rss=null
         1788689189.220  3954  3987 I AebsFrameSubscriber: onMessagesAvailable callback
         1788689189.221  3954  3987 I AebsFrameSubscriber: readNextMessages count=1
         1788689189.221  3954  3987 I MainActivity: onGatewayFrame: frame seq=1257 egoSpeed=6.5625253 pts=0 intervention=false warning=false braking=false lifecycle=armed range=null bearing=null rss=null
         1788689189.320  3954  3987 I AebsFrameSubscriber: onMessagesAvailable callback
         1788689189.321  3954  3987 I AebsFrameSubscriber: readNextMessages count=1
         1788689189.321  3954  3987 I MainActivity: onGatewayFrame: frame seq=1258 egoSpeed=6.5625253 pts=0 intervention=false warning=false braking=false lifecycle=armed range=null bearing=null rss=null
         1788689189.420  3954  3987 I AebsFrameSubscriber: onMessagesAvailable callback
         1788689189.421  3954  3987 I AebsFrameSubscriber: readNextMessages count=1
         1788689189.421  3954  3987 I MainActivity: onGatewayFrame: frame seq=1259 egoSpeed=6.5625253 pts=0 intervention=false warning=false braking=false lifecycle=armed range=null bearing=null rss=null
         1788689189.520  3954  3987 I AebsFrameSubscriber: onMessagesAvailable callback
         1788689189.521  3954  3987 I AebsFrameSubscriber: readNextMessages count=1
         1788689189.521  3954  3987 I MainActivity: onGatewayFrame: frame seq=1260 egoSpeed=6.5625253 pts=0 intervention=false warning=false braking=false lifecycle=armed range=null bearing=null rss=null
         1788689189.620  3954  3987 I AebsFrameSubscriber: onMessagesAvailable callback
         1788689189.621  3954  3987 I AebsFrameSubscriber: readNextMessages count=1
         1788689189.621  3954  3987 I MainActivity: onGatewayFrame: frame seq=1261 egoSpeed=6.5625253 pts=0 intervention=false warning=false braking=false lifecycle=armed range=null bearing=null rss=null
         1788689189.720  3954  3987 I AebsFrameSubscriber: onMessagesAvailable callback
         1788689189.721  3954  3987 I AebsFrameSubscriber: readNextMessages count=1
         1788689189.721  3954  3987 I MainActivity: onGatewayFrame: frame seq=1262 egoSpeed=6.5625253 pts=0 intervention=false warning=false braking=false lifecycle=armed range=null bearing=null rss=null
         1788689189.820  3954  3987 I AebsFrameSubscriber: onMessagesAvailable callback
         1788689189.821  3954  3987 I AebsFrameSubscriber: readNextMessages count=1
         1788689189.821  3954  3987 I MainActivity: onGatewayFrame: frame seq=1263 egoSpeed=6.5625253 pts=0 intervention=false warning=false braking=false lifecycle=armed range=null bearing=null rss=null
         1788689189.920  3954  3987 I AebsFrameSubscriber: onMessagesAvailable callback
         1788689189.921  3954  3987 I AebsFrameSubscriber: readNextMessages count=1
         1788689189.921  3954  3987 I MainActivity: onGatewayFrame: frame seq=1264 egoSpeed=6.5625253 pts=0 intervention=false warning=false braking=false lifecycle=armed range=null bearing=null rss=null
         1788689190.020  3954  3987 I AebsFrameSubscriber: onMessagesAvailable callback
         1788689190.021  3954  3987 I AebsFrameSubscriber: readNextMessages count=1
         1788689190.021  3954  3987 I MainActivity: onGatewayFrame: frame seq=1265 egoSpeed=6.5625253 pts=0 intervention=false warning=false braking=false lifecycle=armed range=null bearing=null rss=null
         1788689190.120  3954  3987 I AebsFrameSubscriber: onMessagesAvailable callback
         1788689190.121  3954  3987 I AebsFrameSubscriber: readNextMessages count=1
         1788689190.121  3954  3987 I MainActivity: onGatewayFrame: frame seq=1266 egoSpeed=6.5625253 pts=0 intervention=false warning=false braking=false lifecycle=armed range=null bearing=null rss=null
         1788689190.220  3954  3987 I AebsFrameSubscriber: onMessagesAvailable callback
         1788689190.221  3954  3987 I AebsFrameSubscriber: readNextMessages count=1
         1788689190.221  3954  3987 I MainActivity: onGatewayFrame: frame seq=1267 egoSpeed=6.5625253 pts=0 intervention=false warning=false braking=false lifecycle=armed range=null bearing=null rss=null
         1788689190.320  3954  3987 I AebsFrameSubscriber: onMessagesAvailable callback
         1788689190.321  3954  3987 I AebsFrameSubscriber: readNextMessages count=1
         1788689190.321  3954  3987 I MainActivity: onGatewayFrame: frame seq=1268 egoSpeed=6.5625253 pts=0 intervention=false warning=false braking=false lifecycle=armed range=null bearing=null rss=null
         1788689190.420  3954  3987 I AebsFrameSubscriber: onMessagesAvailable callback
         1788689190.420  3954  3987 I AebsFrameSubscriber: readNextMessages count=1
         1788689190.421  3954  3987 I MainActivity: onGatewayFrame: frame seq=1269 egoSpeed=6.5625253 pts=0 intervention=false warning=false braking=false lifecycle=armed range=null bearing=null rss=null
         1788689190.520  3954  3987 I AebsFrameSubscriber: onMessagesAvailable callback
         1788689190.521  3954  3987 I AebsFrameSubscriber: readNextMessages count=1
         1788689190.521  3954  3987 I MainActivity: onGatewayFrame: frame seq=1270 egoSpeed=6.5625253 pts=0 intervention=false warning=false braking=false lifecycle=armed range=null bearing=null rss=null
         1788689190.620  3954  3987 I AebsFrameSubscriber: onMessagesAvailable callback
         1788689190.620  3954  3987 I AebsFrameSubscriber: readNextMessages count=1
         1788689190.621  3954  3987 I MainActivity: onGatewayFrame: frame seq=1271 egoSpeed=6.5625253 pts=0 intervention=false warning=false braking=false lifecycle=armed range=null bearing=null rss=null
         1788689190.720  3954  3987 I AebsFrameSubscriber: onMessagesAvailable callback
         1788689190.721  3954  3987 I AebsFrameSubscriber: readNextMessages count=1
         1788689190.721  3954  3987 I MainActivity: onGatewayFrame: frame seq=1272 egoSpeed=6.5625253 pts=0 intervention=false warning=false braking=false lifecycle=armed range=null bearing=null rss=null
         1788689190.820  3954  3987 I AebsFrameSubscriber: onMessagesAvailable callback
         1788689190.821  3954  3987 I AebsFrameSubscriber: readNextMessages count=1
         1788689190.821  3954  3987 I MainActivity: onGatewayFrame: frame seq=1273 egoSpeed=6.5625253 pts=0 intervention=false warning=false braking=false lifecycle=armed range=null bearing=null rss=null
         1788689190.920  3954  3987 I AebsFrameSubscriber: onMessagesAvailable callback
         1788689190.921  3954  3987 I AebsFrameSubscriber: readNextMessages count=1
         1788689190.921  3954  3987 I MainActivity: onGatewayFrame: frame seq=1274 egoSpeed=6.5625253 pts=0 intervention=false warning=false braking=false lifecycle=armed range=null bearing=null rss=null
         1788689191.021  3954  3987 I AebsFrameSubscriber: onMessagesAvailable callback
         1788689191.022  3954  3987 I AebsFrameSubscriber: readNextMessages count=1
         1788689191.022  3954  3987 I MainActivity: onGatewayFrame: frame seq=1275 egoSpeed=6.5625253 pts=0 intervention=false warning=false braking=false lifecycle=armed range=null bearing=null rss=null
         1788689191.121  3954  3987 I AebsFrameSubscriber: onMessagesAvailable callback
         1788689191.122  3954  3987 I AebsFrameSubscriber: readNextMessages count=1
         1788689191.122  3954  3987 I MainActivity: onGatewayFrame: frame seq=1276 egoSpeed=6.5625253 pts=0 intervention=false warning=false braking=false lifecycle=armed range=null bearing=null rss=null
         1788689191.247  3954  3987 I AebsFrameSubscriber: readNextMessages count=1
         1788689191.247  3954  3987 I MainActivity: onGatewayFrame: frame seq=1277 egoSpeed=6.5625253 pts=0 intervention=false warning=false braking=false lifecycle=armed range=null bearing=null rss=null
         1788689191.247  3954  3987 I AebsFrameSubscriber: onMessagesAvailable callback
         1788689191.320  3954  3987 I AebsFrameSubscriber: onMessagesAvailable callback
         1788689191.321  3954  3987 I AebsFrameSubscriber: readNextMessages count=1
         1788689191.321  3954  3987 I MainActivity: onGatewayFrame: frame seq=1278 egoSpeed=6.5625253 pts=0 intervention=false warning=false braking=false lifecycle=armed range=null bearing=null rss=null
         1788689191.420  3954  3987 I AebsFrameSubscriber: onMessagesAvailable callback
         1788689191.421  3954  3987 I AebsFrameSubscriber: readNextMessages count=1
         1788689191.421  3954  3987 I MainActivity: onGatewayFrame: frame seq=1279 egoSpeed=6.5625253 pts=0 intervention=false warning=false braking=false lifecycle=armed range=null bearing=null rss=null
         1788689191.520  3954  3987 I AebsFrameSubscriber: onMessagesAvailable callback
         1788689191.521  3954  3987 I AebsFrameSubscriber: readNextMessages count=1
         1788689191.521  3954  3987 I MainActivity: onGatewayFrame: frame seq=1280 egoSpeed=6.5625253 pts=0 intervention=false warning=false braking=false lifecycle=armed range=null bearing=null rss=null
         1788689191.620  3954  3987 I AebsFrameSubscriber: onMessagesAvailable callback
         1788689191.621  3954  3987 I AebsFrameSubscriber: readNextMessages count=1
         1788689191.621  3954  3987 I MainActivity: onGatewayFrame: frame seq=1281 egoSpeed=6.5625253 pts=0 intervention=false warning=false braking=false lifecycle=armed range=null bearing=null rss=null
         1788689191.720  3954  3987 I AebsFrameSubscriber: onMessagesAvailable callback
         1788689191.720  3954  3987 I AebsFrameSubscriber: readNextMessages count=1
         1788689191.721  3954  3987 I MainActivity: onGatewayFrame: frame seq=1282 egoSpeed=6.5625253 pts=0 intervention=false warning=false braking=false lifecycle=armed range=null bearing=null rss=null
         1788689191.820  3954  3987 I AebsFrameSubscriber: onMessagesAvailable callback
         1788689191.821  3954  3987 I AebsFrameSubscriber: readNextMessages count=1
         1788689191.821  3954  3987 I MainActivity: onGatewayFrame: frame seq=1283 egoSpeed=6.5625253 pts=0 intervention=false warning=false braking=false lifecycle=armed range=null bearing=null rss=null
         1788689191.920  3954  3987 I AebsFrameSubscriber: onMessagesAvailable callback
         1788689191.920  3954  3987 I AebsFrameSubscriber: readNextMessages count=1
         1788689191.921  3954  3987 I MainActivity: onGatewayFrame: frame seq=1284 egoSpeed=6.5625253 pts=0 intervention=false warning=false braking=false lifecycle=armed range=null bearing=null rss=null
         1788689192.020  3954  3987 I AebsFrameSubscriber: onMessagesAvailable callback
         1788689192.020  3954  3987 I AebsFrameSubscriber: readNextMessages count=1
         1788689192.021  3954  3987 I MainActivity: onGatewayFrame: frame seq=1285 egoSpeed=6.5625253 pts=0 intervention=false warning=false braking=false lifecycle=armed range=null bearing=null rss=null
         1788689192.120  3954  3987 I AebsFrameSubscriber: onMessagesAvailable callback
         1788689192.120  3954  3987 I AebsFrameSubscriber: readNextMessages count=1
         1788689192.120  3954  3987 I MainActivity: onGatewayFrame: frame seq=1286 egoSpeed=6.5625253 pts=0 intervention=false warning=false braking=false lifecycle=armed range=null bearing=null rss=null
         1788689192.220  3954  3987 I AebsFrameSubscriber: onMessagesAvailable callback
         1788689192.220  3954  3987 I AebsFrameSubscriber: readNextMessages count=1
         1788689192.220  3954  3987 I MainActivity: onGatewayFrame: frame seq=1287 egoSpeed=6.5625253 pts=0 intervention=false warning=false braking=false lifecycle=armed range=null bearing=null rss=null
         1788689192.320  3954  3987 I AebsFrameSubscriber: onMessagesAvailable callback
         1788689192.320  3954  3987 I AebsFrameSubscriber: readNextMessages count=1
         1788689192.320  3954  3987 I MainActivity: onGatewayFrame: frame seq=1288 egoSpeed=6.5625253 pts=0 intervention=false warning=false braking=false lifecycle=armed range=null bearing=null rss=null
         1788689192.420  3954  3987 I AebsFrameSubscriber: onMessagesAvailable callback
         1788689192.420  3954  3987 I AebsFrameSubscriber: readNextMessages count=1
         1788689192.420  3954  3987 I MainActivity: onGatewayFrame: frame seq=1289 egoSpeed=6.5625253 pts=0 intervention=false warning=false braking=false lifecycle=armed range=null bearing=null rss=null
         1788689192.520  3954  3987 I AebsFrameSubscriber: onMessagesAvailable callback
         1788689192.520  3954  3987 I AebsFrameSubscriber: readNextMessages count=1
         1788689192.520  3954  3987 I MainActivity: onGatewayFrame: frame seq=1290 egoSpeed=6.5625253 pts=0 intervention=false warning=false braking=false lifecycle=armed range=null bearing=null rss=null
         1788689192.620  3954  3987 I AebsFrameSubscriber: onMessagesAvailable callback
         1788689192.620  3954  3987 I AebsFrameSubscriber: readNextMessages count=1
         1788689192.620  3954  3987 I MainActivity: onGatewayFrame: frame seq=1291 egoSpeed=6.5625253 pts=0 intervention=false warning=false braking=false lifecycle=armed range=null bearing=null rss=null
         1788689192.720  3954  3987 I AebsFrameSubscriber: onMessagesAvailable callback
         1788689192.720  3954  3987 I AebsFrameSubscriber: readNextMessages count=1
         1788689192.720  3954  3987 I MainActivity: onGatewayFrame: frame seq=1292 egoSpeed=6.5625253 pts=0 intervention=false warning=false braking=false lifecycle=armed range=null bearing=null rss=null
         1788689192.820  3954  3987 I AebsFrameSubscriber: onMessagesAvailable callback
         1788689192.820  3954  3987 I AebsFrameSubscriber: readNextMessages count=1
         1788689192.820  3954  3987 I MainActivity: onGatewayFrame: frame seq=1293 egoSpeed=6.5625253 pts=0 intervention=false warning=false braking=false lifecycle=armed range=null bearing=null rss=null
         1788689192.920  3954  3987 I AebsFrameSubscriber: onMessagesAvailable callback
         1788689192.920  3954  3987 I AebsFrameSubscriber: readNextMessages count=1
         1788689192.920  3954  3987 I MainActivity: onGatewayFrame: frame seq=1294 egoSpeed=6.5625253 pts=0 intervention=false warning=false braking=false lifecycle=armed range=null bearing=null rss=null
         1788689193.020  3954  3987 I AebsFrameSubscriber: onMessagesAvailable callback
         1788689193.020  3954  3987 I AebsFrameSubscriber: readNextMessages count=1
         1788689193.020  3954  3987 I MainActivity: onGatewayFrame: frame seq=1295 egoSpeed=6.5625253 pts=0 intervention=false warning=false braking=false lifecycle=armed range=null bearing=null rss=null
         1788689193.119  3954  3987 I AebsFrameSubscriber: onMessagesAvailable callback
         1788689193.120  3954  3987 I AebsFrameSubscriber: readNextMessages count=1
         1788689193.120  3954  3987 I MainActivity: onGatewayFrame: frame seq=1296 egoSpeed=6.5625253 pts=0 intervention=false warning=false braking=false lifecycle=armed range=null bearing=null rss=null
         1788689193.220  3954  3987 I AebsFrameSubscriber: onMessagesAvailable callback
         1788689193.220  3954  3987 I AebsFrameSubscriber: readNextMessages count=1
         1788689193.220  3954  3987 I MainActivity: onGatewayFrame: frame seq=1297 egoSpeed=6.5625253 pts=0 intervention=false warning=false braking=false lifecycle=armed range=null bearing=null rss=null
         1788689193.320  3954  3987 I AebsFrameSubscriber: onMessagesAvailable callback
         1788689193.320  3954  3987 I AebsFrameSubscriber: readNextMessages count=1
         1788689193.321  3954  3987 I MainActivity: onGatewayFrame: frame seq=1298 egoSpeed=6.5625253 pts=0 intervention=false warning=false braking=false lifecycle=armed range=null bearing=null rss=null
         1788689193.420  3954  3987 I AebsFrameSubscriber: onMessagesAvailable callback
         1788689193.421  3954  3987 I AebsFrameSubscriber: readNextMessages count=1
         1788689193.421  3954  3987 I MainActivity: onGatewayFrame: frame seq=1299 egoSpeed=6.5625253 pts=0 intervention=false warning=false braking=false lifecycle=armed range=null bearing=null rss=null
         1788689193.520  3954  3987 I AebsFrameSubscriber: onMessagesAvailable callback
         1788689193.520  3954  3987 I AebsFrameSubscriber: readNextMessages count=1
         1788689193.521  3954  3987 I MainActivity: onGatewayFrame: frame seq=1300 egoSpeed=6.5625253 pts=0 intervention=false warning=false braking=false lifecycle=armed range=null bearing=null rss=null
         1788689193.620  3954  3987 I AebsFrameSubscriber: onMessagesAvailable callback
         1788689193.621  3954  3987 I AebsFrameSubscriber: readNextMessages count=1
         1788689193.621  3954  3987 I MainActivity: onGatewayFrame: frame seq=1301 egoSpeed=6.5625253 pts=0 intervention=false warning=false braking=false lifecycle=armed range=null bearing=null rss=null
         1788689193.720  3954  3987 I AebsFrameSubscriber: onMessagesAvailable callback
         1788689193.720  3954  3987 I AebsFrameSubscriber: readNextMessages count=1
         1788689193.721  3954  3987 I MainActivity: onGatewayFrame: frame seq=1302 egoSpeed=6.5625253 pts=0 intervention=false warning=false braking=false lifecycle=armed range=null bearing=null rss=null
         1788689193.820  3954  3987 I AebsFrameSubscriber: onMessagesAvailable callback
         1788689193.821  3954  3987 I AebsFrameSubscriber: readNextMessages count=1
         1788689193.821  3954  3987 I MainActivity: onGatewayFrame: frame seq=1303 egoSpeed=6.5625253 pts=0 intervention=false warning=false braking=false lifecycle=armed range=null bearing=null rss=null
         1788689193.920  3954  3987 I AebsFrameSubscriber: onMessagesAvailable callback
         1788689193.920  3954  3987 I AebsFrameSubscriber: readNextMessages count=1
         1788689193.920  3954  3987 I MainActivity: onGatewayFrame: frame seq=1304 egoSpeed=6.5625253 pts=0 intervention=false warning=false braking=false lifecycle=armed range=null bearing=null rss=null
         1788689194.019  3954  3987 I AebsFrameSubscriber: onMessagesAvailable callback
         1788689194.020  3954  3987 I AebsFrameSubscriber: readNextMessages count=1
         1788689194.020  3954  3987 I MainActivity: onGatewayFrame: frame seq=1305 egoSpeed=6.5625253 pts=0 intervention=false warning=false braking=false lifecycle=armed range=null bearing=null rss=null
         1788689194.119  3954  3987 I AebsFrameSubscriber: onMessagesAvailable callback
         1788689194.120  3954  3987 I AebsFrameSubscriber: readNextMessages count=1
         1788689194.120  3954  3987 I MainActivity: onGatewayFrame: frame seq=1306 egoSpeed=6.5625253 pts=0 intervention=false warning=false braking=false lifecycle=armed range=null bearing=null rss=null
         1788689194.219  3954  3987 I AebsFrameSubscriber: onMessagesAvailable callback
         1788689194.220  3954  3987 I AebsFrameSubscriber: readNextMessages count=1
         1788689194.220  3954  3987 I MainActivity: onGatewayFrame: frame seq=1307 egoSpeed=6.5625253 pts=0 intervention=false warning=false braking=false lifecycle=armed range=null bearing=null rss=null
         1788689194.320  3954  3987 I AebsFrameSubscriber: onMessagesAvailable callback
         1788689194.320  3954  3987 I AebsFrameSubscriber: readNextMessages count=1
         1788689194.320  3954  3987 I MainActivity: onGatewayFrame: frame seq=1308 egoSpeed=6.5625253 pts=0 intervention=false warning=false braking=false lifecycle=armed range=null bearing=null rss=null
         1788689194.420  3954  3987 I AebsFrameSubscriber: onMessagesAvailable callback
         1788689194.420  3954  3987 I AebsFrameSubscriber: readNextMessages count=1
         1788689194.420  3954  3987 I MainActivity: onGatewayFrame: frame seq=1309 egoSpeed=6.5625253 pts=0 intervention=false warning=false braking=false lifecycle=armed range=null bearing=null rss=null
         1788689194.519  3954  3987 I AebsFrameSubscriber: onMessagesAvailable callback
         1788689194.520  3954  3987 I AebsFrameSubscriber: readNextMessages count=1
         1788689194.520  3954  3987 I MainActivity: onGatewayFrame: frame seq=1310 egoSpeed=6.5625253 pts=0 intervention=false warning=false braking=false lifecycle=armed range=null bearing=null rss=null
         1788689194.619  3954  3987 I AebsFrameSubscriber: onMessagesAvailable callback
         1788689194.620  3954  3987 I AebsFrameSubscriber: readNextMessages count=1
         1788689194.620  3954  3987 I MainActivity: onGatewayFrame: frame seq=1311 egoSpeed=6.5625253 pts=0 intervention=false warning=false braking=false lifecycle=armed range=null bearing=null rss=null
         1788689194.719  3954  3987 I AebsFrameSubscriber: onMessagesAvailable callback
         1788689194.720  3954  3987 I AebsFrameSubscriber: readNextMessages count=1
         1788689194.720  3954  3987 I MainActivity: onGatewayFrame: frame seq=1312 egoSpeed=6.5625253 pts=0 intervention=false warning=false braking=false lifecycle=armed range=null bearing=null rss=null
         1788689194.819  3954  3987 I AebsFrameSubscriber: onMessagesAvailable callback
         1788689194.820  3954  3987 I AebsFrameSubscriber: readNextMessages count=1
         1788689194.820  3954  3987 I MainActivity: onGatewayFrame: frame seq=1313 egoSpeed=6.5625253 pts=0 intervention=false warning=false braking=false lifecycle=armed range=null bearing=null rss=null
         1788689194.919  3954  3987 I AebsFrameSubscriber: onMessagesAvailable callback
         1788689194.920  3954  3987 I AebsFrameSubscriber: readNextMessages count=1
         1788689194.920  3954  3987 I MainActivity: onGatewayFrame: frame seq=1314 egoSpeed=6.5625253 pts=0 intervention=false warning=false braking=false lifecycle=armed range=null bearing=null rss=null
         1788689195.019  3954  3987 I AebsFrameSubscriber: onMessagesAvailable callback
         1788689195.020  3954  3987 I AebsFrameSubscriber: readNextMessages count=1
         1788689195.020  3954  3987 I MainActivity: onGatewayFrame: frame seq=1315 egoSpeed=6.5625253 pts=0 intervention=false warning=false braking=false lifecycle=armed range=null bearing=null rss=null
         1788689195.120  3954  3987 I AebsFrameSubscriber: onMessagesAvailable callback
         1788689195.120  3954  3987 I AebsFrameSubscriber: readNextMessages count=1
         1788689195.120  3954  3987 I MainActivity: onGatewayFrame: frame seq=1316 egoSpeed=6.5625253 pts=0 intervention=false warning=false braking=false lifecycle=armed range=null bearing=null rss=null
         1788689195.219  3954  3987 I AebsFrameSubscriber: onMessagesAvailable callback
         1788689195.220  3954  3987 I AebsFrameSubscriber: readNextMessages count=1
         1788689195.220  3954  3987 I MainActivity: onGatewayFrame: frame seq=1317 egoSpeed=6.5625253 pts=0 intervention=false warning=false braking=false lifecycle=armed range=null bearing=null rss=null
         1788689195.338  3954  3987 I AebsFrameSubscriber: readNextMessages count=1
         1788689195.338  3954  3987 I MainActivity: onGatewayFrame: frame seq=1318 egoSpeed=6.5625253 pts=0 intervention=false warning=false braking=false lifecycle=armed range=null bearing=null rss=null
         1788689195.338  3954  3987 I AebsFrameSubscriber: onMessagesAvailable callback
         1788689195.420  3954  3987 I AebsFrameSubscriber: onMessagesAvailable callback
         1788689195.420  3954  3987 I AebsFrameSubscriber: readNextMessages count=1
         1788689195.420  3954  3987 I MainActivity: onGatewayFrame: frame seq=1319 egoSpeed=6.5625253 pts=0 intervention=false warning=false braking=false lifecycle=armed range=null bearing=null rss=null
         1788689195.520  3954  3987 I AebsFrameSubscriber: onMessagesAvailable callback
         1788689195.520  3954  3987 I AebsFrameSubscriber: readNextMessages count=1
         1788689195.520  3954  3987 I MainActivity: onGatewayFrame: frame seq=1320 egoSpeed=6.5625253 pts=0 intervention=false warning=false braking=false lifecycle=armed range=null bearing=null rss=null
         1788689195.619  3954  3987 I AebsFrameSubscriber: onMessagesAvailable callback
         1788689195.620  3954  3987 I AebsFrameSubscriber: readNextMessages count=1
         1788689195.620  3954  3987 I MainActivity: onGatewayFrame: frame seq=1321 egoSpeed=6.5625253 pts=0 intervention=false warning=false braking=false lifecycle=armed range=null bearing=null rss=null
         1788689195.719  3954  3987 I AebsFrameSubscriber: onMessagesAvailable callback
         1788689195.720  3954  3987 I AebsFrameSubscriber: readNextMessages count=1
         1788689195.720  3954  3987 I MainActivity: onGatewayFrame: frame seq=1322 egoSpeed=6.5625253 pts=0 intervention=false warning=false braking=false lifecycle=armed range=null bearing=null rss=null
         1788689195.819  3954  3987 I AebsFrameSubscriber: onMessagesAvailable callback
         1788689195.820  3954  3987 I AebsFrameSubscriber: readNextMessages count=1
         1788689195.820  3954  3987 I MainActivity: onGatewayFrame: frame seq=1323 egoSpeed=6.5625253 pts=0 intervention=false warning=false braking=false lifecycle=armed range=null bearing=null rss=null
         1788689195.919  3954  3987 I AebsFrameSubscriber: onMessagesAvailable callback
         1788689195.920  3954  3987 I AebsFrameSubscriber: readNextMessages count=1
         1788689195.920  3954  3987 I MainActivity: onGatewayFrame: frame seq=1324 egoSpeed=6.5625253 pts=0 intervention=false warning=false braking=false lifecycle=armed range=null bearing=null rss=null
         1788689196.019  3954  3987 I AebsFrameSubscriber: onMessagesAvailable callback
         1788689196.020  3954  3987 I AebsFrameSubscriber: readNextMessages count=1
         1788689196.020  3954  3987 I MainActivity: onGatewayFrame: frame seq=1325 egoSpeed=6.5625253 pts=0 intervention=false warning=false braking=false lifecycle=armed range=null bearing=null rss=null
         1788689196.119  3954  3987 I AebsFrameSubscriber: onMessagesAvailable callback
         1788689196.120  3954  3987 I AebsFrameSubscriber: readNextMessages count=1
         1788689196.120  3954  3987 I MainActivity: onGatewayFrame: frame seq=1326 egoSpeed=6.5625253 pts=0 intervention=false warning=false braking=false lifecycle=armed range=null bearing=null rss=null
         1788689196.219  3954  3987 I AebsFrameSubscriber: onMessagesAvailable callback
         1788689196.220  3954  3987 I AebsFrameSubscriber: readNextMessages count=1
         1788689196.220  3954  3987 I MainActivity: onGatewayFrame: frame seq=1327 egoSpeed=6.5625253 pts=0 intervention=false warning=false braking=false lifecycle=armed range=null bearing=null rss=null
         1788689196.319  3954  3987 I AebsFrameSubscriber: onMessagesAvailable callback
         1788689196.320  3954  3987 I AebsFrameSubscriber: readNextMessages count=1
         1788689196.320  3954  3987 I MainActivity: onGatewayFrame: frame seq=1328 egoSpeed=6.5625253 pts=0 intervention=false warning=false braking=false lifecycle=armed range=null bearing=null rss=null
         1788689196.419  3954  3987 I AebsFrameSubscriber: onMessagesAvailable callback
         1788689196.420  3954  3987 I AebsFrameSubscriber: readNextMessages count=1
         1788689196.420  3954  3987 I MainActivity: onGatewayFrame: frame seq=1329 egoSpeed=6.5625253 pts=0 intervention=false warning=false braking=false lifecycle=armed range=null bearing=null rss=null
         1788689196.519  3954  3987 I AebsFrameSubscriber: onMessagesAvailable callback
         1788689196.520  3954  3987 I AebsFrameSubscriber: readNextMessages count=1
         1788689196.520  3954  3987 I MainActivity: onGatewayFrame: frame seq=1330 egoSpeed=6.5625253 pts=0 intervention=false warning=false braking=false lifecycle=armed range=null bearing=null rss=null
         1788689196.619  3954  3987 I AebsFrameSubscriber: onMessagesAvailable callback
         1788689196.620  3954  3987 I AebsFrameSubscriber: readNextMessages count=1
         1788689196.620  3954  3987 I MainActivity: onGatewayFrame: frame seq=1331 egoSpeed=6.5625253 pts=0 intervention=false warning=false braking=false lifecycle=armed range=null bearing=null rss=null
         1788689196.719  3954  3987 I AebsFrameSubscriber: onMessagesAvailable callback
         1788689196.720  3954  3987 I AebsFrameSubscriber: readNextMessages count=1
         1788689196.720  3954  3987 I MainActivity: onGatewayFrame: frame seq=1332 egoSpeed=6.5625253 pts=0 intervention=false warning=false braking=false lifecycle=armed range=null bearing=null rss=null
         1788689196.819  3954  3987 I AebsFrameSubscriber: onMessagesAvailable callback
         1788689196.820  3954  3987 I AebsFrameSubscriber: readNextMessages count=1
         1788689196.820  3954  3987 I MainActivity: onGatewayFrame: frame seq=1333 egoSpeed=6.5625253 pts=0 intervention=false warning=false braking=false lifecycle=armed range=null bearing=null rss=null
         1788689196.919  3954  3987 I AebsFrameSubscriber: onMessagesAvailable callback
         1788689196.920  3954  3987 I AebsFrameSubscriber: readNextMessages count=1
         1788689196.920  3954  3987 I MainActivity: onGatewayFrame: frame seq=1334 egoSpeed=6.5625253 pts=0 intervention=false warning=false braking=false lifecycle=armed range=null bearing=null rss=null
         1788689197.019  3954  3987 I AebsFrameSubscriber: onMessagesAvailable callback
         1788689197.020  3954  3987 I AebsFrameSubscriber: readNextMessages count=1
         1788689197.020  3954  3987 I MainActivity: onGatewayFrame: frame seq=1335 egoSpeed=6.5625253 pts=0 intervention=false warning=false braking=false lifecycle=armed range=null bearing=null rss=null
         1788689197.119  3954  3987 I AebsFrameSubscriber: onMessagesAvailable callback
         1788689197.120  3954  3987 I AebsFrameSubscriber: readNextMessages count=1
         1788689197.120  3954  3987 I MainActivity: onGatewayFrame: frame seq=1336 egoSpeed=6.5625253 pts=0 intervention=false warning=false braking=false lifecycle=armed range=null bearing=null rss=null
         1788689197.219  3954  3987 I AebsFrameSubscriber: onMessagesAvailable callback
         1788689197.220  3954  3987 I AebsFrameSubscriber: readNextMessages count=1
         1788689197.220  3954  3987 I MainActivity: onGatewayFrame: frame seq=1337 egoSpeed=6.5625253 pts=0 intervention=false warning=false braking=false lifecycle=armed range=null bearing=null rss=null
         1788689197.319  3954  3987 I AebsFrameSubscriber: onMessagesAvailable callback
         1788689197.320  3954  3987 I AebsFrameSubscriber: readNextMessages count=1
         1788689197.320  3954  3987 I MainActivity: onGatewayFrame: frame seq=1338 egoSpeed=6.5625253 pts=0 intervention=false warning=false braking=false lifecycle=armed range=null bearing=null rss=null
         1788689197.419  3954  3987 I AebsFrameSubscriber: onMessagesAvailable callback
         1788689197.420  3954  3987 I AebsFrameSubscriber: readNextMessages count=1
         1788689197.420  3954  3987 I MainActivity: onGatewayFrame: frame seq=1339 egoSpeed=6.5625253 pts=0 intervention=false warning=false braking=false lifecycle=armed range=null bearing=null rss=null
         1788689197.519  3954  3987 I AebsFrameSubscriber: onMessagesAvailable callback
         1788689197.520  3954  3987 I AebsFrameSubscriber: readNextMessages count=1
         1788689197.520  3954  3987 I MainActivity: onGatewayFrame: frame seq=1340 egoSpeed=6.5625253 pts=0 intervention=false warning=false braking=false lifecycle=armed range=null bearing=null rss=null
         1788689197.619  3954  3987 I AebsFrameSubscriber: onMessagesAvailable callback
         1788689197.620  3954  3987 I AebsFrameSubscriber: readNextMessages count=1
         1788689197.620  3954  3987 I MainActivity: onGatewayFrame: frame seq=1341 egoSpeed=6.5625253 pts=0 intervention=false warning=false braking=false lifecycle=armed range=null bearing=null rss=null
         1788689197.719  3954  3987 I AebsFrameSubscriber: onMessagesAvailable callback
         1788689197.720  3954  3987 I AebsFrameSubscriber: readNextMessages count=1
         1788689197.720  3954  3987 I MainActivity: onGatewayFrame: frame seq=1342 egoSpeed=6.5625253 pts=0 intervention=false warning=false braking=false lifecycle=armed range=null bearing=null rss=null
         1788689197.819  3954  3987 I AebsFrameSubscriber: onMessagesAvailable callback
         1788689197.820  3954  3987 I AebsFrameSubscriber: readNextMessages count=1
         1788689197.820  3954  3987 I MainActivity: onGatewayFrame: frame seq=1343 egoSpeed=6.5625253 pts=0 intervention=false warning=false braking=false lifecycle=armed range=null bearing=null rss=null
         1788689197.919  3954  3987 I AebsFrameSubscriber: onMessagesAvailable callback
         1788689197.920  3954  3987 I AebsFrameSubscriber: readNextMessages count=1
         1788689197.920  3954  3987 I MainActivity: onGatewayFrame: frame seq=1344 egoSpeed=6.5625253 pts=0 intervention=false warning=false braking=false lifecycle=armed range=null bearing=null rss=null
         1788689198.019  3954  3987 I AebsFrameSubscriber: onMessagesAvailable callback
         1788689198.020  3954  3987 I AebsFrameSubscriber: readNextMessages count=1
         1788689198.020  3954  3987 I MainActivity: onGatewayFrame: frame seq=1345 egoSpeed=6.5625253 pts=0 intervention=false warning=false braking=false lifecycle=armed range=null bearing=null rss=null
         1788689198.119  3954  3987 I AebsFrameSubscriber: onMessagesAvailable callback
         1788689198.120  3954  3987 I AebsFrameSubscriber: readNextMessages count=1
         1788689198.120  3954  3987 I MainActivity: onGatewayFrame: frame seq=1346 egoSpeed=6.5625253 pts=0 intervention=false warning=false braking=false lifecycle=armed range=null bearing=null rss=null
         1788689198.219  3954  3987 I AebsFrameSubscriber: onMessagesAvailable callback
         1788689198.220  3954  3987 I AebsFrameSubscriber: readNextMessages count=1
         1788689198.220  3954  3987 I MainActivity: onGatewayFrame: frame seq=1347 egoSpeed=6.5625253 pts=0 intervention=false warning=false braking=false lifecycle=armed range=null bearing=null rss=null
         1788689198.319  3954  3987 I AebsFrameSubscriber: onMessagesAvailable callback
         1788689198.320  3954  3987 I AebsFrameSubscriber: readNextMessages count=1
         1788689198.320  3954  3987 I MainActivity: onGatewayFrame: frame seq=1348 egoSpeed=6.5625253 pts=0 intervention=false warning=false braking=false lifecycle=armed range=null bearing=null rss=null
         1788689198.419  3954  3987 I AebsFrameSubscriber: onMessagesAvailable callback
         1788689198.420  3954  3987 I AebsFrameSubscriber: readNextMessages count=1
         1788689198.420  3954  3987 I MainActivity: onGatewayFrame: frame seq=1349 egoSpeed=6.5625253 pts=0 intervention=false warning=false braking=false lifecycle=armed range=null bearing=null rss=null
         1788689198.519  3954  3987 I AebsFrameSubscriber: onMessagesAvailable callback
         1788689198.520  3954  3987 I AebsFrameSubscriber: readNextMessages count=1
         1788689198.520  3954  3987 I MainActivity: onGatewayFrame: frame seq=1350 egoSpeed=6.5625253 pts=0 intervention=false warning=false braking=false lifecycle=armed range=null bearing=null rss=null
         1788689198.619  3954  3987 I AebsFrameSubscriber: onMessagesAvailable callback
         1788689198.619  3954  3987 I AebsFrameSubscriber: readNextMessages count=1
         1788689198.620  3954  3987 I MainActivity: onGatewayFrame: frame seq=1351 egoSpeed=6.5625253 pts=0 intervention=false warning=false braking=false lifecycle=armed range=null bearing=null rss=null
         1788689198.719  3954  3987 I AebsFrameSubscriber: onMessagesAvailable callback
         1788689198.720  3954  3987 I AebsFrameSubscriber: readNextMessages count=1
         1788689198.720  3954  3987 I MainActivity: onGatewayFrame: frame seq=1352 egoSpeed=6.5625253 pts=0 intervention=false warning=false braking=false lifecycle=armed range=null bearing=null rss=null
         1788689198.819  3954  3987 I AebsFrameSubscriber: onMessagesAvailable callback
         1788689198.819  3954  3987 I AebsFrameSubscriber: readNextMessages count=1
         1788689198.820  3954  3987 I MainActivity: onGatewayFrame: frame seq=1353 egoSpeed=6.5625253 pts=0 intervention=false warning=false braking=false lifecycle=armed range=null bearing=null rss=null
         1788689198.919  3954  3987 I AebsFrameSubscriber: onMessagesAvailable callback
         1788689198.919  3954  3987 I AebsFrameSubscriber: readNextMessages count=1
         1788689198.920  3954  3987 I MainActivity: onGatewayFrame: frame seq=1354 egoSpeed=6.5625253 pts=0 intervention=false warning=false braking=false lifecycle=armed range=null bearing=null rss=null
         1788689199.019  3954  3987 I AebsFrameSubscriber: onMessagesAvailable callback
         1788689199.020  3954  3987 I AebsFrameSubscriber: readNextMessages count=1
         1788689199.020  3954  3987 I MainActivity: onGatewayFrame: frame seq=1355 egoSpeed=6.5625253 pts=0 intervention=false warning=false braking=false lifecycle=armed range=null bearing=null rss=null
         1788689199.119  3954  3987 I AebsFrameSubscriber: onMessagesAvailable callback
         1788689199.119  3954  3987 I AebsFrameSubscriber: readNextMessages count=1
         1788689199.119  3954  3987 I MainActivity: onGatewayFrame: frame seq=1356 egoSpeed=6.5625253 pts=0 intervention=false warning=false braking=false lifecycle=armed range=null bearing=null rss=null
         1788689199.331  3954  3987 I AebsFrameSubscriber: readNextMessages count=2
         1788689199.331  3954  3987 I MainActivity: onGatewayFrame: frame seq=1357 egoSpeed=6.5625253 pts=0 intervention=false warning=false braking=false lifecycle=armed range=null bearing=null rss=null
         1788689199.331  3954  3987 I MainActivity: onGatewayFrame: frame seq=1358 egoSpeed=6.5625253 pts=0 intervention=false warning=false braking=false lifecycle=armed range=null bearing=null rss=null
         1788689199.331  3954  3987 I AebsFrameSubscriber: onMessagesAvailable callback
         1788689199.331  3954  3987 I AebsFrameSubscriber: onMessagesAvailable callback
         1788689199.421  3954  3987 I AebsFrameSubscriber: onMessagesAvailable callback
         1788689199.422  3954  3987 I AebsFrameSubscriber: readNextMessages count=1
         1788689199.422  3954  3987 I MainActivity: onGatewayFrame: frame seq=1359 egoSpeed=6.5625253 pts=0 intervention=false warning=false braking=false lifecycle=armed range=null bearing=null rss=null
         1788689199.519  3954  3987 I AebsFrameSubscriber: onMessagesAvailable callback
         1788689199.519  3954  3987 I AebsFrameSubscriber: readNextMessages count=1
         1788689199.520  3954  3987 I MainActivity: onGatewayFrame: frame seq=1360 egoSpeed=6.5625253 pts=0 intervention=false warning=false braking=false lifecycle=armed range=null bearing=null rss=null
         1788689199.619  3954  3987 I AebsFrameSubscriber: onMessagesAvailable callback
         1788689199.619  3954  3987 I AebsFrameSubscriber: readNextMessages count=1
         1788689199.620  3954  3987 I MainActivity: onGatewayFrame: frame seq=1361 egoSpeed=6.5625253 pts=0 intervention=false warning=false braking=false lifecycle=armed range=null bearing=null rss=null
         1788689199.719  3954  3987 I AebsFrameSubscriber: onMessagesAvailable callback
         1788689199.719  3954  3987 I AebsFrameSubscriber: readNextMessages count=1
         1788689199.720  3954  3987 I MainActivity: onGatewayFrame: frame seq=1362 egoSpeed=6.5625253 pts=0 intervention=false warning=false braking=false lifecycle=armed range=null bearing=null rss=null
         1788689199.819  3954  3987 I AebsFrameSubscriber: onMessagesAvailable callback
         1788689199.820  3954  3987 I AebsFrameSubscriber: readNextMessages count=1
         1788689199.820  3954  3987 I MainActivity: onGatewayFrame: frame seq=1363 egoSpeed=6.5625253 pts=0 intervention=false warning=false braking=false lifecycle=armed range=null bearing=null rss=null
         1788689199.919  3954  3987 I AebsFrameSubscriber: onMessagesAvailable callback
         1788689199.919  3954  3987 I AebsFrameSubscriber: readNextMessages count=1
         1788689199.919  3954  3987 I MainActivity: onGatewayFrame: frame seq=1364 egoSpeed=6.5625253 pts=0 intervention=false warning=false braking=false lifecycle=armed range=null bearing=null rss=null
         1788689200.019  3954  3987 I AebsFrameSubscriber: onMessagesAvailable callback
         1788689200.020  3954  3987 I AebsFrameSubscriber: readNextMessages count=1
         1788689200.020  3954  3987 I MainActivity: onGatewayFrame: frame seq=1365 egoSpeed=6.5625253 pts=0 intervention=false warning=false braking=false lifecycle=armed range=null bearing=null rss=null
         1788689200.119  3954  3987 I AebsFrameSubscriber: onMessagesAvailable callback
         1788689200.119  3954  3987 I AebsFrameSubscriber: readNextMessages count=1
         1788689200.120  3954  3987 I MainActivity: onGatewayFrame: frame seq=1366 egoSpeed=6.5625253 pts=0 intervention=false warning=false braking=false lifecycle=armed range=null bearing=null rss=null
         1788689200.219  3954  3987 I AebsFrameSubscriber: onMessagesAvailable callback
         1788689200.219  3954  3987 I AebsFrameSubscriber: readNextMessages count=1
         1788689200.220  3954  3987 I MainActivity: onGatewayFrame: frame seq=1367 egoSpeed=6.5625253 pts=0 intervention=false warning=false braking=false lifecycle=armed range=null bearing=null rss=null
         1788689200.319  3954  3987 I AebsFrameSubscriber: onMessagesAvailable callback
         1788689200.319  3954  3987 I AebsFrameSubscriber: readNextMessages count=1
         1788689200.319  3954  3987 I MainActivity: onGatewayFrame: frame seq=1368 egoSpeed=6.5625253 pts=0 intervention=false warning=false braking=false lifecycle=armed range=null bearing=null rss=null
         1788689200.419  3954  3987 I AebsFrameSubscriber: onMessagesAvailable callback
         1788689200.420  3954  3987 I AebsFrameSubscriber: readNextMessages count=1
         1788689200.420  3954  3987 I MainActivity: onGatewayFrame: frame seq=1369 egoSpeed=6.5625253 pts=0 intervention=false warning=false braking=false lifecycle=armed range=null bearing=null rss=null
         1788689200.519  3954  3987 I AebsFrameSubscriber: onMessagesAvailable callback
         1788689200.520  3954  3987 I AebsFrameSubscriber: readNextMessages count=1
         1788689200.520  3954  3987 I MainActivity: onGatewayFrame: frame seq=1370 egoSpeed=6.5625253 pts=0 intervention=false warning=false braking=false lifecycle=armed range=null bearing=null rss=null
         1788689200.619  3954  3987 I AebsFrameSubscriber: onMessagesAvailable callback
         1788689200.620  3954  3987 I AebsFrameSubscriber: readNextMessages count=1
         1788689200.620  3954  3987 I MainActivity: onGatewayFrame: frame seq=1371 egoSpeed=6.5625253 pts=0 intervention=false warning=false braking=false lifecycle=armed range=null bearing=null rss=null
         1788689200.719  3954  3987 I AebsFrameSubscriber: onMessagesAvailable callback
         1788689200.719  3954  3987 I AebsFrameSubscriber: readNextMessages count=1
         1788689200.720  3954  3987 I MainActivity: onGatewayFrame: frame seq=1372 egoSpeed=6.5625253 pts=0 intervention=false warning=false braking=false lifecycle=armed range=null bearing=null rss=null
         1788689200.819  3954  3987 I AebsFrameSubscriber: onMessagesAvailable callback
         1788689200.819  3954  3987 I AebsFrameSubscriber: readNextMessages count=1
         1788689200.819  3954  3987 I MainActivity: onGatewayFrame: frame seq=1373 egoSpeed=6.5625253 pts=0 intervention=false warning=false braking=false lifecycle=armed range=null bearing=null rss=null
         1788689200.919  3954  3987 I AebsFrameSubscriber: onMessagesAvailable callback
         1788689200.919  3954  3987 I AebsFrameSubscriber: readNextMessages count=1
         1788689200.920  3954  3987 I MainActivity: onGatewayFrame: frame seq=1374 egoSpeed=6.5625253 pts=0 intervention=false warning=false braking=false lifecycle=armed range=null bearing=null rss=null
         1788689201.019  3954  3987 I AebsFrameSubscriber: onMessagesAvailable callback
         1788689201.019  3954  3987 I AebsFrameSubscriber: readNextMessages count=1
         1788689201.020  3954  3987 I MainActivity: onGatewayFrame: frame seq=1375 egoSpeed=6.5625253 pts=0 intervention=false warning=false braking=false lifecycle=armed range=null bearing=null rss=null
         1788689201.119  3954  3987 I AebsFrameSubscriber: onMessagesAvailable callback
         1788689201.119  3954  3987 I AebsFrameSubscriber: readNextMessages count=1
         1788689201.120  3954  3987 I MainActivity: onGatewayFrame: frame seq=1376 egoSpeed=6.5625253 pts=0 intervention=false warning=false braking=false lifecycle=armed range=null bearing=null rss=null
         1788689201.219  3954  3987 I AebsFrameSubscriber: onMessagesAvailable callback
         1788689201.219  3954  3987 I AebsFrameSubscriber: readNextMessages count=1
         1788689201.219  3954  3987 I MainActivity: onGatewayFrame: frame seq=1377 egoSpeed=6.5625253 pts=0 intervention=false warning=false braking=false lifecycle=armed range=null bearing=null rss=null
         1788689201.319  3954  3987 I AebsFrameSubscriber: onMessagesAvailable callback
         1788689201.319  3954  3987 I AebsFrameSubscriber: readNextMessages count=1
         1788689201.319  3954  3987 I MainActivity: onGatewayFrame: frame seq=1378 egoSpeed=6.5625253 pts=0 intervention=false warning=false braking=false lifecycle=armed range=null bearing=null rss=null
         1788689201.419  3954  3987 I AebsFrameSubscriber: onMessagesAvailable callback
         1788689201.419  3954  3987 I AebsFrameSubscriber: readNextMessages count=1
         1788689201.419  3954  3987 I MainActivity: onGatewayFrame: frame seq=1379 egoSpeed=6.5625253 pts=0 intervention=false warning=false braking=false lifecycle=armed range=null bearing=null rss=null
         1788689201.519  3954  3987 I AebsFrameSubscriber: onMessagesAvailable callback
         1788689201.519  3954  3987 I AebsFrameSubscriber: readNextMessages count=1
         1788689201.519  3954  3987 I MainActivity: onGatewayFrame: frame seq=1380 egoSpeed=6.5625253 pts=0 intervention=false warning=false braking=false lifecycle=armed range=null bearing=null rss=null
         1788689201.619  3954  3987 I AebsFrameSubscriber: onMessagesAvailable callback
         1788689201.619  3954  3987 I AebsFrameSubscriber: readNextMessages count=1
         1788689201.620  3954  3987 I MainActivity: onGatewayFrame: frame seq=1381 egoSpeed=6.5625253 pts=0 intervention=false warning=false braking=false lifecycle=armed range=null bearing=null rss=null
         1788689201.719  3954  3987 I AebsFrameSubscriber: onMessagesAvailable callback
         1788689201.719  3954  3987 I AebsFrameSubscriber: readNextMessages count=1
         1788689201.719  3954  3987 I MainActivity: onGatewayFrame: frame seq=1382 egoSpeed=6.5625253 pts=0 intervention=false warning=false braking=false lifecycle=armed range=null bearing=null rss=null
         1788689201.819  3954  3987 I AebsFrameSubscriber: onMessagesAvailable callback
         1788689201.819  3954  3987 I AebsFrameSubscriber: readNextMessages count=1
         1788689201.819  3954  3987 I MainActivity: onGatewayFrame: frame seq=1383 egoSpeed=6.5625253 pts=0 intervention=false warning=false braking=false lifecycle=armed range=null bearing=null rss=null
         1788689201.919  3954  3987 I AebsFrameSubscriber: onMessagesAvailable callback
         1788689201.919  3954  3987 I AebsFrameSubscriber: readNextMessages count=1
         1788689201.920  3954  3987 I MainActivity: onGatewayFrame: frame seq=1384 egoSpeed=6.5625253 pts=0 intervention=false warning=false braking=false lifecycle=armed range=null bearing=null rss=null
         1788689202.018  3954  3987 I AebsFrameSubscriber: onMessagesAvailable callback
         1788689202.019  3954  3987 I AebsFrameSubscriber: readNextMessages count=1
         1788689202.019  3954  3987 I MainActivity: onGatewayFrame: frame seq=1385 egoSpeed=6.5625253 pts=0 intervention=false warning=false braking=false lifecycle=armed range=null bearing=null rss=null
         1788689202.119  3954  3987 I AebsFrameSubscriber: onMessagesAvailable callback
         1788689202.119  3954  3987 I AebsFrameSubscriber: readNextMessages count=1
         1788689202.119  3954  3987 I MainActivity: onGatewayFrame: frame seq=1386 egoSpeed=6.5625253 pts=0 intervention=false warning=false braking=false lifecycle=armed range=null bearing=null rss=null
         1788689202.219  3954  3987 I AebsFrameSubscriber: onMessagesAvailable callback
         1788689202.219  3954  3987 I AebsFrameSubscriber: readNextMessages count=1
         1788689202.219  3954  3987 I MainActivity: onGatewayFrame: frame seq=1387 egoSpeed=6.5625253 pts=0 intervention=false warning=false braking=false lifecycle=armed range=null bearing=null rss=null
         1788689202.318  3954  3987 I AebsFrameSubscriber: onMessagesAvailable callback
         1788689202.319  3954  3987 I AebsFrameSubscriber: readNextMessages count=1
         1788689202.319  3954  3987 I MainActivity: onGatewayFrame: frame seq=1388 egoSpeed=6.5625253 pts=0 intervention=false warning=false braking=false lifecycle=armed range=null bearing=null rss=null
         1788689202.418  3954  3987 I AebsFrameSubscriber: onMessagesAvailable callback
         1788689202.419  3954  3987 I AebsFrameSubscriber: readNextMessages count=1
         1788689202.419  3954  3987 I MainActivity: onGatewayFrame: frame seq=1389 egoSpeed=6.5625253 pts=0 intervention=false warning=false braking=false lifecycle=armed range=null bearing=null rss=null
         1788689202.519  3954  3987 I AebsFrameSubscriber: onMessagesAvailable callback
         1788689202.519  3954  3987 I AebsFrameSubscriber: readNextMessages count=1
         1788689202.519  3954  3987 I MainActivity: onGatewayFrame: frame seq=1390 egoSpeed=6.5625253 pts=0 intervention=false warning=false braking=false lifecycle=armed range=null bearing=null rss=null
         1788689202.618  3954  3987 I AebsFrameSubscriber: onMessagesAvailable callback
         1788689202.619  3954  3987 I AebsFrameSubscriber: readNextMessages count=1
         1788689202.619  3954  3987 I MainActivity: onGatewayFrame: frame seq=1391 egoSpeed=6.5625253 pts=0 intervention=false warning=false braking=false lifecycle=armed range=null bearing=null rss=null
         1788689202.718  3954  3987 I AebsFrameSubscriber: onMessagesAvailable callback
         1788689202.719  3954  3987 I AebsFrameSubscriber: readNextMessages count=1
         1788689202.719  3954  3987 I MainActivity: onGatewayFrame: frame seq=1392 egoSpeed=6.5625253 pts=0 intervention=false warning=false braking=false lifecycle=armed range=null bearing=null rss=null
         1788689202.818  3954  3987 I AebsFrameSubscriber: onMessagesAvailable callback
         1788689202.819  3954  3987 I AebsFrameSubscriber: readNextMessages count=1
         1788689202.819  3954  3987 I MainActivity: onGatewayFrame: frame seq=1393 egoSpeed=6.5625253 pts=0 intervention=false warning=false braking=false lifecycle=armed range=null bearing=null rss=null
         1788689202.918  3954  3987 I AebsFrameSubscriber: onMessagesAvailable callback
         1788689202.919  3954  3987 I AebsFrameSubscriber: readNextMessages count=1
         1788689202.919  3954  3987 I MainActivity: onGatewayFrame: frame seq=1394 egoSpeed=6.5625253 pts=0 intervention=false warning=false braking=false lifecycle=armed range=null bearing=null rss=null
         1788689203.019  3954  3987 I AebsFrameSubscriber: onMessagesAvailable callback
         1788689203.019  3954  3987 I AebsFrameSubscriber: readNextMessages count=1
         1788689203.019  3954  3987 I MainActivity: onGatewayFrame: frame seq=1395 egoSpeed=6.5625253 pts=0 intervention=false warning=false braking=false lifecycle=armed range=null bearing=null rss=null
         1788689203.118  3954  3987 I AebsFrameSubscriber: onMessagesAvailable callback
         1788689203.119  3954  3987 I AebsFrameSubscriber: readNextMessages count=1
         1788689203.119  3954  3987 I MainActivity: onGatewayFrame: frame seq=1396 egoSpeed=6.5625253 pts=0 intervention=false warning=false braking=false lifecycle=armed range=null bearing=null rss=null
         1788689203.218  3954  3987 I AebsFrameSubscriber: onMessagesAvailable callback
         1788689203.219  3954  3987 I AebsFrameSubscriber: readNextMessages count=1
         1788689203.219  3954  3987 I MainActivity: onGatewayFrame: frame seq=1397 egoSpeed=6.5625253 pts=0 intervention=false warning=false braking=false lifecycle=armed range=null bearing=null rss=null
         1788689203.319  3954  3987 I AebsFrameSubscriber: onMessagesAvailable callback
         1788689203.319  3954  3987 I AebsFrameSubscriber: readNextMessages count=1
         1788689203.438  3954  3987 I MainActivity: onGatewayFrame: frame seq=1398 egoSpeed=6.5625253 pts=0 intervention=false warning=false braking=false lifecycle=armed range=null bearing=null rss=null
         1788689203.439  3954  3987 I AebsFrameSubscriber: readNextMessages count=1
         1788689203.439  3954  3987 I MainActivity: onGatewayFrame: frame seq=1399 egoSpeed=6.5625253 pts=0 intervention=false warning=false braking=false lifecycle=armed range=null bearing=null rss=null
         1788689203.439  3954  3987 I AebsFrameSubscriber: onMessagesAvailable callback
         1788689203.518  3954  3987 I AebsFrameSubscriber: onMessagesAvailable callback
         1788689203.519  3954  3987 I AebsFrameSubscriber: readNextMessages count=1
         1788689203.519  3954  3987 I MainActivity: onGatewayFrame: frame seq=1400 egoSpeed=6.5625253 pts=0 intervention=false warning=false braking=false lifecycle=armed range=null bearing=null rss=null
         1788689203.618  3954  3987 I AebsFrameSubscriber: onMessagesAvailable callback
         1788689203.619  3954  3987 I AebsFrameSubscriber: readNextMessages count=1
         1788689203.619  3954  3987 I MainActivity: onGatewayFrame: frame seq=1401 egoSpeed=6.5625253 pts=0 intervention=false warning=false braking=false lifecycle=armed range=null bearing=null rss=null
         1788689203.720  3954  3987 I AebsFrameSubscriber: onMessagesAvailable callback
         1788689203.721  3954  3987 I AebsFrameSubscriber: readNextMessages count=1
         1788689203.721  3954  3987 I MainActivity: onGatewayFrame: frame seq=1402 egoSpeed=6.5625253 pts=0 intervention=false warning=false braking=false lifecycle=armed range=null bearing=null rss=null
         1788689203.819  3954  3987 I AebsFrameSubscriber: onMessagesAvailable callback
         1788689203.819  3954  3987 I AebsFrameSubscriber: readNextMessages count=1
         1788689203.819  3954  3987 I MainActivity: onGatewayFrame: frame seq=1403 egoSpeed=6.5625253 pts=0 intervention=false warning=false braking=false lifecycle=armed range=null bearing=null rss=null
         1788689203.918  3954  3987 I AebsFrameSubscriber: onMessagesAvailable callback
         1788689203.919  3954  3987 I AebsFrameSubscriber: readNextMessages count=1
         1788689203.919  3954  3987 I MainActivity: onGatewayFrame: frame seq=1404 egoSpeed=6.5625253 pts=0 intervention=false warning=false braking=false lifecycle=armed range=null bearing=null rss=null
         1788689204.018  3954  3987 I AebsFrameSubscriber: onMessagesAvailable callback
         1788689204.019  3954  3987 I AebsFrameSubscriber: readNextMessages count=1
         1788689204.019  3954  3987 I MainActivity: onGatewayFrame: frame seq=1405 egoSpeed=6.5625253 pts=0 intervention=false warning=false braking=false lifecycle=armed range=null bearing=null rss=null
         1788689204.119  3954  3987 I AebsFrameSubscriber: onMessagesAvailable callback
         1788689204.119  3954  3987 I AebsFrameSubscriber: readNextMessages count=1
         1788689204.119  3954  3987 I MainActivity: onGatewayFrame: frame seq=1406 egoSpeed=6.5625253 pts=0 intervention=false warning=false braking=false lifecycle=armed range=null bearing=null rss=null
         1788689204.218  3954  3987 I AebsFrameSubscriber: onMessagesAvailable callback
         1788689204.219  3954  3987 I AebsFrameSubscriber: readNextMessages count=1
         1788689204.219  3954  3987 I MainActivity: onGatewayFrame: frame seq=1407 egoSpeed=6.5625253 pts=0 intervention=false warning=false braking=false lifecycle=armed range=null bearing=null rss=null
         1788689204.318  3954  3987 I AebsFrameSubscriber: onMessagesAvailable callback
         1788689204.319  3954  3987 I AebsFrameSubscriber: readNextMessages count=1
         1788689204.319  3954  3987 I MainActivity: onGatewayFrame: frame seq=1408 egoSpeed=6.5625253 pts=0 intervention=false warning=false braking=false lifecycle=armed range=null bearing=null rss=null
         1788689204.418  3954  3987 I AebsFrameSubscriber: onMessagesAvailable callback
         1788689204.419  3954  3987 I AebsFrameSubscriber: readNextMessages count=1
         1788689204.419  3954  3987 I MainActivity: onGatewayFrame: frame seq=1409 egoSpeed=6.5625253 pts=0 intervention=false warning=false braking=false lifecycle=armed range=null bearing=null rss=null
         1788689204.519  3954  3987 I AebsFrameSubscriber: onMessagesAvailable callback
         1788689204.519  3954  3987 I AebsFrameSubscriber: readNextMessages count=1
         1788689204.519  3954  3987 I MainActivity: onGatewayFrame: frame seq=1410 egoSpeed=6.5625253 pts=0 intervention=false warning=false braking=false lifecycle=armed range=null bearing=null rss=null
         1788689204.618  3954  3987 I AebsFrameSubscriber: onMessagesAvailable callback
         1788689204.619  3954  3987 I AebsFrameSubscriber: readNextMessages count=1
         1788689204.619  3954  3987 I MainActivity: onGatewayFrame: frame seq=1411 egoSpeed=6.5625253 pts=0 intervention=false warning=false braking=false lifecycle=armed range=null bearing=null rss=null
         1788689204.718  3954  3987 I AebsFrameSubscriber: onMessagesAvailable callback
         1788689204.719  3954  3987 I AebsFrameSubscriber: readNextMessages count=1
         1788689204.719  3954  3987 I MainActivity: onGatewayFrame: frame seq=1412 egoSpeed=6.5625253 pts=0 intervention=false warning=false braking=false lifecycle=armed range=null bearing=null rss=null
         1788689204.818  3954  3987 I AebsFrameSubscriber: onMessagesAvailable callback
         1788689204.819  3954  3987 I AebsFrameSubscriber: readNextMessages count=1
         1788689204.819  3954  3987 I MainActivity: onGatewayFrame: frame seq=1413 egoSpeed=6.5625253 pts=0 intervention=false warning=false braking=false lifecycle=armed range=null bearing=null rss=null
         1788689204.919  3954  3987 I AebsFrameSubscriber: onMessagesAvailable callback
         1788689204.919  3954  3987 I AebsFrameSubscriber: readNextMessages count=1
         1788689204.919  3954  3987 I MainActivity: onGatewayFrame: frame seq=1414 egoSpeed=6.5625253 pts=0 intervention=false warning=false braking=false lifecycle=armed range=null bearing=null rss=null
         1788689205.018  3954  3987 I AebsFrameSubscriber: onMessagesAvailable callback
         1788689205.019  3954  3987 I AebsFrameSubscriber: readNextMessages count=1
         1788689205.019  3954  3987 I MainActivity: onGatewayFrame: frame seq=1415 egoSpeed=6.5625253 pts=0 intervention=false warning=false braking=false lifecycle=armed range=null bearing=null rss=null
         1788689205.118  3954  3987 I AebsFrameSubscriber: onMessagesAvailable callback
         1788689205.119  3954  3987 I AebsFrameSubscriber: readNextMessages count=1
         1788689205.119  3954  3987 I MainActivity: onGatewayFrame: frame seq=1416 egoSpeed=6.5625253 pts=0 intervention=false warning=false braking=false lifecycle=armed range=null bearing=null rss=null
         1788689205.218  3954  3987 I AebsFrameSubscriber: onMessagesAvailable callback
         1788689205.219  3954  3987 I AebsFrameSubscriber: readNextMessages count=1
         1788689205.219  3954  3987 I MainActivity: onGatewayFrame: frame seq=1417 egoSpeed=6.5625253 pts=0 intervention=false warning=false braking=false lifecycle=armed range=null bearing=null rss=null
         1788689205.318  3954  3987 I AebsFrameSubscriber: onMessagesAvailable callback
         1788689205.319  3954  3987 I AebsFrameSubscriber: readNextMessages count=1
         1788689205.319  3954  3987 I MainActivity: onGatewayFrame: frame seq=1418 egoSpeed=6.5625253 pts=0 intervention=false warning=false braking=false lifecycle=armed range=null bearing=null rss=null
         1788689205.419  3954  3987 I AebsFrameSubscriber: onMessagesAvailable callback
         1788689205.419  3954  3987 I AebsFrameSubscriber: readNextMessages count=1
         1788689205.419  3954  3987 I MainActivity: onGatewayFrame: frame seq=1419 egoSpeed=6.5625253 pts=0 intervention=false warning=false braking=false lifecycle=armed range=null bearing=null rss=null
         1788689205.518  3954  3987 I AebsFrameSubscriber: onMessagesAvailable callback
         1788689205.519  3954  3987 I AebsFrameSubscriber: readNextMessages count=1
         1788689205.519  3954  3987 I MainActivity: onGatewayFrame: frame seq=1420 egoSpeed=6.5625253 pts=0 intervention=false warning=false braking=false lifecycle=armed range=null bearing=null rss=null
         1788689205.619  3954  3987 I AebsFrameSubscriber: onMessagesAvailable callback
         1788689205.620  3954  3987 I AebsFrameSubscriber: readNextMessages count=1
         1788689205.620  3954  3987 I MainActivity: onGatewayFrame: frame seq=1421 egoSpeed=6.5625253 pts=0 intervention=false warning=false braking=false lifecycle=armed range=null bearing=null rss=null
         1788689205.718  3954  3987 I AebsFrameSubscriber: onMessagesAvailable callback
         1788689205.719  3954  3987 I AebsFrameSubscriber: readNextMessages count=1
         1788689205.719  3954  3987 I MainActivity: onGatewayFrame: frame seq=1422 egoSpeed=6.5625253 pts=0 intervention=false warning=false braking=false lifecycle=armed range=null bearing=null rss=null
         1788689205.818  3954  3987 I AebsFrameSubscriber: onMessagesAvailable callback
         1788689205.819  3954  3987 I AebsFrameSubscriber: readNextMessages count=1
         1788689205.819  3954  3987 I MainActivity: onGatewayFrame: frame seq=1423 egoSpeed=6.5625253 pts=0 intervention=false warning=false braking=false lifecycle=armed range=null bearing=null rss=null
         1788689205.918  3954  3987 I AebsFrameSubscriber: onMessagesAvailable callback
         1788689205.919  3954  3987 I AebsFrameSubscriber: readNextMessages count=1
         1788689205.919  3954  3987 I MainActivity: onGatewayFrame: frame seq=1424 egoSpeed=6.5625253 pts=0 intervention=false warning=false braking=false lifecycle=armed range=null bearing=null rss=null
         1788689206.018  3954  3987 I AebsFrameSubscriber: onMessagesAvailable callback
         1788689206.019  3954  3987 I AebsFrameSubscriber: readNextMessages count=1
         1788689206.019  3954  3987 I MainActivity: onGatewayFrame: frame seq=1425 egoSpeed=6.5625253 pts=0 intervention=false warning=false braking=false lifecycle=armed range=null bearing=null rss=null
         1788689206.118  3954  3987 I AebsFrameSubscriber: onMessagesAvailable callback
         1788689206.119  3954  3987 I AebsFrameSubscriber: readNextMessages count=1
         1788689206.119  3954  3987 I MainActivity: onGatewayFrame: frame seq=1426 egoSpeed=6.5625253 pts=0 intervention=false warning=false braking=false lifecycle=armed range=null bearing=null rss=null
         1788689206.218  3954  3987 I AebsFrameSubscriber: onMessagesAvailable callback
         1788689206.219  3954  3987 I AebsFrameSubscriber: readNextMessages count=1
         1788689206.219  3954  3987 I MainActivity: onGatewayFrame: frame seq=1427 egoSpeed=6.5625253 pts=0 intervention=false warning=false braking=false lifecycle=armed range=null bearing=null rss=null
         1788689206.318  3954  3987 I AebsFrameSubscriber: onMessagesAvailable callback
         1788689206.319  3954  3987 I AebsFrameSubscriber: readNextMessages count=1
         1788689206.319  3954  3987 I MainActivity: onGatewayFrame: frame seq=1428 egoSpeed=6.5625253 pts=0 intervention=false warning=false braking=false lifecycle=armed range=null bearing=null rss=null
         1788689206.418  3954  3987 I AebsFrameSubscriber: onMessagesAvailable callback
         1788689206.419  3954  3987 I AebsFrameSubscriber: readNextMessages count=1
         1788689206.419  3954  3987 I MainActivity: onGatewayFrame: frame seq=1429 egoSpeed=6.5625253 pts=0 intervention=false warning=false braking=false lifecycle=armed range=null bearing=null rss=null
         1788689206.518  3954  3987 I AebsFrameSubscriber: onMessagesAvailable callback
         1788689206.519  3954  3987 I AebsFrameSubscriber: readNextMessages count=1
         1788689206.519  3954  3987 I MainActivity: onGatewayFrame: frame seq=1430 egoSpeed=6.5625253 pts=0 intervention=false warning=false braking=false lifecycle=armed range=null bearing=null rss=null
         1788689206.618  3954  3987 I AebsFrameSubscriber: onMessagesAvailable callback
         1788689206.619  3954  3987 I AebsFrameSubscriber: readNextMessages count=1
         1788689206.619  3954  3987 I MainActivity: onGatewayFrame: frame seq=1431 egoSpeed=6.5625253 pts=0 intervention=false warning=false braking=false lifecycle=armed range=null bearing=null rss=null
         1788689206.718  3954  3987 I AebsFrameSubscriber: onMessagesAvailable callback
         1788689206.719  3954  3987 I AebsFrameSubscriber: readNextMessages count=1
         1788689206.719  3954  3987 I MainActivity: onGatewayFrame: frame seq=1432 egoSpeed=6.5625253 pts=0 intervention=false warning=false braking=false lifecycle=armed range=null bearing=null rss=null
         1788689206.818  3954  3987 I AebsFrameSubscriber: onMessagesAvailable callback
         1788689206.819  3954  3987 I AebsFrameSubscriber: readNextMessages count=1
         1788689206.819  3954  3987 I MainActivity: onGatewayFrame: frame seq=1433 egoSpeed=6.5625253 pts=0 intervention=false warning=false braking=false lifecycle=armed range=null bearing=null rss=null
         1788689206.918  3954  3987 I AebsFrameSubscriber: onMessagesAvailable callback
         1788689206.919  3954  3987 I AebsFrameSubscriber: readNextMessages count=1
         1788689206.919  3954  3987 I MainActivity: onGatewayFrame: frame seq=1434 egoSpeed=6.5625253 pts=0 intervention=false warning=false braking=false lifecycle=armed range=null bearing=null rss=null
         1788689207.018  3954  3987 I AebsFrameSubscriber: onMessagesAvailable callback
         1788689207.019  3954  3987 I AebsFrameSubscriber: readNextMessages count=1
         1788689207.019  3954  3987 I MainActivity: onGatewayFrame: frame seq=1435 egoSpeed=6.5625253 pts=0 intervention=false warning=false braking=false lifecycle=armed range=null bearing=null rss=null
         1788689207.118  3954  3987 I AebsFrameSubscriber: onMessagesAvailable callback
         1788689207.119  3954  3987 I AebsFrameSubscriber: readNextMessages count=1
         1788689207.119  3954  3987 I MainActivity: onGatewayFrame: frame seq=1436 egoSpeed=6.5625253 pts=0 intervention=false warning=false braking=false lifecycle=armed range=null bearing=null rss=null
         1788689207.218  3954  3987 I AebsFrameSubscriber: onMessagesAvailable callback
         1788689207.219  3954  3987 I AebsFrameSubscriber: readNextMessages count=1
         1788689207.219  3954  3987 I MainActivity: onGatewayFrame: frame seq=1437 egoSpeed=6.5625253 pts=0 intervention=false warning=false braking=false lifecycle=armed range=null bearing=null rss=null
         1788689207.429  3954  3987 I AebsFrameSubscriber: readNextMessages count=2
         1788689207.430  3954  3987 I MainActivity: onGatewayFrame: frame seq=1438 egoSpeed=6.5625253 pts=0 intervention=false warning=false braking=false lifecycle=armed range=null bearing=null rss=null
         1788689207.430  3954  3987 I MainActivity: onGatewayFrame: frame seq=1439 egoSpeed=6.5625253 pts=0 intervention=false warning=false braking=false lifecycle=armed range=null bearing=null rss=null
         1788689207.430  3954  3987 I AebsFrameSubscriber: onMessagesAvailable callback
         1788689207.430  3954  3987 I AebsFrameSubscriber: onMessagesAvailable callback
         1788689207.522  3954  3987 I AebsFrameSubscriber: onMessagesAvailable callback
         1788689207.522  3954  3987 I AebsFrameSubscriber: readNextMessages count=1
         1788689207.522  3954  3987 I MainActivity: onGatewayFrame: frame seq=1440 egoSpeed=6.5625253 pts=0 intervention=false warning=false braking=false lifecycle=armed range=null bearing=null rss=null
         1788689207.618  3954  3987 I AebsFrameSubscriber: onMessagesAvailable callback
         1788689207.619  3954  3987 I AebsFrameSubscriber: readNextMessages count=1
         1788689207.619  3954  3987 I MainActivity: onGatewayFrame: frame seq=1441 egoSpeed=6.5625253 pts=0 intervention=false warning=false braking=false lifecycle=armed range=null bearing=null rss=null
         1788689207.721  3954  3987 I AebsFrameSubscriber: onMessagesAvailable callback
         1788689207.722  3954  3987 I AebsFrameSubscriber: readNextMessages count=1
         1788689207.722  3954  3987 I MainActivity: onGatewayFrame: frame seq=1442 egoSpeed=6.5625253 pts=0 intervention=false warning=false braking=false lifecycle=armed range=null bearing=null rss=null
         1788689207.818  3954  3987 I AebsFrameSubscriber: onMessagesAvailable callback
         1788689207.819  3954  3987 I AebsFrameSubscriber: readNextMessages count=1
         1788689207.819  3954  3987 I MainActivity: onGatewayFrame: frame seq=1443 egoSpeed=6.5625253 pts=0 intervention=false warning=false braking=false lifecycle=armed range=null bearing=null rss=null
         1788689207.924  3954  3987 I AebsFrameSubscriber: onMessagesAvailable callback
         1788689207.925  3954  3987 I AebsFrameSubscriber: readNextMessages count=1
         1788689207.925  3954  3987 I MainActivity: onGatewayFrame: frame seq=1444 egoSpeed=6.5625253 pts=0 intervention=false warning=false braking=false lifecycle=armed range=null bearing=null rss=null
         1788689208.018  3954  3987 I AebsFrameSubscriber: onMessagesAvailable callback
         1788689208.018  3954  3987 I AebsFrameSubscriber: readNextMessages count=1
         1788689208.019  3954  3987 I MainActivity: onGatewayFrame: frame seq=1445 egoSpeed=6.5625253 pts=0 intervention=false warning=false braking=false lifecycle=armed range=null bearing=null rss=null
         1788689208.118  3954  3987 I AebsFrameSubscriber: onMessagesAvailable callback
         1788689208.121  3954  3987 I AebsFrameSubscriber: readNextMessages count=1
         1788689208.121  3954  3987 I MainActivity: onGatewayFrame: frame seq=1446 egoSpeed=6.5625253 pts=0 intervention=false warning=false braking=false lifecycle=armed range=null bearing=null rss=null
         1788689208.218  3954  3987 I AebsFrameSubscriber: onMessagesAvailable callback
         1788689208.218  3954  3987 I AebsFrameSubscriber: readNextMessages count=1
         1788689208.218  3954  3987 I MainActivity: onGatewayFrame: frame seq=1447 egoSpeed=6.5625253 pts=0 intervention=false warning=false braking=false lifecycle=armed range=null bearing=null rss=null
         1788689208.321  3954  3987 I AebsFrameSubscriber: onMessagesAvailable callback
         1788689208.322  3954  3987 I AebsFrameSubscriber: readNextMessages count=1
         1788689208.322  3954  3987 I MainActivity: onGatewayFrame: frame seq=1448 egoSpeed=6.5625253 pts=0 intervention=false warning=false braking=false lifecycle=armed range=null bearing=null rss=null
         1788689208.418  3954  3987 I AebsFrameSubscriber: onMessagesAvailable callback
         1788689208.418  3954  3987 I AebsFrameSubscriber: readNextMessages count=1
         1788689208.418  3954  3987 I MainActivity: onGatewayFrame: frame seq=1449 egoSpeed=6.5625253 pts=0 intervention=false warning=false braking=false lifecycle=armed range=null bearing=null rss=null
         1788689208.520  3954  3987 I AebsFrameSubscriber: onMessagesAvailable callback
         1788689208.521  3954  3987 I AebsFrameSubscriber: readNextMessages count=1
         1788689208.521  3954  3987 I MainActivity: onGatewayFrame: frame seq=1450 egoSpeed=6.5625253 pts=0 intervention=false warning=false braking=false lifecycle=armed range=null bearing=null rss=null
         1788689208.618  3954  3987 I AebsFrameSubscriber: onMessagesAvailable callback
         1788689208.618  3954  3987 I AebsFrameSubscriber: readNextMessages count=1
         1788689208.618  3954  3987 I MainActivity: onGatewayFrame: frame seq=1451 egoSpeed=6.5625253 pts=0 intervention=false warning=false braking=false lifecycle=armed range=null bearing=null rss=null
         1788689208.720  3954  3987 I AebsFrameSubscriber: onMessagesAvailable callback
         1788689208.721  3954  3987 I AebsFrameSubscriber: readNextMessages count=1
         1788689208.721  3954  3987 I MainActivity: onGatewayFrame: frame seq=1452 egoSpeed=6.5625253 pts=0 intervention=false warning=false braking=false lifecycle=armed range=null bearing=null rss=null
         1788689208.818  3954  3987 I AebsFrameSubscriber: onMessagesAvailable callback
         1788689208.818  3954  3987 I AebsFrameSubscriber: readNextMessages count=1
         1788689208.818  3954  3987 I MainActivity: onGatewayFrame: frame seq=1453 egoSpeed=6.5625253 pts=0 intervention=false warning=false braking=false lifecycle=armed range=null bearing=null rss=null
         1788689208.920  3954  3987 I AebsFrameSubscriber: onMessagesAvailable callback
         1788689208.921  3954  3987 I AebsFrameSubscriber: readNextMessages count=1
         1788689208.921  3954  3987 I MainActivity: onGatewayFrame: frame seq=1454 egoSpeed=6.5625253 pts=0 intervention=false warning=false braking=false lifecycle=armed range=null bearing=null rss=null
         1788689209.018  3954  3987 I AebsFrameSubscriber: onMessagesAvailable callback
         1788689209.018  3954  3987 I AebsFrameSubscriber: readNextMessages count=1
         1788689209.019  3954  3987 I MainActivity: onGatewayFrame: frame seq=1455 egoSpeed=6.5625253 pts=0 intervention=false warning=false braking=false lifecycle=armed range=null bearing=null rss=null
         1788689209.118  3954  3987 I AebsFrameSubscriber: onMessagesAvailable callback
         1788689209.118  3954  3987 I AebsFrameSubscriber: readNextMessages count=1
         1788689209.118  3954  3987 I MainActivity: onGatewayFrame: frame seq=1456 egoSpeed=6.5625253 pts=0 intervention=false warning=false braking=false lifecycle=armed range=null bearing=null rss=null
         1788689209.218  3954  3987 I AebsFrameSubscriber: onMessagesAvailable callback
         1788689209.218  3954  3987 I AebsFrameSubscriber: readNextMessages count=1
         1788689209.219  3954  3987 I MainActivity: onGatewayFrame: frame seq=1457 egoSpeed=6.5625253 pts=0 intervention=false warning=false braking=false lifecycle=armed range=null bearing=null rss=null
         1788689209.320  3954  3987 I AebsFrameSubscriber: onMessagesAvailable callback
         1788689209.321  3954  3987 I AebsFrameSubscriber: readNextMessages count=1
         1788689209.322  3954  3987 I MainActivity: onGatewayFrame: frame seq=1458 egoSpeed=6.5625253 pts=0 intervention=false warning=false braking=false lifecycle=armed range=null bearing=null rss=null
         1788689209.418  3954  3987 I AebsFrameSubscriber: onMessagesAvailable callback
         1788689209.418  3954  3987 I AebsFrameSubscriber: readNextMessages count=1
         1788689209.418  3954  3987 I MainActivity: onGatewayFrame: frame seq=1459 egoSpeed=6.5625253 pts=0 intervention=false warning=false braking=false lifecycle=armed range=null bearing=null rss=null
         1788689209.518  3954  3987 I AebsFrameSubscriber: onMessagesAvailable callback
         1788689209.518  3954  3987 I AebsFrameSubscriber: readNextMessages count=1
         1788689209.519  3954  3987 I MainActivity: onGatewayFrame: frame seq=1460 egoSpeed=6.5625253 pts=0 intervention=false warning=false braking=false lifecycle=armed range=null bearing=null rss=null
         1788689209.618  3954  3987 I AebsFrameSubscriber: onMessagesAvailable callback
         1788689209.618  3954  3987 I AebsFrameSubscriber: readNextMessages count=1
         1788689209.618  3954  3987 I MainActivity: onGatewayFrame: frame seq=1461 egoSpeed=6.5625253 pts=0 intervention=false warning=false braking=false lifecycle=armed range=null bearing=null rss=null
         1788689209.718  3954  3987 I AebsFrameSubscriber: onMessagesAvailable callback
         1788689209.718  3954  3987 I AebsFrameSubscriber: readNextMessages count=1
         1788689209.719  3954  3987 I MainActivity: onGatewayFrame: frame seq=1462 egoSpeed=6.5625253 pts=0 intervention=false warning=false braking=false lifecycle=armed range=null bearing=null rss=null
         1788689209.818  3954  3987 I AebsFrameSubscriber: onMessagesAvailable callback
         1788689209.818  3954  3987 I AebsFrameSubscriber: readNextMessages count=1
         1788689209.818  3954  3987 I MainActivity: onGatewayFrame: frame seq=1463 egoSpeed=6.5625253 pts=0 intervention=false warning=false braking=false lifecycle=armed range=null bearing=null rss=null
         1788689209.918  3954  3987 I AebsFrameSubscriber: onMessagesAvailable callback
         1788689209.918  3954  3987 I AebsFrameSubscriber: readNextMessages count=1
         1788689209.918  3954  3987 I MainActivity: onGatewayFrame: frame seq=1464 egoSpeed=6.5625253 pts=0 intervention=false warning=false braking=false lifecycle=armed range=null bearing=null rss=null
         1788689210.018  3954  3987 I AebsFrameSubscriber: onMessagesAvailable callback
         1788689210.018  3954  3987 I AebsFrameSubscriber: readNextMessages count=1
         1788689210.018  3954  3987 I MainActivity: onGatewayFrame: frame seq=1465 egoSpeed=6.5625253 pts=0 intervention=false warning=false braking=false lifecycle=armed range=null bearing=null rss=null
         1788689210.118  3954  3987 I AebsFrameSubscriber: onMessagesAvailable callback
         1788689210.118  3954  3987 I AebsFrameSubscriber: readNextMessages count=1
         1788689210.118  3954  3987 I MainActivity: onGatewayFrame: frame seq=1466 egoSpeed=6.5625253 pts=0 intervention=false warning=false braking=false lifecycle=armed range=null bearing=null rss=null
         1788689210.218  3954  3987 I AebsFrameSubscriber: onMessagesAvailable callback
         1788689210.218  3954  3987 I AebsFrameSubscriber: readNextMessages count=1
         1788689210.218  3954  3987 I MainActivity: onGatewayFrame: frame seq=1467 egoSpeed=6.5625253 pts=0 intervention=false warning=false braking=false lifecycle=armed range=null bearing=null rss=null
         1788689210.318  3954  3987 I AebsFrameSubscriber: onMessagesAvailable callback
         1788689210.318  3954  3987 I AebsFrameSubscriber: readNextMessages count=1
         1788689210.318  3954  3987 I MainActivity: onGatewayFrame: frame seq=1468 egoSpeed=6.5625253 pts=0 intervention=false warning=false braking=false lifecycle=armed range=null bearing=null rss=null
         1788689210.418  3954  3987 I AebsFrameSubscriber: onMessagesAvailable callback
         1788689210.418  3954  3987 I AebsFrameSubscriber: readNextMessages count=1
         1788689210.418  3954  3987 I MainActivity: onGatewayFrame: frame seq=1469 egoSpeed=6.5625253 pts=0 intervention=false warning=false braking=false lifecycle=armed range=null bearing=null rss=null
         1788689210.518  3954  3987 I AebsFrameSubscriber: onMessagesAvailable callback
         1788689210.518  3954  3987 I AebsFrameSubscriber: readNextMessages count=1
         1788689210.518  3954  3987 I MainActivity: onGatewayFrame: frame seq=1470 egoSpeed=6.5625253 pts=0 intervention=false warning=false braking=false lifecycle=armed range=null bearing=null rss=null
         1788689210.618  3954  3987 I AebsFrameSubscriber: onMessagesAvailable callback
         1788689210.618  3954  3987 I AebsFrameSubscriber: readNextMessages count=1
         1788689210.618  3954  3987 I MainActivity: onGatewayFrame: frame seq=1471 egoSpeed=6.5625253 pts=0 intervention=false warning=false braking=false lifecycle=armed range=null bearing=null rss=null
         1788689210.718  3954  3987 I AebsFrameSubscriber: onMessagesAvailable callback
         1788689210.718  3954  3987 I AebsFrameSubscriber: readNextMessages count=1
         1788689210.718  3954  3987 I MainActivity: onGatewayFrame: frame seq=1472 egoSpeed=6.5625253 pts=0 intervention=false warning=false braking=false lifecycle=armed range=null bearing=null rss=null
         1788689210.818  3954  3987 I AebsFrameSubscriber: onMessagesAvailable callback
         1788689210.818  3954  3987 I AebsFrameSubscriber: readNextMessages count=1
         1788689210.818  3954  3987 I MainActivity: onGatewayFrame: frame seq=1473 egoSpeed=6.5625253 pts=0 intervention=false warning=false braking=false lifecycle=armed range=null bearing=null rss=null
         1788689210.918  3954  3987 I AebsFrameSubscriber: onMessagesAvailable callback
         1788689210.918  3954  3987 I AebsFrameSubscriber: readNextMessages count=1
         1788689210.918  3954  3987 I MainActivity: onGatewayFrame: frame seq=1474 egoSpeed=6.5625253 pts=0 intervention=false warning=false braking=false lifecycle=armed range=null bearing=null rss=null
         1788689211.018  3954  3987 I AebsFrameSubscriber: onMessagesAvailable callback
         1788689211.018  3954  3987 I AebsFrameSubscriber: readNextMessages count=1
         1788689211.018  3954  3987 I MainActivity: onGatewayFrame: frame seq=1475 egoSpeed=6.5625253 pts=0 intervention=false warning=false braking=false lifecycle=armed range=null bearing=null rss=null
         1788689211.118  3954  3987 I AebsFrameSubscriber: onMessagesAvailable callback
         1788689211.118  3954  3987 I AebsFrameSubscriber: readNextMessages count=1
         1788689211.119  3954  3987 I MainActivity: onGatewayFrame: frame seq=1476 egoSpeed=6.5625253 pts=0 intervention=false warning=false braking=false lifecycle=armed range=null bearing=null rss=null
         1788689211.218  3954  3987 I AebsFrameSubscriber: onMessagesAvailable callback
         1788689211.218  3954  3987 I AebsFrameSubscriber: readNextMessages count=1
         1788689211.218  3954  3987 I MainActivity: onGatewayFrame: frame seq=1477 egoSpeed=6.5625253 pts=0 intervention=false warning=false braking=false lifecycle=armed range=null bearing=null rss=null
         1788689211.318  3954  3987 I AebsFrameSubscriber: onMessagesAvailable callback
         1788689211.318  3954  3987 I AebsFrameSubscriber: readNextMessages count=1
         1788689211.318  3954  3987 I MainActivity: onGatewayFrame: frame seq=1478 egoSpeed=6.5625253 pts=0 intervention=false warning=false braking=false lifecycle=armed range=null bearing=null rss=null
         1788689211.421  3954  3987 I AebsFrameSubscriber: readNextMessages count=1
         1788689211.421  3954  3987 I MainActivity: onGatewayFrame: frame seq=1479 egoSpeed=6.5625253 pts=0 intervention=false warning=false braking=false lifecycle=armed range=null bearing=null rss=null
         1788689211.421  3954  3987 I AebsFrameSubscriber: onMessagesAvailable callback
         1788689211.551  3954  3987 I AebsFrameSubscriber: readNextMessages count=1
         1788689211.551  3954  3987 I MainActivity: onGatewayFrame: frame seq=1480 egoSpeed=6.5625253 pts=0 intervention=false warning=false braking=false lifecycle=armed range=null bearing=null rss=null
         1788689211.551  3954  3987 I AebsFrameSubscriber: onMessagesAvailable callback
         1788689211.618  3954  3987 I AebsFrameSubscriber: onMessagesAvailable callback
         1788689211.618  3954  3987 I AebsFrameSubscriber: readNextMessages count=1
         1788689211.618  3954  3987 I MainActivity: onGatewayFrame: frame seq=1481 egoSpeed=6.5625253 pts=0 intervention=false warning=false braking=false lifecycle=armed range=null bearing=null rss=null
         1788689211.718  3954  3987 I AebsFrameSubscriber: onMessagesAvailable callback
         1788689211.718  3954  3987 I AebsFrameSubscriber: readNextMessages count=1
         1788689211.718  3954  3987 I MainActivity: onGatewayFrame: frame seq=1482 egoSpeed=6.5625253 pts=0 intervention=false warning=false braking=false lifecycle=armed range=null bearing=null rss=null
         1788689211.818  3954  3987 I AebsFrameSubscriber: onMessagesAvailable callback
         1788689211.818  3954  3987 I AebsFrameSubscriber: readNextMessages count=1
         1788689211.818  3954  3987 I MainActivity: onGatewayFrame: frame seq=1483 egoSpeed=6.5625253 pts=0 intervention=false warning=false braking=false lifecycle=armed range=null bearing=null rss=null
         1788689211.917  3954  3987 I AebsFrameSubscriber: onMessagesAvailable callback
         1788689211.918  3954  3987 I AebsFrameSubscriber: readNextMessages count=1
         1788689211.918  3954  3987 I MainActivity: onGatewayFrame: frame seq=1484 egoSpeed=6.5625253 pts=0 intervention=false warning=false braking=false lifecycle=armed range=null bearing=null rss=null
         1788689212.018  3954  3987 I AebsFrameSubscriber: onMessagesAvailable callback
         1788689212.018  3954  3987 I AebsFrameSubscriber: readNextMessages count=1
         1788689212.018  3954  3987 I MainActivity: onGatewayFrame: frame seq=1485 egoSpeed=6.5625253 pts=0 intervention=false warning=false braking=false lifecycle=armed range=null bearing=null rss=null
         1788689212.118  3954  3987 I AebsFrameSubscriber: onMessagesAvailable callback
         1788689212.118  3954  3987 I AebsFrameSubscriber: readNextMessages count=1
         1788689212.118  3954  3987 I MainActivity: onGatewayFrame: frame seq=1486 egoSpeed=6.5625253 pts=0 intervention=false warning=false braking=false lifecycle=armed range=null bearing=null rss=null
         1788689212.218  3954  3987 I AebsFrameSubscriber: onMessagesAvailable callback
         1788689212.218  3954  3987 I AebsFrameSubscriber: readNextMessages count=1
         1788689212.218  3954  3987 I MainActivity: onGatewayFrame: frame seq=1487 egoSpeed=6.5625253 pts=0 intervention=false warning=false braking=false lifecycle=armed range=null bearing=null rss=null
         1788689212.318  3954  3987 I AebsFrameSubscriber: onMessagesAvailable callback
         1788689212.318  3954  3987 I AebsFrameSubscriber: readNextMessages count=1
         1788689212.318  3954  3987 I MainActivity: onGatewayFrame: frame seq=1488 egoSpeed=6.5625253 pts=0 intervention=false warning=false braking=false lifecycle=armed range=null bearing=null rss=null
         1788689212.418  3954  3987 I AebsFrameSubscriber: onMessagesAvailable callback
         1788689212.418  3954  3987 I AebsFrameSubscriber: readNextMessages count=1
         1788689212.418  3954  3987 I MainActivity: onGatewayFrame: frame seq=1489 egoSpeed=6.5625253 pts=0 intervention=false warning=false braking=false lifecycle=armed range=null bearing=null rss=null
         1788689212.518  3954  3987 I AebsFrameSubscriber: onMessagesAvailable callback
         1788689212.519  3954  3987 I AebsFrameSubscriber: readNextMessages count=1
         1788689212.519  3954  3987 I MainActivity: onGatewayFrame: frame seq=1490 egoSpeed=6.5625253 pts=0 intervention=false warning=false braking=false lifecycle=armed range=null bearing=null rss=null
         1788689212.618  3954  3987 I AebsFrameSubscriber: onMessagesAvailable callback
         1788689212.618  3954  3987 I AebsFrameSubscriber: readNextMessages count=1
         1788689212.619  3954  3987 I MainActivity: onGatewayFrame: frame seq=1491 egoSpeed=6.5625253 pts=0 intervention=false warning=false braking=false lifecycle=armed range=null bearing=null rss=null
         1788689212.717  3954  3987 I AebsFrameSubscriber: onMessagesAvailable callback
         1788689212.718  3954  3987 I AebsFrameSubscriber: readNextMessages count=1
         1788689212.718  3954  3987 I MainActivity: onGatewayFrame: frame seq=1492 egoSpeed=6.5625253 pts=0 intervention=false warning=false braking=false lifecycle=armed range=null bearing=null rss=null
         1788689212.818  3954  3987 I AebsFrameSubscriber: onMessagesAvailable callback
         1788689212.818  3954  3987 I AebsFrameSubscriber: readNextMessages count=1
         1788689212.818  3954  3987 I MainActivity: onGatewayFrame: frame seq=1493 egoSpeed=6.5625253 pts=0 intervention=false warning=false braking=false lifecycle=armed range=null bearing=null rss=null
         1788689212.917  3954  3987 I AebsFrameSubscriber: onMessagesAvailable callback
         1788689212.918  3954  3987 I AebsFrameSubscriber: readNextMessages count=1
         1788689212.918  3954  3987 I MainActivity: onGatewayFrame: frame seq=1494 egoSpeed=6.5625253 pts=0 intervention=false warning=false braking=false lifecycle=armed range=null bearing=null rss=null
         1788689213.018  3954  3987 I AebsFrameSubscriber: onMessagesAvailable callback
         1788689213.018  3954  3987 I AebsFrameSubscriber: readNextMessages count=1
         1788689213.018  3954  3987 I MainActivity: onGatewayFrame: frame seq=1495 egoSpeed=6.5625253 pts=0 intervention=false warning=false braking=false lifecycle=armed range=null bearing=null rss=null
         1788689213.117  3954  3987 I AebsFrameSubscriber: onMessagesAvailable callback
         1788689213.118  3954  3987 I AebsFrameSubscriber: readNextMessages count=1
         1788689213.118  3954  3987 I MainActivity: onGatewayFrame: frame seq=1496 egoSpeed=6.5625253 pts=0 intervention=false warning=false braking=false lifecycle=armed range=null bearing=null rss=null
         1788689213.218  3954  3987 I AebsFrameSubscriber: onMessagesAvailable callback
         1788689213.218  3954  3987 I AebsFrameSubscriber: readNextMessages count=1
         1788689213.218  3954  3987 I MainActivity: onGatewayFrame: frame seq=1497 egoSpeed=6.5625253 pts=0 intervention=false warning=false braking=false lifecycle=armed range=null bearing=null rss=null
         1788689213.317  3954  3987 I AebsFrameSubscriber: onMessagesAvailable callback
         1788689213.318  3954  3987 I AebsFrameSubscriber: readNextMessages count=1
         1788689213.318  3954  3987 I MainActivity: onGatewayFrame: frame seq=1498 egoSpeed=6.5625253 pts=0 intervention=false warning=false braking=false lifecycle=armed range=null bearing=null rss=null
         1788689213.418  3954  3987 I AebsFrameSubscriber: onMessagesAvailable callback
         1788689213.418  3954  3987 I AebsFrameSubscriber: readNextMessages count=1
         1788689213.418  3954  3987 I MainActivity: onGatewayFrame: frame seq=1499 egoSpeed=6.5625253 pts=0 intervention=false warning=false braking=false lifecycle=armed range=null bearing=null rss=null
         1788689213.518  3954  3987 I AebsFrameSubscriber: onMessagesAvailable callback
         1788689213.518  3954  3987 I AebsFrameSubscriber: readNextMessages count=1
         1788689213.518  3954  3987 I MainActivity: onGatewayFrame: frame seq=1500 egoSpeed=6.5625253 pts=0 intervention=false warning=false braking=false lifecycle=armed range=null bearing=null rss=null
         1788689213.618  3954  3987 I AebsFrameSubscriber: onMessagesAvailable callback
         1788689213.618  3954  3987 I AebsFrameSubscriber: readNextMessages count=1
         1788689213.618  3954  3987 I MainActivity: onGatewayFrame: frame seq=1501 egoSpeed=6.5625253 pts=0 intervention=false warning=false braking=false lifecycle=armed range=null bearing=null rss=null
         1788689213.718  3954  3987 I AebsFrameSubscriber: onMessagesAvailable callback
         1788689213.718  3954  3987 I AebsFrameSubscriber: readNextMessages count=1
         1788689213.718  3954  3987 I MainActivity: onGatewayFrame: frame seq=1502 egoSpeed=6.5625253 pts=0 intervention=false warning=false braking=false lifecycle=armed range=null bearing=null rss=null
         1788689213.818  3954  3987 I AebsFrameSubscriber: onMessagesAvailable callback
         1788689213.818  3954  3987 I AebsFrameSubscriber: readNextMessages count=1
         1788689213.818  3954  3987 I MainActivity: onGatewayFrame: frame seq=1503 egoSpeed=6.5625253 pts=0 intervention=false warning=false braking=false lifecycle=armed range=null bearing=null rss=null
         1788689213.917  3954  3987 I AebsFrameSubscriber: onMessagesAvailable callback
         1788689213.918  3954  3987 I AebsFrameSubscriber: readNextMessages count=1
         1788689213.918  3954  3987 I MainActivity: onGatewayFrame: frame seq=1504 egoSpeed=6.5625253 pts=0 intervention=false warning=false braking=false lifecycle=armed range=null bearing=null rss=null
         1788689214.017  3954  3987 I AebsFrameSubscriber: onMessagesAvailable callback
         1788689214.018  3954  3987 I AebsFrameSubscriber: readNextMessages count=1
         1788689214.018  3954  3987 I MainActivity: onGatewayFrame: frame seq=1505 egoSpeed=6.5625253 pts=0 intervention=false warning=false braking=false lifecycle=armed range=null bearing=null rss=null
         1788689214.117  3954  3987 I AebsFrameSubscriber: onMessagesAvailable callback
         1788689214.118  3954  3987 I AebsFrameSubscriber: readNextMessages count=1
         1788689214.118  3954  3987 I MainActivity: onGatewayFrame: frame seq=1506 egoSpeed=6.5625253 pts=0 intervention=false warning=false braking=false lifecycle=armed range=null bearing=null rss=null
         1788689214.217  3954  3987 I AebsFrameSubscriber: onMessagesAvailable callback
         1788689214.218  3954  3987 I AebsFrameSubscriber: readNextMessages count=1
         1788689214.218  3954  3987 I MainActivity: onGatewayFrame: frame seq=1507 egoSpeed=6.5625253 pts=0 intervention=false warning=false braking=false lifecycle=armed range=null bearing=null rss=null
         1788689214.317  3954  3987 I AebsFrameSubscriber: onMessagesAvailable callback
         1788689214.318  3954  3987 I AebsFrameSubscriber: readNextMessages count=1
         1788689214.318  3954  3987 I MainActivity: onGatewayFrame: frame seq=1508 egoSpeed=6.5625253 pts=0 intervention=false warning=false braking=false lifecycle=armed range=null bearing=null rss=null
         1788689214.418  3954  3987 I AebsFrameSubscriber: onMessagesAvailable callback
         1788689214.418  3954  3987 I AebsFrameSubscriber: readNextMessages count=1
         1788689214.418  3954  3987 I MainActivity: onGatewayFrame: frame seq=1509 egoSpeed=6.5625253 pts=0 intervention=false warning=false braking=false lifecycle=armed range=null bearing=null rss=null
         1788689214.518  3954  3987 I AebsFrameSubscriber: onMessagesAvailable callback
         1788689214.518  3954  3987 I AebsFrameSubscriber: readNextMessages count=1
         1788689214.518  3954  3987 I MainActivity: onGatewayFrame: frame seq=1510 egoSpeed=6.5625253 pts=0 intervention=false warning=false braking=false lifecycle=armed range=null bearing=null rss=null
         1788689214.618  3954  3987 I AebsFrameSubscriber: onMessagesAvailable callback
         1788689214.618  3954  3987 I AebsFrameSubscriber: readNextMessages count=1
         1788689214.618  3954  3987 I MainActivity: onGatewayFrame: frame seq=1511 egoSpeed=6.5625253 pts=0 intervention=false warning=false braking=false lifecycle=armed range=null bearing=null rss=null
         1788689214.718  3954  3987 I AebsFrameSubscriber: onMessagesAvailable callback
         1788689214.718  3954  3987 I AebsFrameSubscriber: readNextMessages count=1
         1788689214.718  3954  3987 I MainActivity: onGatewayFrame: frame seq=1512 egoSpeed=6.5625253 pts=0 intervention=false warning=false braking=false lifecycle=armed range=null bearing=null rss=null
         1788689214.818  3954  3987 I AebsFrameSubscriber: onMessagesAvailable callback
         1788689214.818  3954  3987 I AebsFrameSubscriber: readNextMessages count=1
         1788689214.819  3954  3987 I MainActivity: onGatewayFrame: frame seq=1513 egoSpeed=6.5625253 pts=0 intervention=false warning=false braking=false lifecycle=armed range=null bearing=null rss=null
         1788689214.918  3954  3987 I AebsFrameSubscriber: onMessagesAvailable callback
         1788689214.918  3954  3987 I AebsFrameSubscriber: readNextMessages count=1
         1788689214.918  3954  3987 I MainActivity: onGatewayFrame: frame seq=1514 egoSpeed=6.5625253 pts=0 intervention=false warning=false braking=false lifecycle=armed range=null bearing=null rss=null
         1788689215.017  3954  3987 I AebsFrameSubscriber: onMessagesAvailable callback
         1788689215.018  3954  3987 I AebsFrameSubscriber: readNextMessages count=1
         1788689215.018  3954  3987 I MainActivity: onGatewayFrame: frame seq=1515 egoSpeed=6.5625253 pts=0 intervention=false warning=false braking=false lifecycle=armed range=null bearing=null rss=null
         1788689215.117  3954  3987 I AebsFrameSubscriber: onMessagesAvailable callback
         1788689215.118  3954  3987 I AebsFrameSubscriber: readNextMessages count=1
         1788689215.118  3954  3987 I MainActivity: onGatewayFrame: frame seq=1516 egoSpeed=6.5625253 pts=0 intervention=false warning=false braking=false lifecycle=armed range=null bearing=null rss=null
         1788689215.218  3954  3987 I AebsFrameSubscriber: onMessagesAvailable callback
         1788689215.218  3954  3987 I AebsFrameSubscriber: readNextMessages count=1
         1788689215.218  3954  3987 I MainActivity: onGatewayFrame: frame seq=1517 egoSpeed=6.5625253 pts=0 intervention=false warning=false braking=false lifecycle=armed range=null bearing=null rss=null
         1788689215.317  3954  3987 I AebsFrameSubscriber: onMessagesAvailable callback
         1788689215.318  3954  3987 I AebsFrameSubscriber: readNextMessages count=1
         1788689215.318  3954  3987 I MainActivity: onGatewayFrame: frame seq=1518 egoSpeed=6.5625253 pts=0 intervention=false warning=false braking=false lifecycle=armed range=null bearing=null rss=null
         1788689215.535  3954  3987 I AebsFrameSubscriber: readNextMessages count=2
         1788689215.535  3954  3987 I MainActivity: onGatewayFrame: frame seq=1519 egoSpeed=6.5625253 pts=0 intervention=false warning=false braking=false lifecycle=armed range=null bearing=null rss=null
         1788689215.536  3954  3987 I MainActivity: onGatewayFrame: frame seq=1520 egoSpeed=6.5625253 pts=0 intervention=false warning=false braking=false lifecycle=armed range=null bearing=null rss=null
         1788689215.536  3954  3987 I AebsFrameSubscriber: onMessagesAvailable callback
         1788689215.536  3954  3987 I AebsFrameSubscriber: onMessagesAvailable callback
         1788689215.617  3954  3987 I AebsFrameSubscriber: onMessagesAvailable callback
         1788689215.618  3954  3987 I AebsFrameSubscriber: readNextMessages count=1
         1788689215.618  3954  3987 I MainActivity: onGatewayFrame: frame seq=1521 egoSpeed=6.5625253 pts=0 intervention=false warning=false braking=false lifecycle=armed range=null bearing=null rss=null
         1788689215.717  3954  3987 I AebsFrameSubscriber: onMessagesAvailable callback
         1788689215.718  3954  3987 I AebsFrameSubscriber: readNextMessages count=1
         1788689215.718  3954  3987 I MainActivity: onGatewayFrame: frame seq=1522 egoSpeed=6.5625253 pts=0 intervention=false warning=false braking=false lifecycle=armed range=null bearing=null rss=null
         1788689215.817  3954  3987 I AebsFrameSubscriber: onMessagesAvailable callback
         1788689215.818  3954  3987 I AebsFrameSubscriber: readNextMessages count=1
         1788689215.818  3954  3987 I MainActivity: onGatewayFrame: frame seq=1523 egoSpeed=6.5625253 pts=0 intervention=false warning=false braking=false lifecycle=armed range=null bearing=null rss=null
         1788689215.917  3954  3987 I AebsFrameSubscriber: onMessagesAvailable callback
         1788689215.918  3954  3987 I AebsFrameSubscriber: readNextMessages count=1
         1788689215.918  3954  3987 I MainActivity: onGatewayFrame: frame seq=1524 egoSpeed=6.5625253 pts=0 intervention=false warning=false braking=false lifecycle=armed range=null bearing=null rss=null
         1788689216.017  3954  3987 I AebsFrameSubscriber: onMessagesAvailable callback
         1788689216.018  3954  3987 I AebsFrameSubscriber: readNextMessages count=1
         1788689216.018  3954  3987 I MainActivity: onGatewayFrame: frame seq=1525 egoSpeed=6.5625253 pts=0 intervention=false warning=false braking=false lifecycle=armed range=null bearing=null rss=null
         1788689216.117  3954  3987 I AebsFrameSubscriber: onMessagesAvailable callback
         1788689216.118  3954  3987 I AebsFrameSubscriber: readNextMessages count=1
         1788689216.118  3954  3987 I MainActivity: onGatewayFrame: frame seq=1526 egoSpeed=6.5625253 pts=0 intervention=false warning=false braking=false lifecycle=armed range=null bearing=null rss=null
         1788689216.217  3954  3987 I AebsFrameSubscriber: onMessagesAvailable callback
         1788689216.217  3954  3987 I AebsFrameSubscriber: readNextMessages count=1
         1788689216.218  3954  3987 I MainActivity: onGatewayFrame: frame seq=1527 egoSpeed=6.5625253 pts=0 intervention=false warning=false braking=false lifecycle=armed range=null bearing=null rss=null
         1788689216.317  3954  3987 I AebsFrameSubscriber: onMessagesAvailable callback
         1788689216.318  3954  3987 I AebsFrameSubscriber: readNextMessages count=1
         1788689216.318  3954  3987 I MainActivity: onGatewayFrame: frame seq=1528 egoSpeed=6.5625253 pts=0 intervention=false warning=false braking=false lifecycle=armed range=null bearing=null rss=null
         1788689216.420  3954  3987 I AebsFrameSubscriber: onMessagesAvailable callback
         1788689216.420  3954  3987 I AebsFrameSubscriber: readNextMessages count=1
         1788689216.421  3954  3987 I MainActivity: onGatewayFrame: frame seq=1529 egoSpeed=6.5625253 pts=0 intervention=false warning=false braking=false lifecycle=armed range=null bearing=null rss=null
         1788689216.517  3954  3987 I AebsFrameSubscriber: onMessagesAvailable callback
         1788689216.518  3954  3987 I AebsFrameSubscriber: readNextMessages count=1
         1788689216.518  3954  3987 I MainActivity: onGatewayFrame: frame seq=1530 egoSpeed=6.5625253 pts=0 intervention=false warning=false braking=false lifecycle=armed range=null bearing=null rss=null
         1788689216.617  3954  3987 I AebsFrameSubscriber: onMessagesAvailable callback
         1788689216.618  3954  3987 I AebsFrameSubscriber: readNextMessages count=1
         1788689216.618  3954  3987 I MainActivity: onGatewayFrame: frame seq=1531 egoSpeed=6.5625253 pts=0 intervention=false warning=false braking=false lifecycle=armed range=null bearing=null rss=null
         1788689216.717  3954  3987 I AebsFrameSubscriber: onMessagesAvailable callback
         1788689216.718  3954  3987 I AebsFrameSubscriber: readNextMessages count=1
         1788689216.718  3954  3987 I MainActivity: onGatewayFrame: frame seq=1532 egoSpeed=6.5625253 pts=0 intervention=false warning=false braking=false lifecycle=armed range=null bearing=null rss=null
         1788689216.820  3954  3987 I AebsFrameSubscriber: onMessagesAvailable callback
         1788689216.821  3954  3987 I AebsFrameSubscriber: readNextMessages count=1
         1788689216.821  3954  3987 I MainActivity: onGatewayFrame: frame seq=1533 egoSpeed=6.5625253 pts=0 intervention=false warning=false braking=false lifecycle=armed range=null bearing=null rss=null
         1788689216.917  3954  3987 I AebsFrameSubscriber: onMessagesAvailable callback
         1788689216.921  3954  3987 I AebsFrameSubscriber: readNextMessages count=1
         1788689216.923  3954  3987 I MainActivity: onGatewayFrame: frame seq=1534 egoSpeed=6.5625253 pts=24 intervention=false warning=true braking=false lifecycle=armed range=24.853785 bearing=0.0 rss=14.7403145
         1788689217.017  3954  3987 I AebsFrameSubscriber: onMessagesAvailable callback
         1788689217.018  3954  3987 I AebsFrameSubscriber: readNextMessages count=1
         1788689217.018  3954  3987 I MainActivity: onGatewayFrame: frame seq=1535 egoSpeed=6.5625253 pts=24 intervention=false warning=true braking=false lifecycle=armed range=23.796253 bearing=0.0 rss=14.7403145
         1788689217.117  3954  3987 I AebsFrameSubscriber: onMessagesAvailable callback
         1788689217.119  3954  3987 I AebsFrameSubscriber: readNextMessages count=1
         1788689217.119  3954  3987 I MainActivity: onGatewayFrame: frame seq=1536 egoSpeed=6.5625253 pts=24 intervention=false warning=true braking=false lifecycle=armed range=23.901237 bearing=0.0 rss=14.7403145
         1788689217.217  3954  3987 I AebsFrameSubscriber: onMessagesAvailable callback
         1788689217.218  3954  3987 I AebsFrameSubscriber: readNextMessages count=1
         1788689217.218  3954  3987 I MainActivity: onGatewayFrame: frame seq=1537 egoSpeed=6.5625253 pts=24 intervention=false warning=true braking=false lifecycle=armed range=22.680254 bearing=0.0 rss=14.7403145
         1788689217.317  3954  3987 I AebsFrameSubscriber: onMessagesAvailable callback
         1788689217.318  3954  3987 I AebsFrameSubscriber: readNextMessages count=1
         1788689217.318  3954  3987 I MainActivity: onGatewayFrame: frame seq=1538 egoSpeed=6.5625253 pts=24 intervention=false warning=true braking=false lifecycle=armed range=22.768217 bearing=0.0 rss=14.7403145
         1788689217.417  3954  3987 I AebsFrameSubscriber: onMessagesAvailable callback
         1788689217.418  3954  3987 I AebsFrameSubscriber: readNextMessages count=1
         1788689217.418  3954  3987 I MainActivity: onGatewayFrame: frame seq=1539 egoSpeed=6.5625253 pts=24 intervention=false warning=true braking=false lifecycle=armed range=21.56058 bearing=0.0 rss=14.7403145
         1788689217.517  3954  3987 I AebsFrameSubscriber: onMessagesAvailable callback
         1788689217.518  3954  3987 I AebsFrameSubscriber: readNextMessages count=1
         1788689217.518  3954  3987 I MainActivity: onGatewayFrame: frame seq=1540 egoSpeed=6.5625253 pts=24 intervention=false warning=true braking=false lifecycle=armed range=21.650078 bearing=0.0 rss=14.7403145
         1788689217.617  3954  3987 I AebsFrameSubscriber: onMessagesAvailable callback
         1788689217.618  3954  3987 I AebsFrameSubscriber: readNextMessages count=1
         1788689217.618  3954  3987 I MainActivity: onGatewayFrame: frame seq=1541 egoSpeed=6.5625253 pts=24 intervention=false warning=true braking=false lifecycle=armed range=20.591784 bearing=0.0 rss=14.7403145
         1788689217.717  3954  3987 I AebsFrameSubscriber: onMessagesAvailable callback
         1788689217.718  3954  3987 I AebsFrameSubscriber: readNextMessages count=1
         1788689217.718  3954  3987 I MainActivity: onGatewayFrame: frame seq=1542 egoSpeed=6.5625253 pts=24 intervention=false warning=true braking=false lifecycle=armed range=20.681223 bearing=0.0 rss=14.7403145
         1788689217.817  3954  3987 I AebsFrameSubscriber: onMessagesAvailable callback
         1788689217.818  3954  3987 I AebsFrameSubscriber: readNextMessages count=1
         1788689217.818  3954  3987 I MainActivity: onGatewayFrame: frame seq=1543 egoSpeed=6.5625253 pts=24 intervention=false warning=true braking=false lifecycle=armed range=19.6306 bearing=0.0 rss=14.7403145
         1788689217.917  3954  3987 I AebsFrameSubscriber: onMessagesAvailable callback
         1788689217.918  3954  3987 I AebsFrameSubscriber: readNextMessages count=1
         1788689217.918  3954  3987 I MainActivity: onGatewayFrame: frame seq=1544 egoSpeed=6.5625253 pts=24 intervention=false warning=true braking=false lifecycle=armed range=19.723915 bearing=0.0 rss=14.7403145
         1788689218.017  3954  3987 I AebsFrameSubscriber: onMessagesAvailable callback
         1788689218.018  3954  3987 I AebsFrameSubscriber: readNextMessages count=1
         1788689218.018  3954  3987 I MainActivity: onGatewayFrame: frame seq=1545 egoSpeed=6.5625253 pts=24 intervention=false warning=true braking=false lifecycle=armed range=18.661139 bearing=0.0 rss=14.7403145
         1788689218.117  3954  3987 I AebsFrameSubscriber: onMessagesAvailable callback
         1788689218.118  3954  3987 I AebsFrameSubscriber: readNextMessages count=1
         1788689218.118  3954  3987 I MainActivity: onGatewayFrame: frame seq=1546 egoSpeed=6.5625253 pts=24 intervention=false warning=true braking=false lifecycle=armed range=18.772552 bearing=0.0 rss=14.7403145
         1788689218.217  3954  3987 I AebsFrameSubscriber: onMessagesAvailable callback
         1788689218.218  3954  3987 I AebsFrameSubscriber: readNextMessages count=1
         1788689218.218  3954  3987 I MainActivity: onGatewayFrame: frame seq=1547 egoSpeed=6.5625253 pts=24 intervention=false warning=true braking=false lifecycle=armed range=17.637562 bearing=0.0 rss=14.7403145
         1788689218.318  3954  3987 I AebsFrameSubscriber: onMessagesAvailable callback
         1788689218.318  3954  3987 I AebsFrameSubscriber: readNextMessages count=1
         1788689218.318  3954  3987 I MainActivity: onGatewayFrame: frame seq=1548 egoSpeed=6.5625253 pts=24 intervention=false warning=true braking=true lifecycle=braking_latched range=16.41657 bearing=0.0 rss=14.7403145
         1788689218.417  3954  3987 I AebsFrameSubscriber: onMessagesAvailable callback
         1788689218.418  3954  3987 I AebsFrameSubscriber: readNextMessages count=1
         1788689218.418  3954  3987 I MainActivity: onGatewayFrame: frame seq=1549 egoSpeed=6.5508237 pts=24 intervention=false warning=true braking=true lifecycle=braking_latched range=16.519415 bearing=0.0 rss=14.732282
         1788689218.517  3954  3987 I AebsFrameSubscriber: onMessagesAvailable callback
         1788689218.518  3954  3987 I AebsFrameSubscriber: readNextMessages count=1
         1788689218.518  3954  3987 I MainActivity: onGatewayFrame: frame seq=1550 egoSpeed=6.504601 pts=24 intervention=false warning=true braking=true lifecycle=braking_latched range=15.4615755 bearing=0.0 rss=14.645499
         1788689218.617  3954  3987 I AebsFrameSubscriber: onMessagesAvailable callback
         1788689218.618  3954  3987 I AebsFrameSubscriber: readNextMessages count=1
         1788689218.618  3954  3987 I MainActivity: onGatewayFrame: frame seq=1551 egoSpeed=6.4146266 pts=24 intervention=false warning=true braking=true lifecycle=braking_latched range=15.551876 bearing=0.0 rss=14.43235
         1788689218.717  3954  3987 I AebsFrameSubscriber: onMessagesAvailable callback
         1788689218.718  3954  3987 I AebsFrameSubscriber: readNextMessages count=1
         1788689218.718  3954  3987 I MainActivity: onGatewayFrame: frame seq=1552 egoSpeed=6.2770734 pts=24 intervention=false warning=true braking=true lifecycle=braking_latched range=14.350842 bearing=0.0 rss=14.076279
         1788689218.817  3954  3987 I AebsFrameSubscriber: onMessagesAvailable callback
         1788689218.818  3954  3987 I AebsFrameSubscriber: readNextMessages count=1
         1788689218.819  3954  3987 I MainActivity: onGatewayFrame: frame seq=1553 egoSpeed=6.0902357 pts=24 intervention=false warning=true braking=true lifecycle=braking_latched range=14.442915 bearing=0.0 rss=13.575376
         1788689218.917  3954  3987 I AebsFrameSubscriber: onMessagesAvailable callback
         1788689218.918  3954  3987 I AebsFrameSubscriber: readNextMessages count=1
         1788689218.918  3954  3987 I MainActivity: onGatewayFrame: frame seq=1554 egoSpeed=5.853811 pts=24 intervention=false warning=true braking=true lifecycle=braking_latched range=13.257381 bearing=0.0 rss=12.934486
         1788689219.017  3954  3987 I AebsFrameSubscriber: onMessagesAvailable callback
         1788689219.018  3954  3987 I AebsFrameSubscriber: readNextMessages count=1
         1788689219.018  3954  3987 I MainActivity: onGatewayFrame: frame seq=1555 egoSpeed=5.5674276 pts=24 intervention=false warning=true braking=true lifecycle=braking_latched range=13.339355 bearing=0.0 rss=12.163435
         1788689219.117  3954  3987 I AebsFrameSubscriber: onMessagesAvailable callback
         1788689219.119  3954  3987 I AebsFrameSubscriber: readNextMessages count=1
         1788689219.119  3954  3987 I MainActivity: onGatewayFrame: frame seq=1556 egoSpeed=5.2303205 pts=24 intervention=false warning=true braking=true lifecycle=braking_latched range=12.379299 bearing=0.0 rss=11.274158
         1788689219.337  3954  3987 I AebsFrameSubscriber: readNextMessages count=2
         1788689219.337  3954  3987 I MainActivity: onGatewayFrame: frame seq=1557 egoSpeed=4.8428407 pts=24 intervention=false warning=true braking=true lifecycle=braking_latched range=12.462065 bearing=0.0 rss=10.280103
         1788689219.337  3954  3987 I MainActivity: onGatewayFrame: frame seq=1558 egoSpeed=4.407336 pts=24 intervention=false warning=true braking=true lifecycle=braking_latched range=11.795194 bearing=0.0 rss=9.206882
         1788689219.337  3954  3987 I AebsFrameSubscriber: onMessagesAvailable callback
         1788689219.337  3954  3987 I AebsFrameSubscriber: onMessagesAvailable callback
         1788689219.417  3954  3987 I AebsFrameSubscriber: onMessagesAvailable callback
         1788689219.418  3954  3987 I AebsFrameSubscriber: readNextMessages count=1
         1788689219.418  3954  3987 I MainActivity: onGatewayFrame: frame seq=1559 egoSpeed=3.9320037 pts=24 intervention=false warning=true braking=true lifecycle=braking_latched range=10.872084 bearing=0.0 rss=8.074019
         1788689219.517  3954  3987 I AebsFrameSubscriber: onMessagesAvailable callback
         1788689219.518  3954  3987 I AebsFrameSubscriber: readNextMessages count=1
         1788689219.518  3954  3987 I MainActivity: onGatewayFrame: frame seq=1560 egoSpeed=3.4413807 pts=24 intervention=false warning=true braking=true lifecycle=braking_latched range=10.954599 bearing=0.0 rss=6.954604
         1788689219.617  3954  3987 I AebsFrameSubscriber: onMessagesAvailable callback
         1788689219.618  3954  3987 I AebsFrameSubscriber: readNextMessages count=1
         1788689219.618  3954  3987 I MainActivity: onGatewayFrame: frame seq=1561 egoSpeed=2.9448617 pts=24 intervention=false warning=true braking=true lifecycle=braking_latched range=10.3950615 bearing=0.0 rss=5.893137
         1788689219.717  3954  3987 I AebsFrameSubscriber: onMessagesAvailable callback
         1788689219.718  3954  3987 I AebsFrameSubscriber: readNextMessages count=1
         1788689219.718  3954  3987 I MainActivity: onGatewayFrame: frame seq=1562 egoSpeed=2.4461174 pts=24 intervention=false warning=true braking=true lifecycle=braking_latched range=10.491148 bearing=0.0 rss=4.906308
         1788689219.817  3954  3987 I AebsFrameSubscriber: onMessagesAvailable callback
         1788689219.818  3954  3987 I AebsFrameSubscriber: readNextMessages count=1
         1788689219.818  3954  3987 I MainActivity: onGatewayFrame: frame seq=1563 egoSpeed=1.9465498 pts=24 intervention=false warning=true braking=true lifecycle=braking_latched range=9.961744 bearing=0.0 rss=4.0000796
         1788689219.917  3954  3987 I AebsFrameSubscriber: onMessagesAvailable callback
         1788689219.918  3954  3987 I AebsFrameSubscriber: readNextMessages count=1
         1788689219.918  3954  3987 I MainActivity: onGatewayFrame: frame seq=1564 egoSpeed=1.4468099 pts=24 intervention=false warning=true braking=true lifecycle=braking_latched range=9.625349 bearing=0.0 rss=3.1762116
         1788689220.017  3954  3987 I AebsFrameSubscriber: onMessagesAvailable callback
         1788689220.018  3954  3987 I AebsFrameSubscriber: readNextMessages count=1
         1788689220.018  3954  3987 I MainActivity: onGatewayFrame: frame seq=1565 egoSpeed=0.94687533 pts=24 intervention=false warning=true braking=true lifecycle=braking_latched range=9.707582 bearing=0.0 rss=2.4353135
         1788689220.117  3954  3987 I AebsFrameSubscriber: onMessagesAvailable callback
         1788689220.118  3954  3987 I AebsFrameSubscriber: readNextMessages count=1
         1788689220.118  3954  3987 I MainActivity: onGatewayFrame: frame seq=1566 egoSpeed=0.44692928 pts=24 intervention=false warning=true braking=true lifecycle=braking_latched range=9.537246 bearing=0.0 rss=1.7773875
         1788689220.217  3954  3987 I AebsFrameSubscriber: onMessagesAvailable callback
         1788689220.218  3954  3987 I AebsFrameSubscriber: readNextMessages count=1
         1788689220.218  3954  3987 I MainActivity: onGatewayFrame: frame seq=1567 egoSpeed=0.0 pts=24 intervention=false warning=true braking=true lifecycle=braking_latched range=9.62751 bearing=0.0 rss=1.2031337
         1788689220.317  3954  3987 I AebsFrameSubscriber: onMessagesAvailable callback
         1788689220.318  3954  3987 I AebsFrameSubscriber: readNextMessages count=1
         1788689220.318  3954  3987 I MainActivity: onGatewayFrame: frame seq=1568 egoSpeed=0.0 pts=24 intervention=false warning=true braking=true lifecycle=braking_latched range=9.62751 bearing=0.0 rss=1.2031337
         1788689220.417  3954  3987 I AebsFrameSubscriber: onMessagesAvailable callback
         1788689220.418  3954  3987 I AebsFrameSubscriber: readNextMessages count=1
         1788689220.418  3954  3987 I MainActivity: onGatewayFrame: frame seq=1569 egoSpeed=0.0 pts=24 intervention=false warning=true braking=true lifecycle=braking_latched range=9.62751 bearing=0.0 rss=1.2031337
         1788689220.517  3954  3987 I AebsFrameSubscriber: onMessagesAvailable callback
         1788689220.518  3954  3987 I AebsFrameSubscriber: readNextMessages count=1
         1788689220.518  3954  3987 I MainActivity: onGatewayFrame: frame seq=1570 egoSpeed=0.0 pts=24 intervention=false warning=true braking=true lifecycle=braking_latched range=9.62751 bearing=0.0 rss=1.2031337
         1788689220.617  3954  3987 I AebsFrameSubscriber: onMessagesAvailable callback
         1788689220.618  3954  3987 I AebsFrameSubscriber: readNextMessages count=1
         1788689220.618  3954  3987 I MainActivity: onGatewayFrame: frame seq=1571 egoSpeed=0.0 pts=24 intervention=false warning=true braking=true lifecycle=braking_latched range=9.62751 bearing=0.0 rss=1.2031337
         1788689220.717  3954  3987 I AebsFrameSubscriber: onMessagesAvailable callback
         1788689220.717  3954  3987 I AebsFrameSubscriber: readNextMessages count=1
         1788689220.717  3954  3987 I MainActivity: onGatewayFrame: frame seq=1572 egoSpeed=0.0 pts=0 intervention=false warning=true braking=true lifecycle=braking_latched range=null bearing=null rss=1.2031337
         1788689220.817  3954  3987 I AebsFrameSubscriber: onMessagesAvailable callback
         1788689220.818  3954  3987 I AebsFrameSubscriber: readNextMessages count=1
         1788689220.818  3954  3987 I MainActivity: onGatewayFrame: frame seq=1573 egoSpeed=0.0 pts=0 intervention=false warning=false braking=true lifecycle=released_verified_stop range=null bearing=null rss=1.2031337
         1788689220.917  3954  3987 I AebsFrameSubscriber: onMessagesAvailable callback
         1788689220.918  3954  3987 I AebsFrameSubscriber: readNextMessages count=1
         1788689220.918  3954  3987 I MainActivity: onGatewayFrame: frame seq=1574 egoSpeed=0.0 pts=0 intervention=false warning=false braking=true lifecycle=released_verified_stop range=null bearing=null rss=1.2031337
         1788689221.017  3954  3987 I AebsFrameSubscriber: onMessagesAvailable callback
         1788689221.017  3954  3987 I AebsFrameSubscriber: readNextMessages count=1
         1788689221.017  3954  3987 I MainActivity: onGatewayFrame: frame seq=1575 egoSpeed=0.0 pts=0 intervention=false warning=false braking=true lifecycle=released_verified_stop range=null bearing=null rss=1.2031337
         1788689221.117  3954  3987 I AebsFrameSubscriber: onMessagesAvailable callback
         1788689221.117  3954  3987 I AebsFrameSubscriber: readNextMessages count=1
         1788689221.117  3954  3987 I MainActivity: onGatewayFrame: frame seq=1576 egoSpeed=0.055211797 pts=0 intervention=false warning=false braking=true lifecycle=released_verified_stop range=null bearing=null rss=1.2031337
         1788689221.217  3954  3987 I AebsFrameSubscriber: onMessagesAvailable callback
         1788689221.218  3954  3987 I AebsFrameSubscriber: readNextMessages count=1
         1788689221.218  3954  3987 I MainActivity: onGatewayFrame: frame seq=1577 egoSpeed=0.17034015 pts=24 intervention=false warning=false braking=true lifecycle=released_verified_stop range=10.40316 bearing=0.0 rss=1.1105425
         1788689221.317  3954  3987 I AebsFrameSubscriber: onMessagesAvailable callback
         1788689221.317  3954  3987 I AebsFrameSubscriber: readNextMessages count=1
         1788689221.318  3954  3987 I MainActivity: onGatewayFrame: frame seq=1578 egoSpeed=0.30744877 pts=24 intervention=false warning=false braking=true lifecycle=released_verified_stop range=10.5889015 bearing=0.0 rss=1.2468773
         1788689221.417  3954  3987 I AebsFrameSubscriber: onMessagesAvailable callback
         1788689221.418  3954  3987 I AebsFrameSubscriber: readNextMessages count=1
         1788689221.418  3954  3987 I MainActivity: onGatewayFrame: frame seq=1579 egoSpeed=0.45285144 pts=24 intervention=false warning=false braking=true lifecycle=released_verified_stop range=10.654479 bearing=0.0 rss=1.403959
         1788689221.517  3954  3987 I AebsFrameSubscriber: onMessagesAvailable callback
         1788689221.518  3954  3987 I AebsFrameSubscriber: readNextMessages count=1
         1788689221.518  3954  3987 I MainActivity: onGatewayFrame: frame seq=1580 egoSpeed=0.6010402 pts=24 intervention=false warning=false braking=true lifecycle=released_verified_stop range=10.745093 bearing=0.0 rss=1.5729924
         1788689221.617  3954  3987 I AebsFrameSubscriber: onMessagesAvailable callback
         1788689221.617  3954  3987 I AebsFrameSubscriber: readNextMessages count=1
         1788689221.618  3954  3987 I MainActivity: onGatewayFrame: frame seq=1581 egoSpeed=0.7504195 pts=24 intervention=false warning=false braking=true lifecycle=released_verified_stop range=10.776282 bearing=0.0 rss=1.7518224
         1788689221.717  3954  3987 I AebsFrameSubscriber: onMessagesAvailable callback
         1788689221.718  3954  3987 I AebsFrameSubscriber: readNextMessages count=1
         1788689221.718  3954  3987 I MainActivity: onGatewayFrame: frame seq=1582 egoSpeed=0.90019345 pts=24 intervention=false warning=false braking=true lifecycle=released_verified_stop range=10.85753 bearing=0.0 rss=1.9388912
         1788689221.817  3954  3987 I AebsFrameSubscriber: onMessagesAvailable callback
         1788689221.818  3954  3987 I AebsFrameSubscriber: readNextMessages count=1
         1788689221.818  3954  3987 I MainActivity: onGatewayFrame: frame seq=1583 egoSpeed=1.0501058 pts=24 intervention=false warning=false braking=true lifecycle=released_verified_stop range=10.831667 bearing=0.0 rss=2.133711
         1788689221.917  3954  3987 I AebsFrameSubscriber: onMessagesAvailable callback
         1788689221.918  3954  3987 I AebsFrameSubscriber: readNextMessages count=1
         1788689221.918  3954  3987 I MainActivity: onGatewayFrame: frame seq=1584 egoSpeed=1.2000527 pts=24 intervention=false warning=false braking=true lifecycle=released_verified_stop range=10.929063 bearing=0.0 rss=2.3361287
         1788689222.016  3954  3987 I AebsFrameSubscriber: onMessagesAvailable callback
         1788689222.017  3954  3987 I AebsFrameSubscriber: readNextMessages count=1
         1788689222.017  3954  3987 I MainActivity: onGatewayFrame: frame seq=1585 egoSpeed=1.3500389 pts=24 intervention=false warning=false braking=true lifecycle=released_verified_stop range=10.86161 bearing=0.0 rss=2.5460777
         1788689222.117  3954  3987 I AebsFrameSubscriber: onMessagesAvailable callback
         1788689222.117  3954  3987 I AebsFrameSubscriber: readNextMessages count=1
         1788689222.118  3954  3987 I MainActivity: onGatewayFrame: frame seq=1586 egoSpeed=1.5003126 pts=24 intervention=false warning=false braking=true lifecycle=released_verified_stop range=10.954889 bearing=0.0 rss=2.7637062
         1788689222.217  3954  3987 I AebsFrameSubscriber: onMessagesAvailable callback
         1788689222.218  3954  3987 I AebsFrameSubscriber: readNextMessages count=1
         1788689222.218  3954  3987 I MainActivity: onGatewayFrame: frame seq=1587 egoSpeed=1.6503472 pts=24 intervention=false warning=false braking=true lifecycle=released_verified_stop range=10.816414 bearing=0.0 rss=2.9890258
         1788689222.317  3954  3987 I AebsFrameSubscriber: onMessagesAvailable callback
         1788689222.318  3954  3987 I AebsFrameSubscriber: readNextMessages count=1
         1788689222.318  3954  3987 I MainActivity: onGatewayFrame: frame seq=1588 egoSpeed=1.8003681 pts=24 intervention=false warning=false braking=true lifecycle=released_verified_stop range=10.750443 bearing=0.0 rss=3.2215407
         1788689222.417  3954  3987 I AebsFrameSubscriber: onMessagesAvailable callback
         1788689222.418  3954  3987 I AebsFrameSubscriber: readNextMessages count=1
         1788689222.418  3954  3987 I MainActivity: onGatewayFrame: frame seq=1589 egoSpeed=1.9503584 pts=24 intervention=false warning=false braking=true lifecycle=released_verified_stop range=10.833068 bearing=0.0 rss=3.4616756
         1788689222.517  3954  3987 I AebsFrameSubscriber: onMessagesAvailable callback
         1788689222.518  3954  3987 I AebsFrameSubscriber: readNextMessages count=1
         1788689222.518  3954  3987 I MainActivity: onGatewayFrame: frame seq=1590 egoSpeed=2.1002645 pts=24 intervention=false warning=false braking=true lifecycle=released_verified_stop range=10.632579 bearing=0.0 rss=3.7090747
         1788689222.617  3954  3987 I AebsFrameSubscriber: onMessagesAvailable callback
         1788689222.617  3954  3987 I AebsFrameSubscriber: readNextMessages count=1
         1788689222.618  3954  3987 I MainActivity: onGatewayFrame: frame seq=1591 egoSpeed=2.250039 pts=24 intervention=false warning=false braking=true lifecycle=released_verified_stop range=10.715576 bearing=0.0 rss=3.9640582
         1788689222.717  3954  3987 I AebsFrameSubscriber: onMessagesAvailable callback
         1788689222.717  3954  3987 I AebsFrameSubscriber: readNextMessages count=1
         1788689222.718  3954  3987 I MainActivity: onGatewayFrame: frame seq=1592 egoSpeed=2.4003196 pts=24 intervention=false warning=false braking=true lifecycle=released_verified_stop range=10.455512 bearing=0.0 rss=4.2266498
         1788689222.817  3954  3987 I AebsFrameSubscriber: onMessagesAvailable callback
         1788689222.818  3954  3987 I AebsFrameSubscriber: readNextMessages count=1
         1788689222.818  3954  3987 I MainActivity: onGatewayFrame: frame seq=1593 egoSpeed=2.550297 pts=24 intervention=false warning=false braking=true lifecycle=released_verified_stop range=10.538644 bearing=0.0 rss=4.4966125
         1788689223.032  3954  3987 I AebsFrameSubscriber: readNextMessages count=2
         1788689223.032  3954  3987 I MainActivity: onGatewayFrame: frame seq=1594 egoSpeed=2.7003493 pts=24 intervention=false warning=false braking=true lifecycle=released_verified_stop range=10.246804 bearing=0.0 rss=4.774158
         1788689223.032  3954  3987 I MainActivity: onGatewayFrame: frame seq=1595 egoSpeed=2.8500988 pts=24 intervention=false warning=false braking=true lifecycle=released_verified_stop range=10.330288 bearing=0.0 rss=5.0585594
         1788689223.032  3954  3987 I AebsFrameSubscriber: onMessagesAvailable callback
         1788689223.032  3954  3987 I AebsFrameSubscriber: onMessagesAvailable callback
         1788689223.116  3954  3987 I AebsFrameSubscriber: onMessagesAvailable callback
         1788689223.117  3954  3987 I AebsFrameSubscriber: readNextMessages count=1
         1788689223.117  3954  3987 I MainActivity: onGatewayFrame: frame seq=1596 egoSpeed=3.0000339 pts=24 intervention=false warning=false braking=true lifecycle=released_verified_stop range=10.074956 bearing=0.0 rss=5.3511744
         1788689223.216  3954  3987 I AebsFrameSubscriber: onMessagesAvailable callback
         1788689223.217  3954  3987 I AebsFrameSubscriber: readNextMessages count=1
         1788689223.217  3954  3987 I MainActivity: onGatewayFrame: frame seq=1597 egoSpeed=3.1500099 pts=24 intervention=false warning=false braking=true lifecycle=released_verified_stop range=9.612497 bearing=0.0 rss=5.6511006
         1788689223.316  3954  3987 I AebsFrameSubscriber: onMessagesAvailable callback
         1788689223.317  3954  3987 I AebsFrameSubscriber: readNextMessages count=1
         1788689223.318  3954  3987 I MainActivity: onGatewayFrame: frame seq=1598 egoSpeed=3.3000345 pts=24 intervention=false warning=false braking=true lifecycle=released_verified_stop range=9.707531 bearing=0.0 rss=5.9587054
         1788689223.417  3954  3987 I AebsFrameSubscriber: onMessagesAvailable callback
         1788689223.418  3954  3987 I AebsFrameSubscriber: readNextMessages count=1
         1788689223.418  3954  3987 I MainActivity: onGatewayFrame: frame seq=1599 egoSpeed=3.4500244 pts=24 intervention=false warning=false braking=true lifecycle=released_verified_stop range=9.26426 bearing=0.0 rss=6.2736554
         1788689223.516  3954  3987 I AebsFrameSubscriber: onMessagesAvailable callback
         1788689223.517  3954  3987 I AebsFrameSubscriber: readNextMessages count=1
         1788689223.517  3954  3987 I MainActivity: onGatewayFrame: frame seq=1600 egoSpeed=3.6000519 pts=24 intervention=false warning=false braking=true lifecycle=released_verified_stop range=9.367915 bearing=0.0 rss=6.5961185
         1788689223.616  3954  3987 I AebsFrameSubscriber: onMessagesAvailable callback
         1788689223.617  3954  3987 I AebsFrameSubscriber: readNextMessages count=1
         1788689223.618  3954  3987 I MainActivity: onGatewayFrame: frame seq=1601 egoSpeed=3.7500248 pts=24 intervention=false warning=false braking=true lifecycle=released_verified_stop range=8.870638 bearing=0.0 rss=6.926113
         1788689223.716  3954  3987 I AebsFrameSubscriber: onMessagesAvailable callback
         1788689223.717  3954  3987 I AebsFrameSubscriber: readNextMessages count=1
         1788689223.718  3954  3987 I MainActivity: onGatewayFrame: frame seq=1602 egoSpeed=3.899991 pts=24 intervention=false warning=false braking=true lifecycle=released_verified_stop range=8.953804 bearing=0.0 rss=7.263698
         1788689223.816  3954  3987 I AebsFrameSubscriber: onMessagesAvailable callback
         1788689223.817  3954  3987 I AebsFrameSubscriber: readNextMessages count=1
         1788689223.818  3954  3987 I MainActivity: onGatewayFrame: frame seq=1603 egoSpeed=4.0500245 pts=24 intervention=false warning=false braking=true lifecycle=released_verified_stop range=8.331398 bearing=0.0 rss=7.6087065
         1788689223.917  3954  3987 I AebsFrameSubscriber: onMessagesAvailable callback
         1788689223.917  3954  3987 I AebsFrameSubscriber: readNextMessages count=1
         1788689223.918  3954  3987 I MainActivity: onGatewayFrame: frame seq=1604 egoSpeed=4.2000475 pts=24 intervention=false warning=false braking=true lifecycle=released_verified_stop range=7.9177303 bearing=0.0 rss=7.961191
         1788689224.016  3954  3987 I AebsFrameSubscriber: onMessagesAvailable callback
         1788689224.017  3954  3987 I AebsFrameSubscriber: readNextMessages count=1
         1788689224.018  3954  3987 I MainActivity: onGatewayFrame: frame seq=1605 egoSpeed=4.3500233 pts=24 intervention=false warning=false braking=true lifecycle=released_verified_stop range=7.9991784 bearing=0.0 rss=8.321196
         1788689224.117  3954  3987 I AebsFrameSubscriber: onMessagesAvailable callback
         1788689224.117  3954  3987 I AebsFrameSubscriber: readNextMessages count=1
         1788689224.118  3954  3987 I MainActivity: onGatewayFrame: frame seq=1606 egoSpeed=4.5000434 pts=24 intervention=false warning=false braking=true lifecycle=released_verified_stop range=7.2722445 bearing=0.0 rss=8.688708
         1788689224.217  3954  3987 I AebsFrameSubscriber: onMessagesAvailable callback
         1788689224.217  3954  3987 I AebsFrameSubscriber: readNextMessages count=1
         1788689224.218  3954  3987 I MainActivity: onGatewayFrame: frame seq=1607 egoSpeed=4.650034 pts=24 intervention=false warning=false braking=true lifecycle=released_verified_stop range=7.3537116 bearing=0.0 rss=9.063754
         1788689224.317  3954  3987 I AebsFrameSubscriber: onMessagesAvailable callback
         1788689224.318  3954  3987 I AebsFrameSubscriber: readNextMessages count=1
         1788689224.318  3954  3987 I MainActivity: onGatewayFrame: frame seq=1608 egoSpeed=4.800379 pts=24 intervention=false warning=false braking=true lifecycle=released_verified_stop range=6.780932 bearing=0.0 rss=9.446167
         1788689224.416  3954  3987 I AebsFrameSubscriber: onMessagesAvailable callback
         1788689224.417  3954  3987 I AebsFrameSubscriber: readNextMessages count=1
         1788689224.417  3954  3987 I MainActivity: onGatewayFrame: frame seq=1609 egoSpeed=4.950039 pts=24 intervention=false warning=false braking=true lifecycle=released_verified_stop range=6.8794203 bearing=0.0 rss=9.836228
         1788689224.517  3954  3987 I AebsFrameSubscriber: onMessagesAvailable callback
         1788689224.517  3954  3987 I AebsFrameSubscriber: readNextMessages count=1
         1788689224.517  3954  3987 I MainActivity: onGatewayFrame: frame seq=1610 egoSpeed=5.1003404 pts=24 intervention=false warning=false braking=true lifecycle=released_verified_stop range=6.0335145 bearing=0.0 rss=10.233717
         1788689224.616  3954  3987 I AebsFrameSubscriber: onMessagesAvailable callback
         1788689224.617  3954  3987 I AebsFrameSubscriber: readNextMessages count=1
         1788689224.617  3954  3987 I MainActivity: onGatewayFrame: frame seq=1611 egoSpeed=5.250293 pts=24 intervention=false warning=false braking=true lifecycle=released_verified_stop range=6.1170363 bearing=0.0 rss=10.638494
         1788689224.716  3954  3987 I AebsFrameSubscriber: onMessagesAvailable callback
         1788689224.717  3954  3987 I AebsFrameSubscriber: readNextMessages count=1
         1788689224.717  3954  3987 I MainActivity: onGatewayFrame: frame seq=1612 egoSpeed=5.4003243 pts=24 intervention=false warning=false braking=true lifecycle=released_verified_stop range=5.561082 bearing=0.0 rss=11.051916
         1788689224.817  3954  3987 I AebsFrameSubscriber: onMessagesAvailable callback
         1788689224.817  3954  3987 I AebsFrameSubscriber: readNextMessages count=1
         1788689224.817  3954  3987 I MainActivity: onGatewayFrame: frame seq=1613 egoSpeed=5.5503364 pts=24 intervention=false warning=false braking=true lifecycle=released_verified_stop range=4.7417107 bearing=0.0 rss=11.471876
         1788689224.917  3954  3987 I AebsFrameSubscriber: onMessagesAvailable callback
         1788689224.917  3954  3987 I AebsFrameSubscriber: readNextMessages count=1
         1788689224.917  3954  3987 I MainActivity: onGatewayFrame: frame seq=1614 egoSpeed=5.700288 pts=24 intervention=false warning=false braking=true lifecycle=released_verified_stop range=4.825003 bearing=0.0 rss=11.899452
         1788689225.016  3954  3987 I AebsFrameSubscriber: onMessagesAvailable callback
         1788689225.017  3954  3987 I AebsFrameSubscriber: readNextMessages count=1
         1788689225.018  3954  3987 I MainActivity: onGatewayFrame: frame seq=1615 egoSpeed=5.85028 pts=24 intervention=false warning=false braking=true lifecycle=released_verified_stop range=3.8363328 bearing=0.0 rss=12.334469
         1788689225.117  3954  3987 I AebsFrameSubscriber: onMessagesAvailable callback
         1788689225.117  3954  3987 I AebsFrameSubscriber: readNextMessages count=1
         1788689225.118  3954  3987 I MainActivity: onGatewayFrame: frame seq=1616 egoSpeed=6.000371 pts=24 intervention=false warning=false braking=true lifecycle=released_verified_stop range=3.9209285 bearing=0.0 rss=12.7770815
         1788689225.217  3954  3987 I AebsFrameSubscriber: onMessagesAvailable callback
         1788689225.217  3954  3987 I AebsFrameSubscriber: readNextMessages count=1
         1788689225.218  3954  3987 I MainActivity: onGatewayFrame: frame seq=1617 egoSpeed=6.150296 pts=24 intervention=false warning=false braking=true lifecycle=released_verified_stop range=3.1506712 bearing=0.0 rss=13.227029
         1788689225.317  3954  3987 I AebsFrameSubscriber: onMessagesAvailable callback
         1788689225.317  3954  3987 I AebsFrameSubscriber: readNextMessages count=1
         1788689225.318  3954  3987 I MainActivity: onGatewayFrame: frame seq=1618 egoSpeed=6.3003483 pts=24 intervention=false warning=false braking=true lifecycle=released_verified_stop range=2.646688 bearing=0.0 rss=13.684839
         1788689225.416  3954  3987 I AebsFrameSubscriber: onMessagesAvailable callback
         1788689225.417  3954  3987 I AebsFrameSubscriber: readNextMessages count=1
         1788689225.417  3954  3987 I MainActivity: onGatewayFrame: frame seq=1619 egoSpeed=6.4503646 pts=24 intervention=false warning=false braking=true lifecycle=released_verified_stop range=1.7666671 bearing=0.0 rss=14.149635
         1788689225.517  3954  3987 I AebsFrameSubscriber: onMessagesAvailable callback
         1788689225.517  3954  3987 I AebsFrameSubscriber: readNextMessages count=1
         1788689225.517  3954  3987 I MainActivity: onGatewayFrame: frame seq=1620 egoSpeed=6.6000705 pts=24 intervention=false warning=false braking=true lifecycle=released_verified_stop range=1.8526323 bearing=0.0 rss=14.622179
         1788689225.616  3954  3987 I AebsFrameSubscriber: onMessagesAvailable callback
         1788689225.617  3954  3987 I AebsFrameSubscriber: readNextMessages count=1
         1788689225.617  3954  3987 I MainActivity: onGatewayFrame: frame seq=1621 egoSpeed=6.7382016 pts=24 intervention=false warning=false braking=true lifecycle=released_verified_stop range=0.6776159 bearing=0.0 rss=15.093449
         1788689225.717  3954  3987 I AebsFrameSubscriber: onMessagesAvailable callback
         1788689225.718  3954  3987 I AebsFrameSubscriber: readNextMessages count=1
         1788689225.718  3954  3987 I MainActivity: onGatewayFrame: frame seq=1622 egoSpeed=6.8418107 pts=24 intervention=false warning=false braking=true lifecycle=released_verified_stop range=0.7634136 bearing=0.0 rss=15.492045
         1788689225.816  3954  3987 I AebsFrameSubscriber: onMessagesAvailable callback
         1788689225.817  3954  3987 I AebsFrameSubscriber: readNextMessages count=1
         1788689225.817  3954  3987 I MainActivity: onGatewayFrame: frame seq=1623 egoSpeed=6.901112 pts=24 intervention=false warning=false braking=true lifecycle=released_verified_stop range=0.08294254 bearing=0.0 rss=15.760299
         1788689225.916  3954  3987 I AebsFrameSubscriber: onMessagesAvailable callback
         1788689225.917  3954  3987 I AebsFrameSubscriber: readNextMessages count=1
         1788689225.917  3954  3987 I MainActivity: onGatewayFrame: frame seq=1624 egoSpeed=6.924306 pts=24 intervention=false warning=false braking=true lifecycle=released_verified_stop range=0.07143492 bearing=0.0 rss=15.886381
         1788689226.016  3954  3987 I AebsFrameSubscriber: onMessagesAvailable callback
         1788689226.017  3954  3987 I AebsFrameSubscriber: readNextMessages count=1
         1788689226.017  3954  3987 I MainActivity: onGatewayFrame: frame seq=1625 egoSpeed=6.932833 pts=24 intervention=false warning=false braking=true lifecycle=released_verified_stop range=0.08056986 bearing=0.0 rss=15.9328785
         1788689226.116  3954  3987 I AebsFrameSubscriber: onMessagesAvailable callback
         1788689226.117  3954  3987 I AebsFrameSubscriber: readNextMessages count=1
         1788689226.117  3954  3987 I MainActivity: onGatewayFrame: frame seq=1626 egoSpeed=6.935971 pts=24 intervention=false warning=false braking=true lifecycle=released_verified_stop range=0.0731708 bearing=0.0 rss=15.950007
         1788689226.217  3954  3987 I AebsFrameSubscriber: onMessagesAvailable callback
         1788689226.217  3954  3987 I AebsFrameSubscriber: readNextMessages count=1
         1788689226.217  3954  3987 I MainActivity: onGatewayFrame: frame seq=1627 egoSpeed=6.9371257 pts=24 intervention=false warning=false braking=true lifecycle=released_verified_stop range=0.08271008 bearing=0.0 rss=15.956303
         1788689226.317  3954  3987 I AebsFrameSubscriber: onMessagesAvailable callback
         1788689226.317  3954  3987 I AebsFrameSubscriber: readNextMessages count=1
         1788689226.317  3954  3987 I MainActivity: onGatewayFrame: frame seq=1628 egoSpeed=6.9375505 pts=24 intervention=false warning=false braking=true lifecycle=released_verified_stop range=0.08880116 bearing=0.0 rss=15.958621
         1788689226.416  3954  3987 I AebsFrameSubscriber: onMessagesAvailable callback
         1788689226.417  3954  3987 I AebsFrameSubscriber: readNextMessages count=1
         1788689226.417  3954  3987 I MainActivity: onGatewayFrame: frame seq=1629 egoSpeed=6.937707 pts=24 intervention=false warning=false braking=true lifecycle=released_verified_stop range=0.06085514 bearing=0.0 rss=15.959474
         1788689226.516  3954  3987 I AebsFrameSubscriber: onMessagesAvailable callback
         1788689226.518  3954  3987 I AebsFrameSubscriber: readNextMessages count=1
         1788689226.518  3954  3987 I MainActivity: onGatewayFrame: frame seq=1630 egoSpeed=6.937764 pts=24 intervention=false warning=false braking=true lifecycle=released_verified_stop range=0.06096602 bearing=0.0 rss=15.959788
         1788689226.738  3954  3987 I AebsFrameSubscriber: readNextMessages count=2
         1788689226.738  3954  3987 I MainActivity: onGatewayFrame: frame seq=1631 egoSpeed=6.937785 pts=24 intervention=false warning=false braking=true lifecycle=released_verified_stop range=0.056256436 bearing=0.0 rss=15.959904
         1788689226.738  3954  3987 I MainActivity: onGatewayFrame: frame seq=1632 egoSpeed=6.9377933 pts=24 intervention=false warning=false braking=true lifecycle=released_verified_stop range=0.056256436 bearing=0.0 rss=15.959904
         1788689226.738  3954  3987 I AebsFrameSubscriber: onMessagesAvailable callback
         1788689226.738  3954  3987 I AebsFrameSubscriber: onMessagesAvailable callback
         1788689226.816  3954  3987 I AebsFrameSubscriber: onMessagesAvailable callback
         1788689226.817  3954  3987 I AebsFrameSubscriber: readNextMessages count=1
         1788689226.817  3954  3987 I MainActivity: onGatewayFrame: frame seq=1633 egoSpeed=6.937796 pts=24 intervention=false warning=false braking=true lifecycle=released_verified_stop range=0.056256436 bearing=0.0 rss=15.959904
         1788689226.917  3954  3987 I AebsFrameSubscriber: onMessagesAvailable callback
         1788689226.917  3954  3987 I AebsFrameSubscriber: readNextMessages count=1
         1788689226.917  3954  3987 I MainActivity: onGatewayFrame: frame seq=1634 egoSpeed=6.937797 pts=24 intervention=false warning=false braking=true lifecycle=released_verified_stop range=0.056256436 bearing=0.0 rss=15.959904
         1788689227.016  3954  3987 I AebsFrameSubscriber: onMessagesAvailable callback
         1788689227.017  3954  3987 I AebsFrameSubscriber: readNextMessages count=1
         1788689227.017  3954  3987 I MainActivity: onGatewayFrame: frame seq=1635 egoSpeed=6.9377975 pts=24 intervention=false warning=false braking=true lifecycle=released_verified_stop range=0.056256436 bearing=0.0 rss=15.959904
         1788689227.116  3954  3987 I AebsFrameSubscriber: onMessagesAvailable callback
         1788689227.117  3954  3987 I AebsFrameSubscriber: readNextMessages count=1
         1788689227.117  3954  3987 I MainActivity: onGatewayFrame: frame seq=1636 egoSpeed=6.9377975 pts=0 intervention=false warning=false braking=true lifecycle=released_verified_stop range=null bearing=null rss=15.959904
         1788689227.217  3954  3987 I AebsFrameSubscriber: onMessagesAvailable callback
         1788689227.217  3954  3987 I AebsFrameSubscriber: readNextMessages count=1
         1788689227.217  3954  3987 I MainActivity: onGatewayFrame: frame seq=1637 egoSpeed=6.9377975 pts=0 intervention=false warning=false braking=true lifecycle=released_verified_stop range=null bearing=null rss=15.959904
         1788689227.316  3954  3987 I AebsFrameSubscriber: onMessagesAvailable callback
         1788689227.317  3954  3987 I AebsFrameSubscriber: readNextMessages count=1
         1788689227.317  3954  3987 I MainActivity: onGatewayFrame: frame seq=1638 egoSpeed=6.9377975 pts=0 intervention=false warning=false braking=true lifecycle=released_verified_stop range=null bearing=null rss=15.959904
         1788689227.417  3954  3987 I AebsFrameSubscriber: onMessagesAvailable callback
         1788689227.417  3954  3987 I AebsFrameSubscriber: readNextMessages count=1
         1788689227.417  3954  3987 I MainActivity: onGatewayFrame: frame seq=1639 egoSpeed=6.9377975 pts=0 intervention=false warning=false braking=true lifecycle=released_verified_stop range=null bearing=null rss=15.959904
         1788689227.517  3954  3987 I AebsFrameSubscriber: onMessagesAvailable callback
         1788689227.517  3954  3987 I AebsFrameSubscriber: readNextMessages count=1
         1788689227.517  3954  3987 I MainActivity: onGatewayFrame: frame seq=1640 egoSpeed=6.9377975 pts=0 intervention=false warning=false braking=true lifecycle=released_verified_stop range=null bearing=null rss=15.959904
         1788689227.616  3954  3987 I AebsFrameSubscriber: onMessagesAvailable callback
         1788689227.617  3954  3987 I AebsFrameSubscriber: readNextMessages count=1
         1788689227.617  3954  3987 I MainActivity: onGatewayFrame: frame seq=1641 egoSpeed=6.9377975 pts=0 intervention=false warning=false braking=true lifecycle=released_verified_stop range=null bearing=null rss=15.959904
         1788689227.717  3954  3987 I AebsFrameSubscriber: onMessagesAvailable callback
         1788689227.717  3954  3987 I AebsFrameSubscriber: readNextMessages count=1
         1788689227.717  3954  3987 I MainActivity: onGatewayFrame: frame seq=1642 egoSpeed=6.9377975 pts=0 intervention=false warning=false braking=true lifecycle=released_verified_stop range=null bearing=null rss=15.959904
         1788689227.816  3954  3987 I AebsFrameSubscriber: onMessagesAvailable callback
         1788689227.817  3954  3987 I AebsFrameSubscriber: readNextMessages count=1
         1788689227.817  3954  3987 I MainActivity: onGatewayFrame: frame seq=1643 egoSpeed=6.9377975 pts=0 intervention=false warning=false braking=true lifecycle=released_verified_stop range=null bearing=null rss=15.959904
         1788689227.916  3954  3987 I AebsFrameSubscriber: onMessagesAvailable callback
         1788689227.917  3954  3987 I AebsFrameSubscriber: readNextMessages count=1
         1788689227.917  3954  3987 I MainActivity: onGatewayFrame: frame seq=1644 egoSpeed=6.9377975 pts=0 intervention=false warning=false braking=true lifecycle=released_verified_stop range=null bearing=null rss=15.959904
         1788689228.017  3954  3987 I AebsFrameSubscriber: onMessagesAvailable callback
         1788689228.017  3954  3987 I AebsFrameSubscriber: readNextMessages count=1
         1788689228.017  3954  3987 I MainActivity: onGatewayFrame: frame seq=1645 egoSpeed=6.9377975 pts=0 intervention=false warning=false braking=true lifecycle=released_verified_stop range=null bearing=null rss=15.959904
         1788689228.116  3954  3987 I AebsFrameSubscriber: onMessagesAvailable callback
         1788689228.117  3954  3987 I AebsFrameSubscriber: readNextMessages count=1
         1788689228.117  3954  3987 I MainActivity: onGatewayFrame: frame seq=1646 egoSpeed=6.9377975 pts=0 intervention=false warning=false braking=true lifecycle=released_verified_stop range=null bearing=null rss=15.959904
         1788689228.216  3954  3987 I AebsFrameSubscriber: onMessagesAvailable callback
         1788689228.217  3954  3987 I AebsFrameSubscriber: readNextMessages count=1
         1788689228.217  3954  3987 I MainActivity: onGatewayFrame: frame seq=1647 egoSpeed=6.9377975 pts=0 intervention=false warning=false braking=true lifecycle=released_verified_stop range=null bearing=null rss=15.959904
         1788689228.316  3954  3987 I AebsFrameSubscriber: onMessagesAvailable callback
         1788689228.317  3954  3987 I AebsFrameSubscriber: readNextMessages count=1
         1788689228.317  3954  3987 I MainActivity: onGatewayFrame: frame seq=1648 egoSpeed=6.9377975 pts=0 intervention=false warning=false braking=true lifecycle=released_verified_stop range=null bearing=null rss=15.959904
         1788689228.416  3954  3987 I AebsFrameSubscriber: onMessagesAvailable callback
         1788689228.417  3954  3987 I AebsFrameSubscriber: readNextMessages count=1
         1788689228.417  3954  3987 I MainActivity: onGatewayFrame: frame seq=1649 egoSpeed=6.9377975 pts=0 intervention=false warning=false braking=true lifecycle=released_verified_stop range=null bearing=null rss=15.959904
         1788689228.516  3954  3987 I AebsFrameSubscriber: onMessagesAvailable callback
         1788689228.517  3954  3987 I AebsFrameSubscriber: readNextMessages count=1
         1788689228.517  3954  3987 I MainActivity: onGatewayFrame: frame seq=1650 egoSpeed=6.9377975 pts=0 intervention=false warning=false braking=true lifecycle=released_verified_stop range=null bearing=null rss=15.959904
         1788689228.616  3954  3987 I AebsFrameSubscriber: onMessagesAvailable callback
         1788689228.617  3954  3987 I AebsFrameSubscriber: readNextMessages count=1
         1788689228.617  3954  3987 I MainActivity: onGatewayFrame: frame seq=1651 egoSpeed=6.9377975 pts=0 intervention=false warning=false braking=true lifecycle=released_verified_stop range=null bearing=null rss=15.959904
         1788689228.717  3954  3987 I AebsFrameSubscriber: onMessagesAvailable callback
         1788689228.717  3954  3987 I AebsFrameSubscriber: readNextMessages count=1
         1788689228.717  3954  3987 I MainActivity: onGatewayFrame: frame seq=1652 egoSpeed=6.9377975 pts=0 intervention=false warning=false braking=true lifecycle=released_verified_stop range=null bearing=null rss=15.959904
         1788689228.816  3954  3987 I AebsFrameSubscriber: onMessagesAvailable callback
         1788689228.817  3954  3987 I AebsFrameSubscriber: readNextMessages count=1
         1788689228.817  3954  3987 I MainActivity: onGatewayFrame: frame seq=1653 egoSpeed=6.9377975 pts=0 intervention=false warning=false braking=true lifecycle=released_verified_stop range=null bearing=null rss=15.959904
         1788689228.916  3954  3987 I AebsFrameSubscriber: onMessagesAvailable callback
         1788689228.917  3954  3987 I AebsFrameSubscriber: readNextMessages count=1
         1788689228.917  3954  3987 I MainActivity: onGatewayFrame: frame seq=1654 egoSpeed=6.9377975 pts=0 intervention=false warning=false braking=true lifecycle=released_verified_stop range=null bearing=null rss=15.959904
         1788689229.017  3954  3987 I AebsFrameSubscriber: onMessagesAvailable callback
         1788689229.017  3954  3987 I AebsFrameSubscriber: readNextMessages count=1
         1788689229.017  3954  3987 I MainActivity: onGatewayFrame: frame seq=1655 egoSpeed=6.9377975 pts=0 intervention=false warning=false braking=true lifecycle=released_verified_stop range=null bearing=null rss=15.959904
         1788689229.117  3954  3987 I AebsFrameSubscriber: onMessagesAvailable callback
         1788689229.117  3954  3987 I AebsFrameSubscriber: readNextMessages count=1
         1788689229.117  3954  3987 I MainActivity: onGatewayFrame: frame seq=1656 egoSpeed=6.9377975 pts=0 intervention=false warning=false braking=true lifecycle=released_verified_stop range=null bearing=null rss=15.959904
         1788689229.216  3954  3987 I AebsFrameSubscriber: onMessagesAvailable callback
         1788689229.216  3954  3987 I AebsFrameSubscriber: readNextMessages count=1
         1788689229.217  3954  3987 I MainActivity: onGatewayFrame: frame seq=1657 egoSpeed=6.9377975 pts=0 intervention=false warning=false braking=true lifecycle=released_verified_stop range=null bearing=null rss=15.959904
         1788689229.316  3954  3987 I AebsFrameSubscriber: onMessagesAvailable callback
         1788689229.316  3954  3987 I AebsFrameSubscriber: readNextMessages count=1
         1788689229.316  3954  3987 I MainActivity: onGatewayFrame: frame seq=1658 egoSpeed=6.9377975 pts=0 intervention=false warning=false braking=true lifecycle=released_verified_stop range=null bearing=null rss=15.959904
         1788689229.416  3954  3987 I AebsFrameSubscriber: onMessagesAvailable callback
         1788689229.416  3954  3987 I AebsFrameSubscriber: readNextMessages count=1
         1788689229.417  3954  3987 I MainActivity: onGatewayFrame: frame seq=1659 egoSpeed=6.9377975 pts=0 intervention=false warning=false braking=true lifecycle=released_verified_stop range=null bearing=null rss=15.959904
         1788689229.516  3954  3987 I AebsFrameSubscriber: onMessagesAvailable callback
         1788689229.517  3954  3987 I AebsFrameSubscriber: readNextMessages count=1
         1788689229.517  3954  3987 I MainActivity: onGatewayFrame: frame seq=1660 egoSpeed=6.9377975 pts=0 intervention=false warning=false braking=true lifecycle=released_verified_stop range=null bearing=null rss=15.959904
         1788689229.616  3954  3987 I AebsFrameSubscriber: onMessagesAvailable callback
         1788689229.616  3954  3987 I AebsFrameSubscriber: readNextMessages count=1
         1788689229.616  3954  3987 I MainActivity: onGatewayFrame: frame seq=1661 egoSpeed=6.9377975 pts=0 intervention=false warning=false braking=true lifecycle=released_verified_stop range=null bearing=null rss=15.959904
         1788689229.716  3954  3987 I AebsFrameSubscriber: onMessagesAvailable callback
         1788689229.716  3954  3987 I AebsFrameSubscriber: readNextMessages count=1
         1788689229.717  3954  3987 I MainActivity: onGatewayFrame: frame seq=1662 egoSpeed=6.9377975 pts=0 intervention=false warning=false braking=true lifecycle=released_verified_stop range=null bearing=null rss=15.959904
         1788689229.816  3954  3987 I AebsFrameSubscriber: onMessagesAvailable callback
         1788689229.817  3954  3987 I AebsFrameSubscriber: readNextMessages count=1
         1788689229.817  3954  3987 I MainActivity: onGatewayFrame: frame seq=1663 egoSpeed=6.9377975 pts=0 intervention=false warning=false braking=true lifecycle=released_verified_stop range=null bearing=null rss=15.959904
         1788689229.916  3954  3987 I AebsFrameSubscriber: onMessagesAvailable callback
         1788689229.916  3954  3987 I AebsFrameSubscriber: readNextMessages count=1
         1788689229.916  3954  3987 I MainActivity: onGatewayFrame: frame seq=1664 egoSpeed=6.9377975 pts=0 intervention=false warning=false braking=true lifecycle=released_verified_stop range=null bearing=null rss=15.959904
         1788689230.016  3954  3987 I AebsFrameSubscriber: onMessagesAvailable callback
         1788689230.016  3954  3987 I AebsFrameSubscriber: readNextMessages count=1
         1788689230.017  3954  3987 I MainActivity: onGatewayFrame: frame seq=1665 egoSpeed=6.9377975 pts=0 intervention=false warning=false braking=true lifecycle=released_verified_stop range=null bearing=null rss=15.959904
         1788689230.116  3954  3987 I AebsFrameSubscriber: onMessagesAvailable callback
         1788689230.116  3954  3987 I AebsFrameSubscriber: readNextMessages count=1
         1788689230.116  3954  3987 I MainActivity: onGatewayFrame: frame seq=1666 egoSpeed=6.9377975 pts=0 intervention=false warning=false braking=true lifecycle=released_verified_stop range=null bearing=null rss=15.959904
         1788689230.216  3954  3987 I AebsFrameSubscriber: onMessagesAvailable callback
         1788689230.217  3954  3987 I AebsFrameSubscriber: readNextMessages count=1
         1788689230.217  3954  3987 I MainActivity: onGatewayFrame: frame seq=1667 egoSpeed=6.9377975 pts=0 intervention=false warning=false braking=true lifecycle=released_verified_stop range=null bearing=null rss=15.959904
         1788689230.316  3954  3987 I AebsFrameSubscriber: onMessagesAvailable callback
         1788689230.316  3954  3987 I AebsFrameSubscriber: readNextMessages count=1
         1788689230.316  3954  3987 I MainActivity: onGatewayFrame: frame seq=1668 egoSpeed=6.9377975 pts=0 intervention=false warning=false braking=true lifecycle=released_verified_stop range=null bearing=null rss=15.959904
         1788689230.526  3954  3987 I AebsFrameSubscriber: readNextMessages count=2
         1788689230.526  3954  3987 I MainActivity: onGatewayFrame: frame seq=1669 egoSpeed=6.9377975 pts=0 intervention=false warning=false braking=true lifecycle=released_verified_stop range=null bearing=null rss=15.959904
         1788689230.526  3954  3987 I MainActivity: onGatewayFrame: frame seq=1670 egoSpeed=6.9377975 pts=0 intervention=false warning=false braking=true lifecycle=released_verified_stop range=null bearing=null rss=15.959904
         1788689230.526  3954  3987 I AebsFrameSubscriber: onMessagesAvailable callback
         1788689230.526  3954  3987 I AebsFrameSubscriber: onMessagesAvailable callback
         1788689230.616  3954  3987 I AebsFrameSubscriber: onMessagesAvailable callback
         1788689230.616  3954  3987 I AebsFrameSubscriber: readNextMessages count=1
         1788689230.616  3954  3987 I MainActivity: onGatewayFrame: frame seq=1671 egoSpeed=6.9377975 pts=0 intervention=false warning=false braking=true lifecycle=released_verified_stop range=null bearing=null rss=15.959904
         1788689230.716  3954  3987 I AebsFrameSubscriber: onMessagesAvailable callback
         1788689230.716  3954  3987 I AebsFrameSubscriber: readNextMessages count=1
         1788689230.716  3954  3987 I MainActivity: onGatewayFrame: frame seq=1672 egoSpeed=6.9377975 pts=0 intervention=false warning=false braking=true lifecycle=released_verified_stop range=null bearing=null rss=15.959904
         1788689230.816  3954  3987 I AebsFrameSubscriber: onMessagesAvailable callback
         1788689230.816  3954  3987 I AebsFrameSubscriber: readNextMessages count=1
         1788689230.816  3954  3987 I MainActivity: onGatewayFrame: frame seq=1673 egoSpeed=6.9377975 pts=0 intervention=false warning=false braking=true lifecycle=released_verified_stop range=null bearing=null rss=15.959904
         1788689230.916  3954  3987 I AebsFrameSubscriber: onMessagesAvailable callback
         1788689230.916  3954  3987 I AebsFrameSubscriber: readNextMessages count=1
         1788689230.916  3954  3987 I MainActivity: onGatewayFrame: frame seq=1674 egoSpeed=6.9377975 pts=0 intervention=false warning=false braking=true lifecycle=released_verified_stop range=null bearing=null rss=15.959904
         1788689231.016  3954  3987 I AebsFrameSubscriber: onMessagesAvailable callback
         1788689231.016  3954  3987 I AebsFrameSubscriber: readNextMessages count=1
         1788689231.016  3954  3987 I MainActivity: onGatewayFrame: frame seq=1675 egoSpeed=6.9377975 pts=0 intervention=false warning=false braking=true lifecycle=released_verified_stop range=null bearing=null rss=15.959904
         1788689231.116  3954  3987 I AebsFrameSubscriber: onMessagesAvailable callback
         1788689231.116  3954  3987 I AebsFrameSubscriber: readNextMessages count=1
         1788689231.116  3954  3987 I MainActivity: onGatewayFrame: frame seq=1676 egoSpeed=6.9377975 pts=0 intervention=false warning=false braking=true lifecycle=released_verified_stop range=null bearing=null rss=15.959904
         1788689231.216  3954  3987 I AebsFrameSubscriber: onMessagesAvailable callback
         1788689231.216  3954  3987 I AebsFrameSubscriber: readNextMessages count=1
         1788689231.216  3954  3987 I MainActivity: onGatewayFrame: frame seq=1677 egoSpeed=6.9377975 pts=0 intervention=false warning=false braking=true lifecycle=released_verified_stop range=null bearing=null rss=15.959904
         1788689231.316  3954  3987 I AebsFrameSubscriber: onMessagesAvailable callback
         1788689231.316  3954  3987 I AebsFrameSubscriber: readNextMessages count=1
         1788689231.317  3954  3987 I MainActivity: onGatewayFrame: frame seq=1678 egoSpeed=6.9377975 pts=0 intervention=false warning=false braking=true lifecycle=released_verified_stop range=null bearing=null rss=15.959904
         1788689231.416  3954  3987 I AebsFrameSubscriber: onMessagesAvailable callback
         1788689231.416  3954  3987 I AebsFrameSubscriber: readNextMessages count=1
         1788689231.416  3954  3987 I MainActivity: onGatewayFrame: frame seq=1679 egoSpeed=6.9377975 pts=0 intervention=false warning=false braking=true lifecycle=released_verified_stop range=null bearing=null rss=15.959904
         1788689231.516  3954  3987 I AebsFrameSubscriber: onMessagesAvailable callback
         1788689231.516  3954  3987 I AebsFrameSubscriber: readNextMessages count=1
         1788689231.516  3954  3987 I MainActivity: onGatewayFrame: frame seq=1680 egoSpeed=6.9377975 pts=0 intervention=false warning=false braking=true lifecycle=released_verified_stop range=null bearing=null rss=15.959904
         1788689231.615  3954  3987 I AebsFrameSubscriber: onMessagesAvailable callback
         1788689231.616  3954  3987 I AebsFrameSubscriber: readNextMessages count=1
         1788689231.616  3954  3987 I MainActivity: onGatewayFrame: frame seq=1681 egoSpeed=6.9377975 pts=0 intervention=false warning=false braking=true lifecycle=released_verified_stop range=null bearing=null rss=15.959904
         1788689231.716  3954  3987 I AebsFrameSubscriber: onMessagesAvailable callback
         1788689231.716  3954  3987 I AebsFrameSubscriber: readNextMessages count=1
         1788689231.716  3954  3987 I MainActivity: onGatewayFrame: frame seq=1682 egoSpeed=6.9377975 pts=0 intervention=false warning=false braking=true lifecycle=released_verified_stop range=null bearing=null rss=15.959904
         1788689231.816  3954  3987 I AebsFrameSubscriber: onMessagesAvailable callback
         1788689231.816  3954  3987 I AebsFrameSubscriber: readNextMessages count=1
         1788689231.817  3954  3987 I MainActivity: onGatewayFrame: frame seq=1683 egoSpeed=6.9377975 pts=0 intervention=false warning=false braking=true lifecycle=released_verified_stop range=null bearing=null rss=15.959904
         1788689231.916  3954  3987 I AebsFrameSubscriber: onMessagesAvailable callback
         1788689231.916  3954  3987 I AebsFrameSubscriber: readNextMessages count=1
         1788689231.917  3954  3987 I MainActivity: onGatewayFrame: frame seq=1684 egoSpeed=6.9377975 pts=0 intervention=false warning=false braking=true lifecycle=released_verified_stop range=null bearing=null rss=15.959904
         1788689232.016  3954  3987 I AebsFrameSubscriber: onMessagesAvailable callback
         1788689232.017  3954  3987 I AebsFrameSubscriber: readNextMessages count=1
         1788689232.017  3954  3987 I MainActivity: onGatewayFrame: frame seq=1685 egoSpeed=6.9377975 pts=0 intervention=false warning=false braking=true lifecycle=released_verified_stop range=null bearing=null rss=15.959904
         1788689232.116  3954  3987 I AebsFrameSubscriber: onMessagesAvailable callback
         1788689232.116  3954  3987 I AebsFrameSubscriber: readNextMessages count=1
         1788689232.117  3954  3987 I MainActivity: onGatewayFrame: frame seq=1686 egoSpeed=6.9377975 pts=0 intervention=false warning=false braking=true lifecycle=released_verified_stop range=null bearing=null rss=15.959904
         1788689232.216  3954  3987 I AebsFrameSubscriber: onMessagesAvailable callback
         1788689232.216  3954  3987 I AebsFrameSubscriber: readNextMessages count=1
         1788689232.216  3954  3987 I MainActivity: onGatewayFrame: frame seq=1687 egoSpeed=6.9377975 pts=0 intervention=false warning=false braking=true lifecycle=released_verified_stop range=null bearing=null rss=15.959904
         1788689232.316  3954  3987 I AebsFrameSubscriber: onMessagesAvailable callback
         1788689232.316  3954  3987 I AebsFrameSubscriber: readNextMessages count=1
         1788689232.316  3954  3987 I MainActivity: onGatewayFrame: frame seq=1688 egoSpeed=6.9377975 pts=0 intervention=false warning=false braking=true lifecycle=released_verified_stop range=null bearing=null rss=15.959904
         1788689232.415  3954  3987 I AebsFrameSubscriber: onMessagesAvailable callback
         1788689232.416  3954  3987 I AebsFrameSubscriber: readNextMessages count=1
         1788689232.416  3954  3987 I MainActivity: onGatewayFrame: frame seq=1689 egoSpeed=6.9377975 pts=0 intervention=false warning=false braking=true lifecycle=released_verified_stop range=null bearing=null rss=15.959904
         1788689232.516  3954  3987 I AebsFrameSubscriber: onMessagesAvailable callback
         1788689232.516  3954  3987 I AebsFrameSubscriber: readNextMessages count=1
         1788689232.516  3954  3987 I MainActivity: onGatewayFrame: frame seq=1690 egoSpeed=6.9377975 pts=0 intervention=false warning=false braking=true lifecycle=released_verified_stop range=null bearing=null rss=15.959904
         1788689232.616  3954  3987 I AebsFrameSubscriber: onMessagesAvailable callback
         1788689232.616  3954  3987 I AebsFrameSubscriber: readNextMessages count=1
         1788689232.617  3954  3987 I MainActivity: onGatewayFrame: frame seq=1691 egoSpeed=6.9377975 pts=0 intervention=false warning=false braking=true lifecycle=released_verified_stop range=null bearing=null rss=15.959904
         1788689232.716  3954  3987 I AebsFrameSubscriber: onMessagesAvailable callback
         1788689232.716  3954  3987 I AebsFrameSubscriber: readNextMessages count=1
         1788689232.717  3954  3987 I MainActivity: onGatewayFrame: frame seq=1692 egoSpeed=6.9377975 pts=0 intervention=false warning=false braking=true lifecycle=released_verified_stop range=null bearing=null rss=15.959904
         1788689232.816  3954  3987 I AebsFrameSubscriber: onMessagesAvailable callback
         1788689232.816  3954  3987 I AebsFrameSubscriber: readNextMessages count=1
         1788689232.816  3954  3987 I MainActivity: onGatewayFrame: frame seq=1693 egoSpeed=6.9377975 pts=0 intervention=false warning=false braking=true lifecycle=released_verified_stop range=null bearing=null rss=15.959904
         1788689232.915  3954  3987 I AebsFrameSubscriber: onMessagesAvailable callback
         1788689232.916  3954  3987 I AebsFrameSubscriber: readNextMessages count=1
         1788689232.916  3954  3987 I MainActivity: onGatewayFrame: frame seq=1694 egoSpeed=6.9377975 pts=0 intervention=false warning=false braking=true lifecycle=released_verified_stop range=null bearing=null rss=15.959904
         1788689233.015  3954  3987 I AebsFrameSubscriber: onMessagesAvailable callback
         1788689233.016  3954  3987 I AebsFrameSubscriber: readNextMessages count=1
         1788689233.016  3954  3987 I MainActivity: onGatewayFrame: frame seq=1695 egoSpeed=6.9377975 pts=0 intervention=false warning=false braking=true lifecycle=released_verified_stop range=null bearing=null rss=15.959904
         1788689233.116  3954  3987 I AebsFrameSubscriber: onMessagesAvailable callback
         1788689233.116  3954  3987 I AebsFrameSubscriber: readNextMessages count=1
         1788689233.116  3954  3987 I MainActivity: onGatewayFrame: frame seq=1696 egoSpeed=6.9377975 pts=0 intervention=false warning=false braking=true lifecycle=released_verified_stop range=null bearing=null rss=15.959904
         1788689233.215  3954  3987 I AebsFrameSubscriber: onMessagesAvailable callback
         1788689233.216  3954  3987 I AebsFrameSubscriber: readNextMessages count=1
         1788689233.216  3954  3987 I MainActivity: onGatewayFrame: frame seq=1697 egoSpeed=6.9377975 pts=0 intervention=false warning=false braking=true lifecycle=released_verified_stop range=null bearing=null rss=15.959904
         1788689233.316  3954  3987 I AebsFrameSubscriber: onMessagesAvailable callback
         1788689233.316  3954  3987 I AebsFrameSubscriber: readNextMessages count=1
         1788689233.316  3954  3987 I MainActivity: onGatewayFrame: frame seq=1698 egoSpeed=6.9377975 pts=0 intervention=false warning=false braking=true lifecycle=released_verified_stop range=null bearing=null rss=15.959904
         1788689233.416  3954  3987 I AebsFrameSubscriber: onMessagesAvailable callback
         1788689233.416  3954  3987 I AebsFrameSubscriber: readNextMessages count=1
         1788689233.416  3954  3987 I MainActivity: onGatewayFrame: frame seq=1699 egoSpeed=6.9377975 pts=0 intervention=false warning=false braking=true lifecycle=released_verified_stop range=null bearing=null rss=15.959904
         1788689233.515  3954  3987 I AebsFrameSubscriber: onMessagesAvailable callback
         1788689233.516  3954  3987 I AebsFrameSubscriber: readNextMessages count=1
         1788689233.516  3954  3987 I MainActivity: onGatewayFrame: frame seq=1700 egoSpeed=6.9377975 pts=0 intervention=false warning=false braking=true lifecycle=released_verified_stop range=null bearing=null rss=15.959904
         1788689233.615  3954  3987 I AebsFrameSubscriber: onMessagesAvailable callback
         1788689233.616  3954  3987 I AebsFrameSubscriber: readNextMessages count=1
         1788689233.616  3954  3987 I MainActivity: onGatewayFrame: frame seq=1701 egoSpeed=6.9377975 pts=0 intervention=false warning=false braking=true lifecycle=released_verified_stop range=null bearing=null rss=15.959904
         1788689233.715  3954  3987 I AebsFrameSubscriber: onMessagesAvailable callback
         1788689233.716  3954  3987 I AebsFrameSubscriber: readNextMessages count=1
         1788689233.716  3954  3987 I MainActivity: onGatewayFrame: frame seq=1702 egoSpeed=6.9377975 pts=0 intervention=false warning=false braking=true lifecycle=released_verified_stop range=null bearing=null rss=15.959904
         1788689233.815  3954  3987 I AebsFrameSubscriber: onMessagesAvailable callback
         1788689233.816  3954  3987 I AebsFrameSubscriber: readNextMessages count=1
         1788689233.816  3954  3987 I MainActivity: onGatewayFrame: frame seq=1703 egoSpeed=6.9377975 pts=0 intervention=false warning=false braking=true lifecycle=released_verified_stop range=null bearing=null rss=15.959904
         1788689233.915  3954  3987 I AebsFrameSubscriber: onMessagesAvailable callback
         1788689233.916  3954  3987 I AebsFrameSubscriber: readNextMessages count=1
         1788689233.916  3954  3987 I MainActivity: onGatewayFrame: frame seq=1704 egoSpeed=6.9377975 pts=0 intervention=false warning=false braking=true lifecycle=released_verified_stop range=null bearing=null rss=15.959904
         1788689234.015  3954  3987 I AebsFrameSubscriber: onMessagesAvailable callback
         1788689234.016  3954  3987 I AebsFrameSubscriber: readNextMessages count=1
         1788689234.016  3954  3987 I MainActivity: onGatewayFrame: frame seq=1705 egoSpeed=6.9377975 pts=0 intervention=false warning=false braking=true lifecycle=released_verified_stop range=null bearing=null rss=15.959904
         1788689234.116  3954  3987 I AebsFrameSubscriber: onMessagesAvailable callback
         1788689234.116  3954  3987 I AebsFrameSubscriber: readNextMessages count=1
         1788689234.116  3954  3987 I MainActivity: onGatewayFrame: frame seq=1706 egoSpeed=6.9377975 pts=0 intervention=false warning=false braking=true lifecycle=released_verified_stop range=null bearing=null rss=15.959904
         1788689234.215  3954  3987 I AebsFrameSubscriber: onMessagesAvailable callback
         1788689234.216  3954  3987 I AebsFrameSubscriber: readNextMessages count=1
         1788689234.216  3954  3987 I MainActivity: onGatewayFrame: frame seq=1707 egoSpeed=6.9377975 pts=0 intervention=false warning=false braking=true lifecycle=released_verified_stop range=null bearing=null rss=15.959904
         1788689234.315  3954  3987 I AebsFrameSubscriber: onMessagesAvailable callback
         1788689234.317  3954  3987 I AebsFrameSubscriber: readNextMessages count=1
         1788689234.318  3954  3987 I MainActivity: onGatewayFrame: frame seq=1708 egoSpeed=6.9377975 pts=0 intervention=false warning=false braking=true lifecycle=released_verified_stop range=null bearing=null rss=15.959904
         1788689234.443  3954  3987 I AebsFrameSubscriber: readNextMessages count=1
         1788689234.443  3954  3987 I MainActivity: onGatewayFrame: frame seq=1709 egoSpeed=6.9377975 pts=0 intervention=false warning=false braking=true lifecycle=released_verified_stop range=null bearing=null rss=15.959904
         1788689234.443  3954  3987 I AebsFrameSubscriber: onMessagesAvailable callback
         1788689234.515  3954  3987 I AebsFrameSubscriber: onMessagesAvailable callback
         1788689234.516  3954  3987 I AebsFrameSubscriber: readNextMessages count=1
         1788689234.516  3954  3987 I MainActivity: onGatewayFrame: frame seq=1710 egoSpeed=6.9377975 pts=0 intervention=false warning=false braking=true lifecycle=released_verified_stop range=null bearing=null rss=15.959904
         1788689234.616  3954  3987 I AebsFrameSubscriber: onMessagesAvailable callback
         1788689234.616  3954  3987 I AebsFrameSubscriber: readNextMessages count=1
         1788689234.616  3954  3987 I MainActivity: onGatewayFrame: frame seq=1711 egoSpeed=6.9377975 pts=0 intervention=false warning=false braking=true lifecycle=released_verified_stop range=null bearing=null rss=15.959904
         1788689234.715  3954  3987 I AebsFrameSubscriber: onMessagesAvailable callback
         1788689234.716  3954  3987 I AebsFrameSubscriber: readNextMessages count=1
         1788689234.716  3954  3987 I MainActivity: onGatewayFrame: frame seq=1712 egoSpeed=6.9377975 pts=0 intervention=false warning=false braking=true lifecycle=released_verified_stop range=null bearing=null rss=15.959904
         1788689234.815  3954  3987 I AebsFrameSubscriber: onMessagesAvailable callback
         1788689234.816  3954  3987 I AebsFrameSubscriber: readNextMessages count=1
         1788689234.816  3954  3987 I MainActivity: onGatewayFrame: frame seq=1713 egoSpeed=6.9377975 pts=0 intervention=false warning=false braking=true lifecycle=released_verified_stop range=null bearing=null rss=15.959904
         1788689234.915  3954  3987 I AebsFrameSubscriber: onMessagesAvailable callback
         1788689234.916  3954  3987 I AebsFrameSubscriber: readNextMessages count=1
         1788689234.916  3954  3987 I MainActivity: onGatewayFrame: frame seq=1714 egoSpeed=6.9377975 pts=0 intervention=false warning=false braking=true lifecycle=released_verified_stop range=null bearing=null rss=15.959904
         1788689235.015  3954  3987 I AebsFrameSubscriber: onMessagesAvailable callback
         1788689235.016  3954  3987 I AebsFrameSubscriber: readNextMessages count=1
         1788689235.016  3954  3987 I MainActivity: onGatewayFrame: frame seq=1715 egoSpeed=6.9377975 pts=0 intervention=false warning=false braking=true lifecycle=released_verified_stop range=null bearing=null rss=15.959904
         1788689235.115  3954  3987 I AebsFrameSubscriber: onMessagesAvailable callback
         1788689235.116  3954  3987 I AebsFrameSubscriber: readNextMessages count=1
         1788689235.116  3954  3987 I MainActivity: onGatewayFrame: frame seq=1716 egoSpeed=6.9377975 pts=0 intervention=false warning=false braking=true lifecycle=released_verified_stop range=null bearing=null rss=15.959904
         1788689235.215  3954  3987 I AebsFrameSubscriber: onMessagesAvailable callback
         1788689235.216  3954  3987 I AebsFrameSubscriber: readNextMessages count=1
         1788689235.216  3954  3987 I MainActivity: onGatewayFrame: frame seq=1717 egoSpeed=6.9377975 pts=0 intervention=false warning=false braking=true lifecycle=released_verified_stop range=null bearing=null rss=15.959904
         1788689235.315  3954  3987 I AebsFrameSubscriber: onMessagesAvailable callback
         1788689235.316  3954  3987 I AebsFrameSubscriber: readNextMessages count=1
         1788689235.316  3954  3987 I MainActivity: onGatewayFrame: frame seq=1718 egoSpeed=6.9377975 pts=0 intervention=false warning=false braking=true lifecycle=released_verified_stop range=null bearing=null rss=15.959904
         1788689235.415  3954  3987 I AebsFrameSubscriber: onMessagesAvailable callback
         1788689235.416  3954  3987 I AebsFrameSubscriber: readNextMessages count=1
         1788689235.416  3954  3987 I MainActivity: onGatewayFrame: frame seq=1719 egoSpeed=6.9377975 pts=0 intervention=false warning=false braking=true lifecycle=released_verified_stop range=null bearing=null rss=15.959904
         1788689235.515  3954  3987 I AebsFrameSubscriber: onMessagesAvailable callback
         1788689235.516  3954  3987 I AebsFrameSubscriber: readNextMessages count=1
         1788689235.516  3954  3987 I MainActivity: onGatewayFrame: frame seq=1720 egoSpeed=6.9377975 pts=0 intervention=false warning=false braking=true lifecycle=released_verified_stop range=null bearing=null rss=15.959904
         1788689235.615  3954  3987 I AebsFrameSubscriber: onMessagesAvailable callback
         1788689235.616  3954  3987 I AebsFrameSubscriber: readNextMessages count=1
         1788689235.616  3954  3987 I MainActivity: onGatewayFrame: frame seq=1721 egoSpeed=6.9377975 pts=0 intervention=false warning=false braking=true lifecycle=released_verified_stop range=null bearing=null rss=15.959904
         1788689235.716  3954  3987 I AebsFrameSubscriber: onMessagesAvailable callback
         1788689235.716  3954  3987 I AebsFrameSubscriber: readNextMessages count=1
         1788689235.716  3954  3987 I MainActivity: onGatewayFrame: frame seq=1722 egoSpeed=6.9377975 pts=0 intervention=false warning=false braking=true lifecycle=released_verified_stop range=null bearing=null rss=15.959904
         1788689235.816  3954  3987 I AebsFrameSubscriber: onMessagesAvailable callback
         1788689235.816  3954  3987 I AebsFrameSubscriber: readNextMessages count=1
         1788689235.816  3954  3987 I MainActivity: onGatewayFrame: frame seq=1723 egoSpeed=6.9377975 pts=0 intervention=false warning=false braking=true lifecycle=released_verified_stop range=null bearing=null rss=15.959904
         1788689235.915  3954  3987 I AebsFrameSubscriber: onMessagesAvailable callback
         1788689235.916  3954  3987 I AebsFrameSubscriber: readNextMessages count=1
         1788689235.916  3954  3987 I MainActivity: onGatewayFrame: frame seq=1724 egoSpeed=6.9377975 pts=0 intervention=false warning=false braking=true lifecycle=released_verified_stop range=null bearing=null rss=15.959904
         1788689236.015  3954  3987 I AebsFrameSubscriber: onMessagesAvailable callback
         1788689236.016  3954  3987 I AebsFrameSubscriber: readNextMessages count=1
         1788689236.016  3954  3987 I MainActivity: onGatewayFrame: frame seq=1725 egoSpeed=6.9377975 pts=0 intervention=false warning=false braking=true lifecycle=released_verified_stop range=null bearing=null rss=15.959904
         1788689236.115  3954  3987 I AebsFrameSubscriber: onMessagesAvailable callback
         1788689236.116  3954  3987 I AebsFrameSubscriber: readNextMessages count=1
         1788689236.116  3954  3987 I MainActivity: onGatewayFrame: frame seq=1726 egoSpeed=6.9377975 pts=0 intervention=false warning=false braking=true lifecycle=released_verified_stop range=null bearing=null rss=15.959904
         1788689236.215  3954  3987 I AebsFrameSubscriber: onMessagesAvailable callback
         1788689236.216  3954  3987 I AebsFrameSubscriber: readNextMessages count=1
         1788689236.216  3954  3987 I MainActivity: onGatewayFrame: frame seq=1727 egoSpeed=6.9377975 pts=0 intervention=false warning=false braking=true lifecycle=released_verified_stop range=null bearing=null rss=15.959904
         1788689236.315  3954  3987 I AebsFrameSubscriber: onMessagesAvailable callback
         1788689236.316  3954  3987 I AebsFrameSubscriber: readNextMessages count=1
         1788689236.316  3954  3987 I MainActivity: onGatewayFrame: frame seq=1728 egoSpeed=6.9377975 pts=0 intervention=false warning=false braking=true lifecycle=released_verified_stop range=null bearing=null rss=15.959904
         1788689236.415  3954  3987 I AebsFrameSubscriber: onMessagesAvailable callback
         1788689236.416  3954  3987 I AebsFrameSubscriber: readNextMessages count=1
         1788689236.416  3954  3987 I MainActivity: onGatewayFrame: frame seq=1729 egoSpeed=6.9377975 pts=0 intervention=false warning=false braking=true lifecycle=released_verified_stop range=null bearing=null rss=15.959904
         1788689236.515  3954  3987 I AebsFrameSubscriber: onMessagesAvailable callback
         1788689236.515  3954  3987 I AebsFrameSubscriber: readNextMessages count=1
         1788689236.516  3954  3987 I MainActivity: onGatewayFrame: frame seq=1730 egoSpeed=6.9377975 pts=0 intervention=false warning=false braking=true lifecycle=released_verified_stop range=null bearing=null rss=15.959904
         1788689236.615  3954  3987 I AebsFrameSubscriber: onMessagesAvailable callback
         1788689236.616  3954  3987 I AebsFrameSubscriber: readNextMessages count=1
         1788689236.616  3954  3987 I MainActivity: onGatewayFrame: frame seq=1731 egoSpeed=6.9377975 pts=0 intervention=false warning=false braking=true lifecycle=released_verified_stop range=null bearing=null rss=15.959904
         1788689236.715  3954  3987 I AebsFrameSubscriber: onMessagesAvailable callback
         1788689236.716  3954  3987 I AebsFrameSubscriber: readNextMessages count=1
         1788689236.716  3954  3987 I MainActivity: onGatewayFrame: frame seq=1732 egoSpeed=6.9377975 pts=0 intervention=false warning=false braking=true lifecycle=released_verified_stop range=null bearing=null rss=15.959904
         1788689236.815  3954  3987 I AebsFrameSubscriber: onMessagesAvailable callback
         1788689236.816  3954  3987 I AebsFrameSubscriber: readNextMessages count=1
         1788689236.816  3954  3987 I MainActivity: onGatewayFrame: frame seq=1733 egoSpeed=6.9377975 pts=0 intervention=false warning=false braking=true lifecycle=released_verified_stop range=null bearing=null rss=15.959904
         1788689236.915  3954  3987 I AebsFrameSubscriber: onMessagesAvailable callback
         1788689236.916  3954  3987 I AebsFrameSubscriber: readNextMessages count=1
         1788689236.916  3954  3987 I MainActivity: onGatewayFrame: frame seq=1734 egoSpeed=6.9377975 pts=0 intervention=false warning=false braking=true lifecycle=released_verified_stop range=null bearing=null rss=15.959904
         1788689237.015  3954  3987 I AebsFrameSubscriber: onMessagesAvailable callback
         1788689237.015  3954  3987 I AebsFrameSubscriber: readNextMessages count=1
         1788689237.016  3954  3987 I MainActivity: onGatewayFrame: frame seq=1735 egoSpeed=6.9377975 pts=0 intervention=false warning=false braking=true lifecycle=released_verified_stop range=null bearing=null rss=15.959904
         1788689237.115  3954  3987 I AebsFrameSubscriber: onMessagesAvailable callback
         1788689237.115  3954  3987 I AebsFrameSubscriber: readNextMessages count=1
         1788689237.115  3954  3987 I MainActivity: onGatewayFrame: frame seq=1736 egoSpeed=6.9377975 pts=0 intervention=false warning=false braking=true lifecycle=released_verified_stop range=null bearing=null rss=15.959904
         1788689237.215  3954  3987 I AebsFrameSubscriber: onMessagesAvailable callback
         1788689237.216  3954  3987 I AebsFrameSubscriber: readNextMessages count=1
         1788689237.216  3954  3987 I MainActivity: onGatewayFrame: frame seq=1737 egoSpeed=6.9377975 pts=0 intervention=false warning=false braking=true lifecycle=released_verified_stop range=null bearing=null rss=15.959904
         1788689237.315  3954  3987 I AebsFrameSubscriber: onMessagesAvailable callback
         1788689237.316  3954  3987 I AebsFrameSubscriber: readNextMessages count=1
         1788689237.316  3954  3987 I MainActivity: onGatewayFrame: frame seq=1738 egoSpeed=6.9377975 pts=0 intervention=false warning=false braking=true lifecycle=released_verified_stop range=null bearing=null rss=15.959904
         1788689237.415  3954  3987 I AebsFrameSubscriber: onMessagesAvailable callback
         1788689237.416  3954  3987 I AebsFrameSubscriber: readNextMessages count=1
         1788689237.416  3954  3987 I MainActivity: onGatewayFrame: frame seq=1739 egoSpeed=6.9377975 pts=0 intervention=false warning=false braking=true lifecycle=released_verified_stop range=null bearing=null rss=15.959904
         1788689237.515  3954  3987 I AebsFrameSubscriber: onMessagesAvailable callback
         1788689237.516  3954  3987 I AebsFrameSubscriber: readNextMessages count=1
         1788689237.516  3954  3987 I MainActivity: onGatewayFrame: frame seq=1740 egoSpeed=6.9377975 pts=0 intervention=false warning=false braking=true lifecycle=released_verified_stop range=null bearing=null rss=15.959904
         1788689237.615  3954  3987 I AebsFrameSubscriber: onMessagesAvailable callback
         1788689237.615  3954  3987 I AebsFrameSubscriber: readNextMessages count=1
         1788689237.616  3954  3987 I MainActivity: onGatewayFrame: frame seq=1741 egoSpeed=6.9377975 pts=0 intervention=false warning=false braking=true lifecycle=released_verified_stop range=null bearing=null rss=15.959904
         1788689237.715  3954  3987 I AebsFrameSubscriber: onMessagesAvailable callback
         1788689237.716  3954  3987 I AebsFrameSubscriber: readNextMessages count=1
         1788689237.716  3954  3987 I MainActivity: onGatewayFrame: frame seq=1742 egoSpeed=6.9377975 pts=0 intervention=false warning=false braking=true lifecycle=released_verified_stop range=null bearing=null rss=15.959904
         1788689237.815  3954  3987 I AebsFrameSubscriber: onMessagesAvailable callback
         1788689237.816  3954  3987 I AebsFrameSubscriber: readNextMessages count=1
         1788689237.816  3954  3987 I MainActivity: onGatewayFrame: frame seq=1743 egoSpeed=6.9377975 pts=0 intervention=false warning=false braking=true lifecycle=released_verified_stop range=null bearing=null rss=15.959904
         1788689237.915  3954  3987 I AebsFrameSubscriber: onMessagesAvailable callback
         1788689237.916  3954  3987 I AebsFrameSubscriber: readNextMessages count=1
         1788689237.916  3954  3987 I MainActivity: onGatewayFrame: frame seq=1744 egoSpeed=6.9377975 pts=0 intervention=false warning=false braking=true lifecycle=released_verified_stop range=null bearing=null rss=15.959904
         1788689238.015  3954  3987 I AebsFrameSubscriber: onMessagesAvailable callback
         1788689238.015  3954  3987 I AebsFrameSubscriber: readNextMessages count=1
         1788689238.015  3954  3987 I MainActivity: onGatewayFrame: frame seq=1745 egoSpeed=6.9377975 pts=0 intervention=false warning=false braking=true lifecycle=released_verified_stop range=null bearing=null rss=15.959904
         1788689238.115  3954  3987 I AebsFrameSubscriber: onMessagesAvailable callback
         1788689238.115  3954  3987 I AebsFrameSubscriber: readNextMessages count=1
         1788689238.116  3954  3987 I MainActivity: onGatewayFrame: frame seq=1746 egoSpeed=6.9377975 pts=0 intervention=false warning=false braking=true lifecycle=released_verified_stop range=null bearing=null rss=15.959904
         1788689238.329  3954  3987 I AebsFrameSubscriber: readNextMessages count=2
         1788689238.329  3954  3987 I MainActivity: onGatewayFrame: frame seq=1747 egoSpeed=6.9377975 pts=0 intervention=false warning=false braking=true lifecycle=released_verified_stop range=null bearing=null rss=15.959904
         1788689238.329  3954  3987 I MainActivity: onGatewayFrame: frame seq=1748 egoSpeed=6.9377975 pts=0 intervention=false warning=false braking=true lifecycle=released_verified_stop range=null bearing=null rss=15.959904
         1788689238.329  3954  3987 I AebsFrameSubscriber: onMessagesAvailable callback
         1788689238.329  3954  3987 I AebsFrameSubscriber: onMessagesAvailable callback
         1788689238.415  3954  3987 I AebsFrameSubscriber: onMessagesAvailable callback
         1788689238.416  3954  3987 I AebsFrameSubscriber: readNextMessages count=1
         1788689238.416  3954  3987 I MainActivity: onGatewayFrame: frame seq=1749 egoSpeed=6.9377975 pts=0 intervention=false warning=false braking=true lifecycle=released_verified_stop range=null bearing=null rss=15.959904
         1788689238.515  3954  3987 I AebsFrameSubscriber: onMessagesAvailable callback
         1788689238.516  3954  3987 I AebsFrameSubscriber: readNextMessages count=1
         1788689238.516  3954  3987 I MainActivity: onGatewayFrame: frame seq=1750 egoSpeed=6.9377975 pts=0 intervention=false warning=false braking=true lifecycle=released_verified_stop range=null bearing=null rss=15.959904
         1788689238.615  3954  3987 I AebsFrameSubscriber: onMessagesAvailable callback
         1788689238.616  3954  3987 I AebsFrameSubscriber: readNextMessages count=1
         1788689238.616  3954  3987 I MainActivity: onGatewayFrame: frame seq=1751 egoSpeed=6.9377975 pts=0 intervention=false warning=false braking=true lifecycle=released_verified_stop range=null bearing=null rss=15.959904
         1788689238.715  3954  3987 I AebsFrameSubscriber: onMessagesAvailable callback
         1788689238.715  3954  3987 I AebsFrameSubscriber: readNextMessages count=1
         1788689238.716  3954  3987 I MainActivity: onGatewayFrame: frame seq=1752 egoSpeed=6.9377975 pts=0 intervention=false warning=false braking=true lifecycle=released_verified_stop range=null bearing=null rss=15.959904
         1788689238.815  3954  3987 I AebsFrameSubscriber: onMessagesAvailable callback
         1788689238.816  3954  3987 I AebsFrameSubscriber: readNextMessages count=1
         1788689238.816  3954  3987 I MainActivity: onGatewayFrame: frame seq=1753 egoSpeed=6.9377975 pts=0 intervention=false warning=false braking=true lifecycle=released_verified_stop range=null bearing=null rss=15.959904
         1788689238.915  3954  3987 I AebsFrameSubscriber: onMessagesAvailable callback
         1788689238.916  3954  3987 I AebsFrameSubscriber: readNextMessages count=1
         1788689238.916  3954  3987 I MainActivity: onGatewayFrame: frame seq=1754 egoSpeed=6.9377975 pts=0 intervention=false warning=false braking=true lifecycle=released_verified_stop range=null bearing=null rss=15.959904
         1788689239.015  3954  3987 I AebsFrameSubscriber: onMessagesAvailable callback
         1788689239.016  3954  3987 I AebsFrameSubscriber: readNextMessages count=1
         1788689239.016  3954  3987 I MainActivity: onGatewayFrame: frame seq=1755 egoSpeed=6.9377975 pts=0 intervention=false warning=false braking=true lifecycle=released_verified_stop range=null bearing=null rss=15.959904
         1788689239.115  3954  3987 I AebsFrameSubscriber: onMessagesAvailable callback
         1788689239.116  3954  3987 I AebsFrameSubscriber: readNextMessages count=1
         1788689239.116  3954  3987 I MainActivity: onGatewayFrame: frame seq=1756 egoSpeed=6.9377975 pts=0 intervention=false warning=false braking=true lifecycle=released_verified_stop range=null bearing=null rss=15.959904
         1788689239.215  3954  3987 I AebsFrameSubscriber: onMessagesAvailable callback
         1788689239.215  3954  3987 I AebsFrameSubscriber: readNextMessages count=1
         1788689239.215  3954  3987 I MainActivity: onGatewayFrame: frame seq=1757 egoSpeed=6.9377975 pts=0 intervention=false warning=false braking=true lifecycle=released_verified_stop range=null bearing=null rss=15.959904
         1788689239.315  3954  3987 I AebsFrameSubscriber: onMessagesAvailable callback
         1788689239.315  3954  3987 I AebsFrameSubscriber: readNextMessages count=1
         1788689239.315  3954  3987 I MainActivity: onGatewayFrame: frame seq=1758 egoSpeed=6.9377975 pts=0 intervention=false warning=false braking=true lifecycle=released_verified_stop range=null bearing=null rss=15.959904
         1788689239.415  3954  3987 I AebsFrameSubscriber: onMessagesAvailable callback
         1788689239.415  3954  3987 I AebsFrameSubscriber: readNextMessages count=1
         1788689239.415  3954  3987 I MainActivity: onGatewayFrame: frame seq=1759 egoSpeed=6.9377975 pts=0 intervention=false warning=false braking=true lifecycle=released_verified_stop range=null bearing=null rss=15.959904
         1788689239.515  3954  3987 I AebsFrameSubscriber: onMessagesAvailable callback
         1788689239.516  3954  3987 I AebsFrameSubscriber: readNextMessages count=1
         1788689239.516  3954  3987 I MainActivity: onGatewayFrame: frame seq=1760 egoSpeed=6.9377975 pts=0 intervention=false warning=false braking=true lifecycle=released_verified_stop range=null bearing=null rss=15.959904
         1788689239.615  3954  3987 I AebsFrameSubscriber: onMessagesAvailable callback
         1788689239.615  3954  3987 I AebsFrameSubscriber: readNextMessages count=1
         1788689239.615  3954  3987 I MainActivity: onGatewayFrame: frame seq=1761 egoSpeed=6.9377975 pts=0 intervention=false warning=false braking=true lifecycle=released_verified_stop range=null bearing=null rss=15.959904
         1788689239.715  3954  3987 I AebsFrameSubscriber: onMessagesAvailable callback
         1788689239.715  3954  3987 I AebsFrameSubscriber: readNextMessages count=1
         1788689239.715  3954  3987 I MainActivity: onGatewayFrame: frame seq=1762 egoSpeed=6.9377975 pts=0 intervention=false warning=false braking=true lifecycle=released_verified_stop range=null bearing=null rss=15.959904
         1788689239.815  3954  3987 I AebsFrameSubscriber: onMessagesAvailable callback
         1788689239.815  3954  3987 I AebsFrameSubscriber: readNextMessages count=1
         1788689239.815  3954  3987 I MainActivity: onGatewayFrame: frame seq=1763 egoSpeed=6.9377975 pts=0 intervention=false warning=false braking=true lifecycle=released_verified_stop range=null bearing=null rss=15.959904
         1788689239.915  3954  3987 I AebsFrameSubscriber: onMessagesAvailable callback
         1788689239.915  3954  3987 I AebsFrameSubscriber: readNextMessages count=1
         1788689239.915  3954  3987 I MainActivity: onGatewayFrame: frame seq=1764 egoSpeed=6.9377975 pts=0 intervention=false warning=false braking=true lifecycle=released_verified_stop range=null bearing=null rss=15.959904
         1788689240.015  3954  3987 I AebsFrameSubscriber: onMessagesAvailable callback
         1788689240.015  3954  3987 I AebsFrameSubscriber: readNextMessages count=1
         1788689240.015  3954  3987 I MainActivity: onGatewayFrame: frame seq=1765 egoSpeed=6.9377975 pts=0 intervention=false warning=false braking=true lifecycle=released_verified_stop range=null bearing=null rss=15.959904
         1788689240.115  3954  3987 I AebsFrameSubscriber: onMessagesAvailable callback
         1788689240.115  3954  3987 I AebsFrameSubscriber: readNextMessages count=1
         1788689240.115  3954  3987 I MainActivity: onGatewayFrame: frame seq=1766 egoSpeed=6.9377975 pts=0 intervention=false warning=false braking=true lifecycle=released_verified_stop range=null bearing=null rss=15.959904
         1788689240.215  3954  3987 I AebsFrameSubscriber: onMessagesAvailable callback
         1788689240.215  3954  3987 I AebsFrameSubscriber: readNextMessages count=1
         1788689240.215  3954  3987 I MainActivity: onGatewayFrame: frame seq=1767 egoSpeed=6.9377975 pts=0 intervention=false warning=false braking=true lifecycle=released_verified_stop range=null bearing=null rss=15.959904
         1788689240.315  3954  3987 I AebsFrameSubscriber: onMessagesAvailable callback
         1788689240.315  3954  3987 I AebsFrameSubscriber: readNextMessages count=1
         1788689240.315  3954  3987 I MainActivity: onGatewayFrame: frame seq=1768 egoSpeed=6.9377975 pts=0 intervention=false warning=false braking=true lifecycle=released_verified_stop range=null bearing=null rss=15.959904
         1788689240.415  3954  3987 I AebsFrameSubscriber: onMessagesAvailable callback
         1788689240.415  3954  3987 I AebsFrameSubscriber: readNextMessages count=1
         1788689240.415  3954  3987 I MainActivity: onGatewayFrame: frame seq=1769 egoSpeed=6.9377975 pts=0 intervention=false warning=false braking=true lifecycle=released_verified_stop range=null bearing=null rss=15.959904
         1788689240.515  3954  3987 I AebsFrameSubscriber: onMessagesAvailable callback
         1788689240.515  3954  3987 I AebsFrameSubscriber: readNextMessages count=1
         1788689240.515  3954  3987 I MainActivity: onGatewayFrame: frame seq=1770 egoSpeed=6.9377975 pts=0 intervention=false warning=false braking=true lifecycle=released_verified_stop range=null bearing=null rss=15.959904
         1788689240.615  3954  3987 I AebsFrameSubscriber: onMessagesAvailable callback
         1788689240.615  3954  3987 I AebsFrameSubscriber: readNextMessages count=1
         1788689240.615  3954  3987 I MainActivity: onGatewayFrame: frame seq=1771 egoSpeed=6.9377975 pts=0 intervention=false warning=false braking=true lifecycle=released_verified_stop range=null bearing=null rss=15.959904
         1788689240.715  3954  3987 I AebsFrameSubscriber: onMessagesAvailable callback
         1788689240.715  3954  3987 I AebsFrameSubscriber: readNextMessages count=1
         1788689240.715  3954  3987 I MainActivity: onGatewayFrame: frame seq=1772 egoSpeed=6.9377975 pts=0 intervention=false warning=false braking=true lifecycle=released_verified_stop range=null bearing=null rss=15.959904
         1788689240.815  3954  3987 I AebsFrameSubscriber: onMessagesAvailable callback
         1788689240.815  3954  3987 I AebsFrameSubscriber: readNextMessages count=1
         1788689240.815  3954  3987 I MainActivity: onGatewayFrame: frame seq=1773 egoSpeed=6.9377975 pts=0 intervention=false warning=false braking=true lifecycle=released_verified_stop range=null bearing=null rss=15.959904
         1788689240.915  3954  3987 I AebsFrameSubscriber: onMessagesAvailable callback
         1788689240.915  3954  3987 I AebsFrameSubscriber: readNextMessages count=1
         1788689240.916  3954  3987 I MainActivity: onGatewayFrame: frame seq=1774 egoSpeed=6.9377975 pts=0 intervention=false warning=false braking=true lifecycle=released_verified_stop range=null bearing=null rss=15.959904
         1788689241.015  3954  3987 I AebsFrameSubscriber: onMessagesAvailable callback
         1788689241.015  3954  3987 I AebsFrameSubscriber: readNextMessages count=1
         1788689241.016  3954  3987 I MainActivity: onGatewayFrame: frame seq=1775 egoSpeed=6.9377975 pts=0 intervention=false warning=false braking=true lifecycle=released_verified_stop range=null bearing=null rss=15.959904
         1788689241.115  3954  3987 I AebsFrameSubscriber: onMessagesAvailable callback
         1788689241.115  3954  3987 I AebsFrameSubscriber: readNextMessages count=1
         1788689241.115  3954  3987 I MainActivity: onGatewayFrame: frame seq=1776 egoSpeed=6.9377975 pts=0 intervention=false warning=false braking=true lifecycle=released_verified_stop range=null bearing=null rss=15.959904
         1788689241.215  3954  3987 I AebsFrameSubscriber: onMessagesAvailable callback
         1788689241.215  3954  3987 I AebsFrameSubscriber: readNextMessages count=1
         1788689241.215  3954  3987 I MainActivity: onGatewayFrame: frame seq=1777 egoSpeed=6.9377975 pts=0 intervention=false warning=false braking=true lifecycle=released_verified_stop range=null bearing=null rss=15.959904
         1788689241.315  3954  3987 I AebsFrameSubscriber: onMessagesAvailable callback
         1788689241.315  3954  3987 I AebsFrameSubscriber: readNextMessages count=1
         1788689241.315  3954  3987 I MainActivity: onGatewayFrame: frame seq=1778 egoSpeed=6.9377975 pts=0 intervention=false warning=false braking=true lifecycle=released_verified_stop range=null bearing=null rss=15.959904
         1788689241.415  3954  3987 I AebsFrameSubscriber: onMessagesAvailable callback
         1788689241.415  3954  3987 I AebsFrameSubscriber: readNextMessages count=1
         1788689241.415  3954  3987 I MainActivity: onGatewayFrame: frame seq=1779 egoSpeed=6.9377975 pts=0 intervention=false warning=false braking=true lifecycle=released_verified_stop range=null bearing=null rss=15.959904
         1788689241.515  3954  3987 I AebsFrameSubscriber: onMessagesAvailable callback
         1788689241.515  3954  3987 I AebsFrameSubscriber: readNextMessages count=1
         1788689241.515  3954  3987 I MainActivity: onGatewayFrame: frame seq=1780 egoSpeed=6.9377975 pts=0 intervention=false warning=false braking=true lifecycle=released_verified_stop range=null bearing=null rss=15.959904
         1788689241.614  3954  3987 I AebsFrameSubscriber: onMessagesAvailable callback
         1788689241.615  3954  3987 I AebsFrameSubscriber: readNextMessages count=1
         1788689241.615  3954  3987 I MainActivity: onGatewayFrame: frame seq=1781 egoSpeed=6.9377975 pts=0 intervention=false warning=false braking=true lifecycle=released_verified_stop range=null bearing=null rss=15.959904
         1788689241.715  3954  3987 I AebsFrameSubscriber: onMessagesAvailable callback
         1788689241.715  3954  3987 I AebsFrameSubscriber: readNextMessages count=1
         1788689241.715  3954  3987 I MainActivity: onGatewayFrame: frame seq=1782 egoSpeed=6.9377975 pts=0 intervention=false warning=false braking=true lifecycle=released_verified_stop range=null bearing=null rss=15.959904
         1788689241.815  3954  3987 I AebsFrameSubscriber: onMessagesAvailable callback
         1788689241.815  3954  3987 I AebsFrameSubscriber: readNextMessages count=1
         1788689241.815  3954  3987 I MainActivity: onGatewayFrame: frame seq=1783 egoSpeed=6.9377975 pts=0 intervention=false warning=false braking=true lifecycle=released_verified_stop range=null bearing=null rss=15.959904
         1788689241.915  3954  3987 I AebsFrameSubscriber: onMessagesAvailable callback
         1788689241.915  3954  3987 I AebsFrameSubscriber: readNextMessages count=1
         1788689241.915  3954  3987 I MainActivity: onGatewayFrame: frame seq=1784 egoSpeed=6.9377975 pts=0 intervention=false warning=false braking=true lifecycle=released_verified_stop range=null bearing=null rss=15.959904
         1788689242.015  3954  3987 I AebsFrameSubscriber: onMessagesAvailable callback
         1788689242.015  3954  3987 I AebsFrameSubscriber: readNextMessages count=1
         1788689242.016  3954  3987 I MainActivity: onGatewayFrame: frame seq=1785 egoSpeed=6.9377975 pts=0 intervention=false warning=false braking=true lifecycle=released_verified_stop range=null bearing=null rss=15.959904
         1788689242.115  3954  3987 I AebsFrameSubscriber: onMessagesAvailable callback
         1788689242.115  3954  3987 I AebsFrameSubscriber: readNextMessages count=1
         1788689242.116  3954  3987 I MainActivity: onGatewayFrame: frame seq=1786 egoSpeed=6.9377975 pts=0 intervention=false warning=false braking=true lifecycle=released_verified_stop range=null bearing=null rss=15.959904
         1788689242.215  3954  3987 I AebsFrameSubscriber: onMessagesAvailable callback
         1788689242.217  3954  3987 I AebsFrameSubscriber: readNextMessages count=1
         1788689242.217  3954  3987 I MainActivity: onGatewayFrame: frame seq=1787 egoSpeed=6.9377975 pts=0 intervention=false warning=false braking=true lifecycle=released_verified_stop range=null bearing=null rss=15.959904
         1788689242.350  3954  3987 I AebsFrameSubscriber: readNextMessages count=1
         1788689242.350  3954  3987 I MainActivity: onGatewayFrame: frame seq=1788 egoSpeed=6.9377975 pts=0 intervention=false warning=false braking=true lifecycle=released_verified_stop range=null bearing=null rss=15.959904
         1788689242.350  3954  3987 I AebsFrameSubscriber: onMessagesAvailable callback
         1788689242.414  3954  3987 I AebsFrameSubscriber: onMessagesAvailable callback
         1788689242.415  3954  3987 I AebsFrameSubscriber: readNextMessages count=1
         1788689242.415  3954  3987 I MainActivity: onGatewayFrame: frame seq=1789 egoSpeed=6.9377975 pts=0 intervention=false warning=false braking=true lifecycle=released_verified_stop range=null bearing=null rss=15.959904
         1788689242.514  3954  3987 I AebsFrameSubscriber: onMessagesAvailable callback
         1788689242.515  3954  3987 I AebsFrameSubscriber: readNextMessages count=1
         1788689242.515  3954  3987 I MainActivity: onGatewayFrame: frame seq=1790 egoSpeed=6.9377975 pts=0 intervention=false warning=false braking=true lifecycle=released_verified_stop range=null bearing=null rss=15.959904
         1788689242.614  3954  3987 I AebsFrameSubscriber: onMessagesAvailable callback
         1788689242.615  3954  3987 I AebsFrameSubscriber: readNextMessages count=1
         1788689242.615  3954  3987 I MainActivity: onGatewayFrame: frame seq=1791 egoSpeed=6.9377975 pts=0 intervention=false warning=false braking=true lifecycle=released_verified_stop range=null bearing=null rss=15.959904
         1788689242.714  3954  3987 I AebsFrameSubscriber: onMessagesAvailable callback
         1788689242.715  3954  3987 I AebsFrameSubscriber: readNextMessages count=1
         1788689242.715  3954  3987 I MainActivity: onGatewayFrame: frame seq=1792 egoSpeed=6.9377975 pts=0 intervention=false warning=false braking=true lifecycle=released_verified_stop range=null bearing=null rss=15.959904
         1788689242.815  3954  3987 I AebsFrameSubscriber: onMessagesAvailable callback
         1788689242.815  3954  3987 I AebsFrameSubscriber: readNextMessages count=1
         1788689242.815  3954  3987 I MainActivity: onGatewayFrame: frame seq=1793 egoSpeed=6.9377975 pts=0 intervention=false warning=false braking=true lifecycle=released_verified_stop range=null bearing=null rss=15.959904
         1788689242.914  3954  3987 I AebsFrameSubscriber: onMessagesAvailable callback
         1788689242.915  3954  3987 I AebsFrameSubscriber: readNextMessages count=1
         1788689242.915  3954  3987 I MainActivity: onGatewayFrame: frame seq=1794 egoSpeed=6.9377975 pts=0 intervention=false warning=false braking=true lifecycle=released_verified_stop range=null bearing=null rss=15.959904
         1788689243.014  3954  3987 I AebsFrameSubscriber: onMessagesAvailable callback
         1788689243.015  3954  3987 I AebsFrameSubscriber: readNextMessages count=1
         1788689243.015  3954  3987 I MainActivity: onGatewayFrame: frame seq=1795 egoSpeed=6.9377975 pts=0 intervention=false warning=false braking=true lifecycle=released_verified_stop range=null bearing=null rss=15.959904
         1788689243.114  3954  3987 I AebsFrameSubscriber: onMessagesAvailable callback
         1788689243.115  3954  3987 I AebsFrameSubscriber: readNextMessages count=1
         1788689243.115  3954  3987 I MainActivity: onGatewayFrame: frame seq=1796 egoSpeed=6.9377975 pts=0 intervention=false warning=false braking=true lifecycle=released_verified_stop range=null bearing=null rss=15.959904
         1788689243.214  3954  3987 I AebsFrameSubscriber: onMessagesAvailable callback
         1788689243.215  3954  3987 I AebsFrameSubscriber: readNextMessages count=1
         1788689243.215  3954  3987 I MainActivity: onGatewayFrame: frame seq=1797 egoSpeed=6.9377975 pts=0 intervention=false warning=false braking=true lifecycle=released_verified_stop range=null bearing=null rss=15.959904
         1788689243.314  3954  3987 I AebsFrameSubscriber: onMessagesAvailable callback
         1788689243.315  3954  3987 I AebsFrameSubscriber: readNextMessages count=1
         1788689243.315  3954  3987 I MainActivity: onGatewayFrame: frame seq=1798 egoSpeed=6.9377975 pts=0 intervention=false warning=false braking=true lifecycle=released_verified_stop range=null bearing=null rss=15.959904
         1788689243.414  3954  3987 I AebsFrameSubscriber: onMessagesAvailable callback
         1788689243.415  3954  3987 I AebsFrameSubscriber: readNextMessages count=1
         1788689243.415  3954  3987 I MainActivity: onGatewayFrame: frame seq=1799 egoSpeed=6.9377975 pts=0 intervention=false warning=false braking=true lifecycle=released_verified_stop range=null bearing=null rss=15.959904
         1788689243.514  3954  3987 I AebsFrameSubscriber: onMessagesAvailable callback
         1788689243.516  3954  3987 I AebsFrameSubscriber: readNextMessages count=1
         1788689243.516  3954  3987 I MainActivity: onGatewayFrame: frame seq=1800 egoSpeed=6.9377975 pts=0 intervention=false warning=false braking=true lifecycle=released_verified_stop range=null bearing=null rss=15.959904
         1788689243.614  3954  3987 I AebsFrameSubscriber: onMessagesAvailable callback
         1788689243.615  3954  3987 I AebsFrameSubscriber: readNextMessages count=1
         1788689243.615  3954  3987 I MainActivity: onGatewayFrame: frame seq=1801 egoSpeed=6.9377975 pts=0 intervention=false warning=false braking=true lifecycle=released_verified_stop range=null bearing=null rss=15.959904
         1788689243.714  3954  3987 I AebsFrameSubscriber: onMessagesAvailable callback
         1788689243.715  3954  3987 I AebsFrameSubscriber: readNextMessages count=1
         1788689243.715  3954  3987 I MainActivity: onGatewayFrame: frame seq=1802 egoSpeed=6.9377975 pts=0 intervention=false warning=false braking=true lifecycle=released_verified_stop range=null bearing=null rss=15.959904
         1788689243.814  3954  3987 I AebsFrameSubscriber: onMessagesAvailable callback
         1788689243.815  3954  3987 I AebsFrameSubscriber: readNextMessages count=1
         1788689243.815  3954  3987 I MainActivity: onGatewayFrame: frame seq=1803 egoSpeed=6.9377975 pts=0 intervention=false warning=false braking=true lifecycle=released_verified_stop range=null bearing=null rss=15.959904
         1788689243.914  3954  3987 I AebsFrameSubscriber: onMessagesAvailable callback
         1788689243.915  3954  3987 I AebsFrameSubscriber: readNextMessages count=1
         1788689243.915  3954  3987 I MainActivity: onGatewayFrame: frame seq=1804 egoSpeed=6.9377975 pts=0 intervention=false warning=false braking=true lifecycle=released_verified_stop range=null bearing=null rss=15.959904
         1788689244.014  3954  3987 I AebsFrameSubscriber: onMessagesAvailable callback
         1788689244.015  3954  3987 I AebsFrameSubscriber: readNextMessages count=1
         1788689244.015  3954  3987 I MainActivity: onGatewayFrame: frame seq=1805 egoSpeed=6.9377975 pts=0 intervention=false warning=false braking=true lifecycle=released_verified_stop range=null bearing=null rss=15.959904
         1788689244.114  3954  3987 I AebsFrameSubscriber: onMessagesAvailable callback
         1788689244.115  3954  3987 I AebsFrameSubscriber: readNextMessages count=1
         1788689244.115  3954  3987 I MainActivity: onGatewayFrame: frame seq=1806 egoSpeed=6.9377975 pts=0 intervention=false warning=false braking=true lifecycle=released_verified_stop range=null bearing=null rss=15.959904
         1788689244.215  3954  3987 I AebsFrameSubscriber: onMessagesAvailable callback
         1788689244.215  3954  3987 I AebsFrameSubscriber: readNextMessages count=1
         1788689244.215  3954  3987 I MainActivity: onGatewayFrame: frame seq=1807 egoSpeed=6.9377975 pts=0 intervention=false warning=false braking=true lifecycle=released_verified_stop range=null bearing=null rss=15.959904
         1788689244.314  3954  3987 I AebsFrameSubscriber: onMessagesAvailable callback
         1788689244.315  3954  3987 I AebsFrameSubscriber: readNextMessages count=1
         1788689244.315  3954  3987 I MainActivity: onGatewayFrame: frame seq=1808 egoSpeed=6.9377975 pts=0 intervention=false warning=false braking=true lifecycle=released_verified_stop range=null bearing=null rss=15.959904
         1788689244.414  3954  3987 I AebsFrameSubscriber: onMessagesAvailable callback
         1788689244.415  3954  3987 I AebsFrameSubscriber: readNextMessages count=1
         1788689244.415  3954  3987 I MainActivity: onGatewayFrame: frame seq=1809 egoSpeed=6.9377975 pts=0 intervention=false warning=false braking=true lifecycle=released_verified_stop range=null bearing=null rss=15.959904
         1788689244.514  3954  3987 I AebsFrameSubscriber: onMessagesAvailable callback
         1788689244.515  3954  3987 I AebsFrameSubscriber: readNextMessages count=1
         1788689244.515  3954  3987 I MainActivity: onGatewayFrame: frame seq=1810 egoSpeed=6.9377975 pts=0 intervention=false warning=false braking=true lifecycle=released_verified_stop range=null bearing=null rss=15.959904
         1788689244.614  3954  3987 I AebsFrameSubscriber: onMessagesAvailable callback
         1788689244.615  3954  3987 I AebsFrameSubscriber: readNextMessages count=1
         1788689244.615  3954  3987 I MainActivity: onGatewayFrame: frame seq=1811 egoSpeed=6.9377975 pts=0 intervention=false warning=false braking=true lifecycle=released_verified_stop range=null bearing=null rss=15.959904
         1788689244.714  3954  3987 I AebsFrameSubscriber: onMessagesAvailable callback
         1788689244.715  3954  3987 I AebsFrameSubscriber: readNextMessages count=1
         1788689244.715  3954  3987 I MainActivity: onGatewayFrame: frame seq=1812 egoSpeed=6.9377975 pts=0 intervention=false warning=false braking=true lifecycle=released_verified_stop range=null bearing=null rss=15.959904
         1788689244.814  3954  3987 I AebsFrameSubscriber: onMessagesAvailable callback
         1788689244.815  3954  3987 I AebsFrameSubscriber: readNextMessages count=1
         1788689244.815  3954  3987 I MainActivity: onGatewayFrame: frame seq=1813 egoSpeed=6.9377975 pts=0 intervention=false warning=false braking=true lifecycle=released_verified_stop range=null bearing=null rss=15.959904
         1788689244.914  3954  3987 I AebsFrameSubscriber: onMessagesAvailable callback
         1788689244.915  3954  3987 I AebsFrameSubscriber: readNextMessages count=1
         1788689244.915  3954  3987 I MainActivity: onGatewayFrame: frame seq=1814 egoSpeed=6.9377975 pts=0 intervention=false warning=false braking=true lifecycle=released_verified_stop range=null bearing=null rss=15.959904
         1788689245.014  3954  3987 I AebsFrameSubscriber: onMessagesAvailable callback
         1788689245.015  3954  3987 I AebsFrameSubscriber: readNextMessages count=1
         1788689245.015  3954  3987 I MainActivity: onGatewayFrame: frame seq=1815 egoSpeed=6.9377975 pts=0 intervention=false warning=false braking=true lifecycle=released_verified_stop range=null bearing=null rss=15.959904
         1788689245.114  3954  3987 I AebsFrameSubscriber: onMessagesAvailable callback
         1788689245.115  3954  3987 I AebsFrameSubscriber: readNextMessages count=1
         1788689245.115  3954  3987 I MainActivity: onGatewayFrame: frame seq=1816 egoSpeed=6.9377975 pts=0 intervention=false warning=false braking=true lifecycle=released_verified_stop range=null bearing=null rss=15.959904
         1788689245.214  3954  3987 I AebsFrameSubscriber: onMessagesAvailable callback
         1788689245.215  3954  3987 I AebsFrameSubscriber: readNextMessages count=1
         1788689245.215  3954  3987 I MainActivity: onGatewayFrame: frame seq=1817 egoSpeed=6.9377975 pts=0 intervention=false warning=false braking=true lifecycle=released_verified_stop range=null bearing=null rss=15.959904
         1788689245.314  3954  3987 I AebsFrameSubscriber: onMessagesAvailable callback
         1788689245.315  3954  3987 I AebsFrameSubscriber: readNextMessages count=1
         1788689245.315  3954  3987 I MainActivity: onGatewayFrame: frame seq=1818 egoSpeed=6.9377975 pts=0 intervention=false warning=false braking=true lifecycle=released_verified_stop range=null bearing=null rss=15.959904
         1788689245.414  3954  3987 I AebsFrameSubscriber: onMessagesAvailable callback
         1788689245.415  3954  3987 I AebsFrameSubscriber: readNextMessages count=1
         1788689245.415  3954  3987 I MainActivity: onGatewayFrame: frame seq=1819 egoSpeed=6.9377975 pts=0 intervention=false warning=false braking=true lifecycle=released_verified_stop range=null bearing=null rss=15.959904
         1788689245.514  3954  3987 I AebsFrameSubscriber: onMessagesAvailable callback
         1788689245.515  3954  3987 I AebsFrameSubscriber: readNextMessages count=1
         1788689245.515  3954  3987 I MainActivity: onGatewayFrame: frame seq=1820 egoSpeed=6.9377975 pts=0 intervention=false warning=false braking=true lifecycle=released_verified_stop range=null bearing=null rss=15.959904
         1788689245.614  3954  3987 I AebsFrameSubscriber: onMessagesAvailable callback
         1788689245.614  3954  3987 I AebsFrameSubscriber: readNextMessages count=1
         1788689245.615  3954  3987 I MainActivity: onGatewayFrame: frame seq=1821 egoSpeed=6.9377975 pts=0 intervention=false warning=false braking=true lifecycle=released_verified_stop range=null bearing=null rss=15.959904
         1788689245.714  3954  3987 I AebsFrameSubscriber: onMessagesAvailable callback
         1788689245.714  3954  3987 I AebsFrameSubscriber: readNextMessages count=1
         1788689245.715  3954  3987 I MainActivity: onGatewayFrame: frame seq=1822 egoSpeed=6.9377975 pts=0 intervention=false warning=false braking=true lifecycle=released_verified_stop range=null bearing=null rss=15.959904
         1788689245.814  3954  3987 I AebsFrameSubscriber: onMessagesAvailable callback
         1788689245.815  3954  3987 I AebsFrameSubscriber: readNextMessages count=1
         1788689245.815  3954  3987 I MainActivity: onGatewayFrame: frame seq=1823 egoSpeed=6.9377975 pts=0 intervention=false warning=false braking=true lifecycle=released_verified_stop range=null bearing=null rss=15.959904
         1788689245.914  3954  3987 I AebsFrameSubscriber: onMessagesAvailable callback
         1788689245.915  3954  3987 I AebsFrameSubscriber: readNextMessages count=1
         1788689245.915  3954  3987 I MainActivity: onGatewayFrame: frame seq=1824 egoSpeed=6.9377975 pts=0 intervention=false warning=false braking=true lifecycle=released_verified_stop range=null bearing=null rss=15.959904
         1788689246.014  3954  3987 I AebsFrameSubscriber: onMessagesAvailable callback
         1788689246.015  3954  3987 I AebsFrameSubscriber: readNextMessages count=1
         1788689246.015  3954  3987 I MainActivity: onGatewayFrame: frame seq=1825 egoSpeed=6.9377975 pts=0 intervention=false warning=false braking=true lifecycle=released_verified_stop range=null bearing=null rss=15.959904
         1788689246.226  3954  3987 I AebsFrameSubscriber: readNextMessages count=2
         1788689246.226  3954  3987 I MainActivity: onGatewayFrame: frame seq=1826 egoSpeed=6.9377975 pts=0 intervention=false warning=false braking=true lifecycle=released_verified_stop range=null bearing=null rss=15.959904
         1788689246.226  3954  3987 I MainActivity: onGatewayFrame: frame seq=1827 egoSpeed=6.9377975 pts=0 intervention=false warning=false braking=true lifecycle=released_verified_stop range=null bearing=null rss=15.959904
         1788689246.226  3954  3987 I AebsFrameSubscriber: onMessagesAvailable callback
         1788689246.226  3954  3987 I AebsFrameSubscriber: onMessagesAvailable callback
         1788689246.314  3954  3987 I AebsFrameSubscriber: onMessagesAvailable callback
         1788689246.314  3954  3987 I AebsFrameSubscriber: readNextMessages count=1
         1788689246.314  3954  3987 I MainActivity: onGatewayFrame: frame seq=1828 egoSpeed=6.9377975 pts=0 intervention=false warning=false braking=true lifecycle=released_verified_stop range=null bearing=null rss=15.959904
         1788689246.414  3954  3987 I AebsFrameSubscriber: onMessagesAvailable callback
         1788689246.415  3954  3987 I AebsFrameSubscriber: readNextMessages count=1
         1788689246.415  3954  3987 I MainActivity: onGatewayFrame: frame seq=1829 egoSpeed=6.9377975 pts=0 intervention=false warning=false braking=true lifecycle=released_verified_stop range=null bearing=null rss=15.959904
         1788689246.514  3954  3987 I AebsFrameSubscriber: onMessagesAvailable callback
         1788689246.514  3954  3987 I AebsFrameSubscriber: readNextMessages count=1
         1788689246.514  3954  3987 I MainActivity: onGatewayFrame: frame seq=1830 egoSpeed=6.9377975 pts=0 intervention=false warning=false braking=true lifecycle=released_verified_stop range=null bearing=null rss=15.959904
         1788689246.614  3954  3987 I AebsFrameSubscriber: onMessagesAvailable callback
         1788689246.614  3954  3987 I AebsFrameSubscriber: readNextMessages count=1
         1788689246.614  3954  3987 I MainActivity: onGatewayFrame: frame seq=1831 egoSpeed=6.9377975 pts=0 intervention=false warning=false braking=true lifecycle=released_verified_stop range=null bearing=null rss=15.959904
         1788689246.714  3954  3987 I AebsFrameSubscriber: onMessagesAvailable callback
         1788689246.714  3954  3987 I AebsFrameSubscriber: readNextMessages count=1
         1788689246.714  3954  3987 I MainActivity: onGatewayFrame: frame seq=1832 egoSpeed=6.9377975 pts=0 intervention=false warning=false braking=true lifecycle=released_verified_stop range=null bearing=null rss=15.959904
         1788689246.814  3954  3987 I AebsFrameSubscriber: onMessagesAvailable callback
         1788689246.814  3954  3987 I AebsFrameSubscriber: readNextMessages count=1
         1788689246.815  3954  3987 I MainActivity: onGatewayFrame: frame seq=1833 egoSpeed=6.9377975 pts=0 intervention=false warning=false braking=true lifecycle=released_verified_stop range=null bearing=null rss=15.959904
         1788689246.914  3954  3987 I AebsFrameSubscriber: onMessagesAvailable callback
         1788689246.914  3954  3987 I AebsFrameSubscriber: readNextMessages count=1
         1788689246.914  3954  3987 I MainActivity: onGatewayFrame: frame seq=1834 egoSpeed=6.9377975 pts=0 intervention=false warning=false braking=true lifecycle=released_verified_stop range=null bearing=null rss=15.959904
         1788689247.014  3954  3987 I AebsFrameSubscriber: onMessagesAvailable callback
         1788689247.014  3954  3987 I AebsFrameSubscriber: readNextMessages count=1
         1788689247.015  3954  3987 I MainActivity: onGatewayFrame: frame seq=1835 egoSpeed=6.9377975 pts=0 intervention=false warning=false braking=true lifecycle=released_verified_stop range=null bearing=null rss=15.959904
         1788689247.114  3954  3987 I AebsFrameSubscriber: onMessagesAvailable callback
         1788689247.114  3954  3987 I AebsFrameSubscriber: readNextMessages count=1
         1788689247.115  3954  3987 I MainActivity: onGatewayFrame: frame seq=1836 egoSpeed=6.9377975 pts=0 intervention=false warning=false braking=true lifecycle=released_verified_stop range=null bearing=null rss=15.959904
         1788689247.214  3954  3987 I AebsFrameSubscriber: onMessagesAvailable callback
         1788689247.214  3954  3987 I AebsFrameSubscriber: readNextMessages count=1
         1788689247.214  3954  3987 I MainActivity: onGatewayFrame: frame seq=1837 egoSpeed=6.9377975 pts=0 intervention=false warning=false braking=true lifecycle=released_verified_stop range=null bearing=null rss=15.959904
         1788689247.314  3954  3987 I AebsFrameSubscriber: onMessagesAvailable callback
         1788689247.314  3954  3987 I AebsFrameSubscriber: readNextMessages count=1
         1788689247.314  3954  3987 I MainActivity: onGatewayFrame: frame seq=1838 egoSpeed=6.9377975 pts=0 intervention=false warning=false braking=true lifecycle=released_verified_stop range=null bearing=null rss=15.959904
         1788689247.414  3954  3987 I AebsFrameSubscriber: onMessagesAvailable callback
         1788689247.414  3954  3987 I AebsFrameSubscriber: readNextMessages count=1
         1788689247.414  3954  3987 I MainActivity: onGatewayFrame: frame seq=1839 egoSpeed=6.9377975 pts=0 intervention=false warning=false braking=true lifecycle=released_verified_stop range=null bearing=null rss=15.959904
         1788689247.514  3954  3987 I AebsFrameSubscriber: onMessagesAvailable callback
         1788689247.514  3954  3987 I AebsFrameSubscriber: readNextMessages count=1
         1788689247.514  3954  3987 I MainActivity: onGatewayFrame: frame seq=1840 egoSpeed=6.9377975 pts=0 intervention=false warning=false braking=true lifecycle=released_verified_stop range=null bearing=null rss=15.959904
         1788689247.614  3954  3987 I AebsFrameSubscriber: onMessagesAvailable callback
         1788689247.614  3954  3987 I AebsFrameSubscriber: readNextMessages count=1
         1788689247.614  3954  3987 I MainActivity: onGatewayFrame: frame seq=1841 egoSpeed=6.9377975 pts=0 intervention=false warning=false braking=true lifecycle=released_verified_stop range=null bearing=null rss=15.959904
         1788689247.714  3954  3987 I AebsFrameSubscriber: onMessagesAvailable callback
         1788689247.715  3954  3987 I AebsFrameSubscriber: readNextMessages count=1
         1788689247.715  3954  3987 I MainActivity: onGatewayFrame: frame seq=1842 egoSpeed=6.9377975 pts=0 intervention=false warning=false braking=true lifecycle=released_verified_stop range=null bearing=null rss=15.959904
         1788689247.814  3954  3987 I AebsFrameSubscriber: onMessagesAvailable callback
         1788689247.815  3954  3987 I AebsFrameSubscriber: readNextMessages count=1
         1788689247.815  3954  3987 I MainActivity: onGatewayFrame: frame seq=1843 egoSpeed=6.9377975 pts=0 intervention=false warning=false braking=true lifecycle=released_verified_stop range=null bearing=null rss=15.959904
         1788689247.914  3954  3987 I AebsFrameSubscriber: onMessagesAvailable callback
         1788689247.914  3954  3987 I AebsFrameSubscriber: readNextMessages count=1
         1788689247.914  3954  3987 I MainActivity: onGatewayFrame: frame seq=1844 egoSpeed=6.9377975 pts=0 intervention=false warning=false braking=true lifecycle=released_verified_stop range=null bearing=null rss=15.959904
         1788689248.014  3954  3987 I AebsFrameSubscriber: onMessagesAvailable callback
         1788689248.014  3954  3987 I AebsFrameSubscriber: readNextMessages count=1
         1788689248.014  3954  3987 I MainActivity: onGatewayFrame: frame seq=1845 egoSpeed=6.9377975 pts=0 intervention=false warning=false braking=true lifecycle=released_verified_stop range=null bearing=null rss=15.959904
         1788689248.114  3954  3987 I AebsFrameSubscriber: onMessagesAvailable callback
         1788689248.114  3954  3987 I AebsFrameSubscriber: readNextMessages count=1
         1788689248.114  3954  3987 I MainActivity: onGatewayFrame: frame seq=1846 egoSpeed=6.9377975 pts=0 intervention=false warning=false braking=true lifecycle=released_verified_stop range=null bearing=null rss=15.959904
         1788689248.214  3954  3987 I AebsFrameSubscriber: onMessagesAvailable callback
         1788689248.214  3954  3987 I AebsFrameSubscriber: readNextMessages count=1
         1788689248.214  3954  3987 I MainActivity: onGatewayFrame: frame seq=1847 egoSpeed=6.9377975 pts=0 intervention=false warning=false braking=true lifecycle=released_verified_stop range=null bearing=null rss=15.959904
         1788689248.314  3954  3987 I AebsFrameSubscriber: onMessagesAvailable callback
         1788689248.314  3954  3987 I AebsFrameSubscriber: readNextMessages count=1
         1788689248.314  3954  3987 I MainActivity: onGatewayFrame: frame seq=1848 egoSpeed=6.9377975 pts=0 intervention=false warning=false braking=true lifecycle=released_verified_stop range=null bearing=null rss=15.959904
         1788689248.414  3954  3987 I AebsFrameSubscriber: onMessagesAvailable callback
         1788689248.414  3954  3987 I AebsFrameSubscriber: readNextMessages count=1
         1788689248.414  3954  3987 I MainActivity: onGatewayFrame: frame seq=1849 egoSpeed=6.9377975 pts=0 intervention=false warning=false braking=true lifecycle=released_verified_stop range=null bearing=null rss=15.959904
         1788689248.514  3954  3987 I AebsFrameSubscriber: onMessagesAvailable callback
         1788689248.514  3954  3987 I AebsFrameSubscriber: readNextMessages count=1
         1788689248.514  3954  3987 I MainActivity: onGatewayFrame: frame seq=1850 egoSpeed=6.9377975 pts=0 intervention=false warning=false braking=true lifecycle=released_verified_stop range=null bearing=null rss=15.959904
         1788689248.614  3954  3987 I AebsFrameSubscriber: onMessagesAvailable callback
         1788689248.614  3954  3987 I AebsFrameSubscriber: readNextMessages count=1
         1788689248.614  3954  3987 I MainActivity: onGatewayFrame: frame seq=1851 egoSpeed=6.9377975 pts=0 intervention=false warning=false braking=true lifecycle=released_verified_stop range=null bearing=null rss=15.959904
         1788689248.714  3954  3987 I AebsFrameSubscriber: onMessagesAvailable callback
         1788689248.714  3954  3987 I AebsFrameSubscriber: readNextMessages count=1
         1788689248.714  3954  3987 I MainActivity: onGatewayFrame: frame seq=1852 egoSpeed=6.9377975 pts=0 intervention=false warning=false braking=true lifecycle=released_verified_stop range=null bearing=null rss=15.959904
         1788689248.814  3954  3987 I AebsFrameSubscriber: onMessagesAvailable callback
         1788689248.814  3954  3987 I AebsFrameSubscriber: readNextMessages count=1
         1788689248.814  3954  3987 I MainActivity: onGatewayFrame: frame seq=1853 egoSpeed=6.9377975 pts=0 intervention=false warning=false braking=true lifecycle=released_verified_stop range=null bearing=null rss=15.959904
         1788689248.914  3954  3987 I AebsFrameSubscriber: onMessagesAvailable callback
         1788689248.914  3954  3987 I AebsFrameSubscriber: readNextMessages count=1
         1788689248.914  3954  3987 I MainActivity: onGatewayFrame: frame seq=1854 egoSpeed=6.9377975 pts=0 intervention=false warning=false braking=true lifecycle=released_verified_stop range=null bearing=null rss=15.959904
         1788689249.014  3954  3987 I AebsFrameSubscriber: onMessagesAvailable callback
         1788689249.014  3954  3987 I AebsFrameSubscriber: readNextMessages count=1
         1788689249.014  3954  3987 I MainActivity: onGatewayFrame: frame seq=1855 egoSpeed=6.9377975 pts=0 intervention=false warning=false braking=true lifecycle=released_verified_stop range=null bearing=null rss=15.959904
         1788689249.114  3954  3987 I AebsFrameSubscriber: onMessagesAvailable callback
         1788689249.114  3954  3987 I AebsFrameSubscriber: readNextMessages count=1
         1788689249.114  3954  3987 I MainActivity: onGatewayFrame: frame seq=1856 egoSpeed=6.9377975 pts=0 intervention=false warning=false braking=true lifecycle=released_verified_stop range=null bearing=null rss=15.959904
         1788689249.214  3954  3987 I AebsFrameSubscriber: onMessagesAvailable callback
         1788689249.214  3954  3987 I AebsFrameSubscriber: readNextMessages count=1
         1788689249.215  3954  3987 I MainActivity: onGatewayFrame: frame seq=1857 egoSpeed=6.9377975 pts=0 intervention=false warning=false braking=true lifecycle=released_verified_stop range=null bearing=null rss=15.959904
         1788689249.314  3954  3987 I AebsFrameSubscriber: onMessagesAvailable callback
         1788689249.314  3954  3987 I AebsFrameSubscriber: readNextMessages count=1
         1788689249.314  3954  3987 I MainActivity: onGatewayFrame: frame seq=1858 egoSpeed=6.9377975 pts=0 intervention=false warning=false braking=true lifecycle=released_verified_stop range=null bearing=null rss=15.959904
         1788689249.414  3954  3987 I AebsFrameSubscriber: onMessagesAvailable callback
         1788689249.414  3954  3987 I AebsFrameSubscriber: readNextMessages count=1
         1788689249.414  3954  3987 I MainActivity: onGatewayFrame: frame seq=1859 egoSpeed=6.9377975 pts=0 intervention=false warning=false braking=true lifecycle=released_verified_stop range=null bearing=null rss=15.959904
         1788689249.514  3954  3987 I AebsFrameSubscriber: onMessagesAvailable callback
         1788689249.514  3954  3987 I AebsFrameSubscriber: readNextMessages count=1
         1788689249.514  3954  3987 I MainActivity: onGatewayFrame: frame seq=1860 egoSpeed=6.9377975 pts=0 intervention=false warning=false braking=true lifecycle=released_verified_stop range=null bearing=null rss=15.959904
         1788689249.614  3954  3987 I AebsFrameSubscriber: onMessagesAvailable callback
         1788689249.614  3954  3987 I AebsFrameSubscriber: readNextMessages count=1
         1788689249.614  3954  3987 I MainActivity: onGatewayFrame: frame seq=1861 egoSpeed=6.9377975 pts=0 intervention=false warning=false braking=true lifecycle=released_verified_stop range=null bearing=null rss=15.959904
         1788689249.714  3954  3987 I AebsFrameSubscriber: onMessagesAvailable callback
         1788689249.714  3954  3987 I AebsFrameSubscriber: readNextMessages count=1
         1788689249.714  3954  3987 I MainActivity: onGatewayFrame: frame seq=1862 egoSpeed=6.9377975 pts=0 intervention=false warning=false braking=true lifecycle=released_verified_stop range=null bearing=null rss=15.959904
         1788689249.814  3954  3987 I AebsFrameSubscriber: onMessagesAvailable callback
         1788689249.814  3954  3987 I AebsFrameSubscriber: readNextMessages count=1
         1788689249.814  3954  3987 I MainActivity: onGatewayFrame: frame seq=1863 egoSpeed=6.9377975 pts=0 intervention=false warning=false braking=true lifecycle=released_verified_stop range=null bearing=null rss=15.959904
         1788689249.914  3954  3987 I AebsFrameSubscriber: onMessagesAvailable callback
         1788689249.914  3954  3987 I AebsFrameSubscriber: readNextMessages count=1
         1788689249.914  3954  3987 I MainActivity: onGatewayFrame: frame seq=1864 egoSpeed=6.9377975 pts=0 intervention=false warning=false braking=true lifecycle=released_verified_stop range=null bearing=null rss=15.959904
         1788689250.014  3954  3987 I AebsFrameSubscriber: onMessagesAvailable callback
         1788689250.014  3954  3987 I AebsFrameSubscriber: readNextMessages count=1
         1788689250.014  3954  3987 I MainActivity: onGatewayFrame: frame seq=1865 egoSpeed=6.9377975 pts=0 intervention=false warning=false braking=true lifecycle=released_verified_stop range=null bearing=null rss=15.959904
         1788689250.133  3954  3987 I AebsFrameSubscriber: readNextMessages count=1
         1788689250.133  3954  3987 I MainActivity: onGatewayFrame: frame seq=1866 egoSpeed=6.9377975 pts=0 intervention=false warning=false braking=true lifecycle=released_verified_stop range=null bearing=null rss=15.959904
         1788689250.133  3954  3987 I AebsFrameSubscriber: onMessagesAvailable callback
         1788689250.214  3954  3987 I AebsFrameSubscriber: onMessagesAvailable callback
         1788689250.214  3954  3987 I AebsFrameSubscriber: readNextMessages count=1
         1788689250.214  3954  3987 I MainActivity: onGatewayFrame: frame seq=1867 egoSpeed=6.9377975 pts=0 intervention=false warning=false braking=true lifecycle=released_verified_stop range=null bearing=null rss=15.959904
         1788689250.314  3954  3987 I AebsFrameSubscriber: onMessagesAvailable callback
         1788689250.314  3954  3987 I AebsFrameSubscriber: readNextMessages count=1
         1788689250.314  3954  3987 I MainActivity: onGatewayFrame: frame seq=1868 egoSpeed=6.9377975 pts=0 intervention=false warning=false braking=true lifecycle=released_verified_stop range=null bearing=null rss=15.959904
         1788689250.414  3954  3987 I AebsFrameSubscriber: onMessagesAvailable callback
         1788689250.414  3954  3987 I AebsFrameSubscriber: readNextMessages count=1
         1788689250.414  3954  3987 I MainActivity: onGatewayFrame: frame seq=1869 egoSpeed=6.9377975 pts=0 intervention=false warning=false braking=true lifecycle=released_verified_stop range=null bearing=null rss=15.959904
         1788689250.514  3954  3987 I AebsFrameSubscriber: onMessagesAvailable callback
         1788689250.514  3954  3987 I AebsFrameSubscriber: readNextMessages count=1
         1788689250.514  3954  3987 I MainActivity: onGatewayFrame: frame seq=1870 egoSpeed=6.9377975 pts=0 intervention=false warning=false braking=true lifecycle=released_verified_stop range=null bearing=null rss=15.959904
         1788689250.614  3954  3987 I AebsFrameSubscriber: onMessagesAvailable callback
         1788689250.614  3954  3987 I AebsFrameSubscriber: readNextMessages count=1
         1788689250.614  3954  3987 I MainActivity: onGatewayFrame: frame seq=1871 egoSpeed=6.9377975 pts=0 intervention=false warning=false braking=true lifecycle=released_verified_stop range=null bearing=null rss=15.959904
         1788689250.714  3954  3987 I AebsFrameSubscriber: onMessagesAvailable callback
         1788689250.714  3954  3987 I AebsFrameSubscriber: readNextMessages count=1
         1788689250.714  3954  3987 I MainActivity: onGatewayFrame: frame seq=1872 egoSpeed=6.9377975 pts=0 intervention=false warning=false braking=true lifecycle=released_verified_stop range=null bearing=null rss=15.959904
         1788689250.814  3954  3987 I AebsFrameSubscriber: onMessagesAvailable callback
         1788689250.814  3954  3987 I AebsFrameSubscriber: readNextMessages count=1
         1788689250.814  3954  3987 I MainActivity: onGatewayFrame: frame seq=1873 egoSpeed=6.9377975 pts=0 intervention=false warning=false braking=true lifecycle=released_verified_stop range=null bearing=null rss=15.959904
         1788689250.914  3954  3987 I AebsFrameSubscriber: onMessagesAvailable callback
         1788689250.914  3954  3987 I AebsFrameSubscriber: readNextMessages count=1
         1788689250.915  3954  3987 I MainActivity: onGatewayFrame: frame seq=1874 egoSpeed=6.9377975 pts=0 intervention=false warning=false braking=true lifecycle=released_verified_stop range=null bearing=null rss=15.959904
         1788689251.014  3954  3987 I AebsFrameSubscriber: onMessagesAvailable callback
         1788689251.014  3954  3987 I AebsFrameSubscriber: readNextMessages count=1
         1788689251.014  3954  3987 I MainActivity: onGatewayFrame: frame seq=1875 egoSpeed=6.9377975 pts=0 intervention=false warning=false braking=true lifecycle=released_verified_stop range=null bearing=null rss=15.959904
         1788689251.114  3954  3987 I AebsFrameSubscriber: onMessagesAvailable callback
         1788689251.114  3954  3987 I AebsFrameSubscriber: readNextMessages count=1
         1788689251.115  3954  3987 I MainActivity: onGatewayFrame: frame seq=1876 egoSpeed=6.9377975 pts=0 intervention=false warning=false braking=true lifecycle=released_verified_stop range=null bearing=null rss=15.959904
         1788689251.214  3954  3987 I AebsFrameSubscriber: onMessagesAvailable callback
         1788689251.214  3954  3987 I AebsFrameSubscriber: readNextMessages count=1
         1788689251.214  3954  3987 I MainActivity: onGatewayFrame: frame seq=1877 egoSpeed=6.9377975 pts=0 intervention=false warning=false braking=true lifecycle=released_verified_stop range=null bearing=null rss=15.959904
         1788689251.314  3954  3987 I AebsFrameSubscriber: onMessagesAvailable callback
         1788689251.314  3954  3987 I AebsFrameSubscriber: readNextMessages count=1
         1788689251.314  3954  3987 I MainActivity: onGatewayFrame: frame seq=1878 egoSpeed=6.9377975 pts=0 intervention=false warning=false braking=true lifecycle=released_verified_stop range=null bearing=null rss=15.959904
         1788689251.414  3954  3987 I AebsFrameSubscriber: onMessagesAvailable callback
         1788689251.414  3954  3987 I AebsFrameSubscriber: readNextMessages count=1
         1788689251.414  3954  3987 I MainActivity: onGatewayFrame: frame seq=1879 egoSpeed=6.9377975 pts=0 intervention=false warning=false braking=true lifecycle=released_verified_stop range=null bearing=null rss=15.959904
         1788689251.514  3954  3987 I AebsFrameSubscriber: onMessagesAvailable callback
         1788689251.514  3954  3987 I AebsFrameSubscriber: readNextMessages count=1
         1788689251.514  3954  3987 I MainActivity: onGatewayFrame: frame seq=1880 egoSpeed=6.9377975 pts=0 intervention=false warning=false braking=true lifecycle=released_verified_stop range=null bearing=null rss=15.959904
         1788689251.613  3954  3987 I AebsFrameSubscriber: onMessagesAvailable callback
         1788689251.614  3954  3987 I AebsFrameSubscriber: readNextMessages count=1
         1788689251.614  3954  3987 I MainActivity: onGatewayFrame: frame seq=1881 egoSpeed=6.9377975 pts=0 intervention=false warning=false braking=true lifecycle=released_verified_stop range=null bearing=null rss=15.959904
         1788689251.714  3954  3987 I AebsFrameSubscriber: onMessagesAvailable callback
         1788689251.714  3954  3987 I AebsFrameSubscriber: readNextMessages count=1
         1788689251.714  3954  3987 I MainActivity: onGatewayFrame: frame seq=1882 egoSpeed=6.9377975 pts=0 intervention=false warning=false braking=true lifecycle=released_verified_stop range=null bearing=null rss=15.959904
         1788689251.814  3954  3987 I AebsFrameSubscriber: onMessagesAvailable callback
         1788689251.814  3954  3987 I AebsFrameSubscriber: readNextMessages count=1
         1788689251.814  3954  3987 I MainActivity: onGatewayFrame: frame seq=1883 egoSpeed=6.9377975 pts=0 intervention=false warning=false braking=true lifecycle=released_verified_stop range=null bearing=null rss=15.959904
         1788689251.914  3954  3987 I AebsFrameSubscriber: onMessagesAvailable callback
         1788689251.914  3954  3987 I AebsFrameSubscriber: readNextMessages count=1
         1788689251.915  3954  3987 I MainActivity: onGatewayFrame: frame seq=1884 egoSpeed=6.9377975 pts=0 intervention=false warning=false braking=true lifecycle=released_verified_stop range=null bearing=null rss=15.959904
         1788689252.014  3954  3987 I AebsFrameSubscriber: onMessagesAvailable callback
         1788689252.014  3954  3987 I AebsFrameSubscriber: readNextMessages count=1
         1788689252.014  3954  3987 I MainActivity: onGatewayFrame: frame seq=1885 egoSpeed=6.9377975 pts=0 intervention=false warning=false braking=true lifecycle=released_verified_stop range=null bearing=null rss=15.959904
         1788689252.113  3954  3987 I AebsFrameSubscriber: onMessagesAvailable callback
         1788689252.114  3954  3987 I AebsFrameSubscriber: readNextMessages count=1
         1788689252.114  3954  3987 I MainActivity: onGatewayFrame: frame seq=1886 egoSpeed=6.9377975 pts=0 intervention=false warning=false braking=true lifecycle=released_verified_stop range=null bearing=null rss=15.959904
         1788689252.213  3954  3987 I AebsFrameSubscriber: onMessagesAvailable callback
         1788689252.214  3954  3987 I AebsFrameSubscriber: readNextMessages count=1
         1788689252.214  3954  3987 I MainActivity: onGatewayFrame: frame seq=1887 egoSpeed=6.9377975 pts=0 intervention=false warning=false braking=true lifecycle=released_verified_stop range=null bearing=null rss=15.959904
         1788689252.314  3954  3987 I AebsFrameSubscriber: onMessagesAvailable callback
         1788689252.314  3954  3987 I AebsFrameSubscriber: readNextMessages count=1
         1788689252.314  3954  3987 I MainActivity: onGatewayFrame: frame seq=1888 egoSpeed=6.9377975 pts=0 intervention=false warning=false braking=true lifecycle=released_verified_stop range=null bearing=null rss=15.959904
         1788689252.413  3954  3987 I AebsFrameSubscriber: onMessagesAvailable callback
         1788689252.414  3954  3987 I AebsFrameSubscriber: readNextMessages count=1
         1788689252.414  3954  3987 I MainActivity: onGatewayFrame: frame seq=1889 egoSpeed=6.9377975 pts=0 intervention=false warning=false braking=true lifecycle=released_verified_stop range=null bearing=null rss=15.959904
         1788689252.513  3954  3987 I AebsFrameSubscriber: onMessagesAvailable callback
         1788689252.514  3954  3987 I AebsFrameSubscriber: readNextMessages count=1
         1788689252.514  3954  3987 I MainActivity: onGatewayFrame: frame seq=1890 egoSpeed=6.9377975 pts=0 intervention=false warning=false braking=true lifecycle=released_verified_stop range=null bearing=null rss=15.959904
         1788689252.614  3954  3987 I AebsFrameSubscriber: onMessagesAvailable callback
         1788689252.614  3954  3987 I AebsFrameSubscriber: readNextMessages count=1
         1788689252.614  3954  3987 I MainActivity: onGatewayFrame: frame seq=1891 egoSpeed=6.9377975 pts=0 intervention=false warning=false braking=true lifecycle=released_verified_stop range=null bearing=null rss=15.959904
         1788689252.713  3954  3987 I AebsFrameSubscriber: onMessagesAvailable callback
         1788689252.714  3954  3987 I AebsFrameSubscriber: readNextMessages count=1
         1788689252.714  3954  3987 I MainActivity: onGatewayFrame: frame seq=1892 egoSpeed=6.9377975 pts=0 intervention=false warning=false braking=true lifecycle=released_verified_stop range=null bearing=null rss=15.959904
         1788689252.813  3954  3987 I AebsFrameSubscriber: onMessagesAvailable callback
         1788689252.814  3954  3987 I AebsFrameSubscriber: readNextMessages count=1
         1788689252.814  3954  3987 I MainActivity: onGatewayFrame: frame seq=1893 egoSpeed=6.9377975 pts=0 intervention=false warning=false braking=true lifecycle=released_verified_stop range=null bearing=null rss=15.959904
         1788689252.913  3954  3987 I AebsFrameSubscriber: onMessagesAvailable callback
         1788689252.914  3954  3987 I AebsFrameSubscriber: readNextMessages count=1
         1788689252.914  3954  3987 I MainActivity: onGatewayFrame: frame seq=1894 egoSpeed=6.9377975 pts=0 intervention=false warning=false braking=true lifecycle=released_verified_stop range=null bearing=null rss=15.959904
         1788689253.013  3954  3987 I AebsFrameSubscriber: onMessagesAvailable callback
         1788689253.014  3954  3987 I AebsFrameSubscriber: readNextMessages count=1
         1788689253.014  3954  3987 I MainActivity: onGatewayFrame: frame seq=1895 egoSpeed=6.9377975 pts=0 intervention=false warning=false braking=true lifecycle=released_verified_stop range=null bearing=null rss=15.959904
         1788689253.113  3954  3987 I AebsFrameSubscriber: onMessagesAvailable callback
         1788689253.114  3954  3987 I AebsFrameSubscriber: readNextMessages count=1
         1788689253.114  3954  3987 I MainActivity: onGatewayFrame: frame seq=1896 egoSpeed=6.9377975 pts=0 intervention=false warning=false braking=true lifecycle=released_verified_stop range=null bearing=null rss=15.959904
         1788689253.213  3954  3987 I AebsFrameSubscriber: onMessagesAvailable callback
         1788689253.214  3954  3987 I AebsFrameSubscriber: readNextMessages count=1
         1788689253.214  3954  3987 I MainActivity: onGatewayFrame: frame seq=1897 egoSpeed=6.9377975 pts=0 intervention=false warning=false braking=true lifecycle=released_verified_stop range=null bearing=null rss=15.959904
         1788689253.314  3954  3987 I AebsFrameSubscriber: onMessagesAvailable callback
         1788689253.314  3954  3987 I AebsFrameSubscriber: readNextMessages count=1
         1788689253.314  3954  3987 I MainActivity: onGatewayFrame: frame seq=1898 egoSpeed=6.9377975 pts=0 intervention=false warning=false braking=true lifecycle=released_verified_stop range=null bearing=null rss=15.959904
         1788689253.413  3954  3987 I AebsFrameSubscriber: onMessagesAvailable callback
         1788689253.414  3954  3987 I AebsFrameSubscriber: readNextMessages count=1
         1788689253.414  3954  3987 I MainActivity: onGatewayFrame: frame seq=1899 egoSpeed=6.9377975 pts=0 intervention=false warning=false braking=true lifecycle=released_verified_stop range=null bearing=null rss=15.959904
         1788689253.513  3954  3987 I AebsFrameSubscriber: onMessagesAvailable callback
         1788689253.514  3954  3987 I AebsFrameSubscriber: readNextMessages count=1
         1788689253.514  3954  3987 I MainActivity: onGatewayFrame: frame seq=1900 egoSpeed=6.9377975 pts=0 intervention=false warning=false braking=true lifecycle=released_verified_stop range=null bearing=null rss=15.959904
         1788689253.614  3954  3987 I AebsFrameSubscriber: onMessagesAvailable callback
         1788689253.614  3954  3987 I AebsFrameSubscriber: readNextMessages count=1
         1788689253.614  3954  3987 I MainActivity: onGatewayFrame: frame seq=1901 egoSpeed=6.9377975 pts=0 intervention=false warning=false braking=true lifecycle=released_verified_stop range=null bearing=null rss=15.959904
         1788689253.713  3954  3987 I AebsFrameSubscriber: onMessagesAvailable callback
         1788689253.714  3954  3987 I AebsFrameSubscriber: readNextMessages count=1
         1788689253.714  3954  3987 I MainActivity: onGatewayFrame: frame seq=1902 egoSpeed=6.9377975 pts=0 intervention=false warning=false braking=true lifecycle=released_verified_stop range=null bearing=null rss=15.959904
         1788689253.814  3954  3987 I AebsFrameSubscriber: onMessagesAvailable callback
         1788689253.814  3954  3987 I AebsFrameSubscriber: readNextMessages count=1
         1788689253.814  3954  3987 I MainActivity: onGatewayFrame: frame seq=1903 egoSpeed=6.9377975 pts=0 intervention=false warning=false braking=true lifecycle=released_verified_stop range=null bearing=null rss=15.959904
         1788689254.038  3954  3987 I AebsFrameSubscriber: readNextMessages count=2
         1788689254.039  3954  3987 I MainActivity: onGatewayFrame: frame seq=1904 egoSpeed=6.9377975 pts=0 intervention=false warning=false braking=true lifecycle=released_verified_stop range=null bearing=null rss=15.959904
         1788689254.039  3954  3987 I MainActivity: onGatewayFrame: frame seq=1905 egoSpeed=6.9377975 pts=0 intervention=false warning=false braking=true lifecycle=released_verified_stop range=null bearing=null rss=15.959904
         1788689254.039  3954  3987 I AebsFrameSubscriber: onMessagesAvailable callback
         1788689254.039  3954  3987 I AebsFrameSubscriber: onMessagesAvailable callback
         1788689254.113  3954  3987 I AebsFrameSubscriber: onMessagesAvailable callback
         1788689254.114  3954  3987 I AebsFrameSubscriber: readNextMessages count=1
         1788689254.114  3954  3987 I MainActivity: onGatewayFrame: frame seq=1906 egoSpeed=6.9377975 pts=0 intervention=false warning=false braking=true lifecycle=released_verified_stop range=null bearing=null rss=15.959904
         1788689254.213  3954  3987 I AebsFrameSubscriber: onMessagesAvailable callback
         1788689254.214  3954  3987 I AebsFrameSubscriber: readNextMessages count=1
         1788689254.214  3954  3987 I MainActivity: onGatewayFrame: frame seq=1907 egoSpeed=6.9377975 pts=0 intervention=false warning=false braking=true lifecycle=released_verified_stop range=null bearing=null rss=15.959904
         1788689254.314  3954  3987 I AebsFrameSubscriber: onMessagesAvailable callback
         1788689254.314  3954  3987 I AebsFrameSubscriber: readNextMessages count=1
         1788689254.314  3954  3987 I MainActivity: onGatewayFrame: frame seq=1908 egoSpeed=6.9377975 pts=0 intervention=false warning=false braking=true lifecycle=released_verified_stop range=null bearing=null rss=15.959904
         1788689254.414  3954  3987 I AebsFrameSubscriber: onMessagesAvailable callback
         1788689254.414  3954  3987 I AebsFrameSubscriber: readNextMessages count=1
         1788689254.414  3954  3987 I MainActivity: onGatewayFrame: frame seq=1909 egoSpeed=6.9377975 pts=0 intervention=false warning=false braking=true lifecycle=released_verified_stop range=null bearing=null rss=15.959904
         1788689254.513  3954  3987 I AebsFrameSubscriber: onMessagesAvailable callback
         1788689254.514  3954  3987 I AebsFrameSubscriber: readNextMessages count=1
         1788689254.514  3954  3987 I MainActivity: onGatewayFrame: frame seq=1910 egoSpeed=6.9377975 pts=0 intervention=false warning=false braking=true lifecycle=released_verified_stop range=null bearing=null rss=15.959904
         1788689254.613  3954  3987 I AebsFrameSubscriber: onMessagesAvailable callback
         1788689254.614  3954  3987 I AebsFrameSubscriber: readNextMessages count=1
         1788689254.614  3954  3987 I MainActivity: onGatewayFrame: frame seq=1911 egoSpeed=6.9377975 pts=0 intervention=false warning=false braking=true lifecycle=released_verified_stop range=null bearing=null rss=15.959904
         1788689254.713  3954  3987 I AebsFrameSubscriber: onMessagesAvailable callback
         1788689254.714  3954  3987 I AebsFrameSubscriber: readNextMessages count=1
         1788689254.714  3954  3987 I MainActivity: onGatewayFrame: frame seq=1912 egoSpeed=6.9377975 pts=0 intervention=false warning=false braking=true lifecycle=released_verified_stop range=null bearing=null rss=15.959904
         1788689254.813  3954  3987 I AebsFrameSubscriber: onMessagesAvailable callback
         1788689254.814  3954  3987 I AebsFrameSubscriber: readNextMessages count=1
         1788689254.814  3954  3987 I MainActivity: onGatewayFrame: frame seq=1913 egoSpeed=6.9377975 pts=0 intervention=false warning=false braking=true lifecycle=released_verified_stop range=null bearing=null rss=15.959904
         1788689254.913  3954  3987 I AebsFrameSubscriber: onMessagesAvailable callback
         1788689254.914  3954  3987 I AebsFrameSubscriber: readNextMessages count=1
         1788689254.914  3954  3987 I MainActivity: onGatewayFrame: frame seq=1914 egoSpeed=6.9377975 pts=0 intervention=false warning=false braking=true lifecycle=released_verified_stop range=null bearing=null rss=15.959904
         1788689255.013  3954  3987 I AebsFrameSubscriber: onMessagesAvailable callback
         1788689255.014  3954  3987 I AebsFrameSubscriber: readNextMessages count=1
         1788689255.014  3954  3987 I MainActivity: onGatewayFrame: frame seq=1915 egoSpeed=6.9377975 pts=0 intervention=false warning=false braking=true lifecycle=released_verified_stop range=null bearing=null rss=15.959904
         1788689255.113  3954  3987 I AebsFrameSubscriber: onMessagesAvailable callback
         1788689255.114  3954  3987 I AebsFrameSubscriber: readNextMessages count=1
         1788689255.114  3954  3987 I MainActivity: onGatewayFrame: frame seq=1916 egoSpeed=6.9377975 pts=0 intervention=false warning=false braking=true lifecycle=released_verified_stop range=null bearing=null rss=15.959904
         1788689255.213  3954  3987 I AebsFrameSubscriber: onMessagesAvailable callback
         1788689255.214  3954  3987 I AebsFrameSubscriber: readNextMessages count=1
         1788689255.214  3954  3987 I MainActivity: onGatewayFrame: frame seq=1917 egoSpeed=6.9377975 pts=0 intervention=false warning=false braking=true lifecycle=released_verified_stop range=null bearing=null rss=15.959904
         1788689255.313  3954  3987 I AebsFrameSubscriber: onMessagesAvailable callback
         1788689255.314  3954  3987 I AebsFrameSubscriber: readNextMessages count=1
         1788689255.314  3954  3987 I MainActivity: onGatewayFrame: frame seq=1918 egoSpeed=6.9377975 pts=0 intervention=false warning=false braking=true lifecycle=released_verified_stop range=null bearing=null rss=15.959904
         1788689255.413  3954  3987 I AebsFrameSubscriber: onMessagesAvailable callback
         1788689255.414  3954  3987 I AebsFrameSubscriber: readNextMessages count=1
         1788689255.414  3954  3987 I MainActivity: onGatewayFrame: frame seq=1919 egoSpeed=6.9377975 pts=0 intervention=false warning=false braking=true lifecycle=released_verified_stop range=null bearing=null rss=15.959904
         1788689255.513  3954  3987 I AebsFrameSubscriber: onMessagesAvailable callback
         1788689255.514  3954  3987 I AebsFrameSubscriber: readNextMessages count=1
         1788689255.514  3954  3987 I MainActivity: onGatewayFrame: frame seq=1920 egoSpeed=6.9377975 pts=0 intervention=false warning=false braking=true lifecycle=released_verified_stop range=null bearing=null rss=15.959904
         1788689255.613  3954  3987 I AebsFrameSubscriber: onMessagesAvailable callback
         1788689255.614  3954  3987 I AebsFrameSubscriber: readNextMessages count=1
         1788689255.614  3954  3987 I MainActivity: onGatewayFrame: frame seq=1921 egoSpeed=6.9377975 pts=0 intervention=false warning=false braking=true lifecycle=released_verified_stop range=null bearing=null rss=15.959904
         1788689255.713  3954  3987 I AebsFrameSubscriber: onMessagesAvailable callback
         1788689255.714  3954  3987 I AebsFrameSubscriber: readNextMessages count=1
         1788689255.714  3954  3987 I MainActivity: onGatewayFrame: frame seq=1922 egoSpeed=6.9377975 pts=0 intervention=false warning=false braking=true lifecycle=released_verified_stop range=null bearing=null rss=15.959904
         1788689255.813  3954  3987 I AebsFrameSubscriber: onMessagesAvailable callback
         1788689255.813  3954  3987 I AebsFrameSubscriber: readNextMessages count=1
         1788689255.814  3954  3987 I MainActivity: onGatewayFrame: frame seq=1923 egoSpeed=6.9377975 pts=0 intervention=false warning=false braking=true lifecycle=released_verified_stop range=null bearing=null rss=15.959904
         1788689255.913  3954  3987 I AebsFrameSubscriber: onMessagesAvailable callback
         1788689255.914  3954  3987 I AebsFrameSubscriber: readNextMessages count=1
         1788689255.914  3954  3987 I MainActivity: onGatewayFrame: frame seq=1924 egoSpeed=6.9377975 pts=0 intervention=false warning=false braking=true lifecycle=released_verified_stop range=null bearing=null rss=15.959904
         1788689256.013  3954  3987 I AebsFrameSubscriber: onMessagesAvailable callback
         1788689256.013  3954  3987 I AebsFrameSubscriber: readNextMessages count=1
         1788689256.014  3954  3987 I MainActivity: onGatewayFrame: frame seq=1925 egoSpeed=6.9377975 pts=0 intervention=false warning=false braking=true lifecycle=released_verified_stop range=null bearing=null rss=15.959904
         1788689256.113  3954  3987 I AebsFrameSubscriber: onMessagesAvailable callback
         1788689256.114  3954  3987 I AebsFrameSubscriber: readNextMessages count=1
         1788689256.114  3954  3987 I MainActivity: onGatewayFrame: frame seq=1926 egoSpeed=6.9377975 pts=0 intervention=false warning=false braking=true lifecycle=released_verified_stop range=null bearing=null rss=15.959904
         1788689256.213  3954  3987 I AebsFrameSubscriber: onMessagesAvailable callback
         1788689256.213  3954  3987 I AebsFrameSubscriber: readNextMessages count=1
         1788689256.213  3954  3987 I MainActivity: onGatewayFrame: frame seq=1927 egoSpeed=6.9377975 pts=0 intervention=false warning=false braking=true lifecycle=released_verified_stop range=null bearing=null rss=15.959904
         1788689256.313  3954  3987 I AebsFrameSubscriber: onMessagesAvailable callback
         1788689256.313  3954  3987 I AebsFrameSubscriber: readNextMessages count=1
         1788689256.313  3954  3987 I MainActivity: onGatewayFrame: frame seq=1928 egoSpeed=6.9377975 pts=0 intervention=false warning=false braking=true lifecycle=released_verified_stop range=null bearing=null rss=15.959904
         1788689256.413  3954  3987 I AebsFrameSubscriber: onMessagesAvailable callback
         1788689256.413  3954  3987 I AebsFrameSubscriber: readNextMessages count=1
         1788689256.413  3954  3987 I MainActivity: onGatewayFrame: frame seq=1929 egoSpeed=6.9377975 pts=0 intervention=false warning=false braking=true lifecycle=released_verified_stop range=null bearing=null rss=15.959904
         1788689256.513  3954  3987 I AebsFrameSubscriber: onMessagesAvailable callback
         1788689256.513  3954  3987 I AebsFrameSubscriber: readNextMessages count=1
         1788689256.513  3954  3987 I MainActivity: onGatewayFrame: frame seq=1930 egoSpeed=6.9377975 pts=0 intervention=false warning=false braking=true lifecycle=released_verified_stop range=null bearing=null rss=15.959904
         1788689256.613  3954  3987 I AebsFrameSubscriber: onMessagesAvailable callback
         1788689256.613  3954  3987 I AebsFrameSubscriber: readNextMessages count=1
         1788689256.613  3954  3987 I MainActivity: onGatewayFrame: frame seq=1931 egoSpeed=6.9377975 pts=0 intervention=false warning=false braking=true lifecycle=released_verified_stop range=null bearing=null rss=15.959904
         1788689256.713  3954  3987 I AebsFrameSubscriber: onMessagesAvailable callback
         1788689256.714  3954  3987 I AebsFrameSubscriber: readNextMessages count=1
         1788689256.714  3954  3987 I MainActivity: onGatewayFrame: frame seq=1932 egoSpeed=6.9377975 pts=0 intervention=false warning=false braking=true lifecycle=released_verified_stop range=null bearing=null rss=15.959904
         1788689256.813  3954  3987 I AebsFrameSubscriber: onMessagesAvailable callback
         1788689256.814  3954  3987 I AebsFrameSubscriber: readNextMessages count=1
         1788689256.814  3954  3987 I MainActivity: onGatewayFrame: frame seq=1933 egoSpeed=6.9377975 pts=0 intervention=false warning=false braking=true lifecycle=released_verified_stop range=null bearing=null rss=15.959904
         1788689256.913  3954  3987 I AebsFrameSubscriber: onMessagesAvailable callback
         1788689256.914  3954  3987 I AebsFrameSubscriber: readNextMessages count=1
         1788689256.914  3954  3987 I MainActivity: onGatewayFrame: frame seq=1934 egoSpeed=6.9377975 pts=0 intervention=false warning=false braking=true lifecycle=released_verified_stop range=null bearing=null rss=15.959904
         1788689257.013  3954  3987 I AebsFrameSubscriber: onMessagesAvailable callback
         1788689257.014  3954  3987 I AebsFrameSubscriber: readNextMessages count=1
         1788689257.014  3954  3987 I MainActivity: onGatewayFrame: frame seq=1935 egoSpeed=6.9377975 pts=0 intervention=false warning=false braking=true lifecycle=released_verified_stop range=null bearing=null rss=15.959904
         1788689257.113  3954  3987 I AebsFrameSubscriber: onMessagesAvailable callback
         1788689257.113  3954  3987 I AebsFrameSubscriber: readNextMessages count=1
         1788689257.113  3954  3987 I MainActivity: onGatewayFrame: frame seq=1936 egoSpeed=6.9377975 pts=0 intervention=false warning=false braking=true lifecycle=released_verified_stop range=null bearing=null rss=15.959904
         1788689257.213  3954  3987 I AebsFrameSubscriber: onMessagesAvailable callback
         1788689257.213  3954  3987 I AebsFrameSubscriber: readNextMessages count=1
         1788689257.213  3954  3987 I MainActivity: onGatewayFrame: frame seq=1937 egoSpeed=6.9377975 pts=0 intervention=false warning=false braking=true lifecycle=released_verified_stop range=null bearing=null rss=15.959904
         1788689257.313  3954  3987 I AebsFrameSubscriber: onMessagesAvailable callback
         1788689257.313  3954  3987 I AebsFrameSubscriber: readNextMessages count=1
         1788689257.313  3954  3987 I MainActivity: onGatewayFrame: frame seq=1938 egoSpeed=6.9377975 pts=0 intervention=false warning=false braking=true lifecycle=released_verified_stop range=null bearing=null rss=15.959904
         1788689257.413  3954  3987 I AebsFrameSubscriber: onMessagesAvailable callback
         1788689257.413  3954  3987 I AebsFrameSubscriber: readNextMessages count=1
         1788689257.413  3954  3987 I MainActivity: onGatewayFrame: frame seq=1939 egoSpeed=6.9377975 pts=0 intervention=false warning=false braking=true lifecycle=released_verified_stop range=null bearing=null rss=15.959904
         1788689257.513  3954  3987 I AebsFrameSubscriber: onMessagesAvailable callback
         1788689257.513  3954  3987 I AebsFrameSubscriber: readNextMessages count=1
         1788689257.514  3954  3987 I MainActivity: onGatewayFrame: frame seq=1940 egoSpeed=6.9377975 pts=0 intervention=false warning=false braking=true lifecycle=released_verified_stop range=null bearing=null rss=15.959904
         1788689257.613  3954  3987 I AebsFrameSubscriber: onMessagesAvailable callback
         1788689257.614  3954  3987 I AebsFrameSubscriber: readNextMessages count=1
         1788689257.614  3954  3987 I MainActivity: onGatewayFrame: frame seq=1941 egoSpeed=6.9377975 pts=0 intervention=false warning=false braking=true lifecycle=released_verified_stop range=null bearing=null rss=15.959904
         1788689257.713  3954  3987 I AebsFrameSubscriber: onMessagesAvailable callback
         1788689257.714  3954  3987 I AebsFrameSubscriber: readNextMessages count=1
         1788689257.714  3954  3987 I MainActivity: onGatewayFrame: frame seq=1942 egoSpeed=6.9377975 pts=0 intervention=false warning=false braking=true lifecycle=released_verified_stop range=null bearing=null rss=15.959904
         1788689257.813  3954  3987 I AebsFrameSubscriber: onMessagesAvailable callback
         1788689257.814  3954  3987 I AebsFrameSubscriber: readNextMessages count=1
         1788689257.814  3954  3987 I MainActivity: onGatewayFrame: frame seq=1943 egoSpeed=6.9377975 pts=0 intervention=false warning=false braking=true lifecycle=released_verified_stop range=null bearing=null rss=15.959904
         1788689257.913  3954  3987 I AebsFrameSubscriber: onMessagesAvailable callback
         1788689257.913  3954  3987 I AebsFrameSubscriber: readNextMessages count=1
         1788689257.914  3954  3987 I MainActivity: onGatewayFrame: frame seq=1944 egoSpeed=6.9377975 pts=0 intervention=false warning=false braking=true lifecycle=released_verified_stop range=null bearing=null rss=15.959904
         1788689258.032  3954  3987 I AebsFrameSubscriber: readNextMessages count=1
         1788689258.032  3954  3987 I MainActivity: onGatewayFrame: frame seq=1945 egoSpeed=6.9377975 pts=0 intervention=false warning=false braking=true lifecycle=released_verified_stop range=null bearing=null rss=15.959904
         1788689258.032  3954  3987 I AebsFrameSubscriber: onMessagesAvailable callback
         1788689258.113  3954  3987 I AebsFrameSubscriber: onMessagesAvailable callback
         1788689258.113  3954  3987 I AebsFrameSubscriber: readNextMessages count=1
         1788689258.113  3954  3987 I MainActivity: onGatewayFrame: frame seq=1946 egoSpeed=6.9377975 pts=0 intervention=false warning=false braking=true lifecycle=released_verified_stop range=null bearing=null rss=15.959904
         1788689258.213  3954  3987 I AebsFrameSubscriber: onMessagesAvailable callback
         1788689258.214  3954  3987 I AebsFrameSubscriber: readNextMessages count=1
         1788689258.214  3954  3987 I MainActivity: onGatewayFrame: frame seq=1947 egoSpeed=6.9377975 pts=0 intervention=false warning=false braking=true lifecycle=released_verified_stop range=null bearing=null rss=15.959904
         1788689258.313  3954  3987 I AebsFrameSubscriber: onMessagesAvailable callback
         1788689258.313  3954  3987 I AebsFrameSubscriber: readNextMessages count=1
         1788689258.313  3954  3987 I MainActivity: onGatewayFrame: frame seq=1948 egoSpeed=6.9377975 pts=0 intervention=false warning=false braking=true lifecycle=released_verified_stop range=null bearing=null rss=15.959904
         1788689258.413  3954  3987 I AebsFrameSubscriber: onMessagesAvailable callback
         1788689258.413  3954  3987 I AebsFrameSubscriber: readNextMessages count=1
         1788689258.414  3954  3987 I MainActivity: onGatewayFrame: frame seq=1949 egoSpeed=6.9377975 pts=0 intervention=false warning=false braking=true lifecycle=released_verified_stop range=null bearing=null rss=15.959904
         1788689258.513  3954  3987 I AebsFrameSubscriber: onMessagesAvailable callback
         1788689258.513  3954  3987 I AebsFrameSubscriber: readNextMessages count=1
         1788689258.513  3954  3987 I MainActivity: onGatewayFrame: frame seq=1950 egoSpeed=6.9377975 pts=0 intervention=false warning=false braking=true lifecycle=released_verified_stop range=null bearing=null rss=15.959904
         1788689258.613  3954  3987 I AebsFrameSubscriber: onMessagesAvailable callback
         1788689258.613  3954  3987 I AebsFrameSubscriber: readNextMessages count=1
         1788689258.613  3954  3987 I MainActivity: onGatewayFrame: frame seq=1951 egoSpeed=6.9377975 pts=0 intervention=false warning=false braking=true lifecycle=released_verified_stop range=null bearing=null rss=15.959904
         1788689258.713  3954  3987 I AebsFrameSubscriber: onMessagesAvailable callback
         1788689258.713  3954  3987 I AebsFrameSubscriber: readNextMessages count=1
         1788689258.713  3954  3987 I MainActivity: onGatewayFrame: frame seq=1952 egoSpeed=6.9377975 pts=0 intervention=false warning=false braking=true lifecycle=released_verified_stop range=null bearing=null rss=15.959904
         1788689258.813  3954  3987 I AebsFrameSubscriber: onMessagesAvailable callback
         1788689258.813  3954  3987 I AebsFrameSubscriber: readNextMessages count=1
         1788689258.814  3954  3987 I MainActivity: onGatewayFrame: frame seq=1953 egoSpeed=6.9377975 pts=0 intervention=false warning=false braking=true lifecycle=released_verified_stop range=null bearing=null rss=15.959904
         1788689258.913  3954  3987 I AebsFrameSubscriber: onMessagesAvailable callback
         1788689258.913  3954  3987 I AebsFrameSubscriber: readNextMessages count=1
         1788689258.913  3954  3987 I MainActivity: onGatewayFrame: frame seq=1954 egoSpeed=6.9377975 pts=0 intervention=false warning=false braking=true lifecycle=released_verified_stop range=null bearing=null rss=15.959904
         1788689259.013  3954  3987 I AebsFrameSubscriber: onMessagesAvailable callback
         1788689259.013  3954  3987 I AebsFrameSubscriber: readNextMessages count=1
         1788689259.013  3954  3987 I MainActivity: onGatewayFrame: frame seq=1955 egoSpeed=6.9377975 pts=0 intervention=false warning=false braking=true lifecycle=released_verified_stop range=null bearing=null rss=15.959904
         1788689259.113  3954  3987 I AebsFrameSubscriber: onMessagesAvailable callback
         1788689259.113  3954  3987 I AebsFrameSubscriber: readNextMessages count=1
         1788689259.113  3954  3987 I MainActivity: onGatewayFrame: frame seq=1956 egoSpeed=6.9377975 pts=0 intervention=false warning=false braking=true lifecycle=released_verified_stop range=null bearing=null rss=15.959904
         1788689259.213  3954  3987 I AebsFrameSubscriber: onMessagesAvailable callback
         1788689259.213  3954  3987 I AebsFrameSubscriber: readNextMessages count=1
         1788689259.213  3954  3987 I MainActivity: onGatewayFrame: frame seq=1957 egoSpeed=6.9377975 pts=0 intervention=false warning=false braking=true lifecycle=released_verified_stop range=null bearing=null rss=15.959904
         1788689259.313  3954  3987 I AebsFrameSubscriber: onMessagesAvailable callback
         1788689259.313  3954  3987 I AebsFrameSubscriber: readNextMessages count=1
         1788689259.313  3954  3987 I MainActivity: onGatewayFrame: frame seq=1958 egoSpeed=6.9377975 pts=0 intervention=false warning=false braking=true lifecycle=released_verified_stop range=null bearing=null rss=15.959904
         1788689259.413  3954  3987 I AebsFrameSubscriber: onMessagesAvailable callback
         1788689259.413  3954  3987 I AebsFrameSubscriber: readNextMessages count=1
         1788689259.413  3954  3987 I MainActivity: onGatewayFrame: frame seq=1959 egoSpeed=6.9377975 pts=0 intervention=false warning=false braking=true lifecycle=released_verified_stop range=null bearing=null rss=15.959904
         1788689259.513  3954  3987 I AebsFrameSubscriber: onMessagesAvailable callback
         1788689259.513  3954  3987 I AebsFrameSubscriber: readNextMessages count=1
         1788689259.513  3954  3987 I MainActivity: onGatewayFrame: frame seq=1960 egoSpeed=6.9377975 pts=0 intervention=false warning=false braking=true lifecycle=released_verified_stop range=null bearing=null rss=15.959904
         1788689259.613  3954  3987 I AebsFrameSubscriber: onMessagesAvailable callback
         1788689259.613  3954  3987 I AebsFrameSubscriber: readNextMessages count=1
         1788689259.613  3954  3987 I MainActivity: onGatewayFrame: frame seq=1961 egoSpeed=6.9377975 pts=0 intervention=false warning=false braking=true lifecycle=released_verified_stop range=null bearing=null rss=15.959904
         1788689259.713  3954  3987 I AebsFrameSubscriber: onMessagesAvailable callback
         1788689259.713  3954  3987 I AebsFrameSubscriber: readNextMessages count=1
         1788689259.713  3954  3987 I MainActivity: onGatewayFrame: frame seq=1962 egoSpeed=6.9377975 pts=0 intervention=false warning=false braking=true lifecycle=released_verified_stop range=null bearing=null rss=15.959904
         1788689259.813  3954  3987 I AebsFrameSubscriber: onMessagesAvailable callback
         1788689259.813  3954  3987 I AebsFrameSubscriber: readNextMessages count=1
         1788689259.813  3954  3987 I MainActivity: onGatewayFrame: frame seq=1963 egoSpeed=6.9377975 pts=0 intervention=false warning=false braking=true lifecycle=released_verified_stop range=null bearing=null rss=15.959904
         1788689259.913  3954  3987 I AebsFrameSubscriber: onMessagesAvailable callback
         1788689259.913  3954  3987 I AebsFrameSubscriber: readNextMessages count=1
         1788689259.913  3954  3987 I MainActivity: onGatewayFrame: frame seq=1964 egoSpeed=6.9377975 pts=0 intervention=false warning=false braking=true lifecycle=released_verified_stop range=null bearing=null rss=15.959904
         1788689260.013  3954  3987 I AebsFrameSubscriber: onMessagesAvailable callback
         1788689260.013  3954  3987 I AebsFrameSubscriber: readNextMessages count=1
         1788689260.013  3954  3987 I MainActivity: onGatewayFrame: frame seq=1965 egoSpeed=6.9377975 pts=0 intervention=false warning=false braking=true lifecycle=released_verified_stop range=null bearing=null rss=15.959904
         1788689260.113  3954  3987 I AebsFrameSubscriber: onMessagesAvailable callback
         1788689260.113  3954  3987 I AebsFrameSubscriber: readNextMessages count=1
         1788689260.113  3954  3987 I MainActivity: onGatewayFrame: frame seq=1966 egoSpeed=6.9377975 pts=0 intervention=false warning=false braking=true lifecycle=released_verified_stop range=null bearing=null rss=15.959904
         1788689260.213  3954  3987 I AebsFrameSubscriber: onMessagesAvailable callback
         1788689260.213  3954  3987 I AebsFrameSubscriber: readNextMessages count=1
         1788689260.213  3954  3987 I MainActivity: onGatewayFrame: frame seq=1967 egoSpeed=6.9377975 pts=0 intervention=false warning=false braking=true lifecycle=released_verified_stop range=null bearing=null rss=15.959904
         1788689260.313  3954  3987 I AebsFrameSubscriber: onMessagesAvailable callback
         1788689260.313  3954  3987 I AebsFrameSubscriber: readNextMessages count=1
         1788689260.313  3954  3987 I MainActivity: onGatewayFrame: frame seq=1968 egoSpeed=6.9377975 pts=0 intervention=false warning=false braking=true lifecycle=released_verified_stop range=null bearing=null rss=15.959904
         1788689260.413  3954  3987 I AebsFrameSubscriber: onMessagesAvailable callback
         1788689260.413  3954  3987 I AebsFrameSubscriber: readNextMessages count=1
         1788689260.413  3954  3987 I MainActivity: onGatewayFrame: frame seq=1969 egoSpeed=6.9377975 pts=0 intervention=false warning=false braking=true lifecycle=released_verified_stop range=null bearing=null rss=15.959904
         1788689260.513  3954  3987 I AebsFrameSubscriber: onMessagesAvailable callback
         1788689260.513  3954  3987 I AebsFrameSubscriber: readNextMessages count=1
         1788689260.513  3954  3987 I MainActivity: onGatewayFrame: frame seq=1970 egoSpeed=6.9377975 pts=0 intervention=false warning=false braking=true lifecycle=released_verified_stop range=null bearing=null rss=15.959904
         1788689260.613  3954  3987 I AebsFrameSubscriber: onMessagesAvailable callback
         1788689260.613  3954  3987 I AebsFrameSubscriber: readNextMessages count=1
         1788689260.613  3954  3987 I MainActivity: onGatewayFrame: frame seq=1971 egoSpeed=6.9377975 pts=0 intervention=false warning=false braking=true lifecycle=released_verified_stop range=null bearing=null rss=15.959904
         1788689260.713  3954  3987 I AebsFrameSubscriber: onMessagesAvailable callback
         1788689260.713  3954  3987 I AebsFrameSubscriber: readNextMessages count=1
         1788689260.713  3954  3987 I MainActivity: onGatewayFrame: frame seq=1972 egoSpeed=6.9377975 pts=0 intervention=false warning=false braking=true lifecycle=released_verified_stop range=null bearing=null rss=15.959904
         1788689260.813  3954  3987 I AebsFrameSubscriber: onMessagesAvailable callback
         1788689260.813  3954  3987 I AebsFrameSubscriber: readNextMessages count=1
         1788689260.813  3954  3987 I MainActivity: onGatewayFrame: frame seq=1973 egoSpeed=6.9377975 pts=0 intervention=false warning=false braking=true lifecycle=released_verified_stop range=null bearing=null rss=15.959904
         1788689260.913  3954  3987 I AebsFrameSubscriber: onMessagesAvailable callback
         1788689260.913  3954  3987 I AebsFrameSubscriber: readNextMessages count=1
         1788689260.913  3954  3987 I MainActivity: onGatewayFrame: frame seq=1974 egoSpeed=6.9377975 pts=0 intervention=false warning=false braking=true lifecycle=released_verified_stop range=null bearing=null rss=15.959904
         1788689261.013  3954  3987 I AebsFrameSubscriber: onMessagesAvailable callback
         1788689261.013  3954  3987 I AebsFrameSubscriber: readNextMessages count=1
         1788689261.013  3954  3987 I MainActivity: onGatewayFrame: frame seq=1975 egoSpeed=6.9377975 pts=0 intervention=false warning=false braking=true lifecycle=released_verified_stop range=null bearing=null rss=15.959904
         1788689261.113  3954  3987 I AebsFrameSubscriber: onMessagesAvailable callback
         1788689261.113  3954  3987 I AebsFrameSubscriber: readNextMessages count=1
         1788689261.113  3954  3987 I MainActivity: onGatewayFrame: frame seq=1976 egoSpeed=6.9377975 pts=0 intervention=false warning=false braking=true lifecycle=released_verified_stop range=null bearing=null rss=15.959904
         1788689261.213  3954  3987 I AebsFrameSubscriber: onMessagesAvailable callback
         1788689261.213  3954  3987 I AebsFrameSubscriber: readNextMessages count=1
         1788689261.213  3954  3987 I MainActivity: onGatewayFrame: frame seq=1977 egoSpeed=6.9377975 pts=0 intervention=false warning=false braking=true lifecycle=released_verified_stop range=null bearing=null rss=15.959904
         1788689261.313  3954  3987 I AebsFrameSubscriber: onMessagesAvailable callback
         1788689261.313  3954  3987 I AebsFrameSubscriber: readNextMessages count=1
         1788689261.313  3954  3987 I MainActivity: onGatewayFrame: frame seq=1978 egoSpeed=6.9377975 pts=0 intervention=false warning=false braking=true lifecycle=released_verified_stop range=null bearing=null rss=15.959904
         1788689261.413  3954  3987 I AebsFrameSubscriber: onMessagesAvailable callback
         1788689261.413  3954  3987 I AebsFrameSubscriber: readNextMessages count=1
         1788689261.413  3954  3987 I MainActivity: onGatewayFrame: frame seq=1979 egoSpeed=6.9377975 pts=0 intervention=false warning=false braking=true lifecycle=released_verified_stop range=null bearing=null rss=15.959904
         1788689261.513  3954  3987 I AebsFrameSubscriber: onMessagesAvailable callback
         1788689261.513  3954  3987 I AebsFrameSubscriber: readNextMessages count=1
         1788689261.513  3954  3987 I MainActivity: onGatewayFrame: frame seq=1980 egoSpeed=6.9377975 pts=0 intervention=false warning=false braking=true lifecycle=released_verified_stop range=null bearing=null rss=15.959904
         1788689261.613  3954  3987 I AebsFrameSubscriber: onMessagesAvailable callback
         1788689261.613  3954  3987 I AebsFrameSubscriber: readNextMessages count=1
         1788689261.613  3954  3987 I MainActivity: onGatewayFrame: frame seq=1981 egoSpeed=6.9377975 pts=0 intervention=false warning=false braking=true lifecycle=released_verified_stop range=null bearing=null rss=15.959904
         1788689261.713  3954  3987 I AebsFrameSubscriber: onMessagesAvailable callback
         1788689261.713  3954  3987 I AebsFrameSubscriber: readNextMessages count=1
         1788689261.713  3954  3987 I MainActivity: onGatewayFrame: frame seq=1982 egoSpeed=6.9377975 pts=0 intervention=false warning=false braking=true lifecycle=released_verified_stop range=null bearing=null rss=15.959904
         1788689261.813  3954  3987 I AebsFrameSubscriber: onMessagesAvailable callback
         1788689261.813  3954  3987 I AebsFrameSubscriber: readNextMessages count=1
         1788689261.814  3954  3987 I MainActivity: onGatewayFrame: frame seq=1983 egoSpeed=6.9377975 pts=0 intervention=false warning=false braking=true lifecycle=released_verified_stop range=null bearing=null rss=15.959904
         1788689261.937  3954  3987 I AebsFrameSubscriber: readNextMessages count=1
         1788689261.937  3954  3987 I MainActivity: onGatewayFrame: frame seq=1984 egoSpeed=6.9377975 pts=0 intervention=false warning=false braking=true lifecycle=released_verified_stop range=null bearing=null rss=15.959904
         1788689261.937  3954  3987 I AebsFrameSubscriber: onMessagesAvailable callback
         1788689262.013  3954  3987 I AebsFrameSubscriber: onMessagesAvailable callback
         1788689262.013  3954  3987 I AebsFrameSubscriber: readNextMessages count=1
         1788689262.013  3954  3987 I MainActivity: onGatewayFrame: frame seq=1985 egoSpeed=6.9377975 pts=0 intervention=false warning=false braking=true lifecycle=released_verified_stop range=null bearing=null rss=15.959904
         1788689262.112  3954  3987 I AebsFrameSubscriber: onMessagesAvailable callback
         1788689262.113  3954  3987 I AebsFrameSubscriber: readNextMessages count=1
         1788689262.113  3954  3987 I MainActivity: onGatewayFrame: frame seq=1986 egoSpeed=6.9377975 pts=0 intervention=false warning=false braking=true lifecycle=released_verified_stop range=null bearing=null rss=15.959904
         1788689262.212  3954  3987 I AebsFrameSubscriber: onMessagesAvailable callback
         1788689262.213  3954  3987 I AebsFrameSubscriber: readNextMessages count=1
         1788689262.213  3954  3987 I MainActivity: onGatewayFrame: frame seq=1987 egoSpeed=6.9377975 pts=0 intervention=false warning=false braking=true lifecycle=released_verified_stop range=null bearing=null rss=15.959904
         1788689262.312  3954  3987 I AebsFrameSubscriber: onMessagesAvailable callback
         1788689262.313  3954  3987 I AebsFrameSubscriber: readNextMessages count=1
         1788689262.313  3954  3987 I MainActivity: onGatewayFrame: frame seq=1988 egoSpeed=6.9377975 pts=0 intervention=false warning=false braking=true lifecycle=released_verified_stop range=null bearing=null rss=15.959904
         1788689262.412  3954  3987 I AebsFrameSubscriber: onMessagesAvailable callback
         1788689262.413  3954  3987 I AebsFrameSubscriber: readNextMessages count=1
         1788689262.413  3954  3987 I MainActivity: onGatewayFrame: frame seq=1989 egoSpeed=6.9377975 pts=0 intervention=false warning=false braking=true lifecycle=released_verified_stop range=null bearing=null rss=15.959904
         1788689262.513  3954  3987 I AebsFrameSubscriber: onMessagesAvailable callback
         1788689262.513  3954  3987 I AebsFrameSubscriber: readNextMessages count=1
         1788689262.513  3954  3987 I MainActivity: onGatewayFrame: frame seq=1990 egoSpeed=6.9377975 pts=0 intervention=false warning=false braking=true lifecycle=released_verified_stop range=null bearing=null rss=15.959904
         1788689262.612  3954  3987 I AebsFrameSubscriber: onMessagesAvailable callback
         1788689262.613  3954  3987 I AebsFrameSubscriber: readNextMessages count=1
         1788689262.613  3954  3987 I MainActivity: onGatewayFrame: frame seq=1991 egoSpeed=6.9377975 pts=0 intervention=false warning=false braking=true lifecycle=released_verified_stop range=null bearing=null rss=15.959904
         1788689262.712  3954  3987 I AebsFrameSubscriber: onMessagesAvailable callback
         1788689262.713  3954  3987 I AebsFrameSubscriber: readNextMessages count=1
         1788689262.713  3954  3987 I MainActivity: onGatewayFrame: frame seq=1992 egoSpeed=6.9377975 pts=0 intervention=false warning=false braking=true lifecycle=released_verified_stop range=null bearing=null rss=15.959904
         1788689262.813  3954  3987 I AebsFrameSubscriber: onMessagesAvailable callback
         1788689262.813  3954  3987 I AebsFrameSubscriber: readNextMessages count=1
         1788689262.813  3954  3987 I MainActivity: onGatewayFrame: frame seq=1993 egoSpeed=6.9377975 pts=0 intervention=false warning=false braking=true lifecycle=released_verified_stop range=null bearing=null rss=15.959904
         1788689262.912  3954  3987 I AebsFrameSubscriber: onMessagesAvailable callback
         1788689262.913  3954  3987 I AebsFrameSubscriber: readNextMessages count=1
         1788689262.913  3954  3987 I MainActivity: onGatewayFrame: frame seq=1994 egoSpeed=6.9377975 pts=0 intervention=false warning=false braking=true lifecycle=released_verified_stop range=null bearing=null rss=15.959904
         1788689263.013  3954  3987 I AebsFrameSubscriber: onMessagesAvailable callback
         1788689263.013  3954  3987 I AebsFrameSubscriber: readNextMessages count=1
         1788689263.013  3954  3987 I MainActivity: onGatewayFrame: frame seq=1995 egoSpeed=6.9377975 pts=0 intervention=false warning=false braking=true lifecycle=released_verified_stop range=null bearing=null rss=15.959904
         1788689263.112  3954  3987 I AebsFrameSubscriber: onMessagesAvailable callback
         1788689263.113  3954  3987 I AebsFrameSubscriber: readNextMessages count=1
         1788689263.113  3954  3987 I MainActivity: onGatewayFrame: frame seq=1996 egoSpeed=6.9377975 pts=0 intervention=false warning=false braking=true lifecycle=released_verified_stop range=null bearing=null rss=15.959904
         1788689263.213  3954  3987 I AebsFrameSubscriber: onMessagesAvailable callback
         1788689263.213  3954  3987 I AebsFrameSubscriber: readNextMessages count=1
         1788689263.213  3954  3987 I MainActivity: onGatewayFrame: frame seq=1997 egoSpeed=6.9377975 pts=0 intervention=false warning=false braking=true lifecycle=released_verified_stop range=null bearing=null rss=15.959904
         1788689263.312  3954  3987 I AebsFrameSubscriber: onMessagesAvailable callback
         1788689263.313  3954  3987 I AebsFrameSubscriber: readNextMessages count=1
         1788689263.313  3954  3987 I MainActivity: onGatewayFrame: frame seq=1998 egoSpeed=6.9377975 pts=0 intervention=false warning=false braking=true lifecycle=released_verified_stop range=null bearing=null rss=15.959904
         1788689263.412  3954  3987 I AebsFrameSubscriber: onMessagesAvailable callback
         1788689263.413  3954  3987 I AebsFrameSubscriber: readNextMessages count=1
         1788689263.413  3954  3987 I MainActivity: onGatewayFrame: frame seq=1999 egoSpeed=6.9377975 pts=0 intervention=false warning=false braking=true lifecycle=released_verified_stop range=null bearing=null rss=15.959904
         1788689263.512  3954  3987 I AebsFrameSubscriber: onMessagesAvailable callback
         1788689263.513  3954  3987 I AebsFrameSubscriber: readNextMessages count=1
         1788689263.513  3954  3987 I MainActivity: onGatewayFrame: frame seq=2000 egoSpeed=6.9377975 pts=0 intervention=false warning=false braking=true lifecycle=released_verified_stop range=null bearing=null rss=15.959904
         1788689263.613  3954  3987 I AebsFrameSubscriber: onMessagesAvailable callback
         1788689263.613  3954  3987 I AebsFrameSubscriber: readNextMessages count=1
         1788689263.613  3954  3987 I MainActivity: onGatewayFrame: frame seq=2001 egoSpeed=6.9377975 pts=0 intervention=false warning=false braking=true lifecycle=released_verified_stop range=null bearing=null rss=15.959904
         1788689263.713  3954  3987 I AebsFrameSubscriber: onMessagesAvailable callback
         1788689263.713  3954  3987 I AebsFrameSubscriber: readNextMessages count=1
         1788689263.713  3954  3987 I MainActivity: onGatewayFrame: frame seq=2002 egoSpeed=6.9377975 pts=0 intervention=false warning=false braking=true lifecycle=released_verified_stop range=null bearing=null rss=15.959904
         1788689263.813  3954  3987 I AebsFrameSubscriber: onMessagesAvailable callback
         1788689263.813  3954  3987 I AebsFrameSubscriber: readNextMessages count=1
         1788689263.813  3954  3987 I MainActivity: onGatewayFrame: frame seq=2003 egoSpeed=6.9377975 pts=0 intervention=false warning=false braking=true lifecycle=released_verified_stop range=null bearing=null rss=15.959904
         1788689263.912  3954  3987 I AebsFrameSubscriber: onMessagesAvailable callback
         1788689263.913  3954  3987 I AebsFrameSubscriber: readNextMessages count=1
         1788689263.913  3954  3987 I MainActivity: onGatewayFrame: frame seq=2004 egoSpeed=6.9377975 pts=0 intervention=false warning=false braking=true lifecycle=released_verified_stop range=null bearing=null rss=15.959904
         1788689264.013  3954  3987 I AebsFrameSubscriber: onMessagesAvailable callback
         1788689264.013  3954  3987 I AebsFrameSubscriber: readNextMessages count=1
         1788689264.013  3954  3987 I MainActivity: onGatewayFrame: frame seq=2005 egoSpeed=6.9377975 pts=0 intervention=false warning=false braking=true lifecycle=released_verified_stop range=null bearing=null rss=15.959904
         1788689264.113  3954  3987 I AebsFrameSubscriber: onMessagesAvailable callback
         1788689264.113  3954  3987 I AebsFrameSubscriber: readNextMessages count=1
         1788689264.113  3954  3987 I MainActivity: onGatewayFrame: frame seq=2006 egoSpeed=6.9377975 pts=0 intervention=false warning=false braking=true lifecycle=released_verified_stop range=null bearing=null rss=15.959904
         1788689264.212  3954  3987 I AebsFrameSubscriber: onMessagesAvailable callback
         1788689264.213  3954  3987 I AebsFrameSubscriber: readNextMessages count=1
         1788689264.213  3954  3987 I MainActivity: onGatewayFrame: frame seq=2007 egoSpeed=6.9377975 pts=0 intervention=false warning=false braking=true lifecycle=released_verified_stop range=null bearing=null rss=15.959904
         1788689264.312  3954  3987 I AebsFrameSubscriber: onMessagesAvailable callback
         1788689264.313  3954  3987 I AebsFrameSubscriber: readNextMessages count=1
         1788689264.313  3954  3987 I MainActivity: onGatewayFrame: frame seq=2008 egoSpeed=6.9377975 pts=0 intervention=false warning=false braking=true lifecycle=released_verified_stop range=null bearing=null rss=15.959904
         1788689264.413  3954  3987 I AebsFrameSubscriber: onMessagesAvailable callback
         1788689264.413  3954  3987 I AebsFrameSubscriber: readNextMessages count=1
         1788689264.413  3954  3987 I MainActivity: onGatewayFrame: frame seq=2009 egoSpeed=6.9377975 pts=0 intervention=false warning=false braking=true lifecycle=released_verified_stop range=null bearing=null rss=15.959904
         1788689264.513  3954  3987 I AebsFrameSubscriber: onMessagesAvailable callback
         1788689264.513  3954  3987 I AebsFrameSubscriber: readNextMessages count=1
         1788689264.513  3954  3987 I MainActivity: onGatewayFrame: frame seq=2010 egoSpeed=6.9377975 pts=0 intervention=false warning=false braking=true lifecycle=released_verified_stop range=null bearing=null rss=15.959904
         1788689264.613  3954  3987 I AebsFrameSubscriber: onMessagesAvailable callback
         1788689264.613  3954  3987 I AebsFrameSubscriber: readNextMessages count=1
         1788689264.613  3954  3987 I MainActivity: onGatewayFrame: frame seq=2011 egoSpeed=6.9377975 pts=0 intervention=false warning=false braking=true lifecycle=released_verified_stop range=null bearing=null rss=15.959904
         1788689264.713  3954  3987 I AebsFrameSubscriber: onMessagesAvailable callback
         1788689264.713  3954  3987 I AebsFrameSubscriber: readNextMessages count=1
         1788689264.713  3954  3987 I MainActivity: onGatewayFrame: frame seq=2012 egoSpeed=6.9377975 pts=0 intervention=false warning=false braking=true lifecycle=released_verified_stop range=null bearing=null rss=15.959904
         1788689264.813  3954  3987 I AebsFrameSubscriber: onMessagesAvailable callback
         1788689264.813  3954  3987 I AebsFrameSubscriber: readNextMessages count=1
         1788689264.813  3954  3987 I MainActivity: onGatewayFrame: frame seq=2013 egoSpeed=6.9377975 pts=0 intervention=false warning=false braking=true lifecycle=released_verified_stop range=null bearing=null rss=15.959904
         1788689264.913  3954  3987 I AebsFrameSubscriber: onMessagesAvailable callback
         1788689264.913  3954  3987 I AebsFrameSubscriber: readNextMessages count=1
         1788689264.913  3954  3987 I MainActivity: onGatewayFrame: frame seq=2014 egoSpeed=6.9377975 pts=0 intervention=false warning=false braking=true lifecycle=released_verified_stop range=null bearing=null rss=15.959904
         1788689265.013  3954  3987 I AebsFrameSubscriber: onMessagesAvailable callback
         1788689265.013  3954  3987 I AebsFrameSubscriber: readNextMessages count=1
         1788689265.014  3954  3987 I MainActivity: onGatewayFrame: frame seq=2015 egoSpeed=6.9377975 pts=0 intervention=false warning=false braking=true lifecycle=released_verified_stop range=null bearing=null rss=15.959904
         1788689265.112  3954  3987 I AebsFrameSubscriber: onMessagesAvailable callback
         1788689265.113  3954  3987 I AebsFrameSubscriber: readNextMessages count=1
         1788689265.113  3954  3987 I MainActivity: onGatewayFrame: frame seq=2016 egoSpeed=6.9377975 pts=0 intervention=false warning=false braking=true lifecycle=released_verified_stop range=null bearing=null rss=15.959904
         1788689265.213  3954  3987 I AebsFrameSubscriber: onMessagesAvailable callback
         1788689265.213  3954  3987 I AebsFrameSubscriber: readNextMessages count=1
         1788689265.214  3954  3987 I MainActivity: onGatewayFrame: frame seq=2017 egoSpeed=6.9377975 pts=0 intervention=false warning=false braking=true lifecycle=released_verified_stop range=null bearing=null rss=15.959904
         1788689265.312  3954  3987 I AebsFrameSubscriber: onMessagesAvailable callback
         1788689265.313  3954  3987 I AebsFrameSubscriber: readNextMessages count=1
         1788689265.313  3954  3987 I MainActivity: onGatewayFrame: frame seq=2018 egoSpeed=6.9377975 pts=0 intervention=false warning=false braking=true lifecycle=released_verified_stop range=null bearing=null rss=15.959904
         1788689265.412  3954  3987 I AebsFrameSubscriber: onMessagesAvailable callback
         1788689265.413  3954  3987 I AebsFrameSubscriber: readNextMessages count=1
         1788689265.414  3954  3987 I MainActivity: onGatewayFrame: frame seq=2019 egoSpeed=6.9377975 pts=0 intervention=false warning=false braking=true lifecycle=released_verified_stop range=null bearing=null rss=15.959904
         1788689265.512  3954  3987 I AebsFrameSubscriber: onMessagesAvailable callback
         1788689265.513  3954  3987 I AebsFrameSubscriber: readNextMessages count=1
         1788689265.513  3954  3987 I MainActivity: onGatewayFrame: frame seq=2020 egoSpeed=6.9377975 pts=0 intervention=false warning=false braking=true lifecycle=released_verified_stop range=null bearing=null rss=15.959904
         1788689265.612  3954  3987 I AebsFrameSubscriber: onMessagesAvailable callback
         1788689265.613  3954  3987 I AebsFrameSubscriber: readNextMessages count=1
         1788689265.613  3954  3987 I MainActivity: onGatewayFrame: frame seq=2021 egoSpeed=6.9377975 pts=0 intervention=false warning=false braking=true lifecycle=released_verified_stop range=null bearing=null rss=15.959904
         1788689265.712  3954  3987 I AebsFrameSubscriber: onMessagesAvailable callback
         1788689265.713  3954  3987 I AebsFrameSubscriber: readNextMessages count=1
         1788689265.713  3954  3987 I MainActivity: onGatewayFrame: frame seq=2022 egoSpeed=6.9377975 pts=0 intervention=false warning=false braking=true lifecycle=released_verified_stop range=null bearing=null rss=15.959904
         1788689265.812  3954  3987 I AebsFrameSubscriber: onMessagesAvailable callback
         1788689265.813  3954  3987 I AebsFrameSubscriber: readNextMessages count=1
         1788689265.813  3954  3987 I MainActivity: onGatewayFrame: frame seq=2023 egoSpeed=6.9377975 pts=0 intervention=false warning=false braking=true lifecycle=released_verified_stop range=null bearing=null rss=15.959904
         1788689266.029  3954  3987 I AebsFrameSubscriber: readNextMessages count=2
         1788689266.029  3954  3987 I MainActivity: onGatewayFrame: frame seq=2024 egoSpeed=6.9377975 pts=0 intervention=false warning=false braking=true lifecycle=released_verified_stop range=null bearing=null rss=15.959904
         1788689266.029  3954  3987 I MainActivity: onGatewayFrame: frame seq=2025 egoSpeed=6.9377975 pts=0 intervention=false warning=false braking=true lifecycle=released_verified_stop range=null bearing=null rss=15.959904
         1788689266.029  3954  3987 I AebsFrameSubscriber: onMessagesAvailable callback
         1788689266.029  3954  3987 I AebsFrameSubscriber: onMessagesAvailable callback
         1788689266.112  3954  3987 I AebsFrameSubscriber: onMessagesAvailable callback
         1788689266.113  3954  3987 I AebsFrameSubscriber: readNextMessages count=1
         1788689266.113  3954  3987 I MainActivity: onGatewayFrame: frame seq=2026 egoSpeed=6.9377975 pts=0 intervention=false warning=false braking=true lifecycle=released_verified_stop range=null bearing=null rss=15.959904
         1788689266.212  3954  3987 I AebsFrameSubscriber: onMessagesAvailable callback
         1788689266.213  3954  3987 I AebsFrameSubscriber: readNextMessages count=1
         1788689266.213  3954  3987 I MainActivity: onGatewayFrame: frame seq=2027 egoSpeed=6.9377975 pts=0 intervention=false warning=false braking=true lifecycle=released_verified_stop range=null bearing=null rss=15.959904
         1788689266.312  3954  3987 I AebsFrameSubscriber: onMessagesAvailable callback
         1788689266.313  3954  3987 I AebsFrameSubscriber: readNextMessages count=1
         1788689266.313  3954  3987 I MainActivity: onGatewayFrame: frame seq=2028 egoSpeed=6.9377975 pts=0 intervention=false warning=false braking=true lifecycle=released_verified_stop range=null bearing=null rss=15.959904
         1788689266.412  3954  3987 I AebsFrameSubscriber: onMessagesAvailable callback
         1788689266.413  3954  3987 I AebsFrameSubscriber: readNextMessages count=1
         1788689266.413  3954  3987 I MainActivity: onGatewayFrame: frame seq=2029 egoSpeed=6.9377975 pts=0 intervention=false warning=false braking=true lifecycle=released_verified_stop range=null bearing=null rss=15.959904
         1788689266.512  3954  3987 I AebsFrameSubscriber: onMessagesAvailable callback
         1788689266.513  3954  3987 I AebsFrameSubscriber: readNextMessages count=1
         1788689266.513  3954  3987 I MainActivity: onGatewayFrame: frame seq=2030 egoSpeed=6.9377975 pts=0 intervention=false warning=false braking=true lifecycle=released_verified_stop range=null bearing=null rss=15.959904
         1788689266.612  3954  3987 I AebsFrameSubscriber: onMessagesAvailable callback
         1788689266.613  3954  3987 I AebsFrameSubscriber: readNextMessages count=1
         1788689266.613  3954  3987 I MainActivity: onGatewayFrame: frame seq=2031 egoSpeed=6.9377975 pts=0 intervention=false warning=false braking=true lifecycle=released_verified_stop range=null bearing=null rss=15.959904
         1788689266.712  3954  3987 I AebsFrameSubscriber: onMessagesAvailable callback
         1788689266.713  3954  3987 I AebsFrameSubscriber: readNextMessages count=1
         1788689266.713  3954  3987 I MainActivity: onGatewayFrame: frame seq=2032 egoSpeed=6.9377975 pts=0 intervention=false warning=false braking=true lifecycle=released_verified_stop range=null bearing=null rss=15.959904
         1788689266.812  3954  3987 I AebsFrameSubscriber: onMessagesAvailable callback
         1788689266.813  3954  3987 I AebsFrameSubscriber: readNextMessages count=1
         1788689266.813  3954  3987 I MainActivity: onGatewayFrame: frame seq=2033 egoSpeed=6.9377975 pts=0 intervention=false warning=false braking=true lifecycle=released_verified_stop range=null bearing=null rss=15.959904
         1788689266.913  3954  3987 I AebsFrameSubscriber: onMessagesAvailable callback
         1788689266.913  3954  3987 I AebsFrameSubscriber: readNextMessages count=1
         1788689266.913  3954  3987 I MainActivity: onGatewayFrame: frame seq=2034 egoSpeed=6.9377975 pts=0 intervention=false warning=false braking=true lifecycle=released_verified_stop range=null bearing=null rss=15.959904
         1788689267.012  3954  3987 I AebsFrameSubscriber: onMessagesAvailable callback
         1788689267.013  3954  3987 I AebsFrameSubscriber: readNextMessages count=1
         1788689267.013  3954  3987 I MainActivity: onGatewayFrame: frame seq=2035 egoSpeed=6.9377975 pts=0 intervention=false warning=false braking=true lifecycle=released_verified_stop range=null bearing=null rss=15.959904
         1788689267.112  3954  3987 I AebsFrameSubscriber: onMessagesAvailable callback
         1788689267.112  3954  3987 I AebsFrameSubscriber: readNextMessages count=1
         1788689267.112  3954  3987 I MainActivity: onGatewayFrame: frame seq=2036 egoSpeed=6.9377975 pts=0 intervention=false warning=false braking=true lifecycle=released_verified_stop range=null bearing=null rss=15.959904
         1788689267.212  3954  3987 I AebsFrameSubscriber: onMessagesAvailable callback
         1788689267.212  3954  3987 I AebsFrameSubscriber: readNextMessages count=1
         1788689267.213  3954  3987 I MainActivity: onGatewayFrame: frame seq=2037 egoSpeed=6.9377975 pts=0 intervention=false warning=false braking=true lifecycle=released_verified_stop range=null bearing=null rss=15.959904
         1788689267.312  3954  3987 I AebsFrameSubscriber: onMessagesAvailable callback
         1788689267.312  3954  3987 I AebsFrameSubscriber: readNextMessages count=1
         1788689267.312  3954  3987 I MainActivity: onGatewayFrame: frame seq=2038 egoSpeed=6.9377975 pts=0 intervention=false warning=false braking=true lifecycle=released_verified_stop range=null bearing=null rss=15.959904
         1788689267.412  3954  3987 I AebsFrameSubscriber: onMessagesAvailable callback
         1788689267.412  3954  3987 I AebsFrameSubscriber: readNextMessages count=1
         1788689267.412  3954  3987 I MainActivity: onGatewayFrame: frame seq=2039 egoSpeed=6.9377975 pts=0 intervention=false warning=false braking=true lifecycle=released_verified_stop range=null bearing=null rss=15.959904
         1788689267.512  3954  3987 I AebsFrameSubscriber: onMessagesAvailable callback
         1788689267.512  3954  3987 I AebsFrameSubscriber: readNextMessages count=1
         1788689267.512  3954  3987 I MainActivity: onGatewayFrame: frame seq=2040 egoSpeed=6.9377975 pts=0 intervention=false warning=false braking=true lifecycle=released_verified_stop range=null bearing=null rss=15.959904
         1788689267.612  3954  3987 I AebsFrameSubscriber: onMessagesAvailable callback
         1788689267.612  3954  3987 I AebsFrameSubscriber: readNextMessages count=1
         1788689267.613  3954  3987 I MainActivity: onGatewayFrame: frame seq=2041 egoSpeed=6.9377975 pts=0 intervention=false warning=false braking=true lifecycle=released_verified_stop range=null bearing=null rss=15.959904
         1788689267.712  3954  3987 I AebsFrameSubscriber: onMessagesAvailable callback
         1788689267.712  3954  3987 I AebsFrameSubscriber: readNextMessages count=1
         1788689267.712  3954  3987 I MainActivity: onGatewayFrame: frame seq=2042 egoSpeed=6.9377975 pts=0 intervention=false warning=false braking=true lifecycle=released_verified_stop range=null bearing=null rss=15.959904
         1788689267.812  3954  3987 I AebsFrameSubscriber: onMessagesAvailable callback
         1788689267.813  3954  3987 I AebsFrameSubscriber: readNextMessages count=1
         1788689267.813  3954  3987 I MainActivity: onGatewayFrame: frame seq=2043 egoSpeed=6.9377975 pts=0 intervention=false warning=false braking=true lifecycle=released_verified_stop range=null bearing=null rss=15.959904
         1788689267.912  3954  3987 I AebsFrameSubscriber: onMessagesAvailable callback
         1788689267.913  3954  3987 I AebsFrameSubscriber: readNextMessages count=1
         1788689267.913  3954  3987 I MainActivity: onGatewayFrame: frame seq=2044 egoSpeed=6.9377975 pts=0 intervention=false warning=false braking=true lifecycle=released_verified_stop range=null bearing=null rss=15.959904
         1788689268.012  3954  3987 I AebsFrameSubscriber: onMessagesAvailable callback
         1788689268.013  3954  3987 I AebsFrameSubscriber: readNextMessages count=1
         1788689268.013  3954  3987 I MainActivity: onGatewayFrame: frame seq=2045 egoSpeed=6.9377975 pts=0 intervention=false warning=false braking=true lifecycle=released_verified_stop range=null bearing=null rss=15.959904
         1788689268.112  3954  3987 I AebsFrameSubscriber: onMessagesAvailable callback
         1788689268.113  3954  3987 I AebsFrameSubscriber: readNextMessages count=1
         1788689268.113  3954  3987 I MainActivity: onGatewayFrame: frame seq=2046 egoSpeed=6.9377975 pts=0 intervention=false warning=false braking=true lifecycle=released_verified_stop range=null bearing=null rss=15.959904
         1788689268.212  3954  3987 I AebsFrameSubscriber: onMessagesAvailable callback
         1788689268.212  3954  3987 I AebsFrameSubscriber: readNextMessages count=1
         1788689268.213  3954  3987 I MainActivity: onGatewayFrame: frame seq=2047 egoSpeed=6.9377975 pts=0 intervention=false warning=false braking=true lifecycle=released_verified_stop range=null bearing=null rss=15.959904
         1788689268.312  3954  3987 I AebsFrameSubscriber: onMessagesAvailable callback
         1788689268.313  3954  3987 I AebsFrameSubscriber: readNextMessages count=1
         1788689268.313  3954  3987 I MainActivity: onGatewayFrame: frame seq=2048 egoSpeed=6.9377975 pts=0 intervention=false warning=false braking=true lifecycle=released_verified_stop range=null bearing=null rss=15.959904
         1788689268.412  3954  3987 I AebsFrameSubscriber: onMessagesAvailable callback
         1788689268.413  3954  3987 I AebsFrameSubscriber: readNextMessages count=1
         1788689268.413  3954  3987 I MainActivity: onGatewayFrame: frame seq=2049 egoSpeed=6.9377975 pts=0 intervention=false warning=false braking=true lifecycle=released_verified_stop range=null bearing=null rss=15.959904
         1788689268.512  3954  3987 I AebsFrameSubscriber: onMessagesAvailable callback
         1788689268.512  3954  3987 I AebsFrameSubscriber: readNextMessages count=1
         1788689268.512  3954  3987 I MainActivity: onGatewayFrame: frame seq=2050 egoSpeed=6.9377975 pts=0 intervention=false warning=false braking=true lifecycle=released_verified_stop range=null bearing=null rss=15.959904
         1788689268.612  3954  3987 I AebsFrameSubscriber: onMessagesAvailable callback
         1788689268.612  3954  3987 I AebsFrameSubscriber: readNextMessages count=1
         1788689268.612  3954  3987 I MainActivity: onGatewayFrame: frame seq=2051 egoSpeed=6.9377975 pts=0 intervention=false warning=false braking=true lifecycle=released_verified_stop range=null bearing=null rss=15.959904
         1788689268.712  3954  3987 I AebsFrameSubscriber: onMessagesAvailable callback
         1788689268.712  3954  3987 I AebsFrameSubscriber: readNextMessages count=1
         1788689268.712  3954  3987 I MainActivity: onGatewayFrame: frame seq=2052 egoSpeed=6.9377975 pts=0 intervention=false warning=false braking=true lifecycle=released_verified_stop range=null bearing=null rss=15.959904
         1788689268.812  3954  3987 I AebsFrameSubscriber: onMessagesAvailable callback
         1788689268.813  3954  3987 I AebsFrameSubscriber: readNextMessages count=1
         1788689268.813  3954  3987 I MainActivity: onGatewayFrame: frame seq=2053 egoSpeed=6.9377975 pts=0 intervention=false warning=false braking=true lifecycle=released_verified_stop range=null bearing=null rss=15.959904
         1788689268.912  3954  3987 I AebsFrameSubscriber: onMessagesAvailable callback
         1788689268.913  3954  3987 I AebsFrameSubscriber: readNextMessages count=1
         1788689268.913  3954  3987 I MainActivity: onGatewayFrame: frame seq=2054 egoSpeed=6.9377975 pts=0 intervention=false warning=false braking=true lifecycle=released_verified_stop range=null bearing=null rss=15.959904
         1788689269.013  3954  3987 I AebsFrameSubscriber: onMessagesAvailable callback
         1788689269.013  3954  3987 I AebsFrameSubscriber: readNextMessages count=1
         1788689269.013  3954  3987 I MainActivity: onGatewayFrame: frame seq=2055 egoSpeed=6.9377975 pts=0 intervention=false warning=false braking=true lifecycle=released_verified_stop range=null bearing=null rss=15.959904
         1788689269.112  3954  3987 I AebsFrameSubscriber: onMessagesAvailable callback
         1788689269.113  3954  3987 I AebsFrameSubscriber: readNextMessages count=1
         1788689269.113  3954  3987 I MainActivity: onGatewayFrame: frame seq=2056 egoSpeed=6.9377975 pts=0 intervention=false warning=false braking=true lifecycle=released_verified_stop range=null bearing=null rss=15.959904
         1788689269.212  3954  3987 I AebsFrameSubscriber: onMessagesAvailable callback
         1788689269.213  3954  3987 I AebsFrameSubscriber: readNextMessages count=1
         1788689269.213  3954  3987 I MainActivity: onGatewayFrame: frame seq=2057 egoSpeed=6.9377975 pts=0 intervention=false warning=false braking=true lifecycle=released_verified_stop range=null bearing=null rss=15.959904
         1788689269.312  3954  3987 I AebsFrameSubscriber: onMessagesAvailable callback
         1788689269.312  3954  3987 I AebsFrameSubscriber: readNextMessages count=1
         1788689269.313  3954  3987 I MainActivity: onGatewayFrame: frame seq=2058 egoSpeed=6.9377975 pts=0 intervention=false warning=false braking=true lifecycle=released_verified_stop range=null bearing=null rss=15.959904
         1788689269.412  3954  3987 I AebsFrameSubscriber: onMessagesAvailable callback
         1788689269.413  3954  3987 I AebsFrameSubscriber: readNextMessages count=1
         1788689269.413  3954  3987 I MainActivity: onGatewayFrame: frame seq=2059 egoSpeed=6.9377975 pts=0 intervention=false warning=false braking=true lifecycle=released_verified_stop range=null bearing=null rss=15.959904
         1788689269.512  3954  3987 I AebsFrameSubscriber: onMessagesAvailable callback
         1788689269.512  3954  3987 I AebsFrameSubscriber: readNextMessages count=1
         1788689269.513  3954  3987 I MainActivity: onGatewayFrame: frame seq=2060 egoSpeed=6.9377975 pts=0 intervention=false warning=false braking=true lifecycle=released_verified_stop range=null bearing=null rss=15.959904
         1788689269.612  3954  3987 I AebsFrameSubscriber: onMessagesAvailable callback
         1788689269.612  3954  3987 I AebsFrameSubscriber: readNextMessages count=1
         1788689269.612  3954  3987 I MainActivity: onGatewayFrame: frame seq=2061 egoSpeed=6.9377975 pts=0 intervention=false warning=false braking=true lifecycle=released_verified_stop range=null bearing=null rss=15.959904
         1788689269.712  3954  3987 I AebsFrameSubscriber: onMessagesAvailable callback
         1788689269.712  3954  3987 I AebsFrameSubscriber: readNextMessages count=1
         1788689269.712  3954  3987 I MainActivity: onGatewayFrame: frame seq=2062 egoSpeed=6.9377975 pts=0 intervention=false warning=false braking=true lifecycle=released_verified_stop range=null bearing=null rss=15.959904
         1788689269.929  3954  3987 I AebsFrameSubscriber: readNextMessages count=2
         1788689269.930  3954  3987 I MainActivity: onGatewayFrame: frame seq=2063 egoSpeed=6.9377975 pts=0 intervention=false warning=false braking=true lifecycle=released_verified_stop range=null bearing=null rss=15.959904
         1788689269.930  3954  3987 I MainActivity: onGatewayFrame: frame seq=2064 egoSpeed=6.9377975 pts=0 intervention=false warning=false braking=true lifecycle=released_verified_stop range=null bearing=null rss=15.959904
         1788689269.930  3954  3987 I AebsFrameSubscriber: onMessagesAvailable callback
         1788689269.930  3954  3987 I AebsFrameSubscriber: onMessagesAvailable callback
         1788689270.012  3954  3987 I AebsFrameSubscriber: onMessagesAvailable callback
         1788689270.012  3954  3987 I AebsFrameSubscriber: readNextMessages count=1
         1788689270.012  3954  3987 I MainActivity: onGatewayFrame: frame seq=2065 egoSpeed=6.9377975 pts=0 intervention=false warning=false braking=true lifecycle=released_verified_stop range=null bearing=null rss=15.959904
         1788689270.112  3954  3987 I AebsFrameSubscriber: onMessagesAvailable callback
         1788689270.112  3954  3987 I AebsFrameSubscriber: readNextMessages count=1
         1788689270.112  3954  3987 I MainActivity: onGatewayFrame: frame seq=2066 egoSpeed=6.9377975 pts=0 intervention=false warning=false braking=true lifecycle=released_verified_stop range=null bearing=null rss=15.959904
         1788689270.212  3954  3987 I AebsFrameSubscriber: onMessagesAvailable callback
         1788689270.212  3954  3987 I AebsFrameSubscriber: readNextMessages count=1
         1788689270.212  3954  3987 I MainActivity: onGatewayFrame: frame seq=2067 egoSpeed=6.9377975 pts=0 intervention=false warning=false braking=true lifecycle=released_verified_stop range=null bearing=null rss=15.959904
         1788689270.312  3954  3987 I AebsFrameSubscriber: onMessagesAvailable callback
         1788689270.312  3954  3987 I AebsFrameSubscriber: readNextMessages count=1
         1788689270.312  3954  3987 I MainActivity: onGatewayFrame: frame seq=2068 egoSpeed=6.9377975 pts=0 intervention=false warning=false braking=true lifecycle=released_verified_stop range=null bearing=null rss=15.959904
         1788689270.412  3954  3987 I AebsFrameSubscriber: onMessagesAvailable callback
         1788689270.413  3954  3987 I AebsFrameSubscriber: readNextMessages count=1
         1788689270.413  3954  3987 I MainActivity: onGatewayFrame: frame seq=2069 egoSpeed=6.9377975 pts=0 intervention=false warning=false braking=true lifecycle=released_verified_stop range=null bearing=null rss=15.959904
         1788689270.512  3954  3987 I AebsFrameSubscriber: onMessagesAvailable callback
         1788689270.512  3954  3987 I AebsFrameSubscriber: readNextMessages count=1
         1788689270.512  3954  3987 I MainActivity: onGatewayFrame: frame seq=2070 egoSpeed=6.9377975 pts=0 intervention=false warning=false braking=true lifecycle=released_verified_stop range=null bearing=null rss=15.959904
         1788689270.612  3954  3987 I AebsFrameSubscriber: onMessagesAvailable callback
         1788689270.612  3954  3987 I AebsFrameSubscriber: readNextMessages count=1
         1788689270.613  3954  3987 I MainActivity: onGatewayFrame: frame seq=2071 egoSpeed=6.9377975 pts=0 intervention=false warning=false braking=true lifecycle=released_verified_stop range=null bearing=null rss=15.959904
         1788689270.712  3954  3987 I AebsFrameSubscriber: onMessagesAvailable callback
         1788689270.712  3954  3987 I AebsFrameSubscriber: readNextMessages count=1
         1788689270.712  3954  3987 I MainActivity: onGatewayFrame: frame seq=2072 egoSpeed=6.9377975 pts=0 intervention=false warning=false braking=true lifecycle=released_verified_stop range=null bearing=null rss=15.959904
         1788689270.812  3954  3987 I AebsFrameSubscriber: onMessagesAvailable callback
         1788689270.812  3954  3987 I AebsFrameSubscriber: readNextMessages count=1
         1788689270.812  3954  3987 I MainActivity: onGatewayFrame: frame seq=2073 egoSpeed=6.9377975 pts=0 intervention=false warning=false braking=true lifecycle=released_verified_stop range=null bearing=null rss=15.959904
         1788689270.912  3954  3987 I AebsFrameSubscriber: onMessagesAvailable callback
         1788689270.912  3954  3987 I AebsFrameSubscriber: readNextMessages count=1
         1788689270.912  3954  3987 I MainActivity: onGatewayFrame: frame seq=2074 egoSpeed=6.9377975 pts=0 intervention=false warning=false braking=true lifecycle=released_verified_stop range=null bearing=null rss=15.959904
         1788689271.012  3954  3987 I AebsFrameSubscriber: onMessagesAvailable callback
         1788689271.012  3954  3987 I AebsFrameSubscriber: readNextMessages count=1
         1788689271.013  3954  3987 I MainActivity: onGatewayFrame: frame seq=2075 egoSpeed=6.9377975 pts=0 intervention=false warning=false braking=true lifecycle=released_verified_stop range=null bearing=null rss=15.959904
         1788689271.112  3954  3987 I AebsFrameSubscriber: onMessagesAvailable callback
         1788689271.112  3954  3987 I AebsFrameSubscriber: readNextMessages count=1
         1788689271.112  3954  3987 I MainActivity: onGatewayFrame: frame seq=2076 egoSpeed=6.9377975 pts=0 intervention=false warning=false braking=true lifecycle=released_verified_stop range=null bearing=null rss=15.959904
         1788689271.212  3954  3987 I AebsFrameSubscriber: onMessagesAvailable callback
         1788689271.212  3954  3987 I AebsFrameSubscriber: readNextMessages count=1
         1788689271.212  3954  3987 I MainActivity: onGatewayFrame: frame seq=2077 egoSpeed=6.9377975 pts=0 intervention=false warning=false braking=true lifecycle=released_verified_stop range=null bearing=null rss=15.959904
         1788689271.312  3954  3987 I AebsFrameSubscriber: onMessagesAvailable callback
         1788689271.312  3954  3987 I AebsFrameSubscriber: readNextMessages count=1
         1788689271.312  3954  3987 I MainActivity: onGatewayFrame: frame seq=2078 egoSpeed=6.9377975 pts=0 intervention=false warning=false braking=true lifecycle=released_verified_stop range=null bearing=null rss=15.959904
         1788689271.412  3954  3987 I AebsFrameSubscriber: onMessagesAvailable callback
         1788689271.412  3954  3987 I AebsFrameSubscriber: readNextMessages count=1
         1788689271.412  3954  3987 I MainActivity: onGatewayFrame: frame seq=2079 egoSpeed=6.9377975 pts=0 intervention=false warning=false braking=true lifecycle=released_verified_stop range=null bearing=null rss=15.959904
         1788689271.512  3954  3987 I AebsFrameSubscriber: onMessagesAvailable callback
         1788689271.512  3954  3987 I AebsFrameSubscriber: readNextMessages count=1
         1788689271.512  3954  3987 I MainActivity: onGatewayFrame: frame seq=2080 egoSpeed=6.9377975 pts=0 intervention=false warning=false braking=true lifecycle=released_verified_stop range=null bearing=null rss=15.959904
         1788689271.612  3954  3987 I AebsFrameSubscriber: onMessagesAvailable callback
         1788689271.612  3954  3987 I AebsFrameSubscriber: readNextMessages count=1
         1788689271.612  3954  3987 I MainActivity: onGatewayFrame: frame seq=2081 egoSpeed=6.9377975 pts=0 intervention=false warning=false braking=true lifecycle=released_verified_stop range=null bearing=null rss=15.959904
         1788689271.712  3954  3987 I AebsFrameSubscriber: onMessagesAvailable callback
         1788689271.712  3954  3987 I AebsFrameSubscriber: readNextMessages count=1
         1788689271.712  3954  3987 I MainActivity: onGatewayFrame: frame seq=2082 egoSpeed=6.9377975 pts=0 intervention=false warning=false braking=true lifecycle=released_verified_stop range=null bearing=null rss=15.959904
         1788689271.812  3954  3987 I AebsFrameSubscriber: onMessagesAvailable callback
         1788689271.812  3954  3987 I AebsFrameSubscriber: readNextMessages count=1
         1788689271.812  3954  3987 I MainActivity: onGatewayFrame: frame seq=2083 egoSpeed=6.9377975 pts=0 intervention=false warning=false braking=true lifecycle=released_verified_stop range=null bearing=null rss=15.959904
         1788689271.912  3954  3987 I AebsFrameSubscriber: onMessagesAvailable callback
         1788689271.912  3954  3987 I AebsFrameSubscriber: readNextMessages count=1
         1788689271.912  3954  3987 I MainActivity: onGatewayFrame: frame seq=2084 egoSpeed=6.9377975 pts=0 intervention=false warning=false braking=true lifecycle=released_verified_stop range=null bearing=null rss=15.959904
         1788689272.012  3954  3987 I AebsFrameSubscriber: onMessagesAvailable callback
         1788689272.012  3954  3987 I AebsFrameSubscriber: readNextMessages count=1
         1788689272.012  3954  3987 I MainActivity: onGatewayFrame: frame seq=2085 egoSpeed=6.9377975 pts=0 intervention=false warning=false braking=true lifecycle=released_verified_stop range=null bearing=null rss=15.959904
         1788689272.112  3954  3987 I AebsFrameSubscriber: onMessagesAvailable callback
         1788689272.112  3954  3987 I AebsFrameSubscriber: readNextMessages count=1
         1788689272.112  3954  3987 I MainActivity: onGatewayFrame: frame seq=2086 egoSpeed=6.9377975 pts=0 intervention=false warning=false braking=true lifecycle=released_verified_stop range=null bearing=null rss=15.959904
         1788689272.212  3954  3987 I AebsFrameSubscriber: onMessagesAvailable callback
         1788689272.212  3954  3987 I AebsFrameSubscriber: readNextMessages count=1
         1788689272.212  3954  3987 I MainActivity: onGatewayFrame: frame seq=2087 egoSpeed=6.9377975 pts=0 intervention=false warning=false braking=true lifecycle=released_verified_stop range=null bearing=null rss=15.959904
         1788689272.312  3954  3987 I AebsFrameSubscriber: onMessagesAvailable callback
         1788689272.312  3954  3987 I AebsFrameSubscriber: readNextMessages count=1
         1788689272.312  3954  3987 I MainActivity: onGatewayFrame: frame seq=2088 egoSpeed=6.9377975 pts=0 intervention=false warning=false braking=true lifecycle=released_verified_stop range=null bearing=null rss=15.959904
         1788689272.412  3954  3987 I AebsFrameSubscriber: onMessagesAvailable callback
         1788689272.412  3954  3987 I AebsFrameSubscriber: readNextMessages count=1
         1788689272.412  3954  3987 I MainActivity: onGatewayFrame: frame seq=2089 egoSpeed=6.9377975 pts=0 intervention=false warning=false braking=true lifecycle=released_verified_stop range=null bearing=null rss=15.959904
         1788689272.512  3954  3987 I AebsFrameSubscriber: onMessagesAvailable callback
         1788689272.512  3954  3987 I AebsFrameSubscriber: readNextMessages count=1
         1788689272.512  3954  3987 I MainActivity: onGatewayFrame: frame seq=2090 egoSpeed=6.9377975 pts=0 intervention=false warning=false braking=true lifecycle=released_verified_stop range=null bearing=null rss=15.959904
         1788689272.612  3954  3987 I AebsFrameSubscriber: onMessagesAvailable callback
         1788689272.612  3954  3987 I AebsFrameSubscriber: readNextMessages count=1
         1788689272.612  3954  3987 I MainActivity: onGatewayFrame: frame seq=2091 egoSpeed=6.9377975 pts=0 intervention=false warning=false braking=true lifecycle=released_verified_stop range=null bearing=null rss=15.959904
         1788689272.712  3954  3987 I AebsFrameSubscriber: onMessagesAvailable callback
         1788689272.712  3954  3987 I AebsFrameSubscriber: readNextMessages count=1
         1788689272.712  3954  3987 I MainActivity: onGatewayFrame: frame seq=2092 egoSpeed=6.9377975 pts=0 intervention=false warning=false braking=true lifecycle=released_verified_stop range=null bearing=null rss=15.959904
         1788689272.812  3954  3987 I AebsFrameSubscriber: onMessagesAvailable callback
         1788689272.812  3954  3987 I AebsFrameSubscriber: readNextMessages count=1
         1788689272.812  3954  3987 I MainActivity: onGatewayFrame: frame seq=2093 egoSpeed=6.9377975 pts=0 intervention=false warning=false braking=true lifecycle=released_verified_stop range=null bearing=null rss=15.959904
         1788689272.912  3954  3987 I AebsFrameSubscriber: onMessagesAvailable callback
         1788689272.912  3954  3987 I AebsFrameSubscriber: readNextMessages count=1
         1788689272.912  3954  3987 I MainActivity: onGatewayFrame: frame seq=2094 egoSpeed=6.9377975 pts=0 intervention=false warning=false braking=true lifecycle=released_verified_stop range=null bearing=null rss=15.959904
         1788689273.012  3954  3987 I AebsFrameSubscriber: onMessagesAvailable callback
         1788689273.012  3954  3987 I AebsFrameSubscriber: readNextMessages count=1
         1788689273.012  3954  3987 I MainActivity: onGatewayFrame: frame seq=2095 egoSpeed=6.9377975 pts=0 intervention=false warning=false braking=true lifecycle=released_verified_stop range=null bearing=null rss=15.959904
         1788689273.112  3954  3987 I AebsFrameSubscriber: onMessagesAvailable callback
         1788689273.112  3954  3987 I AebsFrameSubscriber: readNextMessages count=1
         1788689273.112  3954  3987 I MainActivity: onGatewayFrame: frame seq=2096 egoSpeed=6.9377975 pts=0 intervention=false warning=false braking=true lifecycle=released_verified_stop range=null bearing=null rss=15.959904
         1788689273.212  3954  3987 I AebsFrameSubscriber: onMessagesAvailable callback
         1788689273.212  3954  3987 I AebsFrameSubscriber: readNextMessages count=1
         1788689273.212  3954  3987 I MainActivity: onGatewayFrame: frame seq=2097 egoSpeed=6.9377975 pts=0 intervention=false warning=false braking=true lifecycle=released_verified_stop range=null bearing=null rss=15.959904
         1788689273.312  3954  3987 I AebsFrameSubscriber: onMessagesAvailable callback
         1788689273.312  3954  3987 I AebsFrameSubscriber: readNextMessages count=1
         1788689273.312  3954  3987 I MainActivity: onGatewayFrame: frame seq=2098 egoSpeed=6.9377975 pts=0 intervention=false warning=false braking=true lifecycle=released_verified_stop range=null bearing=null rss=15.959904
         1788689273.412  3954  3987 I AebsFrameSubscriber: onMessagesAvailable callback
         1788689273.412  3954  3987 I AebsFrameSubscriber: readNextMessages count=1
         1788689273.412  3954  3987 I MainActivity: onGatewayFrame: frame seq=2099 egoSpeed=6.9377975 pts=0 intervention=false warning=false braking=true lifecycle=released_verified_stop range=null bearing=null rss=15.959904
         1788689273.512  3954  3987 I AebsFrameSubscriber: onMessagesAvailable callback
         1788689273.512  3954  3987 I AebsFrameSubscriber: readNextMessages count=1
         1788689273.512  3954  3987 I MainActivity: onGatewayFrame: frame seq=2100 egoSpeed=6.9377975 pts=0 intervention=false warning=false braking=true lifecycle=released_verified_stop range=null bearing=null rss=15.959904
         1788689273.612  3954  3987 I AebsFrameSubscriber: onMessagesAvailable callback
         1788689273.612  3954  3987 I AebsFrameSubscriber: readNextMessages count=1
         1788689273.613  3954  3987 I MainActivity: onGatewayFrame: frame seq=2101 egoSpeed=6.9377975 pts=0 intervention=false warning=false braking=true lifecycle=released_verified_stop range=null bearing=null rss=15.959904
         1788689273.825  3954  3987 I AebsFrameSubscriber: readNextMessages count=2
         1788689273.825  3954  3987 I MainActivity: onGatewayFrame: frame seq=2102 egoSpeed=6.9377975 pts=0 intervention=false warning=false braking=true lifecycle=released_verified_stop range=null bearing=null rss=15.959904
         1788689273.826  3954  3987 I MainActivity: onGatewayFrame: frame seq=2103 egoSpeed=6.9377975 pts=0 intervention=false warning=false braking=true lifecycle=released_verified_stop range=null bearing=null rss=15.959904
         1788689273.826  3954  3987 I AebsFrameSubscriber: onMessagesAvailable callback
         1788689273.826  3954  3987 I AebsFrameSubscriber: onMessagesAvailable callback
         1788689273.912  3954  3987 I AebsFrameSubscriber: onMessagesAvailable callback
         1788689273.912  3954  3987 I AebsFrameSubscriber: readNextMessages count=1
         1788689273.912  3954  3987 I MainActivity: onGatewayFrame: frame seq=2104 egoSpeed=6.9377975 pts=0 intervention=false warning=false braking=true lifecycle=released_verified_stop range=null bearing=null rss=15.959904
         1788689274.012  3954  3987 I AebsFrameSubscriber: onMessagesAvailable callback
         1788689274.012  3954  3987 I AebsFrameSubscriber: readNextMessages count=1
         1788689274.012  3954  3987 I MainActivity: onGatewayFrame: frame seq=2105 egoSpeed=6.9377975 pts=0 intervention=false warning=false braking=true lifecycle=released_verified_stop range=null bearing=null rss=15.959904
         1788689274.112  3954  3987 I AebsFrameSubscriber: onMessagesAvailable callback
         1788689274.112  3954  3987 I AebsFrameSubscriber: readNextMessages count=1
         1788689274.112  3954  3987 I MainActivity: onGatewayFrame: frame seq=2106 egoSpeed=6.9377975 pts=0 intervention=false warning=false braking=true lifecycle=released_verified_stop range=null bearing=null rss=15.959904
         1788689274.211  3954  3987 I AebsFrameSubscriber: onMessagesAvailable callback
         1788689274.212  3954  3987 I AebsFrameSubscriber: readNextMessages count=1
         1788689274.212  3954  3987 I MainActivity: onGatewayFrame: frame seq=2107 egoSpeed=6.9377975 pts=0 intervention=false warning=false braking=true lifecycle=released_verified_stop range=null bearing=null rss=15.959904
         1788689274.311  3954  3987 I AebsFrameSubscriber: onMessagesAvailable callback
         1788689274.312  3954  3987 I AebsFrameSubscriber: readNextMessages count=1
         1788689274.312  3954  3987 I MainActivity: onGatewayFrame: frame seq=2108 egoSpeed=6.9377975 pts=0 intervention=false warning=false braking=true lifecycle=released_verified_stop range=null bearing=null rss=15.959904
         1788689274.411  3954  3987 I AebsFrameSubscriber: onMessagesAvailable callback
         1788689274.412  3954  3987 I AebsFrameSubscriber: readNextMessages count=1
         1788689274.412  3954  3987 I MainActivity: onGatewayFrame: frame seq=2109 egoSpeed=6.9377975 pts=0 intervention=false warning=false braking=true lifecycle=released_verified_stop range=null bearing=null rss=15.959904
         1788689274.511  3954  3987 I AebsFrameSubscriber: onMessagesAvailable callback
         1788689274.512  3954  3987 I AebsFrameSubscriber: readNextMessages count=1
         1788689274.512  3954  3987 I MainActivity: onGatewayFrame: frame seq=2110 egoSpeed=6.9377975 pts=0 intervention=false warning=false braking=true lifecycle=released_verified_stop range=null bearing=null rss=15.959904
         1788689274.612  3954  3987 I AebsFrameSubscriber: onMessagesAvailable callback
         1788689274.612  3954  3987 I AebsFrameSubscriber: readNextMessages count=1
         1788689274.612  3954  3987 I MainActivity: onGatewayFrame: frame seq=2111 egoSpeed=6.9377975 pts=0 intervention=false warning=false braking=true lifecycle=released_verified_stop range=null bearing=null rss=15.959904
         1788689274.711  3954  3987 I AebsFrameSubscriber: onMessagesAvailable callback
         1788689274.712  3954  3987 I AebsFrameSubscriber: readNextMessages count=1
         1788689274.712  3954  3987 I MainActivity: onGatewayFrame: frame seq=2112 egoSpeed=6.9377975 pts=0 intervention=false warning=false braking=true lifecycle=released_verified_stop range=null bearing=null rss=15.959904
         1788689274.811  3954  3987 I AebsFrameSubscriber: onMessagesAvailable callback
         1788689274.812  3954  3987 I AebsFrameSubscriber: readNextMessages count=1
         1788689274.812  3954  3987 I MainActivity: onGatewayFrame: frame seq=2113 egoSpeed=6.9377975 pts=0 intervention=false warning=false braking=true lifecycle=released_verified_stop range=null bearing=null rss=15.959904
         1788689274.911  3954  3987 I AebsFrameSubscriber: onMessagesAvailable callback
         1788689274.912  3954  3987 I AebsFrameSubscriber: readNextMessages count=1
         1788689274.912  3954  3987 I MainActivity: onGatewayFrame: frame seq=2114 egoSpeed=6.9377975 pts=0 intervention=false warning=false braking=true lifecycle=released_verified_stop range=null bearing=null rss=15.959904
         1788689275.011  3954  3987 I AebsFrameSubscriber: onMessagesAvailable callback
         1788689275.012  3954  3987 I AebsFrameSubscriber: readNextMessages count=1
         1788689275.012  3954  3987 I MainActivity: onGatewayFrame: frame seq=2115 egoSpeed=6.9377975 pts=0 intervention=false warning=false braking=true lifecycle=released_verified_stop range=null bearing=null rss=15.959904
         1788689275.111  3954  3987 I AebsFrameSubscriber: onMessagesAvailable callback
         1788689275.112  3954  3987 I AebsFrameSubscriber: readNextMessages count=1
         1788689275.112  3954  3987 I MainActivity: onGatewayFrame: frame seq=2116 egoSpeed=6.9377975 pts=0 intervention=false warning=false braking=true lifecycle=released_verified_stop range=null bearing=null rss=15.959904
         1788689275.211  3954  3987 I AebsFrameSubscriber: onMessagesAvailable callback
         1788689275.212  3954  3987 I AebsFrameSubscriber: readNextMessages count=1
         1788689275.212  3954  3987 I MainActivity: onGatewayFrame: frame seq=2117 egoSpeed=6.9377975 pts=0 intervention=false warning=false braking=true lifecycle=released_verified_stop range=null bearing=null rss=15.959904
         1788689275.311  3954  3987 I AebsFrameSubscriber: onMessagesAvailable callback
         1788689275.312  3954  3987 I AebsFrameSubscriber: readNextMessages count=1
         1788689275.312  3954  3987 I MainActivity: onGatewayFrame: frame seq=2118 egoSpeed=6.9377975 pts=0 intervention=false warning=false braking=true lifecycle=released_verified_stop range=null bearing=null rss=15.959904
         1788689275.411  3954  3987 I AebsFrameSubscriber: onMessagesAvailable callback
         1788689275.411  3954  3987 I AebsFrameSubscriber: readNextMessages count=1
         1788689275.412  3954  3987 I MainActivity: onGatewayFrame: frame seq=2119 egoSpeed=6.9377975 pts=0 intervention=false warning=false braking=true lifecycle=released_verified_stop range=null bearing=null rss=15.959904
         1788689275.511  3954  3987 I AebsFrameSubscriber: onMessagesAvailable callback
         1788689275.511  3954  3987 I AebsFrameSubscriber: readNextMessages count=1
         1788689275.512  3954  3987 I MainActivity: onGatewayFrame: frame seq=2120 egoSpeed=6.9377975 pts=0 intervention=false warning=false braking=true lifecycle=released_verified_stop range=null bearing=null rss=15.959904
         1788689275.611  3954  3987 I AebsFrameSubscriber: onMessagesAvailable callback
         1788689275.611  3954  3987 I AebsFrameSubscriber: readNextMessages count=1
         1788689275.612  3954  3987 I MainActivity: onGatewayFrame: frame seq=2121 egoSpeed=6.9377975 pts=0 intervention=false warning=false braking=true lifecycle=released_verified_stop range=null bearing=null rss=15.959904
         1788689275.711  3954  3987 I AebsFrameSubscriber: onMessagesAvailable callback
         1788689275.712  3954  3987 I AebsFrameSubscriber: readNextMessages count=1
         1788689275.712  3954  3987 I MainActivity: onGatewayFrame: frame seq=2122 egoSpeed=6.9377975 pts=0 intervention=false warning=false braking=true lifecycle=released_verified_stop range=null bearing=null rss=15.959904
         1788689275.811  3954  3987 I AebsFrameSubscriber: onMessagesAvailable callback
         1788689275.811  3954  3987 I AebsFrameSubscriber: readNextMessages count=1
         1788689275.812  3954  3987 I MainActivity: onGatewayFrame: frame seq=2123 egoSpeed=6.9377975 pts=0 intervention=false warning=false braking=true lifecycle=released_verified_stop range=null bearing=null rss=15.959904
         1788689275.911  3954  3987 I AebsFrameSubscriber: onMessagesAvailable callback
         1788689275.911  3954  3987 I AebsFrameSubscriber: readNextMessages count=1
         1788689275.912  3954  3987 I MainActivity: onGatewayFrame: frame seq=2124 egoSpeed=6.9377975 pts=0 intervention=false warning=false braking=true lifecycle=released_verified_stop range=null bearing=null rss=15.959904
         1788689276.011  3954  3987 I AebsFrameSubscriber: onMessagesAvailable callback
         1788689276.011  3954  3987 I AebsFrameSubscriber: readNextMessages count=1
         1788689276.012  3954  3987 I MainActivity: onGatewayFrame: frame seq=2125 egoSpeed=6.9377975 pts=0 intervention=false warning=false braking=true lifecycle=released_verified_stop range=null bearing=null rss=15.959904
         1788689276.111  3954  3987 I AebsFrameSubscriber: onMessagesAvailable callback
         1788689276.111  3954  3987 I AebsFrameSubscriber: readNextMessages count=1
         1788689276.112  3954  3987 I MainActivity: onGatewayFrame: frame seq=2126 egoSpeed=6.9377975 pts=0 intervention=false warning=false braking=true lifecycle=released_verified_stop range=null bearing=null rss=15.959904
         1788689276.211  3954  3987 I AebsFrameSubscriber: onMessagesAvailable callback
         1788689276.211  3954  3987 I AebsFrameSubscriber: readNextMessages count=1
         1788689276.211  3954  3987 I MainActivity: onGatewayFrame: frame seq=2127 egoSpeed=6.9377975 pts=0 intervention=false warning=false braking=true lifecycle=released_verified_stop range=null bearing=null rss=15.959904
         1788689276.311  3954  3987 I AebsFrameSubscriber: onMessagesAvailable callback
         1788689276.311  3954  3987 I AebsFrameSubscriber: readNextMessages count=1
         1788689276.311  3954  3987 I MainActivity: onGatewayFrame: frame seq=2128 egoSpeed=6.9377975 pts=0 intervention=false warning=false braking=true lifecycle=released_verified_stop range=null bearing=null rss=15.959904
         1788689276.411  3954  3987 I AebsFrameSubscriber: onMessagesAvailable callback
         1788689276.411  3954  3987 I AebsFrameSubscriber: readNextMessages count=1
         1788689276.412  3954  3987 I MainActivity: onGatewayFrame: frame seq=2129 egoSpeed=6.9377975 pts=0 intervention=false warning=false braking=true lifecycle=released_verified_stop range=null bearing=null rss=15.959904
         1788689276.511  3954  3987 I AebsFrameSubscriber: onMessagesAvailable callback
         1788689276.511  3954  3987 I AebsFrameSubscriber: readNextMessages count=1
         1788689276.512  3954  3987 I MainActivity: onGatewayFrame: frame seq=2130 egoSpeed=6.9377975 pts=0 intervention=false warning=false braking=true lifecycle=released_verified_stop range=null bearing=null rss=15.959904
         1788689276.611  3954  3987 I AebsFrameSubscriber: onMessagesAvailable callback
         1788689276.611  3954  3987 I AebsFrameSubscriber: readNextMessages count=1
         1788689276.611  3954  3987 I MainActivity: onGatewayFrame: frame seq=2131 egoSpeed=6.9377975 pts=0 intervention=false warning=false braking=true lifecycle=released_verified_stop range=null bearing=null rss=15.959904
         1788689276.711  3954  3987 I AebsFrameSubscriber: onMessagesAvailable callback
         1788689276.711  3954  3987 I AebsFrameSubscriber: readNextMessages count=1
         1788689276.712  3954  3987 I MainActivity: onGatewayFrame: frame seq=2132 egoSpeed=6.9377975 pts=0 intervention=false warning=false braking=true lifecycle=released_verified_stop range=null bearing=null rss=15.959904
         1788689276.811  3954  3987 I AebsFrameSubscriber: onMessagesAvailable callback
         1788689276.811  3954  3987 I AebsFrameSubscriber: readNextMessages count=1
         1788689276.811  3954  3987 I MainActivity: onGatewayFrame: frame seq=2133 egoSpeed=6.9377975 pts=0 intervention=false warning=false braking=true lifecycle=released_verified_stop range=null bearing=null rss=15.959904
         1788689276.911  3954  3987 I AebsFrameSubscriber: onMessagesAvailable callback
         1788689276.912  3954  3987 I AebsFrameSubscriber: readNextMessages count=1
         1788689276.912  3954  3987 I MainActivity: onGatewayFrame: frame seq=2134 egoSpeed=6.9377975 pts=0 intervention=false warning=false braking=true lifecycle=released_verified_stop range=null bearing=null rss=15.959904
         1788689277.011  3954  3987 I AebsFrameSubscriber: onMessagesAvailable callback
         1788689277.011  3954  3987 I AebsFrameSubscriber: readNextMessages count=1
         1788689277.011  3954  3987 I MainActivity: onGatewayFrame: frame seq=2135 egoSpeed=6.9377975 pts=0 intervention=false warning=false braking=true lifecycle=released_verified_stop range=null bearing=null rss=15.959904
         1788689277.111  3954  3987 I AebsFrameSubscriber: onMessagesAvailable callback
         1788689277.112  3954  3987 I AebsFrameSubscriber: readNextMessages count=1
         1788689277.112  3954  3987 I MainActivity: onGatewayFrame: frame seq=2136 egoSpeed=6.9377975 pts=0 intervention=false warning=false braking=true lifecycle=released_verified_stop range=null bearing=null rss=15.959904
         1788689277.211  3954  3987 I AebsFrameSubscriber: onMessagesAvailable callback
         1788689277.212  3954  3987 I AebsFrameSubscriber: readNextMessages count=1
         1788689277.212  3954  3987 I MainActivity: onGatewayFrame: frame seq=2137 egoSpeed=6.9377975 pts=0 intervention=false warning=false braking=true lifecycle=released_verified_stop range=null bearing=null rss=15.959904
         1788689277.311  3954  3987 I AebsFrameSubscriber: onMessagesAvailable callback
         1788689277.311  3954  3987 I AebsFrameSubscriber: readNextMessages count=1
         1788689277.312  3954  3987 I MainActivity: onGatewayFrame: frame seq=2138 egoSpeed=6.9377975 pts=0 intervention=false warning=false braking=true lifecycle=released_verified_stop range=null bearing=null rss=15.959904
         1788689277.411  3954  3987 I AebsFrameSubscriber: onMessagesAvailable callback
         1788689277.412  3954  3987 I AebsFrameSubscriber: readNextMessages count=1
         1788689277.412  3954  3987 I MainActivity: onGatewayFrame: frame seq=2139 egoSpeed=6.9377975 pts=0 intervention=false warning=false braking=true lifecycle=released_verified_stop range=null bearing=null rss=15.959904
         1788689277.638  3954  3987 I AebsFrameSubscriber: readNextMessages count=2
         1788689277.638  3954  3987 I MainActivity: onGatewayFrame: frame seq=2140 egoSpeed=6.9377975 pts=0 intervention=false warning=false braking=true lifecycle=released_verified_stop range=null bearing=null rss=15.959904
         1788689277.638  3954  3987 I MainActivity: onGatewayFrame: frame seq=2141 egoSpeed=6.9377975 pts=0 intervention=false warning=false braking=true lifecycle=released_verified_stop range=null bearing=null rss=15.959904
         1788689277.638  3954  3987 I AebsFrameSubscriber: onMessagesAvailable callback
         1788689277.638  3954  3987 I AebsFrameSubscriber: onMessagesAvailable callback
         1788689277.711  3954  3987 I AebsFrameSubscriber: onMessagesAvailable callback
         1788689277.711  3954  3987 I AebsFrameSubscriber: readNextMessages count=1
         1788689277.711  3954  3987 I MainActivity: onGatewayFrame: frame seq=2142 egoSpeed=6.9377975 pts=0 intervention=false warning=false braking=true lifecycle=released_verified_stop range=null bearing=null rss=15.959904
         1788689277.811  3954  3987 I AebsFrameSubscriber: onMessagesAvailable callback
         1788689277.811  3954  3987 I AebsFrameSubscriber: readNextMessages count=1
         1788689277.811  3954  3987 I MainActivity: onGatewayFrame: frame seq=2143 egoSpeed=6.9377975 pts=0 intervention=false warning=false braking=true lifecycle=released_verified_stop range=null bearing=null rss=15.959904
         1788689277.911  3954  3987 I AebsFrameSubscriber: onMessagesAvailable callback
         1788689277.911  3954  3987 I AebsFrameSubscriber: readNextMessages count=1
         1788689277.911  3954  3987 I MainActivity: onGatewayFrame: frame seq=2144 egoSpeed=6.9377975 pts=0 intervention=false warning=false braking=true lifecycle=released_verified_stop range=null bearing=null rss=15.959904
         1788689278.011  3954  3987 I AebsFrameSubscriber: onMessagesAvailable callback
         1788689278.011  3954  3987 I AebsFrameSubscriber: readNextMessages count=1
         1788689278.011  3954  3987 I MainActivity: onGatewayFrame: frame seq=2145 egoSpeed=6.9377975 pts=0 intervention=false warning=false braking=true lifecycle=released_verified_stop range=null bearing=null rss=15.959904
         1788689278.111  3954  3987 I AebsFrameSubscriber: onMessagesAvailable callback
         1788689278.111  3954  3987 I AebsFrameSubscriber: readNextMessages count=1
         1788689278.111  3954  3987 I MainActivity: onGatewayFrame: frame seq=2146 egoSpeed=6.9377975 pts=0 intervention=false warning=false braking=true lifecycle=released_verified_stop range=null bearing=null rss=15.959904
         1788689278.211  3954  3987 I AebsFrameSubscriber: onMessagesAvailable callback
         1788689278.211  3954  3987 I AebsFrameSubscriber: readNextMessages count=1
         1788689278.211  3954  3987 I MainActivity: onGatewayFrame: frame seq=2147 egoSpeed=6.9377975 pts=0 intervention=false warning=false braking=true lifecycle=released_verified_stop range=null bearing=null rss=15.959904
         1788689278.311  3954  3987 I AebsFrameSubscriber: onMessagesAvailable callback
         1788689278.311  3954  3987 I AebsFrameSubscriber: readNextMessages count=1
         1788689278.311  3954  3987 I MainActivity: onGatewayFrame: frame seq=2148 egoSpeed=6.9377975 pts=0 intervention=false warning=false braking=true lifecycle=released_verified_stop range=null bearing=null rss=15.959904
         1788689278.411  3954  3987 I AebsFrameSubscriber: onMessagesAvailable callback
         1788689278.411  3954  3987 I AebsFrameSubscriber: readNextMessages count=1
         1788689278.411  3954  3987 I MainActivity: onGatewayFrame: frame seq=2149 egoSpeed=6.9377975 pts=0 intervention=false warning=false braking=true lifecycle=released_verified_stop range=null bearing=null rss=15.959904
         1788689278.511  3954  3987 I AebsFrameSubscriber: onMessagesAvailable callback
         1788689278.511  3954  3987 I AebsFrameSubscriber: readNextMessages count=1
         1788689278.511  3954  3987 I MainActivity: onGatewayFrame: frame seq=2150 egoSpeed=6.9377975 pts=0 intervention=false warning=false braking=true lifecycle=released_verified_stop range=null bearing=null rss=15.959904
         1788689278.611  3954  3987 I AebsFrameSubscriber: onMessagesAvailable callback
         1788689278.611  3954  3987 I AebsFrameSubscriber: readNextMessages count=1
         1788689278.611  3954  3987 I MainActivity: onGatewayFrame: frame seq=2151 egoSpeed=6.9377975 pts=0 intervention=false warning=false braking=true lifecycle=released_verified_stop range=null bearing=null rss=15.959904
         1788689278.711  3954  3987 I AebsFrameSubscriber: onMessagesAvailable callback
         1788689278.711  3954  3987 I AebsFrameSubscriber: readNextMessages count=1
         1788689278.711  3954  3987 I MainActivity: onGatewayFrame: frame seq=2152 egoSpeed=6.9377975 pts=0 intervention=false warning=false braking=true lifecycle=released_verified_stop range=null bearing=null rss=15.959904
         1788689278.812  3954  3987 I AebsFrameSubscriber: onMessagesAvailable callback
         1788689278.812  3954  3987 I AebsFrameSubscriber: readNextMessages count=1
         1788689278.812  3954  3987 I MainActivity: onGatewayFrame: frame seq=2153 egoSpeed=6.9377975 pts=0 intervention=false warning=false braking=true lifecycle=released_verified_stop range=null bearing=null rss=15.959904
         1788689278.911  3954  3987 I AebsFrameSubscriber: onMessagesAvailable callback
         1788689278.911  3954  3987 I AebsFrameSubscriber: readNextMessages count=1
         1788689278.911  3954  3987 I MainActivity: onGatewayFrame: frame seq=2154 egoSpeed=6.9377975 pts=0 intervention=false warning=false braking=true lifecycle=released_verified_stop range=null bearing=null rss=15.959904
         1788689279.011  3954  3987 I AebsFrameSubscriber: onMessagesAvailable callback
         1788689279.011  3954  3987 I AebsFrameSubscriber: readNextMessages count=1
         1788689279.011  3954  3987 I MainActivity: onGatewayFrame: frame seq=2155 egoSpeed=6.9377975 pts=0 intervention=false warning=false braking=true lifecycle=released_verified_stop range=null bearing=null rss=15.959904
         1788689279.111  3954  3987 I AebsFrameSubscriber: onMessagesAvailable callback
         1788689279.111  3954  3987 I AebsFrameSubscriber: readNextMessages count=1
         1788689279.111  3954  3987 I MainActivity: onGatewayFrame: frame seq=2156 egoSpeed=6.9377975 pts=0 intervention=false warning=false braking=true lifecycle=released_verified_stop range=null bearing=null rss=15.959904
         1788689279.211  3954  3987 I AebsFrameSubscriber: onMessagesAvailable callback
         1788689279.211  3954  3987 I AebsFrameSubscriber: readNextMessages count=1
         1788689279.211  3954  3987 I MainActivity: onGatewayFrame: frame seq=2157 egoSpeed=6.9377975 pts=0 intervention=false warning=false braking=true lifecycle=released_verified_stop range=null bearing=null rss=15.959904
         1788689279.311  3954  3987 I AebsFrameSubscriber: onMessagesAvailable callback
         1788689279.311  3954  3987 I AebsFrameSubscriber: readNextMessages count=1
         1788689279.311  3954  3987 I MainActivity: onGatewayFrame: frame seq=2158 egoSpeed=6.9377975 pts=0 intervention=false warning=false braking=true lifecycle=released_verified_stop range=null bearing=null rss=15.959904
         1788689279.411  3954  3987 I AebsFrameSubscriber: onMessagesAvailable callback
         1788689279.411  3954  3987 I AebsFrameSubscriber: readNextMessages count=1
         1788689279.411  3954  3987 I MainActivity: onGatewayFrame: frame seq=2159 egoSpeed=6.9377975 pts=0 intervention=false warning=false braking=true lifecycle=released_verified_stop range=null bearing=null rss=15.959904
         1788689279.511  3954  3987 I AebsFrameSubscriber: onMessagesAvailable callback
         1788689279.511  3954  3987 I AebsFrameSubscriber: readNextMessages count=1
         1788689279.511  3954  3987 I MainActivity: onGatewayFrame: frame seq=2160 egoSpeed=6.9377975 pts=0 intervention=false warning=false braking=true lifecycle=released_verified_stop range=null bearing=null rss=15.959904
         1788689279.611  3954  3987 I AebsFrameSubscriber: onMessagesAvailable callback
         1788689279.611  3954  3987 I AebsFrameSubscriber: readNextMessages count=1
         1788689279.611  3954  3987 I MainActivity: onGatewayFrame: frame seq=2161 egoSpeed=6.9377975 pts=0 intervention=false warning=false braking=true lifecycle=released_verified_stop range=null bearing=null rss=15.959904
         1788689279.711  3954  3987 I AebsFrameSubscriber: onMessagesAvailable callback
         1788689279.711  3954  3987 I AebsFrameSubscriber: readNextMessages count=1
         1788689279.711  3954  3987 I MainActivity: onGatewayFrame: frame seq=2162 egoSpeed=6.9377975 pts=0 intervention=false warning=false braking=true lifecycle=released_verified_stop range=null bearing=null rss=15.959904
         1788689279.811  3954  3987 I AebsFrameSubscriber: onMessagesAvailable callback
         1788689279.811  3954  3987 I AebsFrameSubscriber: readNextMessages count=1
         1788689279.811  3954  3987 I MainActivity: onGatewayFrame: frame seq=2163 egoSpeed=6.9377975 pts=0 intervention=false warning=false braking=true lifecycle=released_verified_stop range=null bearing=null rss=15.959904
         1788689279.910  3954  3987 I AebsFrameSubscriber: onMessagesAvailable callback
         1788689279.911  3954  3987 I AebsFrameSubscriber: readNextMessages count=1
         1788689279.911  3954  3987 I MainActivity: onGatewayFrame: frame seq=2164 egoSpeed=6.9377975 pts=0 intervention=false warning=false braking=true lifecycle=released_verified_stop range=null bearing=null rss=15.959904
         1788689280.011  3954  3987 I AebsFrameSubscriber: onMessagesAvailable callback
         1788689280.011  3954  3987 I AebsFrameSubscriber: readNextMessages count=1
         1788689280.011  3954  3987 I MainActivity: onGatewayFrame: frame seq=2165 egoSpeed=6.9377975 pts=0 intervention=false warning=false braking=true lifecycle=released_verified_stop range=null bearing=null rss=15.959904
         1788689280.111  3954  3987 I AebsFrameSubscriber: onMessagesAvailable callback
         1788689280.111  3954  3987 I AebsFrameSubscriber: readNextMessages count=1
         1788689280.111  3954  3987 I MainActivity: onGatewayFrame: frame seq=2166 egoSpeed=6.9377975 pts=0 intervention=false warning=false braking=true lifecycle=released_verified_stop range=null bearing=null rss=15.959904
         1788689280.210  3954  3987 I AebsFrameSubscriber: onMessagesAvailable callback
         1788689280.211  3954  3987 I AebsFrameSubscriber: readNextMessages count=1
         1788689280.211  3954  3987 I MainActivity: onGatewayFrame: frame seq=2167 egoSpeed=6.9377975 pts=0 intervention=false warning=false braking=true lifecycle=released_verified_stop range=null bearing=null rss=15.959904
         1788689280.310  3954  3987 I AebsFrameSubscriber: onMessagesAvailable callback
         1788689280.311  3954  3987 I AebsFrameSubscriber: readNextMessages count=1
         1788689280.311  3954  3987 I MainActivity: onGatewayFrame: frame seq=2168 egoSpeed=6.9377975 pts=0 intervention=false warning=false braking=true lifecycle=released_verified_stop range=null bearing=null rss=15.959904
         1788689280.411  3954  3987 I AebsFrameSubscriber: onMessagesAvailable callback
         1788689280.411  3954  3987 I AebsFrameSubscriber: readNextMessages count=1
         1788689280.411  3954  3987 I MainActivity: onGatewayFrame: frame seq=2169 egoSpeed=6.9377975 pts=0 intervention=false warning=false braking=true lifecycle=released_verified_stop range=null bearing=null rss=15.959904
         1788689280.510  3954  3987 I AebsFrameSubscriber: onMessagesAvailable callback
         1788689280.511  3954  3987 I AebsFrameSubscriber: readNextMessages count=1
         1788689280.511  3954  3987 I MainActivity: onGatewayFrame: frame seq=2170 egoSpeed=6.9377975 pts=0 intervention=false warning=false braking=true lifecycle=released_verified_stop range=null bearing=null rss=15.959904
         1788689280.611  3954  3987 I AebsFrameSubscriber: onMessagesAvailable callback
         1788689280.611  3954  3987 I AebsFrameSubscriber: readNextMessages count=1
         1788689280.611  3954  3987 I MainActivity: onGatewayFrame: frame seq=2171 egoSpeed=6.9377975 pts=0 intervention=false warning=false braking=true lifecycle=released_verified_stop range=null bearing=null rss=15.959904
         1788689280.711  3954  3987 I AebsFrameSubscriber: onMessagesAvailable callback
         1788689280.711  3954  3987 I AebsFrameSubscriber: readNextMessages count=1
         1788689280.712  3954  3987 I MainActivity: onGatewayFrame: frame seq=2172 egoSpeed=6.9377975 pts=0 intervention=false warning=false braking=true lifecycle=released_verified_stop range=null bearing=null rss=15.959904
         1788689280.811  3954  3987 I AebsFrameSubscriber: onMessagesAvailable callback
         1788689280.811  3954  3987 I AebsFrameSubscriber: readNextMessages count=1
         1788689280.811  3954  3987 I MainActivity: onGatewayFrame: frame seq=2173 egoSpeed=6.9377975 pts=0 intervention=false warning=false braking=true lifecycle=released_verified_stop range=null bearing=null rss=15.959904
         1788689280.911  3954  3987 I AebsFrameSubscriber: onMessagesAvailable callback
         1788689280.912  3954  3987 I AebsFrameSubscriber: readNextMessages count=1
         1788689280.912  3954  3987 I MainActivity: onGatewayFrame: frame seq=2174 egoSpeed=6.9377975 pts=0 intervention=false warning=false braking=true lifecycle=released_verified_stop range=null bearing=null rss=15.959904
         1788689281.011  3954  3987 I AebsFrameSubscriber: onMessagesAvailable callback
         1788689281.011  3954  3987 I AebsFrameSubscriber: readNextMessages count=1
         1788689281.012  3954  3987 I MainActivity: onGatewayFrame: frame seq=2175 egoSpeed=6.9377975 pts=0 intervention=false warning=false braking=true lifecycle=released_verified_stop range=null bearing=null rss=15.959904
         1788689281.111  3954  3987 I AebsFrameSubscriber: onMessagesAvailable callback
         1788689281.111  3954  3987 I AebsFrameSubscriber: readNextMessages count=1
         1788689281.111  3954  3987 I MainActivity: onGatewayFrame: frame seq=2176 egoSpeed=6.9377975 pts=0 intervention=false warning=false braking=true lifecycle=released_verified_stop range=null bearing=null rss=15.959904
         1788689281.211  3954  3987 I AebsFrameSubscriber: onMessagesAvailable callback
         1788689281.211  3954  3987 I AebsFrameSubscriber: readNextMessages count=1
         1788689281.211  3954  3987 I MainActivity: onGatewayFrame: frame seq=2177 egoSpeed=6.9377975 pts=0 intervention=false warning=false braking=true lifecycle=released_verified_stop range=null bearing=null rss=15.959904
         1788689281.310  3954  3987 I AebsFrameSubscriber: onMessagesAvailable callback
         1788689281.311  3954  3987 I AebsFrameSubscriber: readNextMessages count=1
         1788689281.311  3954  3987 I MainActivity: onGatewayFrame: frame seq=2178 egoSpeed=6.9377975 pts=0 intervention=false warning=false braking=true lifecycle=released_verified_stop range=null bearing=null rss=15.959904
         1788689281.523  3954  3987 I AebsFrameSubscriber: readNextMessages count=2
         1788689281.523  3954  3987 I MainActivity: onGatewayFrame: frame seq=2179 egoSpeed=6.9377975 pts=0 intervention=false warning=false braking=true lifecycle=released_verified_stop range=null bearing=null rss=15.959904
         1788689281.523  3954  3987 I MainActivity: onGatewayFrame: frame seq=2180 egoSpeed=6.9377975 pts=0 intervention=false warning=false braking=true lifecycle=released_verified_stop range=null bearing=null rss=15.959904
         1788689281.523  3954  3987 I AebsFrameSubscriber: onMessagesAvailable callback
         1788689281.523  3954  3987 I AebsFrameSubscriber: onMessagesAvailable callback
         1788689281.611  3954  3987 I AebsFrameSubscriber: onMessagesAvailable callback
         1788689281.611  3954  3987 I AebsFrameSubscriber: readNextMessages count=1
         1788689281.611  3954  3987 I MainActivity: onGatewayFrame: frame seq=2181 egoSpeed=6.9377975 pts=0 intervention=false warning=false braking=true lifecycle=released_verified_stop range=null bearing=null rss=15.959904
         1788689281.710  3954  3987 I AebsFrameSubscriber: onMessagesAvailable callback
         1788689281.711  3954  3987 I AebsFrameSubscriber: readNextMessages count=1
         1788689281.711  3954  3987 I MainActivity: onGatewayFrame: frame seq=2182 egoSpeed=6.9377975 pts=0 intervention=false warning=false braking=true lifecycle=released_verified_stop range=null bearing=null rss=15.959904
         1788689281.811  3954  3987 I AebsFrameSubscriber: onMessagesAvailable callback
         1788689281.811  3954  3987 I AebsFrameSubscriber: readNextMessages count=1
         1788689281.811  3954  3987 I MainActivity: onGatewayFrame: frame seq=2183 egoSpeed=6.9377975 pts=0 intervention=false warning=false braking=true lifecycle=released_verified_stop range=null bearing=null rss=15.959904
         1788689281.910  3954  3987 I AebsFrameSubscriber: onMessagesAvailable callback
         1788689281.911  3954  3987 I AebsFrameSubscriber: readNextMessages count=1
         1788689281.911  3954  3987 I MainActivity: onGatewayFrame: frame seq=2184 egoSpeed=6.9377975 pts=0 intervention=false warning=false braking=true lifecycle=released_verified_stop range=null bearing=null rss=15.959904
         1788689282.010  3954  3987 I AebsFrameSubscriber: onMessagesAvailable callback
         1788689282.011  3954  3987 I AebsFrameSubscriber: readNextMessages count=1
         1788689282.011  3954  3987 I MainActivity: onGatewayFrame: frame seq=2185 egoSpeed=6.9377975 pts=0 intervention=false warning=false braking=true lifecycle=released_verified_stop range=null bearing=null rss=15.959904
         1788689282.111  3954  3987 I AebsFrameSubscriber: onMessagesAvailable callback
         1788689282.111  3954  3987 I AebsFrameSubscriber: readNextMessages count=1
         1788689282.111  3954  3987 I MainActivity: onGatewayFrame: frame seq=2186 egoSpeed=6.9377975 pts=0 intervention=false warning=false braking=true lifecycle=released_verified_stop range=null bearing=null rss=15.959904
         1788689282.210  3954  3987 I AebsFrameSubscriber: onMessagesAvailable callback
         1788689282.211  3954  3987 I AebsFrameSubscriber: readNextMessages count=1
         1788689282.211  3954  3987 I MainActivity: onGatewayFrame: frame seq=2187 egoSpeed=6.9377975 pts=0 intervention=false warning=false braking=true lifecycle=released_verified_stop range=null bearing=null rss=15.959904
         1788689282.311  3954  3987 I AebsFrameSubscriber: onMessagesAvailable callback
         1788689282.311  3954  3987 I AebsFrameSubscriber: readNextMessages count=1
         1788689282.311  3954  3987 I MainActivity: onGatewayFrame: frame seq=2188 egoSpeed=6.9377975 pts=0 intervention=false warning=false braking=true lifecycle=released_verified_stop range=null bearing=null rss=15.959904
         1788689282.410  3954  3987 I AebsFrameSubscriber: onMessagesAvailable callback
         1788689282.411  3954  3987 I AebsFrameSubscriber: readNextMessages count=1
         1788689282.411  3954  3987 I MainActivity: onGatewayFrame: frame seq=2189 egoSpeed=6.9377975 pts=0 intervention=false warning=false braking=true lifecycle=released_verified_stop range=null bearing=null rss=15.959904
         1788689282.511  3954  3987 I AebsFrameSubscriber: onMessagesAvailable callback
         1788689282.511  3954  3987 I AebsFrameSubscriber: readNextMessages count=1
         1788689282.511  3954  3987 I MainActivity: onGatewayFrame: frame seq=2190 egoSpeed=6.9377975 pts=0 intervention=false warning=false braking=true lifecycle=released_verified_stop range=null bearing=null rss=15.959904
         1788689282.610  3954  3987 I AebsFrameSubscriber: onMessagesAvailable callback
         1788689282.611  3954  3987 I AebsFrameSubscriber: readNextMessages count=1
         1788689282.611  3954  3987 I MainActivity: onGatewayFrame: frame seq=2191 egoSpeed=6.9377975 pts=0 intervention=false warning=false braking=true lifecycle=released_verified_stop range=null bearing=null rss=15.959904
         1788689282.710  3954  3987 I AebsFrameSubscriber: onMessagesAvailable callback
         1788689282.711  3954  3987 I AebsFrameSubscriber: readNextMessages count=1
         1788689282.711  3954  3987 I MainActivity: onGatewayFrame: frame seq=2192 egoSpeed=6.9377975 pts=0 intervention=false warning=false braking=true lifecycle=released_verified_stop range=null bearing=null rss=15.959904
         1788689282.810  3954  3987 I AebsFrameSubscriber: onMessagesAvailable callback
         1788689282.811  3954  3987 I AebsFrameSubscriber: readNextMessages count=1
         1788689282.811  3954  3987 I MainActivity: onGatewayFrame: frame seq=2193 egoSpeed=6.9377975 pts=0 intervention=false warning=false braking=true lifecycle=released_verified_stop range=null bearing=null rss=15.959904
         1788689282.910  3954  3987 I AebsFrameSubscriber: onMessagesAvailable callback
         1788689282.911  3954  3987 I AebsFrameSubscriber: readNextMessages count=1
         1788689282.911  3954  3987 I MainActivity: onGatewayFrame: frame seq=2194 egoSpeed=6.9377975 pts=0 intervention=false warning=false braking=true lifecycle=released_verified_stop range=null bearing=null rss=15.959904
         1788689283.010  3954  3987 I AebsFrameSubscriber: onMessagesAvailable callback
         1788689283.011  3954  3987 I AebsFrameSubscriber: readNextMessages count=1
         1788689283.011  3954  3987 I MainActivity: onGatewayFrame: frame seq=2195 egoSpeed=6.9377975 pts=0 intervention=false warning=false braking=true lifecycle=released_verified_stop range=null bearing=null rss=15.959904
         1788689283.110  3954  3987 I AebsFrameSubscriber: onMessagesAvailable callback
         1788689283.111  3954  3987 I AebsFrameSubscriber: readNextMessages count=1
         1788689283.111  3954  3987 I MainActivity: onGatewayFrame: frame seq=2196 egoSpeed=6.9377975 pts=0 intervention=false warning=false braking=true lifecycle=released_verified_stop range=null bearing=null rss=15.959904
         1788689283.210  3954  3987 I AebsFrameSubscriber: onMessagesAvailable callback
         1788689283.211  3954  3987 I AebsFrameSubscriber: readNextMessages count=1
         1788689283.211  3954  3987 I MainActivity: onGatewayFrame: frame seq=2197 egoSpeed=6.9377975 pts=0 intervention=false warning=false braking=true lifecycle=released_verified_stop range=null bearing=null rss=15.959904
         1788689283.311  3954  3987 I AebsFrameSubscriber: onMessagesAvailable callback
         1788689283.311  3954  3987 I AebsFrameSubscriber: readNextMessages count=1
         1788689283.311  3954  3987 I MainActivity: onGatewayFrame: frame seq=2198 egoSpeed=6.9377975 pts=0 intervention=false warning=false braking=true lifecycle=released_verified_stop range=null bearing=null rss=15.959904
         1788689283.410  3954  3987 I AebsFrameSubscriber: onMessagesAvailable callback
         1788689283.411  3954  3987 I AebsFrameSubscriber: readNextMessages count=1
         1788689283.411  3954  3987 I MainActivity: onGatewayFrame: frame seq=2199 egoSpeed=6.9377975 pts=0 intervention=false warning=false braking=true lifecycle=released_verified_stop range=null bearing=null rss=15.959904
         1788689283.510  3954  3987 I AebsFrameSubscriber: onMessagesAvailable callback
         1788689283.511  3954  3987 I AebsFrameSubscriber: readNextMessages count=1
         1788689283.511  3954  3987 I MainActivity: onGatewayFrame: frame seq=2200 egoSpeed=6.9377975 pts=0 intervention=false warning=false braking=true lifecycle=released_verified_stop range=null bearing=null rss=15.959904
         1788689283.610  3954  3987 I AebsFrameSubscriber: onMessagesAvailable callback
         1788689283.611  3954  3987 I AebsFrameSubscriber: readNextMessages count=1
         1788689283.611  3954  3987 I MainActivity: onGatewayFrame: frame seq=2201 egoSpeed=6.9377975 pts=0 intervention=false warning=false braking=true lifecycle=released_verified_stop range=null bearing=null rss=15.959904
         1788689283.710  3954  3987 I AebsFrameSubscriber: onMessagesAvailable callback
         1788689283.711  3954  3987 I AebsFrameSubscriber: readNextMessages count=1
         1788689283.711  3954  3987 I MainActivity: onGatewayFrame: frame seq=2202 egoSpeed=6.9377975 pts=0 intervention=false warning=false braking=true lifecycle=released_verified_stop range=null bearing=null rss=15.959904
         1788689283.811  3954  3987 I AebsFrameSubscriber: onMessagesAvailable callback
         1788689283.811  3954  3987 I AebsFrameSubscriber: readNextMessages count=1
         1788689283.811  3954  3987 I MainActivity: onGatewayFrame: frame seq=2203 egoSpeed=6.9377975 pts=0 intervention=false warning=false braking=true lifecycle=released_verified_stop range=null bearing=null rss=15.959904
         1788689283.910  3954  3987 I AebsFrameSubscriber: onMessagesAvailable callback
         1788689283.911  3954  3987 I AebsFrameSubscriber: readNextMessages count=1
         1788689283.911  3954  3987 I MainActivity: onGatewayFrame: frame seq=2204 egoSpeed=6.9377975 pts=0 intervention=false warning=false braking=true lifecycle=released_verified_stop range=null bearing=null rss=15.959904
         1788689284.010  3954  3987 I AebsFrameSubscriber: onMessagesAvailable callback
         1788689284.011  3954  3987 I AebsFrameSubscriber: readNextMessages count=1
         1788689284.011  3954  3987 I MainActivity: onGatewayFrame: frame seq=2205 egoSpeed=6.9377975 pts=0 intervention=false warning=false braking=true lifecycle=released_verified_stop range=null bearing=null rss=15.959904
         1788689284.110  3954  3987 I AebsFrameSubscriber: onMessagesAvailable callback
         1788689284.110  3954  3987 I AebsFrameSubscriber: readNextMessages count=1
         1788689284.111  3954  3987 I MainActivity: onGatewayFrame: frame seq=2206 egoSpeed=6.9377975 pts=0 intervention=false warning=false braking=true lifecycle=released_verified_stop range=null bearing=null rss=15.959904
         1788689284.210  3954  3987 I AebsFrameSubscriber: onMessagesAvailable callback
         1788689284.211  3954  3987 I AebsFrameSubscriber: readNextMessages count=1
         1788689284.211  3954  3987 I MainActivity: onGatewayFrame: frame seq=2207 egoSpeed=6.9377975 pts=0 intervention=false warning=false braking=true lifecycle=released_verified_stop range=null bearing=null rss=15.959904
         1788689284.310  3954  3987 I AebsFrameSubscriber: onMessagesAvailable callback
         1788689284.311  3954  3987 I AebsFrameSubscriber: readNextMessages count=1
         1788689284.311  3954  3987 I MainActivity: onGatewayFrame: frame seq=2208 egoSpeed=6.9377975 pts=0 intervention=false warning=false braking=true lifecycle=released_verified_stop range=null bearing=null rss=15.959904
         1788689284.410  3954  3987 I AebsFrameSubscriber: onMessagesAvailable callback
         1788689284.411  3954  3987 I AebsFrameSubscriber: readNextMessages count=1
         1788689284.411  3954  3987 I MainActivity: onGatewayFrame: frame seq=2209 egoSpeed=6.9377975 pts=0 intervention=false warning=false braking=true lifecycle=released_verified_stop range=null bearing=null rss=15.959904
         1788689284.510  3954  3987 I AebsFrameSubscriber: onMessagesAvailable callback
         1788689284.510  3954  3987 I AebsFrameSubscriber: readNextMessages count=1
         1788689284.511  3954  3987 I MainActivity: onGatewayFrame: frame seq=2210 egoSpeed=6.9377975 pts=0 intervention=false warning=false braking=true lifecycle=released_verified_stop range=null bearing=null rss=15.959904
         1788689284.610  3954  3987 I AebsFrameSubscriber: onMessagesAvailable callback
         1788689284.611  3954  3987 I AebsFrameSubscriber: readNextMessages count=1
         1788689284.611  3954  3987 I MainActivity: onGatewayFrame: frame seq=2211 egoSpeed=6.9377975 pts=0 intervention=false warning=false braking=true lifecycle=released_verified_stop range=null bearing=null rss=15.959904
         1788689284.710  3954  3987 I AebsFrameSubscriber: onMessagesAvailable callback
         1788689284.711  3954  3987 I AebsFrameSubscriber: readNextMessages count=1
         1788689284.711  3954  3987 I MainActivity: onGatewayFrame: frame seq=2212 egoSpeed=6.9377975 pts=0 intervention=false warning=false braking=true lifecycle=released_verified_stop range=null bearing=null rss=15.959904
         1788689284.810  3954  3987 I AebsFrameSubscriber: onMessagesAvailable callback
         1788689284.811  3954  3987 I AebsFrameSubscriber: readNextMessages count=1
         1788689284.811  3954  3987 I MainActivity: onGatewayFrame: frame seq=2213 egoSpeed=6.9377975 pts=0 intervention=false warning=false braking=true lifecycle=released_verified_stop range=null bearing=null rss=15.959904
         1788689284.910  3954  3987 I AebsFrameSubscriber: onMessagesAvailable callback
         1788689284.911  3954  3987 I AebsFrameSubscriber: readNextMessages count=1
         1788689284.911  3954  3987 I MainActivity: onGatewayFrame: frame seq=2214 egoSpeed=6.9377975 pts=0 intervention=false warning=false braking=true lifecycle=released_verified_stop range=null bearing=null rss=15.959904
         1788689285.010  3954  3987 I AebsFrameSubscriber: onMessagesAvailable callback
         1788689285.011  3954  3987 I AebsFrameSubscriber: readNextMessages count=1
         1788689285.011  3954  3987 I MainActivity: onGatewayFrame: frame seq=2215 egoSpeed=6.9377975 pts=0 intervention=false warning=false braking=true lifecycle=released_verified_stop range=null bearing=null rss=15.959904
         1788689285.226  3954  3987 I AebsFrameSubscriber: readNextMessages count=2
         1788689285.226  3954  3987 I MainActivity: onGatewayFrame: frame seq=2216 egoSpeed=6.9377975 pts=0 intervention=false warning=false braking=true lifecycle=released_verified_stop range=null bearing=null rss=15.959904
         1788689285.226  3954  3987 I MainActivity: onGatewayFrame: frame seq=2217 egoSpeed=6.9377975 pts=0 intervention=false warning=false braking=true lifecycle=released_verified_stop range=null bearing=null rss=15.959904
         1788689285.226  3954  3987 I AebsFrameSubscriber: onMessagesAvailable callback
         1788689285.226  3954  3987 I AebsFrameSubscriber: onMessagesAvailable callback
         1788689285.310  3954  3987 I AebsFrameSubscriber: onMessagesAvailable callback
         1788689285.311  3954  3987 I AebsFrameSubscriber: readNextMessages count=1
         1788689285.311  3954  3987 I MainActivity: onGatewayFrame: frame seq=2218 egoSpeed=6.9377975 pts=0 intervention=false warning=false braking=true lifecycle=released_verified_stop range=null bearing=null rss=15.959904
         1788689285.410  3954  3987 I AebsFrameSubscriber: onMessagesAvailable callback
         1788689285.411  3954  3987 I AebsFrameSubscriber: readNextMessages count=1
         1788689285.411  3954  3987 I MainActivity: onGatewayFrame: frame seq=2219 egoSpeed=6.9377975 pts=0 intervention=false warning=false braking=true lifecycle=released_verified_stop range=null bearing=null rss=15.959904
         1788689285.510  3954  3987 I AebsFrameSubscriber: onMessagesAvailable callback
         1788689285.511  3954  3987 I AebsFrameSubscriber: readNextMessages count=1
         1788689285.511  3954  3987 I MainActivity: onGatewayFrame: frame seq=2220 egoSpeed=6.9377975 pts=0 intervention=false warning=false braking=true lifecycle=released_verified_stop range=null bearing=null rss=15.959904
         1788689285.610  3954  3987 I AebsFrameSubscriber: onMessagesAvailable callback
         1788689285.610  3954  3987 I AebsFrameSubscriber: readNextMessages count=1
         1788689285.611  3954  3987 I MainActivity: onGatewayFrame: frame seq=2221 egoSpeed=6.9377975 pts=0 intervention=false warning=false braking=true lifecycle=released_verified_stop range=null bearing=null rss=15.959904
         1788689285.710  3954  3987 I AebsFrameSubscriber: onMessagesAvailable callback
         1788689285.711  3954  3987 I AebsFrameSubscriber: readNextMessages count=1
         1788689285.711  3954  3987 I MainActivity: onGatewayFrame: frame seq=2222 egoSpeed=6.9377975 pts=0 intervention=false warning=false braking=true lifecycle=released_verified_stop range=null bearing=null rss=15.959904
         1788689285.810  3954  3987 I AebsFrameSubscriber: onMessagesAvailable callback
         1788689285.811  3954  3987 I AebsFrameSubscriber: readNextMessages count=1
         1788689285.811  3954  3987 I MainActivity: onGatewayFrame: frame seq=2223 egoSpeed=6.9377975 pts=0 intervention=false warning=false braking=true lifecycle=released_verified_stop range=null bearing=null rss=15.959904
         1788689285.910  3954  3987 I AebsFrameSubscriber: onMessagesAvailable callback
         1788689285.910  3954  3987 I AebsFrameSubscriber: readNextMessages count=1
         1788689285.911  3954  3987 I MainActivity: onGatewayFrame: frame seq=2224 egoSpeed=6.9377975 pts=0 intervention=false warning=false braking=true lifecycle=released_verified_stop range=null bearing=null rss=15.959904
         1788689286.010  3954  3987 I AebsFrameSubscriber: onMessagesAvailable callback
         1788689286.011  3954  3987 I AebsFrameSubscriber: readNextMessages count=1
         1788689286.011  3954  3987 I MainActivity: onGatewayFrame: frame seq=2225 egoSpeed=6.9377975 pts=0 intervention=false warning=false braking=true lifecycle=released_verified_stop range=null bearing=null rss=15.959904
         1788689286.110  3954  3987 I AebsFrameSubscriber: onMessagesAvailable callback
         1788689286.110  3954  3987 I AebsFrameSubscriber: readNextMessages count=1
         1788689286.110  3954  3987 I MainActivity: onGatewayFrame: frame seq=2226 egoSpeed=6.9377975 pts=0 intervention=false warning=false braking=true lifecycle=released_verified_stop range=null bearing=null rss=15.959904
         1788689286.210  3954  3987 I AebsFrameSubscriber: onMessagesAvailable callback
         1788689286.210  3954  3987 I AebsFrameSubscriber: readNextMessages count=1
         1788689286.210  3954  3987 I MainActivity: onGatewayFrame: frame seq=2227 egoSpeed=6.9377975 pts=0 intervention=false warning=false braking=true lifecycle=released_verified_stop range=null bearing=null rss=15.959904
         1788689286.310  3954  3987 I AebsFrameSubscriber: onMessagesAvailable callback
         1788689286.310  3954  3987 I AebsFrameSubscriber: readNextMessages count=1
         1788689286.311  3954  3987 I MainActivity: onGatewayFrame: frame seq=2228 egoSpeed=6.9377975 pts=0 intervention=false warning=false braking=true lifecycle=released_verified_stop range=null bearing=null rss=15.959904
         1788689286.410  3954  3987 I AebsFrameSubscriber: onMessagesAvailable callback
         1788689286.410  3954  3987 I AebsFrameSubscriber: readNextMessages count=1
         1788689286.410  3954  3987 I MainActivity: onGatewayFrame: frame seq=2229 egoSpeed=6.9377975 pts=0 intervention=false warning=false braking=true lifecycle=released_verified_stop range=null bearing=null rss=15.959904
         1788689286.510  3954  3987 I AebsFrameSubscriber: onMessagesAvailable callback
         1788689286.510  3954  3987 I AebsFrameSubscriber: readNextMessages count=1
         1788689286.510  3954  3987 I MainActivity: onGatewayFrame: frame seq=2230 egoSpeed=6.9377975 pts=0 intervention=false warning=false braking=true lifecycle=released_verified_stop range=null bearing=null rss=15.959904
         1788689286.610  3954  3987 I AebsFrameSubscriber: onMessagesAvailable callback
         1788689286.610  3954  3987 I AebsFrameSubscriber: readNextMessages count=1
         1788689286.610  3954  3987 I MainActivity: onGatewayFrame: frame seq=2231 egoSpeed=6.9377975 pts=0 intervention=false warning=false braking=true lifecycle=released_verified_stop range=null bearing=null rss=15.959904
         1788689286.710  3954  3987 I AebsFrameSubscriber: onMessagesAvailable callback
         1788689286.710  3954  3987 I AebsFrameSubscriber: readNextMessages count=1
         1788689286.710  3954  3987 I MainActivity: onGatewayFrame: frame seq=2232 egoSpeed=6.9377975 pts=0 intervention=false warning=false braking=true lifecycle=released_verified_stop range=null bearing=null rss=15.959904
         1788689286.810  3954  3987 I AebsFrameSubscriber: onMessagesAvailable callback
         1788689286.810  3954  3987 I AebsFrameSubscriber: readNextMessages count=1
         1788689286.810  3954  3987 I MainActivity: onGatewayFrame: frame seq=2233 egoSpeed=6.9377975 pts=0 intervention=false warning=false braking=true lifecycle=released_verified_stop range=null bearing=null rss=15.959904
         1788689286.910  3954  3987 I AebsFrameSubscriber: onMessagesAvailable callback
         1788689286.910  3954  3987 I AebsFrameSubscriber: readNextMessages count=1
         1788689286.910  3954  3987 I MainActivity: onGatewayFrame: frame seq=2234 egoSpeed=6.9377975 pts=0 intervention=false warning=false braking=true lifecycle=released_verified_stop range=null bearing=null rss=15.959904
         1788689287.010  3954  3987 I AebsFrameSubscriber: onMessagesAvailable callback
         1788689287.010  3954  3987 I AebsFrameSubscriber: readNextMessages count=1
         1788689287.010  3954  3987 I MainActivity: onGatewayFrame: frame seq=2235 egoSpeed=6.9377975 pts=0 intervention=false warning=false braking=true lifecycle=released_verified_stop range=null bearing=null rss=15.959904
         1788689287.110  3954  3987 I AebsFrameSubscriber: onMessagesAvailable callback
         1788689287.110  3954  3987 I AebsFrameSubscriber: readNextMessages count=1
         1788689287.110  3954  3987 I MainActivity: onGatewayFrame: frame seq=2236 egoSpeed=6.9377975 pts=0 intervention=false warning=false braking=true lifecycle=released_verified_stop range=null bearing=null rss=15.959904
         1788689287.210  3954  3987 I AebsFrameSubscriber: onMessagesAvailable callback
         1788689287.210  3954  3987 I AebsFrameSubscriber: readNextMessages count=1
         1788689287.210  3954  3987 I MainActivity: onGatewayFrame: frame seq=2237 egoSpeed=6.9377975 pts=0 intervention=false warning=false braking=true lifecycle=released_verified_stop range=null bearing=null rss=15.959904
         1788689287.310  3954  3987 I AebsFrameSubscriber: onMessagesAvailable callback
         1788689287.310  3954  3987 I AebsFrameSubscriber: readNextMessages count=1
         1788689287.310  3954  3987 I MainActivity: onGatewayFrame: frame seq=2238 egoSpeed=6.9377975 pts=0 intervention=false warning=false braking=true lifecycle=released_verified_stop range=null bearing=null rss=15.959904
         1788689287.410  3954  3987 I AebsFrameSubscriber: onMessagesAvailable callback
         1788689287.410  3954  3987 I AebsFrameSubscriber: readNextMessages count=1
         1788689287.410  3954  3987 I MainActivity: onGatewayFrame: frame seq=2239 egoSpeed=6.9377975 pts=0 intervention=false warning=false braking=true lifecycle=released_verified_stop range=null bearing=null rss=15.959904
         1788689287.510  3954  3987 I AebsFrameSubscriber: onMessagesAvailable callback
         1788689287.510  3954  3987 I AebsFrameSubscriber: readNextMessages count=1
         1788689287.510  3954  3987 I MainActivity: onGatewayFrame: frame seq=2240 egoSpeed=6.9377975 pts=0 intervention=false warning=false braking=true lifecycle=released_verified_stop range=null bearing=null rss=15.959904
         1788689287.610  3954  3987 I AebsFrameSubscriber: onMessagesAvailable callback
         1788689287.610  3954  3987 I AebsFrameSubscriber: readNextMessages count=1
         1788689287.610  3954  3987 I MainActivity: onGatewayFrame: frame seq=2241 egoSpeed=6.9377975 pts=0 intervention=false warning=false braking=true lifecycle=released_verified_stop range=null bearing=null rss=15.959904
         1788689287.710  3954  3987 I AebsFrameSubscriber: onMessagesAvailable callback
         1788689287.710  3954  3987 I AebsFrameSubscriber: readNextMessages count=1
         1788689287.710  3954  3987 I MainActivity: onGatewayFrame: frame seq=2242 egoSpeed=6.9377975 pts=0 intervention=false warning=false braking=true lifecycle=released_verified_stop range=null bearing=null rss=15.959904
         1788689287.810  3954  3987 I AebsFrameSubscriber: onMessagesAvailable callback
         1788689287.810  3954  3987 I AebsFrameSubscriber: readNextMessages count=1
         1788689287.810  3954  3987 I MainActivity: onGatewayFrame: frame seq=2243 egoSpeed=6.9377975 pts=0 intervention=false warning=false braking=true lifecycle=released_verified_stop range=null bearing=null rss=15.959904
         1788689287.910  3954  3987 I AebsFrameSubscriber: onMessagesAvailable callback
         1788689287.911  3954  3987 I AebsFrameSubscriber: readNextMessages count=1
         1788689287.911  3954  3987 I MainActivity: onGatewayFrame: frame seq=2244 egoSpeed=6.9377975 pts=0 intervention=false warning=false braking=true lifecycle=released_verified_stop range=null bearing=null rss=15.959904
         1788689288.010  3954  3987 I AebsFrameSubscriber: onMessagesAvailable callback
         1788689288.010  3954  3987 I AebsFrameSubscriber: readNextMessages count=1
         1788689288.010  3954  3987 I MainActivity: onGatewayFrame: frame seq=2245 egoSpeed=6.9377975 pts=0 intervention=false warning=false braking=true lifecycle=released_verified_stop range=null bearing=null rss=15.959904
         1788689288.110  3954  3987 I AebsFrameSubscriber: onMessagesAvailable callback
         1788689288.110  3954  3987 I AebsFrameSubscriber: readNextMessages count=1
         1788689288.110  3954  3987 I MainActivity: onGatewayFrame: frame seq=2246 egoSpeed=6.9377975 pts=0 intervention=false warning=false braking=true lifecycle=released_verified_stop range=null bearing=null rss=15.959904
         1788689288.210  3954  3987 I AebsFrameSubscriber: onMessagesAvailable callback
         1788689288.211  3954  3987 I AebsFrameSubscriber: readNextMessages count=1
         1788689288.211  3954  3987 I MainActivity: onGatewayFrame: frame seq=2247 egoSpeed=6.9377975 pts=0 intervention=false warning=false braking=true lifecycle=released_verified_stop range=null bearing=null rss=15.959904
         1788689288.310  3954  3987 I AebsFrameSubscriber: onMessagesAvailable callback
         1788689288.310  3954  3987 I AebsFrameSubscriber: readNextMessages count=1
         1788689288.310  3954  3987 I MainActivity: onGatewayFrame: frame seq=2248 egoSpeed=6.9377975 pts=0 intervention=false warning=false braking=true lifecycle=released_verified_stop range=null bearing=null rss=15.959904
         1788689288.410  3954  3987 I AebsFrameSubscriber: onMessagesAvailable callback
         1788689288.410  3954  3987 I AebsFrameSubscriber: readNextMessages count=1
         1788689288.410  3954  3987 I MainActivity: onGatewayFrame: frame seq=2249 egoSpeed=6.9377975 pts=0 intervention=false warning=false braking=true lifecycle=released_verified_stop range=null bearing=null rss=15.959904
         1788689288.510  3954  3987 I AebsFrameSubscriber: onMessagesAvailable callback
         1788689288.510  3954  3987 I AebsFrameSubscriber: readNextMessages count=1
         1788689288.510  3954  3987 I MainActivity: onGatewayFrame: frame seq=2250 egoSpeed=6.9377975 pts=0 intervention=false warning=false braking=true lifecycle=released_verified_stop range=null bearing=null rss=15.959904
         1788689288.610  3954  3987 I AebsFrameSubscriber: onMessagesAvailable callback
         1788689288.610  3954  3987 I AebsFrameSubscriber: readNextMessages count=1
         1788689288.610  3954  3987 I MainActivity: onGatewayFrame: frame seq=2251 egoSpeed=6.9377975 pts=0 intervention=false warning=false braking=true lifecycle=released_verified_stop range=null bearing=null rss=15.959904
         1788689288.710  3954  3987 I AebsFrameSubscriber: onMessagesAvailable callback
         1788689288.710  3954  3987 I AebsFrameSubscriber: readNextMessages count=1
         1788689288.711  3954  3987 I MainActivity: onGatewayFrame: frame seq=2252 egoSpeed=6.9377975 pts=0 intervention=false warning=false braking=true lifecycle=released_verified_stop range=null bearing=null rss=15.959904
         1788689288.810  3954  3987 I AebsFrameSubscriber: onMessagesAvailable callback
         1788689288.810  3954  3987 I AebsFrameSubscriber: readNextMessages count=1
         1788689288.810  3954  3987 I MainActivity: onGatewayFrame: frame seq=2253 egoSpeed=6.9377975 pts=0 intervention=false warning=false braking=true lifecycle=released_verified_stop range=null bearing=null rss=15.959904
         1788689288.910  3954  3987 I AebsFrameSubscriber: onMessagesAvailable callback
         1788689288.910  3954  3987 I AebsFrameSubscriber: readNextMessages count=1
         1788689288.910  3954  3987 I MainActivity: onGatewayFrame: frame seq=2254 egoSpeed=6.9377975 pts=0 intervention=false warning=false braking=true lifecycle=released_verified_stop range=null bearing=null rss=15.959904
         1788689289.010  3954  3987 I AebsFrameSubscriber: onMessagesAvailable callback
         1788689289.010  3954  3987 I AebsFrameSubscriber: readNextMessages count=1
         1788689289.010  3954  3987 I MainActivity: onGatewayFrame: frame seq=2255 egoSpeed=6.9377975 pts=0 intervention=false warning=false braking=true lifecycle=released_verified_stop range=null bearing=null rss=15.959904
         1788689289.110  3954  3987 I AebsFrameSubscriber: onMessagesAvailable callback
         1788689289.110  3954  3987 I AebsFrameSubscriber: readNextMessages count=1
         1788689289.110  3954  3987 I MainActivity: onGatewayFrame: frame seq=2256 egoSpeed=6.9377975 pts=0 intervention=false warning=false braking=true lifecycle=released_verified_stop range=null bearing=null rss=15.959904
         1788689289.230  3954  3987 I AebsFrameSubscriber: readNextMessages count=1
         1788689289.230  3954  3987 I MainActivity: onGatewayFrame: frame seq=2257 egoSpeed=6.9377975 pts=0 intervention=false warning=false braking=true lifecycle=released_verified_stop range=null bearing=null rss=15.959904
         1788689289.231  3954  3987 I AebsFrameSubscriber: onMessagesAvailable callback
         1788689289.310  3954  3987 I AebsFrameSubscriber: onMessagesAvailable callback
         1788689289.311  3954  3987 I AebsFrameSubscriber: readNextMessages count=1
         1788689289.311  3954  3987 I MainActivity: onGatewayFrame: frame seq=2258 egoSpeed=6.9377975 pts=0 intervention=false warning=false braking=true lifecycle=released_verified_stop range=null bearing=null rss=15.959904
         1788689289.410  3954  3987 I AebsFrameSubscriber: onMessagesAvailable callback
         1788689289.410  3954  3987 I AebsFrameSubscriber: readNextMessages count=1
         1788689289.410  3954  3987 I MainActivity: onGatewayFrame: frame seq=2259 egoSpeed=6.9377975 pts=0 intervention=false warning=false braking=true lifecycle=released_verified_stop range=null bearing=null rss=15.959904
         1788689289.510  3954  3987 I AebsFrameSubscriber: onMessagesAvailable callback
         1788689289.510  3954  3987 I AebsFrameSubscriber: readNextMessages count=1
         1788689289.510  3954  3987 I MainActivity: onGatewayFrame: frame seq=2260 egoSpeed=6.9377975 pts=0 intervention=false warning=false braking=true lifecycle=released_verified_stop range=null bearing=null rss=15.959904
         1788689289.610  3954  3987 I AebsFrameSubscriber: onMessagesAvailable callback
         1788689289.610  3954  3987 I AebsFrameSubscriber: readNextMessages count=1
         1788689289.610  3954  3987 I MainActivity: onGatewayFrame: frame seq=2261 egoSpeed=6.9377975 pts=0 intervention=false warning=false braking=true lifecycle=released_verified_stop range=null bearing=null rss=15.959904
         1788689289.710  3954  3987 I AebsFrameSubscriber: onMessagesAvailable callback
         1788689289.710  3954  3987 I AebsFrameSubscriber: readNextMessages count=1
         1788689289.711  3954  3987 I MainActivity: onGatewayFrame: frame seq=2262 egoSpeed=6.9377975 pts=0 intervention=false warning=false braking=true lifecycle=released_verified_stop range=null bearing=null rss=15.959904
         1788689289.810  3954  3987 I AebsFrameSubscriber: onMessagesAvailable callback
         1788689289.810  3954  3987 I AebsFrameSubscriber: readNextMessages count=1
         1788689289.810  3954  3987 I MainActivity: onGatewayFrame: frame seq=2263 egoSpeed=6.9377975 pts=0 intervention=false warning=false braking=true lifecycle=released_verified_stop range=null bearing=null rss=15.959904
         1788689289.910  3954  3987 I AebsFrameSubscriber: onMessagesAvailable callback
         1788689289.911  3954  3987 I AebsFrameSubscriber: readNextMessages count=1
         1788689289.911  3954  3987 I MainActivity: onGatewayFrame: frame seq=2264 egoSpeed=6.9377975 pts=0 intervention=false warning=false braking=true lifecycle=released_verified_stop range=null bearing=null rss=15.959904
         1788689290.010  3954  3987 I AebsFrameSubscriber: onMessagesAvailable callback
         1788689290.010  3954  3987 I AebsFrameSubscriber: readNextMessages count=1
         1788689290.011  3954  3987 I MainActivity: onGatewayFrame: frame seq=2265 egoSpeed=6.9377975 pts=0 intervention=false warning=false braking=true lifecycle=released_verified_stop range=null bearing=null rss=15.959904
         1788689290.110  3954  3987 I AebsFrameSubscriber: onMessagesAvailable callback
         1788689290.110  3954  3987 I AebsFrameSubscriber: readNextMessages count=1
         1788689290.110  3954  3987 I MainActivity: onGatewayFrame: frame seq=2266 egoSpeed=6.9377975 pts=0 intervention=false warning=false braking=true lifecycle=released_verified_stop range=null bearing=null rss=15.959904
         1788689290.210  3954  3987 I AebsFrameSubscriber: onMessagesAvailable callback
         1788689290.211  3954  3987 I AebsFrameSubscriber: readNextMessages count=1
         1788689290.211  3954  3987 I MainActivity: onGatewayFrame: frame seq=2267 egoSpeed=6.9377975 pts=0 intervention=false warning=false braking=true lifecycle=released_verified_stop range=null bearing=null rss=15.959904
         1788689290.310  3954  3987 I AebsFrameSubscriber: onMessagesAvailable callback
         1788689290.310  3954  3987 I AebsFrameSubscriber: readNextMessages count=1
         1788689290.311  3954  3987 I MainActivity: onGatewayFrame: frame seq=2268 egoSpeed=6.9377975 pts=0 intervention=false warning=false braking=true lifecycle=released_verified_stop range=null bearing=null rss=15.959904
         1788689290.410  3954  3987 I AebsFrameSubscriber: onMessagesAvailable callback
         1788689290.410  3954  3987 I AebsFrameSubscriber: readNextMessages count=1
         1788689290.410  3954  3987 I MainActivity: onGatewayFrame: frame seq=2269 egoSpeed=6.9377975 pts=0 intervention=false warning=false braking=true lifecycle=released_verified_stop range=null bearing=null rss=15.959904
         1788689290.510  3954  3987 I AebsFrameSubscriber: onMessagesAvailable callback
         1788689290.510  3954  3987 I AebsFrameSubscriber: readNextMessages count=1
         1788689290.510  3954  3987 I MainActivity: onGatewayFrame: frame seq=2270 egoSpeed=6.9377975 pts=0 intervention=false warning=false braking=true lifecycle=released_verified_stop range=null bearing=null rss=15.959904
         1788689290.610  3954  3987 I AebsFrameSubscriber: onMessagesAvailable callback
         1788689290.610  3954  3987 I AebsFrameSubscriber: readNextMessages count=1
         1788689290.610  3954  3987 I MainActivity: onGatewayFrame: frame seq=2271 egoSpeed=6.9377975 pts=0 intervention=false warning=false braking=true lifecycle=released_verified_stop range=null bearing=null rss=15.959904
         1788689290.710  3954  3987 I AebsFrameSubscriber: onMessagesAvailable callback
         1788689290.710  3954  3987 I AebsFrameSubscriber: readNextMessages count=1
         1788689290.710  3954  3987 I MainActivity: onGatewayFrame: frame seq=2272 egoSpeed=6.9377975 pts=0 intervention=false warning=false braking=true lifecycle=released_verified_stop range=null bearing=null rss=15.959904
         1788689290.810  3954  3987 I AebsFrameSubscriber: onMessagesAvailable callback
         1788689290.810  3954  3987 I AebsFrameSubscriber: readNextMessages count=1
         1788689290.810  3954  3987 I MainActivity: onGatewayFrame: frame seq=2273 egoSpeed=6.9377975 pts=0 intervention=false warning=false braking=true lifecycle=released_verified_stop range=null bearing=null rss=15.959904
         1788689290.910  3954  3987 I AebsFrameSubscriber: onMessagesAvailable callback
         1788689290.910  3954  3987 I AebsFrameSubscriber: readNextMessages count=1
         1788689290.910  3954  3987 I MainActivity: onGatewayFrame: frame seq=2274 egoSpeed=6.9377975 pts=0 intervention=false warning=false braking=true lifecycle=released_verified_stop range=null bearing=null rss=15.959904
         1788689291.009  3954  3987 I AebsFrameSubscriber: onMessagesAvailable callback
         1788689291.010  3954  3987 I AebsFrameSubscriber: readNextMessages count=1
         1788689291.010  3954  3987 I MainActivity: onGatewayFrame: frame seq=2275 egoSpeed=6.9377975 pts=0 intervention=false warning=false braking=true lifecycle=released_verified_stop range=null bearing=null rss=15.959904
         1788689291.110  3954  3987 I AebsFrameSubscriber: onMessagesAvailable callback
         1788689291.110  3954  3987 I AebsFrameSubscriber: readNextMessages count=1
         1788689291.110  3954  3987 I MainActivity: onGatewayFrame: frame seq=2276 egoSpeed=6.9377975 pts=0 intervention=false warning=false braking=true lifecycle=released_verified_stop range=null bearing=null rss=15.959904
         1788689291.210  3954  3987 I AebsFrameSubscriber: onMessagesAvailable callback
         1788689291.210  3954  3987 I AebsFrameSubscriber: readNextMessages count=1
         1788689291.210  3954  3987 I MainActivity: onGatewayFrame: frame seq=2277 egoSpeed=6.9377975 pts=0 intervention=false warning=false braking=true lifecycle=released_verified_stop range=null bearing=null rss=15.959904
         1788689291.309  3954  3987 I AebsFrameSubscriber: onMessagesAvailable callback
         1788689291.310  3954  3987 I AebsFrameSubscriber: readNextMessages count=1
         1788689291.310  3954  3987 I MainActivity: onGatewayFrame: frame seq=2278 egoSpeed=6.9377975 pts=0 intervention=false warning=false braking=true lifecycle=released_verified_stop range=null bearing=null rss=15.959904
         1788689291.410  3954  3987 I AebsFrameSubscriber: onMessagesAvailable callback
         1788689291.410  3954  3987 I AebsFrameSubscriber: readNextMessages count=1
         1788689291.410  3954  3987 I MainActivity: onGatewayFrame: frame seq=2279 egoSpeed=6.9377975 pts=0 intervention=false warning=false braking=true lifecycle=released_verified_stop range=null bearing=null rss=15.959904
         1788689291.510  3954  3987 I AebsFrameSubscriber: onMessagesAvailable callback
         1788689291.510  3954  3987 I AebsFrameSubscriber: readNextMessages count=1
         1788689291.510  3954  3987 I MainActivity: onGatewayFrame: frame seq=2280 egoSpeed=6.9377975 pts=0 intervention=false warning=false braking=true lifecycle=released_verified_stop range=null bearing=null rss=15.959904
         1788689291.610  3954  3987 I AebsFrameSubscriber: onMessagesAvailable callback
         1788689291.610  3954  3987 I AebsFrameSubscriber: readNextMessages count=1
         1788689291.610  3954  3987 I MainActivity: onGatewayFrame: frame seq=2281 egoSpeed=6.9377975 pts=0 intervention=false warning=false braking=true lifecycle=released_verified_stop range=null bearing=null rss=15.959904
         1788689291.709  3954  3987 I AebsFrameSubscriber: onMessagesAvailable callback
         1788689291.710  3954  3987 I AebsFrameSubscriber: readNextMessages count=1
         1788689291.710  3954  3987 I MainActivity: onGatewayFrame: frame seq=2282 egoSpeed=6.9377975 pts=0 intervention=false warning=false braking=true lifecycle=released_verified_stop range=null bearing=null rss=15.959904
         1788689291.810  3954  3987 I AebsFrameSubscriber: onMessagesAvailable callback
         1788689291.810  3954  3987 I AebsFrameSubscriber: readNextMessages count=1
         1788689291.810  3954  3987 I MainActivity: onGatewayFrame: frame seq=2283 egoSpeed=6.9377975 pts=0 intervention=false warning=false braking=true lifecycle=released_verified_stop range=null bearing=null rss=15.959904
         1788689291.910  3954  3987 I AebsFrameSubscriber: onMessagesAvailable callback
         1788689291.910  3954  3987 I AebsFrameSubscriber: readNextMessages count=1
         1788689291.910  3954  3987 I MainActivity: onGatewayFrame: frame seq=2284 egoSpeed=6.9377975 pts=0 intervention=false warning=false braking=true lifecycle=released_verified_stop range=null bearing=null rss=15.959904
         1788689292.009  3954  3987 I AebsFrameSubscriber: onMessagesAvailable callback
         1788689292.010  3954  3987 I AebsFrameSubscriber: readNextMessages count=1
         1788689292.010  3954  3987 I MainActivity: onGatewayFrame: frame seq=2285 egoSpeed=6.9377975 pts=0 intervention=false warning=false braking=true lifecycle=released_verified_stop range=null bearing=null rss=15.959904
         1788689292.109  3954  3987 I AebsFrameSubscriber: onMessagesAvailable callback
         1788689292.110  3954  3987 I AebsFrameSubscriber: readNextMessages count=1
         1788689292.110  3954  3987 I MainActivity: onGatewayFrame: frame seq=2286 egoSpeed=6.9377975 pts=0 intervention=false warning=false braking=true lifecycle=released_verified_stop range=null bearing=null rss=15.959904
         1788689292.210  3954  3987 I AebsFrameSubscriber: onMessagesAvailable callback
         1788689292.210  3954  3987 I AebsFrameSubscriber: readNextMessages count=1
         1788689292.210  3954  3987 I MainActivity: onGatewayFrame: frame seq=2287 egoSpeed=6.9377975 pts=0 intervention=false warning=false braking=true lifecycle=released_verified_stop range=null bearing=null rss=15.959904
         1788689292.309  3954  3987 I AebsFrameSubscriber: onMessagesAvailable callback
         1788689292.310  3954  3987 I AebsFrameSubscriber: readNextMessages count=1
         1788689292.310  3954  3987 I MainActivity: onGatewayFrame: frame seq=2288 egoSpeed=6.9377975 pts=0 intervention=false warning=false braking=true lifecycle=released_verified_stop range=null bearing=null rss=15.959904
         1788689292.410  3954  3987 I AebsFrameSubscriber: onMessagesAvailable callback
         1788689292.410  3954  3987 I AebsFrameSubscriber: readNextMessages count=1
         1788689292.410  3954  3987 I MainActivity: onGatewayFrame: frame seq=2289 egoSpeed=6.9377975 pts=0 intervention=false warning=false braking=true lifecycle=released_verified_stop range=null bearing=null rss=15.959904
         1788689292.509  3954  3987 I AebsFrameSubscriber: onMessagesAvailable callback
         1788689292.510  3954  3987 I AebsFrameSubscriber: readNextMessages count=1
         1788689292.510  3954  3987 I MainActivity: onGatewayFrame: frame seq=2290 egoSpeed=6.9377975 pts=0 intervention=false warning=false braking=true lifecycle=released_verified_stop range=null bearing=null rss=15.959904
         1788689292.609  3954  3987 I AebsFrameSubscriber: onMessagesAvailable callback
         1788689292.610  3954  3987 I AebsFrameSubscriber: readNextMessages count=1
         1788689292.610  3954  3987 I MainActivity: onGatewayFrame: frame seq=2291 egoSpeed=6.9377975 pts=0 intervention=false warning=false braking=true lifecycle=released_verified_stop range=null bearing=null rss=15.959904
         1788689292.710  3954  3987 I AebsFrameSubscriber: onMessagesAvailable callback
         1788689292.710  3954  3987 I AebsFrameSubscriber: readNextMessages count=1
         1788689292.710  3954  3987 I MainActivity: onGatewayFrame: frame seq=2292 egoSpeed=6.9377975 pts=0 intervention=false warning=false braking=true lifecycle=released_verified_stop range=null bearing=null rss=15.959904
         1788689292.810  3954  3987 I AebsFrameSubscriber: onMessagesAvailable callback
         1788689292.810  3954  3987 I AebsFrameSubscriber: readNextMessages count=1
         1788689292.810  3954  3987 I MainActivity: onGatewayFrame: frame seq=2293 egoSpeed=6.9377975 pts=0 intervention=false warning=false braking=true lifecycle=released_verified_stop range=null bearing=null rss=15.959904
         1788689292.910  3954  3987 I AebsFrameSubscriber: onMessagesAvailable callback
         1788689292.910  3954  3987 I AebsFrameSubscriber: readNextMessages count=1
         1788689292.910  3954  3987 I MainActivity: onGatewayFrame: frame seq=2294 egoSpeed=6.9377975 pts=0 intervention=false warning=false braking=true lifecycle=released_verified_stop range=null bearing=null rss=15.959904
         1788689293.118  3954  3987 I AebsFrameSubscriber: readNextMessages count=2
         1788689293.118  3954  3987 I MainActivity: onGatewayFrame: frame seq=2295 egoSpeed=6.9377975 pts=0 intervention=false warning=false braking=true lifecycle=released_verified_stop range=null bearing=null rss=15.959904
         1788689293.118  3954  3987 I MainActivity: onGatewayFrame: frame seq=2296 egoSpeed=6.9377975 pts=0 intervention=false warning=false braking=true lifecycle=released_verified_stop range=null bearing=null rss=15.959904
         1788689293.118  3954  3987 I AebsFrameSubscriber: onMessagesAvailable callback
         1788689293.118  3954  3987 I AebsFrameSubscriber: onMessagesAvailable callback
         1788689293.209  3954  3987 I AebsFrameSubscriber: onMessagesAvailable callback
         1788689293.210  3954  3987 I AebsFrameSubscriber: readNextMessages count=1
         1788689293.210  3954  3987 I MainActivity: onGatewayFrame: frame seq=2297 egoSpeed=6.9377975 pts=0 intervention=false warning=false braking=true lifecycle=released_verified_stop range=null bearing=null rss=15.959904
         1788689293.310  3954  3987 I AebsFrameSubscriber: onMessagesAvailable callback
         1788689293.310  3954  3987 I AebsFrameSubscriber: readNextMessages count=1
         1788689293.310  3954  3987 I MainActivity: onGatewayFrame: frame seq=2298 egoSpeed=6.9377975 pts=0 intervention=false warning=false braking=true lifecycle=released_verified_stop range=null bearing=null rss=15.959904
         1788689293.409  3954  3987 I AebsFrameSubscriber: onMessagesAvailable callback
         1788689293.410  3954  3987 I AebsFrameSubscriber: readNextMessages count=1
         1788689293.410  3954  3987 I MainActivity: onGatewayFrame: frame seq=2299 egoSpeed=6.9377975 pts=0 intervention=false warning=false braking=true lifecycle=released_verified_stop range=null bearing=null rss=15.959904
         1788689293.509  3954  3987 I AebsFrameSubscriber: onMessagesAvailable callback
         1788689293.510  3954  3987 I AebsFrameSubscriber: readNextMessages count=1
         1788689293.510  3954  3987 I MainActivity: onGatewayFrame: frame seq=2300 egoSpeed=6.9377975 pts=0 intervention=false warning=false braking=true lifecycle=released_verified_stop range=null bearing=null rss=15.959904
         1788689293.609  3954  3987 I AebsFrameSubscriber: onMessagesAvailable callback
         1788689293.610  3954  3987 I AebsFrameSubscriber: readNextMessages count=1
         1788689293.610  3954  3987 I MainActivity: onGatewayFrame: frame seq=2301 egoSpeed=6.9377975 pts=0 intervention=false warning=false braking=true lifecycle=released_verified_stop range=null bearing=null rss=15.959904
         1788689293.709  3954  3987 I AebsFrameSubscriber: onMessagesAvailable callback
         1788689293.709  3954  3987 I AebsFrameSubscriber: readNextMessages count=1
         1788689293.710  3954  3987 I MainActivity: onGatewayFrame: frame seq=2302 egoSpeed=6.9377975 pts=0 intervention=false warning=false braking=true lifecycle=released_verified_stop range=null bearing=null rss=15.959904
         1788689293.809  3954  3987 I AebsFrameSubscriber: onMessagesAvailable callback
         1788689293.810  3954  3987 I AebsFrameSubscriber: readNextMessages count=1
         1788689293.810  3954  3987 I MainActivity: onGatewayFrame: frame seq=2303 egoSpeed=6.9377975 pts=0 intervention=false warning=false braking=true lifecycle=released_verified_stop range=null bearing=null rss=15.959904
         1788689293.909  3954  3987 I AebsFrameSubscriber: onMessagesAvailable callback
         1788689293.910  3954  3987 I AebsFrameSubscriber: readNextMessages count=1
         1788689293.910  3954  3987 I MainActivity: onGatewayFrame: frame seq=2304 egoSpeed=6.9377975 pts=0 intervention=false warning=false braking=true lifecycle=released_verified_stop range=null bearing=null rss=15.959904
         1788689294.009  3954  3987 I AebsFrameSubscriber: onMessagesAvailable callback
         1788689294.010  3954  3987 I AebsFrameSubscriber: readNextMessages count=1
         1788689294.010  3954  3987 I MainActivity: onGatewayFrame: frame seq=2305 egoSpeed=6.9377975 pts=0 intervention=false warning=false braking=true lifecycle=released_verified_stop range=null bearing=null rss=15.959904
         1788689294.109  3954  3987 I AebsFrameSubscriber: onMessagesAvailable callback
         1788689294.110  3954  3987 I AebsFrameSubscriber: readNextMessages count=1
         1788689294.110  3954  3987 I MainActivity: onGatewayFrame: frame seq=2306 egoSpeed=6.9377975 pts=0 intervention=false warning=false braking=true lifecycle=released_verified_stop range=null bearing=null rss=15.959904
         1788689294.210  3954  3987 I AebsFrameSubscriber: onMessagesAvailable callback
         1788689294.210  3954  3987 I AebsFrameSubscriber: readNextMessages count=1
         1788689294.210  3954  3987 I MainActivity: onGatewayFrame: frame seq=2307 egoSpeed=6.9377975 pts=0 intervention=false warning=false braking=true lifecycle=released_verified_stop range=null bearing=null rss=15.959904
         1788689294.309  3954  3987 I AebsFrameSubscriber: onMessagesAvailable callback
         1788689294.310  3954  3987 I AebsFrameSubscriber: readNextMessages count=1
         1788689294.310  3954  3987 I MainActivity: onGatewayFrame: frame seq=2308 egoSpeed=6.9377975 pts=0 intervention=false warning=false braking=true lifecycle=released_verified_stop range=null bearing=null rss=15.959904
         1788689294.409  3954  3987 I AebsFrameSubscriber: onMessagesAvailable callback
         1788689294.410  3954  3987 I AebsFrameSubscriber: readNextMessages count=1
         1788689294.410  3954  3987 I MainActivity: onGatewayFrame: frame seq=2309 egoSpeed=6.9377975 pts=0 intervention=false warning=false braking=true lifecycle=released_verified_stop range=null bearing=null rss=15.959904
         1788689294.509  3954  3987 I AebsFrameSubscriber: onMessagesAvailable callback
         1788689294.510  3954  3987 I AebsFrameSubscriber: readNextMessages count=1
         1788689294.510  3954  3987 I MainActivity: onGatewayFrame: frame seq=2310 egoSpeed=6.9377975 pts=0 intervention=false warning=false braking=true lifecycle=released_verified_stop range=null bearing=null rss=15.959904
         1788689294.609  3954  3987 I AebsFrameSubscriber: onMessagesAvailable callback
         1788689294.610  3954  3987 I AebsFrameSubscriber: readNextMessages count=1
         1788689294.610  3954  3987 I MainActivity: onGatewayFrame: frame seq=2311 egoSpeed=6.9377975 pts=0 intervention=false warning=false braking=true lifecycle=released_verified_stop range=null bearing=null rss=15.959904
         1788689294.709  3954  3987 I AebsFrameSubscriber: onMessagesAvailable callback
         1788689294.710  3954  3987 I AebsFrameSubscriber: readNextMessages count=1
         1788689294.710  3954  3987 I MainActivity: onGatewayFrame: frame seq=2312 egoSpeed=6.9377975 pts=0 intervention=false warning=false braking=true lifecycle=released_verified_stop range=null bearing=null rss=15.959904
         1788689294.809  3954  3987 I AebsFrameSubscriber: onMessagesAvailable callback
         1788689294.809  3954  3987 I AebsFrameSubscriber: readNextMessages count=1
         1788689294.810  3954  3987 I MainActivity: onGatewayFrame: frame seq=2313 egoSpeed=6.9377975 pts=0 intervention=false warning=false braking=true lifecycle=released_verified_stop range=null bearing=null rss=15.959904
         1788689294.909  3954  3987 I AebsFrameSubscriber: onMessagesAvailable callback
         1788689294.909  3954  3987 I AebsFrameSubscriber: readNextMessages count=1
         1788689294.910  3954  3987 I MainActivity: onGatewayFrame: frame seq=2314 egoSpeed=6.9377975 pts=0 intervention=false warning=false braking=true lifecycle=released_verified_stop range=null bearing=null rss=15.959904
         1788689295.009  3954  3987 I AebsFrameSubscriber: onMessagesAvailable callback
         1788689295.009  3954  3987 I AebsFrameSubscriber: readNextMessages count=1
         1788689295.009  3954  3987 I MainActivity: onGatewayFrame: frame seq=2315 egoSpeed=6.9377975 pts=0 intervention=false warning=false braking=true lifecycle=released_verified_stop range=null bearing=null rss=15.959904
         1788689295.109  3954  3987 I AebsFrameSubscriber: onMessagesAvailable callback
         1788689295.109  3954  3987 I AebsFrameSubscriber: readNextMessages count=1
         1788689295.109  3954  3987 I MainActivity: onGatewayFrame: frame seq=2316 egoSpeed=6.9377975 pts=0 intervention=false warning=false braking=true lifecycle=released_verified_stop range=null bearing=null rss=15.959904
         1788689295.209  3954  3987 I AebsFrameSubscriber: onMessagesAvailable callback
         1788689295.210  3954  3987 I AebsFrameSubscriber: readNextMessages count=1
         1788689295.210  3954  3987 I MainActivity: onGatewayFrame: frame seq=2317 egoSpeed=6.9377975 pts=0 intervention=false warning=false braking=true lifecycle=released_verified_stop range=null bearing=null rss=15.959904
         1788689295.309  3954  3987 I AebsFrameSubscriber: onMessagesAvailable callback
         1788689295.309  3954  3987 I AebsFrameSubscriber: readNextMessages count=1
         1788689295.310  3954  3987 I MainActivity: onGatewayFrame: frame seq=2318 egoSpeed=6.9377975 pts=0 intervention=false warning=false braking=true lifecycle=released_verified_stop range=null bearing=null rss=15.959904
         1788689295.409  3954  3987 I AebsFrameSubscriber: onMessagesAvailable callback
         1788689295.409  3954  3987 I AebsFrameSubscriber: readNextMessages count=1
         1788689295.409  3954  3987 I MainActivity: onGatewayFrame: frame seq=2319 egoSpeed=6.9377975 pts=0 intervention=false warning=false braking=true lifecycle=released_verified_stop range=null bearing=null rss=15.959904
         1788689295.509  3954  3987 I AebsFrameSubscriber: onMessagesAvailable callback
         1788689295.509  3954  3987 I AebsFrameSubscriber: readNextMessages count=1
         1788689295.509  3954  3987 I MainActivity: onGatewayFrame: frame seq=2320 egoSpeed=6.9377975 pts=0 intervention=false warning=false braking=true lifecycle=released_verified_stop range=null bearing=null rss=15.959904
         1788689295.609  3954  3987 I AebsFrameSubscriber: onMessagesAvailable callback
         1788689295.609  3954  3987 I AebsFrameSubscriber: readNextMessages count=1
         1788689295.609  3954  3987 I MainActivity: onGatewayFrame: frame seq=2321 egoSpeed=6.9377975 pts=0 intervention=false warning=false braking=true lifecycle=released_verified_stop range=null bearing=null rss=15.959904
         1788689295.709  3954  3987 I AebsFrameSubscriber: onMessagesAvailable callback
         1788689295.709  3954  3987 I AebsFrameSubscriber: readNextMessages count=1
         1788689295.710  3954  3987 I MainActivity: onGatewayFrame: frame seq=2322 egoSpeed=6.9377975 pts=0 intervention=false warning=false braking=true lifecycle=released_verified_stop range=null bearing=null rss=15.959904
         1788689295.809  3954  3987 I AebsFrameSubscriber: onMessagesAvailable callback
         1788689295.809  3954  3987 I AebsFrameSubscriber: readNextMessages count=1
         1788689295.810  3954  3987 I MainActivity: onGatewayFrame: frame seq=2323 egoSpeed=6.9377975 pts=0 intervention=false warning=false braking=true lifecycle=released_verified_stop range=null bearing=null rss=15.959904
         1788689295.909  3954  3987 I AebsFrameSubscriber: onMessagesAvailable callback
         1788689295.909  3954  3987 I AebsFrameSubscriber: readNextMessages count=1
         1788689295.910  3954  3987 I MainActivity: onGatewayFrame: frame seq=2324 egoSpeed=6.9377975 pts=0 intervention=false warning=false braking=true lifecycle=released_verified_stop range=null bearing=null rss=15.959904
         1788689296.009  3954  3987 I AebsFrameSubscriber: onMessagesAvailable callback
         1788689296.009  3954  3987 I AebsFrameSubscriber: readNextMessages count=1
         1788689296.010  3954  3987 I MainActivity: onGatewayFrame: frame seq=2325 egoSpeed=6.9377975 pts=0 intervention=false warning=false braking=true lifecycle=released_verified_stop range=null bearing=null rss=15.959904
         1788689296.109  3954  3987 I AebsFrameSubscriber: onMessagesAvailable callback
         1788689296.109  3954  3987 I AebsFrameSubscriber: readNextMessages count=1
         1788689296.109  3954  3987 I MainActivity: onGatewayFrame: frame seq=2326 egoSpeed=6.9377975 pts=0 intervention=false warning=false braking=true lifecycle=released_verified_stop range=null bearing=null rss=15.959904
         1788689296.209  3954  3987 I AebsFrameSubscriber: onMessagesAvailable callback
         1788689296.209  3954  3987 I AebsFrameSubscriber: readNextMessages count=1
         1788689296.209  3954  3987 I MainActivity: onGatewayFrame: frame seq=2327 egoSpeed=6.9377975 pts=0 intervention=false warning=false braking=true lifecycle=released_verified_stop range=null bearing=null rss=15.959904
         1788689296.309  3954  3987 I AebsFrameSubscriber: onMessagesAvailable callback
         1788689296.309  3954  3987 I AebsFrameSubscriber: readNextMessages count=1
         1788689296.309  3954  3987 I MainActivity: onGatewayFrame: frame seq=2328 egoSpeed=6.9377975 pts=0 intervention=false warning=false braking=true lifecycle=released_verified_stop range=null bearing=null rss=15.959904
         1788689296.409  3954  3987 I AebsFrameSubscriber: onMessagesAvailable callback
         1788689296.409  3954  3987 I AebsFrameSubscriber: readNextMessages count=1
         1788689296.409  3954  3987 I MainActivity: onGatewayFrame: frame seq=2329 egoSpeed=6.9377975 pts=0 intervention=false warning=false braking=true lifecycle=released_verified_stop range=null bearing=null rss=15.959904
         1788689296.509  3954  3987 I AebsFrameSubscriber: onMessagesAvailable callback
         1788689296.509  3954  3987 I AebsFrameSubscriber: readNextMessages count=1
         1788689296.509  3954  3987 I MainActivity: onGatewayFrame: frame seq=2330 egoSpeed=6.9377975 pts=0 intervention=false warning=false braking=true lifecycle=released_verified_stop range=null bearing=null rss=15.959904
         1788689296.609  3954  3987 I AebsFrameSubscriber: onMessagesAvailable callback
         1788689296.609  3954  3987 I AebsFrameSubscriber: readNextMessages count=1
         1788689296.609  3954  3987 I MainActivity: onGatewayFrame: frame seq=2331 egoSpeed=6.9377975 pts=0 intervention=false warning=false braking=true lifecycle=released_verified_stop range=null bearing=null rss=15.959904
         1788689296.709  3954  3987 I AebsFrameSubscriber: onMessagesAvailable callback
         1788689296.709  3954  3987 I AebsFrameSubscriber: readNextMessages count=1
         1788689296.709  3954  3987 I MainActivity: onGatewayFrame: frame seq=2332 egoSpeed=6.9377975 pts=0 intervention=false warning=false braking=true lifecycle=released_verified_stop range=null bearing=null rss=15.959904
         1788689296.809  3954  3987 I AebsFrameSubscriber: onMessagesAvailable callback
         1788689296.809  3954  3987 I AebsFrameSubscriber: readNextMessages count=1
         1788689296.809  3954  3987 I MainActivity: onGatewayFrame: frame seq=2333 egoSpeed=6.9377975 pts=0 intervention=false warning=false braking=true lifecycle=released_verified_stop range=null bearing=null rss=15.959904
         1788689296.909  3954  3987 I AebsFrameSubscriber: onMessagesAvailable callback
         1788689296.910  3954  3987 I AebsFrameSubscriber: readNextMessages count=1
         1788689296.910  3954  3987 I MainActivity: onGatewayFrame: frame seq=2334 egoSpeed=6.9377975 pts=0 intervention=false warning=false braking=true lifecycle=released_verified_stop range=null bearing=null rss=15.959904
         1788689297.009  3954  3987 I AebsFrameSubscriber: onMessagesAvailable callback
         1788689297.009  3954  3987 I AebsFrameSubscriber: readNextMessages count=1
         1788689297.010  3954  3987 I MainActivity: onGatewayFrame: frame seq=2335 egoSpeed=6.9377975 pts=0 intervention=false warning=false braking=true lifecycle=released_verified_stop range=null bearing=null rss=15.959904
         1788689297.227  3954  3987 I AebsFrameSubscriber: readNextMessages count=2
         1788689297.227  3954  3987 I MainActivity: onGatewayFrame: frame seq=2336 egoSpeed=6.9377975 pts=0 intervention=false warning=false braking=true lifecycle=released_verified_stop range=null bearing=null rss=15.959904
         1788689297.227  3954  3987 I MainActivity: onGatewayFrame: frame seq=2337 egoSpeed=6.9377975 pts=0 intervention=false warning=false braking=true lifecycle=released_verified_stop range=null bearing=null rss=15.959904
         1788689297.227  3954  3987 I AebsFrameSubscriber: onMessagesAvailable callback
         1788689297.227  3954  3987 I AebsFrameSubscriber: onMessagesAvailable callback
         1788689297.309  3954  3987 I AebsFrameSubscriber: onMessagesAvailable callback
         1788689297.309  3954  3987 I AebsFrameSubscriber: readNextMessages count=1
         1788689297.310  3954  3987 I MainActivity: onGatewayFrame: frame seq=2338 egoSpeed=6.9377975 pts=0 intervention=false warning=false braking=true lifecycle=released_verified_stop range=null bearing=null rss=15.959904
         1788689297.409  3954  3987 I AebsFrameSubscriber: onMessagesAvailable callback
         1788689297.409  3954  3987 I AebsFrameSubscriber: readNextMessages count=1
         1788689297.409  3954  3987 I MainActivity: onGatewayFrame: frame seq=2339 egoSpeed=6.9377975 pts=0 intervention=false warning=false braking=true lifecycle=released_verified_stop range=null bearing=null rss=15.959904
         1788689297.509  3954  3987 I AebsFrameSubscriber: onMessagesAvailable callback
         1788689297.509  3954  3987 I AebsFrameSubscriber: readNextMessages count=1
         1788689297.509  3954  3987 I MainActivity: onGatewayFrame: frame seq=2340 egoSpeed=6.9377975 pts=0 intervention=false warning=false braking=true lifecycle=released_verified_stop range=null bearing=null rss=15.959904
         1788689297.609  3954  3987 I AebsFrameSubscriber: onMessagesAvailable callback
         1788689297.609  3954  3987 I AebsFrameSubscriber: readNextMessages count=1
         1788689297.609  3954  3987 I MainActivity: onGatewayFrame: frame seq=2341 egoSpeed=6.9377975 pts=0 intervention=false warning=false braking=true lifecycle=released_verified_stop range=null bearing=null rss=15.959904
         1788689297.709  3954  3987 I AebsFrameSubscriber: onMessagesAvailable callback
         1788689297.709  3954  3987 I AebsFrameSubscriber: readNextMessages count=1
         1788689297.709  3954  3987 I MainActivity: onGatewayFrame: frame seq=2342 egoSpeed=6.9377975 pts=0 intervention=false warning=false braking=true lifecycle=released_verified_stop range=null bearing=null rss=15.959904
         1788689297.809  3954  3987 I AebsFrameSubscriber: onMessagesAvailable callback
         1788689297.809  3954  3987 I AebsFrameSubscriber: readNextMessages count=1
         1788689297.809  3954  3987 I MainActivity: onGatewayFrame: frame seq=2343 egoSpeed=6.9377975 pts=0 intervention=false warning=false braking=true lifecycle=released_verified_stop range=null bearing=null rss=15.959904
         1788689297.909  3954  3987 I AebsFrameSubscriber: onMessagesAvailable callback
         1788689297.909  3954  3987 I AebsFrameSubscriber: readNextMessages count=1
         1788689297.909  3954  3987 I MainActivity: onGatewayFrame: frame seq=2344 egoSpeed=6.9377975 pts=0 intervention=false warning=false braking=true lifecycle=released_verified_stop range=null bearing=null rss=15.959904
         1788689298.009  3954  3987 I AebsFrameSubscriber: onMessagesAvailable callback
         1788689298.009  3954  3987 I AebsFrameSubscriber: readNextMessages count=1
         1788689298.009  3954  3987 I MainActivity: onGatewayFrame: frame seq=2345 egoSpeed=6.9377975 pts=0 intervention=false warning=false braking=true lifecycle=released_verified_stop range=null bearing=null rss=15.959904
         1788689298.109  3954  3987 I AebsFrameSubscriber: onMessagesAvailable callback
         1788689298.109  3954  3987 I AebsFrameSubscriber: readNextMessages count=1
         1788689298.109  3954  3987 I MainActivity: onGatewayFrame: frame seq=2346 egoSpeed=6.9377975 pts=0 intervention=false warning=false braking=true lifecycle=released_verified_stop range=null bearing=null rss=15.959904
         1788689298.209  3954  3987 I AebsFrameSubscriber: onMessagesAvailable callback
         1788689298.209  3954  3987 I AebsFrameSubscriber: readNextMessages count=1
         1788689298.209  3954  3987 I MainActivity: onGatewayFrame: frame seq=2347 egoSpeed=6.9377975 pts=0 intervention=false warning=false braking=true lifecycle=released_verified_stop range=null bearing=null rss=15.959904
         1788689298.309  3954  3987 I AebsFrameSubscriber: onMessagesAvailable callback
         1788689298.309  3954  3987 I AebsFrameSubscriber: readNextMessages count=1
         1788689298.309  3954  3987 I MainActivity: onGatewayFrame: frame seq=2348 egoSpeed=6.9377975 pts=0 intervention=false warning=false braking=true lifecycle=released_verified_stop range=null bearing=null rss=15.959904
         1788689298.409  3954  3987 I AebsFrameSubscriber: onMessagesAvailable callback
         1788689298.409  3954  3987 I AebsFrameSubscriber: readNextMessages count=1
         1788689298.409  3954  3987 I MainActivity: onGatewayFrame: frame seq=2349 egoSpeed=6.9377975 pts=0 intervention=false warning=false braking=true lifecycle=released_verified_stop range=null bearing=null rss=15.959904
         1788689298.509  3954  3987 I AebsFrameSubscriber: onMessagesAvailable callback
         1788689298.509  3954  3987 I AebsFrameSubscriber: readNextMessages count=1
         1788689298.509  3954  3987 I MainActivity: onGatewayFrame: frame seq=2350 egoSpeed=6.9377975 pts=0 intervention=false warning=false braking=true lifecycle=released_verified_stop range=null bearing=null rss=15.959904
         1788689298.609  3954  3987 I AebsFrameSubscriber: onMessagesAvailable callback
         1788689298.609  3954  3987 I AebsFrameSubscriber: readNextMessages count=1
         1788689298.609  3954  3987 I MainActivity: onGatewayFrame: frame seq=2351 egoSpeed=6.9377975 pts=0 intervention=false warning=false braking=true lifecycle=released_verified_stop range=null bearing=null rss=15.959904
         1788689298.709  3954  3987 I AebsFrameSubscriber: onMessagesAvailable callback
         1788689298.709  3954  3987 I AebsFrameSubscriber: readNextMessages count=1
         1788689298.709  3954  3987 I MainActivity: onGatewayFrame: frame seq=2352 egoSpeed=6.9377975 pts=0 intervention=false warning=false braking=true lifecycle=released_verified_stop range=null bearing=null rss=15.959904
         1788689298.809  3954  3987 I AebsFrameSubscriber: onMessagesAvailable callback
         1788689298.809  3954  3987 I AebsFrameSubscriber: readNextMessages count=1
         1788689298.809  3954  3987 I MainActivity: onGatewayFrame: frame seq=2353 egoSpeed=6.9377975 pts=0 intervention=false warning=false braking=true lifecycle=released_verified_stop range=null bearing=null rss=15.959904
         1788689298.909  3954  3987 I AebsFrameSubscriber: onMessagesAvailable callback
         1788689298.909  3954  3987 I AebsFrameSubscriber: readNextMessages count=1
         1788689298.910  3954  3987 I MainActivity: onGatewayFrame: frame seq=2354 egoSpeed=6.9377975 pts=0 intervention=false warning=false braking=true lifecycle=released_verified_stop range=null bearing=null rss=15.959904
         1788689299.009  3954  3987 I AebsFrameSubscriber: onMessagesAvailable callback
         1788689299.009  3954  3987 I AebsFrameSubscriber: readNextMessages count=1
         1788689299.009  3954  3987 I MainActivity: onGatewayFrame: frame seq=2355 egoSpeed=6.9377975 pts=0 intervention=false warning=false braking=true lifecycle=released_verified_stop range=null bearing=null rss=15.959904
         1788689299.109  3954  3987 I AebsFrameSubscriber: onMessagesAvailable callback
         1788689299.109  3954  3987 I AebsFrameSubscriber: readNextMessages count=1
         1788689299.109  3954  3987 I MainActivity: onGatewayFrame: frame seq=2356 egoSpeed=6.9377975 pts=0 intervention=false warning=false braking=true lifecycle=released_verified_stop range=null bearing=null rss=15.959904
         1788689299.209  3954  3987 I AebsFrameSubscriber: onMessagesAvailable callback
         1788689299.209  3954  3987 I AebsFrameSubscriber: readNextMessages count=1
         1788689299.209  3954  3987 I MainActivity: onGatewayFrame: frame seq=2357 egoSpeed=6.9377975 pts=0 intervention=false warning=false braking=true lifecycle=released_verified_stop range=null bearing=null rss=15.959904
         1788689299.309  3954  3987 I AebsFrameSubscriber: onMessagesAvailable callback
         1788689299.309  3954  3987 I AebsFrameSubscriber: readNextMessages count=1
         1788689299.309  3954  3987 I MainActivity: onGatewayFrame: frame seq=2358 egoSpeed=6.9377975 pts=0 intervention=false warning=false braking=true lifecycle=released_verified_stop range=null bearing=null rss=15.959904
         1788689299.409  3954  3987 I AebsFrameSubscriber: onMessagesAvailable callback
         1788689299.409  3954  3987 I AebsFrameSubscriber: readNextMessages count=1
         1788689299.409  3954  3987 I MainActivity: onGatewayFrame: frame seq=2359 egoSpeed=6.9377975 pts=0 intervention=false warning=false braking=true lifecycle=released_verified_stop range=null bearing=null rss=15.959904
         1788689299.509  3954  3987 I AebsFrameSubscriber: onMessagesAvailable callback
         1788689299.509  3954  3987 I AebsFrameSubscriber: readNextMessages count=1
         1788689299.509  3954  3987 I MainActivity: onGatewayFrame: frame seq=2360 egoSpeed=6.9377975 pts=0 intervention=false warning=false braking=true lifecycle=released_verified_stop range=null bearing=null rss=15.959904
         1788689299.609  3954  3987 I AebsFrameSubscriber: onMessagesAvailable callback
         1788689299.609  3954  3987 I AebsFrameSubscriber: readNextMessages count=1
         1788689299.609  3954  3987 I MainActivity: onGatewayFrame: frame seq=2361 egoSpeed=6.9377975 pts=0 intervention=false warning=false braking=true lifecycle=released_verified_stop range=null bearing=null rss=15.959904
         1788689299.709  3954  3987 I AebsFrameSubscriber: onMessagesAvailable callback
         1788689299.709  3954  3987 I AebsFrameSubscriber: readNextMessages count=1
         1788689299.709  3954  3987 I MainActivity: onGatewayFrame: frame seq=2362 egoSpeed=6.9377975 pts=0 intervention=false warning=false braking=true lifecycle=released_verified_stop range=null bearing=null rss=15.959904
         1788689299.809  3954  3987 I AebsFrameSubscriber: onMessagesAvailable callback
         1788689299.809  3954  3987 I AebsFrameSubscriber: readNextMessages count=1
         1788689299.809  3954  3987 I MainActivity: onGatewayFrame: frame seq=2363 egoSpeed=6.9377975 pts=0 intervention=false warning=false braking=true lifecycle=released_verified_stop range=null bearing=null rss=15.959904
         1788689299.909  3954  3987 I AebsFrameSubscriber: onMessagesAvailable callback
         1788689299.909  3954  3987 I AebsFrameSubscriber: readNextMessages count=1
         1788689299.909  3954  3987 I MainActivity: onGatewayFrame: frame seq=2364 egoSpeed=6.9377975 pts=0 intervention=false warning=false braking=true lifecycle=released_verified_stop range=null bearing=null rss=15.959904
         1788689300.009  3954  3987 I AebsFrameSubscriber: onMessagesAvailable callback
         1788689300.009  3954  3987 I AebsFrameSubscriber: readNextMessages count=1
         1788689300.009  3954  3987 I MainActivity: onGatewayFrame: frame seq=2365 egoSpeed=6.9377975 pts=0 intervention=false warning=false braking=true lifecycle=released_verified_stop range=null bearing=null rss=15.959904
         1788689300.109  3954  3987 I AebsFrameSubscriber: onMessagesAvailable callback
         1788689300.109  3954  3987 I AebsFrameSubscriber: readNextMessages count=1
         1788689300.109  3954  3987 I MainActivity: onGatewayFrame: frame seq=2366 egoSpeed=6.9377975 pts=0 intervention=false warning=false braking=true lifecycle=released_verified_stop range=null bearing=null rss=15.959904
         1788689300.209  3954  3987 I AebsFrameSubscriber: onMessagesAvailable callback
         1788689300.209  3954  3987 I AebsFrameSubscriber: readNextMessages count=1
         1788689300.209  3954  3987 I MainActivity: onGatewayFrame: frame seq=2367 egoSpeed=6.9377975 pts=0 intervention=false warning=false braking=true lifecycle=released_verified_stop range=null bearing=null rss=15.959904
         1788689300.308  3954  3987 I AebsFrameSubscriber: onMessagesAvailable callback
         1788689300.309  3954  3987 I AebsFrameSubscriber: readNextMessages count=1
         1788689300.309  3954  3987 I MainActivity: onGatewayFrame: frame seq=2368 egoSpeed=6.9377975 pts=0 intervention=false warning=false braking=true lifecycle=released_verified_stop range=null bearing=null rss=15.959904
         1788689300.409  3954  3987 I AebsFrameSubscriber: onMessagesAvailable callback
         1788689300.409  3954  3987 I AebsFrameSubscriber: readNextMessages count=1
         1788689300.409  3954  3987 I MainActivity: onGatewayFrame: frame seq=2369 egoSpeed=6.9377975 pts=0 intervention=false warning=false braking=true lifecycle=released_verified_stop range=null bearing=null rss=15.959904
         1788689300.509  3954  3987 I AebsFrameSubscriber: onMessagesAvailable callback
         1788689300.509  3954  3987 I AebsFrameSubscriber: readNextMessages count=1
         1788689300.509  3954  3987 I MainActivity: onGatewayFrame: frame seq=2370 egoSpeed=6.9377975 pts=0 intervention=false warning=false braking=true lifecycle=released_verified_stop range=null bearing=null rss=15.959904
         1788689300.609  3954  3987 I AebsFrameSubscriber: onMessagesAvailable callback
         1788689300.609  3954  3987 I AebsFrameSubscriber: readNextMessages count=1
         1788689300.609  3954  3987 I MainActivity: onGatewayFrame: frame seq=2371 egoSpeed=6.9377975 pts=0 intervention=false warning=false braking=true lifecycle=released_verified_stop range=null bearing=null rss=15.959904
         1788689300.709  3954  3987 I AebsFrameSubscriber: onMessagesAvailable callback
         1788689300.709  3954  3987 I AebsFrameSubscriber: readNextMessages count=1
         1788689300.709  3954  3987 I MainActivity: onGatewayFrame: frame seq=2372 egoSpeed=6.9377975 pts=0 intervention=false warning=false braking=true lifecycle=released_verified_stop range=null bearing=null rss=15.959904
         1788689300.809  3954  3987 I AebsFrameSubscriber: onMessagesAvailable callback
         1788689300.809  3954  3987 I AebsFrameSubscriber: readNextMessages count=1
         1788689300.809  3954  3987 I MainActivity: onGatewayFrame: frame seq=2373 egoSpeed=6.9377975 pts=0 intervention=false warning=false braking=true lifecycle=released_verified_stop range=null bearing=null rss=15.959904
         1788689301.021  3954  3987 I AebsFrameSubscriber: readNextMessages count=2
         1788689301.022  3954  3987 I MainActivity: onGatewayFrame: frame seq=2374 egoSpeed=6.9377975 pts=0 intervention=false warning=false braking=true lifecycle=released_verified_stop range=null bearing=null rss=15.959904
         1788689301.022  3954  3987 I MainActivity: onGatewayFrame: frame seq=2375 egoSpeed=6.9377975 pts=0 intervention=false warning=false braking=true lifecycle=released_verified_stop range=null bearing=null rss=15.959904
         1788689301.022  3954  3987 I AebsFrameSubscriber: onMessagesAvailable callback
         1788689301.022  3954  3987 I AebsFrameSubscriber: onMessagesAvailable callback
         1788689301.109  3954  3987 I AebsFrameSubscriber: onMessagesAvailable callback
         1788689301.109  3954  3987 I AebsFrameSubscriber: readNextMessages count=1
         1788689301.109  3954  3987 I MainActivity: onGatewayFrame: frame seq=2376 egoSpeed=6.9377975 pts=0 intervention=false warning=false braking=true lifecycle=released_verified_stop range=null bearing=null rss=15.959904
         1788689301.209  3954  3987 I AebsFrameSubscriber: onMessagesAvailable callback
         1788689301.209  3954  3987 I AebsFrameSubscriber: readNextMessages count=1
         1788689301.209  3954  3987 I MainActivity: onGatewayFrame: frame seq=2377 egoSpeed=6.9377975 pts=0 intervention=false warning=false braking=true lifecycle=released_verified_stop range=null bearing=null rss=15.959904
         1788689301.308  3954  3987 I AebsFrameSubscriber: onMessagesAvailable callback
         1788689301.309  3954  3987 I AebsFrameSubscriber: readNextMessages count=1
         1788689301.309  3954  3987 I MainActivity: onGatewayFrame: frame seq=2378 egoSpeed=6.9377975 pts=0 intervention=false warning=false braking=true lifecycle=released_verified_stop range=null bearing=null rss=15.959904
         1788689301.409  3954  3987 I AebsFrameSubscriber: onMessagesAvailable callback
         1788689301.409  3954  3987 I AebsFrameSubscriber: readNextMessages count=1
         1788689301.409  3954  3987 I MainActivity: onGatewayFrame: frame seq=2379 egoSpeed=6.9377975 pts=0 intervention=false warning=false braking=true lifecycle=released_verified_stop range=null bearing=null rss=15.959904
         1788689301.509  3954  3987 I AebsFrameSubscriber: onMessagesAvailable callback
         1788689301.509  3954  3987 I AebsFrameSubscriber: readNextMessages count=1
         1788689301.509  3954  3987 I MainActivity: onGatewayFrame: frame seq=2380 egoSpeed=6.9377975 pts=0 intervention=false warning=false braking=true lifecycle=released_verified_stop range=null bearing=null rss=15.959904
         1788689301.609  3954  3987 I AebsFrameSubscriber: onMessagesAvailable callback
         1788689301.609  3954  3987 I AebsFrameSubscriber: readNextMessages count=1
         1788689301.609  3954  3987 I MainActivity: onGatewayFrame: frame seq=2381 egoSpeed=6.9377975 pts=0 intervention=false warning=false braking=true lifecycle=released_verified_stop range=null bearing=null rss=15.959904
         1788689301.708  3954  3987 I AebsFrameSubscriber: onMessagesAvailable callback
         1788689301.709  3954  3987 I AebsFrameSubscriber: readNextMessages count=1
         1788689301.709  3954  3987 I MainActivity: onGatewayFrame: frame seq=2382 egoSpeed=6.9377975 pts=0 intervention=false warning=false braking=true lifecycle=released_verified_stop range=null bearing=null rss=15.959904
         1788689301.809  3954  3987 I AebsFrameSubscriber: onMessagesAvailable callback
         1788689301.809  3954  3987 I AebsFrameSubscriber: readNextMessages count=1
         1788689301.809  3954  3987 I MainActivity: onGatewayFrame: frame seq=2383 egoSpeed=6.9377975 pts=0 intervention=false warning=false braking=true lifecycle=released_verified_stop range=null bearing=null rss=15.959904
         1788689301.909  3954  3987 I AebsFrameSubscriber: onMessagesAvailable callback
         1788689301.909  3954  3987 I AebsFrameSubscriber: readNextMessages count=1
         1788689301.909  3954  3987 I MainActivity: onGatewayFrame: frame seq=2384 egoSpeed=6.9377975 pts=0 intervention=false warning=false braking=true lifecycle=released_verified_stop range=null bearing=null rss=15.959904
         1788689302.009  3954  3987 I AebsFrameSubscriber: onMessagesAvailable callback
         1788689302.009  3954  3987 I AebsFrameSubscriber: readNextMessages count=1
         1788689302.009  3954  3987 I MainActivity: onGatewayFrame: frame seq=2385 egoSpeed=6.9377975 pts=0 intervention=false warning=false braking=true lifecycle=released_verified_stop range=null bearing=null rss=15.959904
         1788689302.109  3954  3987 I AebsFrameSubscriber: onMessagesAvailable callback
         1788689302.109  3954  3987 I AebsFrameSubscriber: readNextMessages count=1
         1788689302.109  3954  3987 I MainActivity: onGatewayFrame: frame seq=2386 egoSpeed=6.9377975 pts=0 intervention=false warning=false braking=true lifecycle=released_verified_stop range=null bearing=null rss=15.959904
         1788689302.209  3954  3987 I AebsFrameSubscriber: onMessagesAvailable callback
         1788689302.209  3954  3987 I AebsFrameSubscriber: readNextMessages count=1
         1788689302.209  3954  3987 I MainActivity: onGatewayFrame: frame seq=2387 egoSpeed=6.9377975 pts=0 intervention=false warning=false braking=true lifecycle=released_verified_stop range=null bearing=null rss=15.959904
